model_id,model_role,model_revision,canonical_family_id,template_id,domain,cue_type,benchmark_version,split_membership,family_manifest_hash,solver_certificate_hash,automated_solver_status,human_validation_status,adjudication_status,n_variants_expected,n_variants_observed,n_variants_parsed,family_parse_rate,base_variant_correct,all_variants_correct,family_correctness_rate,S_lp,S_lp_binary,answer_flip_rate,distributional_sensitivity,primary_monitor_score,monitor_layer,monitor_site,entropy_score,confidence_score,black_box_counterfactual_score,cot_classifier_score,answer_rationale_score,correctness_probe_score,causal_panel_eligible,causal_site,intervention_type,normalized_effect,raw_correct_logprob_effect,raw_S_lp_effect,sign_consistent,general_damage_metric,exclusion_flag,exclusion_reason,evidence_status,paper_eligibility,source_experiment_ids,primary_monitor_score_null_reason,monitor_layer_null_reason,monitor_site_null_reason,entropy_score_null_reason,confidence_score_null_reason,black_box_counterfactual_score_null_reason,cot_classifier_score_null_reason,answer_rationale_score_null_reason,correctness_probe_score_null_reason,causal_panel_eligible_null_reason,causal_site_null_reason,intervention_type_null_reason,normalized_effect_null_reason,general_damage_metric_null_reason
llama3p1_8b_instruct,primary_dense,unresolved,CM_A_001,CM_A_001,mechanics,irrelevant_variable,physmon_canonical_155_v1,discovery,3f89c93941f5a47d6c013a1e1e020ea082127f6df858e58034b9f54a9ca95bb2,1155c9bbadc4e68125dfca9ea2351cc206f166d45212de8e365437a10d626708,certified,pending_stage13,not_started,4,4,4,1.0,,,,0.0,0,0.0,,,,,,,,,,,,,,,,,,,False,,exploratory_unvalidated,False,"[""stage6_llama_behavioural_full_rerun""]",human_validation_pending,not_measured,not_measured,not_measured,not_measured,not_measured,not_measured,not_measured,human_validation_pending,not_applicable,not_applicable,not_applicable,not_applicable,not_applicable
llama3p1_8b_instruct,primary_dense,unresolved,CM_A_002,CM_A_002,mechanics,irrelevant_variable,physmon_canonical_155_v1,discovery,3f89c93941f5a47d6c013a1e1e020ea082127f6df858e58034b9f54a9ca95bb2,bb66cbd2706f8416f78d44170440d73d2f82d7bbfe22d7a7186c1f6dacb1997d,certified,pending_stage13,not_started,4,4,4,1.0,,,,0.15625,0,0.0,,,,,,,,,,,,,,,,,,,False,,exploratory_unvalidated,False,"[""stage6_llama_behavioural_full_rerun""]",human_validation_pending,not_measured,not_measured,not_measured,not_measured,not_measured,not_measured,not_measured,human_validation_pending,not_applicable,not_applicable,not_applicable,not_applicable,not_applicable
llama3p1_8b_instruct,primary_dense,unresolved,CM_A_003,CM_A_003,mechanics,irrelevant_variable,physmon_canonical_155_v1,discovery,3f89c93941f5a47d6c013a1e1e020ea082127f6df858e58034b9f54a9ca95bb2,fa82a2ff7be8fbacffe6a1e4f533bf8a89f8e6db9f8d0314780a9ef984b5c3eb,certified,pending_stage13,not_started,4,4,4,1.0,,,,0.0,0,0.0,,,,,,,,,,,,,,,,,,,False,,exploratory_unvalidated,False,"[""stage6_llama_behavioural_full_rerun""]",human_validation_pending,not_measured,not_measured,not_measured,not_measured,not_measured,not_measured,not_measured,human_validation_pending,not_applicable,not_applicable,not_applicable,not_applicable,not_applicable
llama3p1_8b_instruct,primary_dense,unresolved,CM_A_004,CM_A_004,mechanics,irrelevant_variable,physmon_canonical_155_v1,discovery,3f89c93941f5a47d6c013a1e1e020ea082127f6df858e58034b9f54a9ca95bb2,0345213c4ccc79d7d57d28a264343e6749187f840d04a6f47eeb41b1c08e74be,certified,pending_stage13,not_started,4,4,4,1.0,,,,0.40625,0,0.0,,,,,,,,,,,,,,,,,,,False,,exploratory_unvalidated,False,"[""stage6_llama_behavioural_full_rerun""]",human_validation_pending,not_measured,not_measured,not_measured,not_measured,not_measured,not_measured,not_measured,human_validation_pending,not_applicable,not_applicable,not_applicable,not_applicable,not_applicable
llama3p1_8b_instruct,primary_dense,unresolved,CM_A_005,CM_A_005,mechanics,irrelevant_variable,physmon_canonical_155_v1,discovery,3f89c93941f5a47d6c013a1e1e020ea082127f6df858e58034b9f54a9ca95bb2,160abf19695a9c700d232d31abad1dde8ee7273a3f33570c12052966b1f14904,certified,pending_stage13,not_started,4,4,4,1.0,,,,0.0,0,0.0,,,,,,,,,,,,,,,,,,,False,,exploratory_unvalidated,False,"[""stage6_llama_behavioural_full_rerun""]",human_validation_pending,not_measured,not_measured,not_measured,not_measured,not_measured,not_measured,not_measured,human_validation_pending,not_applicable,not_applicable,not_applicable,not_applicable,not_applicable
llama3p1_8b_instruct,primary_dense,unresolved,CM_A_006,CM_A_006,mechanics,irrelevant_variable,physmon_canonical_155_v1,discovery,3f89c93941f5a47d6c013a1e1e020ea082127f6df858e58034b9f54a9ca95bb2,4e154bc1e9e86fba35f106f6cfb89576f881fda74f2dab8461db5632042285f0,certified,pending_stage13,not_started,4,4,4,1.0,,,,0.046875,0,0.0,,,,,,,,,,,,,,,,,,,False,,exploratory_unvalidated,False,"[""stage6_llama_behavioural_full_rerun""]",human_validation_pending,not_measured,not_measured,not_measured,not_measured,not_measured,not_measured,not_measured,human_validation_pending,not_applicable,not_applicable,not_applicable,not_applicable,not_applicable
llama3p1_8b_instruct,primary_dense,unresolved,CM_A_007,CM_A_007,mechanics,irrelevant_variable,physmon_canonical_155_v1,discovery,3f89c93941f5a47d6c013a1e1e020ea082127f6df858e58034b9f54a9ca95bb2,75eafd694c09ed807e02e0e0381f025aa140abf06c277f90f90004fe016b38a9,certified,pending_stage13,not_started,4,4,4,1.0,,,,0.0,0,0.0,,,,,,,,,,,,,,,,,,,False,,exploratory_unvalidated,False,"[""stage6_llama_behavioural_full_rerun""]",human_validation_pending,not_measured,not_measured,not_measured,not_measured,not_measured,not_measured,not_measured,human_validation_pending,not_applicable,not_applicable,not_applicable,not_applicable,not_applicable
llama3p1_8b_instruct,primary_dense,unresolved,CM_A_008,CM_A_008,mechanics,irrelevant_variable,physmon_canonical_155_v1,discovery,3f89c93941f5a47d6c013a1e1e020ea082127f6df858e58034b9f54a9ca95bb2,f077d5d2c3a0ba4b440460eea84d3ce5052ee583f93346246315d6822d3baf64,certified,pending_stage13,not_started,4,4,4,1.0,,,,0.21875,0,0.0,,,,,,,,,,,,,,,,,,,False,,exploratory_unvalidated,False,"[""stage6_llama_behavioural_full_rerun""]",human_validation_pending,not_measured,not_measured,not_measured,not_measured,not_measured,not_measured,not_measured,human_validation_pending,not_applicable,not_applicable,not_applicable,not_applicable,not_applicable
llama3p1_8b_instruct,primary_dense,unresolved,CM_A_009,CM_A_009,mechanics,irrelevant_variable,physmon_canonical_155_v1,discovery,3f89c93941f5a47d6c013a1e1e020ea082127f6df858e58034b9f54a9ca95bb2,843ff7f261595041c80ce16b3dbc98a6313d90c9eb20a71fe18d1653c630551b,certified,pending_stage13,not_started,4,4,4,1.0,,,,0.578125,1,0.0,,,,,,,,,,,,,,,,,,,False,,exploratory_unvalidated,False,"[""stage6_llama_behavioural_full_rerun""]",human_validation_pending,not_measured,not_measured,not_measured,not_measured,not_measured,not_measured,not_measured,human_validation_pending,not_applicable,not_applicable,not_applicable,not_applicable,not_applicable
llama3p1_8b_instruct,primary_dense,unresolved,CM_A_010,CM_A_010,mechanics,irrelevant_variable,physmon_canonical_155_v1,discovery,3f89c93941f5a47d6c013a1e1e020ea082127f6df858e58034b9f54a9ca95bb2,e5fc4c87a3158b8bf6ef9ab5db77a1055cbc868615d9cbb33817a53524e8b078,certified,pending_stage13,not_started,4,4,4,1.0,,,,0.140625,0,0.0,,,,,,,,,,,,,,,,,,,False,,exploratory_unvalidated,False,"[""stage6_llama_behavioural_full_rerun""]",human_validation_pending,not_measured,not_measured,not_measured,not_measured,not_measured,not_measured,not_measured,human_validation_pending,not_applicable,not_applicable,not_applicable,not_applicable,not_applicable
llama3p1_8b_instruct,primary_dense,unresolved,CM_A_STD_001,CM_A_STD_001,mechanics,irrelevant_variable,physmon_canonical_155_v1,discovery,3f89c93941f5a47d6c013a1e1e020ea082127f6df858e58034b9f54a9ca95bb2,0cc08ae2b2a95bc3a207ba6c810eb5596e1011f75dae310898181425c1251211,certified,pending_stage13,not_started,4,4,4,1.0,,,,0.03125,0,0.0,,,,,,,,,,,,,,,,,,,False,,exploratory_unvalidated,False,"[""stage6_llama_behavioural_full_rerun""]",human_validation_pending,not_measured,not_measured,not_measured,not_measured,not_measured,not_measured,not_measured,human_validation_pending,not_applicable,not_applicable,not_applicable,not_applicable,not_applicable
llama3p1_8b_instruct,primary_dense,unresolved,CM_A_STD_002,CM_A_STD_002,mechanics,irrelevant_variable,physmon_canonical_155_v1,discovery,3f89c93941f5a47d6c013a1e1e020ea082127f6df858e58034b9f54a9ca95bb2,a94b9ae6d4a92d6013ea5f38f990086403161e2273f905541632eb69d19dd457,certified,pending_stage13,not_started,4,4,4,1.0,,,,0.21875,0,0.0,,,,,,,,,,,,,,,,,,,False,,exploratory_unvalidated,False,"[""stage6_llama_behavioural_full_rerun""]",human_validation_pending,not_measured,not_measured,not_measured,not_measured,not_measured,not_measured,not_measured,human_validation_pending,not_applicable,not_applicable,not_applicable,not_applicable,not_applicable
llama3p1_8b_instruct,primary_dense,unresolved,CM_A_STD_003,CM_A_STD_003,mechanics,irrelevant_variable,physmon_canonical_155_v1,discovery,3f89c93941f5a47d6c013a1e1e020ea082127f6df858e58034b9f54a9ca95bb2,148eadc79e4da17f8f9bfec918fe91ad469039254df891a8b44f484d7df104a1,certified,pending_stage13,not_started,4,4,4,1.0,,,,0.046875,0,0.0,,,,,,,,,,,,,,,,,,,False,,exploratory_unvalidated,False,"[""stage6_llama_behavioural_full_rerun""]",human_validation_pending,not_measured,not_measured,not_measured,not_measured,not_measured,not_measured,not_measured,human_validation_pending,not_applicable,not_applicable,not_applicable,not_applicable,not_applicable
llama3p1_8b_instruct,primary_dense,unresolved,CM_A_STD_004,CM_A_STD_004,mechanics,irrelevant_variable,physmon_canonical_155_v1,discovery,3f89c93941f5a47d6c013a1e1e020ea082127f6df858e58034b9f54a9ca95bb2,bc0b639cb710a8d35aa29743b04c392b938cd21b8a966f11f36d169ba0d0ecd4,certified,pending_stage13,not_started,4,4,4,1.0,,,,1.328125,1,0.0,,,,,,,,,,,,,,,,,,,False,,exploratory_unvalidated,False,"[""stage6_llama_behavioural_full_rerun""]",human_validation_pending,not_measured,not_measured,not_measured,not_measured,not_measured,not_measured,not_measured,human_validation_pending,not_applicable,not_applicable,not_applicable,not_applicable,not_applicable
llama3p1_8b_instruct,primary_dense,unresolved,CM_A_STD_005,CM_A_STD_005,mechanics,irrelevant_variable,physmon_canonical_155_v1,discovery,3f89c93941f5a47d6c013a1e1e020ea082127f6df858e58034b9f54a9ca95bb2,0250754f7b939f40fb43e5cdc9746c56b968833dc1372ecb00418146b9f7687c,certified,pending_stage13,not_started,4,4,4,1.0,,,,0.28125,0,0.0,,,,,,,,,,,,,,,,,,,False,,exploratory_unvalidated,False,"[""stage6_llama_behavioural_full_rerun""]",human_validation_pending,not_measured,not_measured,not_measured,not_measured,not_measured,not_measured,not_measured,human_validation_pending,not_applicable,not_applicable,not_applicable,not_applicable,not_applicable
llama3p1_8b_instruct,primary_dense,unresolved,CM_A_STD_006,CM_A_STD_006,mechanics,irrelevant_variable,physmon_canonical_155_v1,discovery,3f89c93941f5a47d6c013a1e1e020ea082127f6df858e58034b9f54a9ca95bb2,077aa516bbedc6ef0377cd4d934125d591671ee3b92d68b54e9fd55726eb2d49,certified,pending_stage13,not_started,4,4,4,1.0,,,,0.53125,1,0.0,,,,,,,,,,,,,,,,,,,False,,exploratory_unvalidated,False,"[""stage6_llama_behavioural_full_rerun""]",human_validation_pending,not_measured,not_measured,not_measured,not_measured,not_measured,not_measured,not_measured,human_validation_pending,not_applicable,not_applicable,not_applicable,not_applicable,not_applicable
llama3p1_8b_instruct,primary_dense,unresolved,CM_A_STD_007,CM_A_STD_007,mechanics,irrelevant_variable,physmon_canonical_155_v1,discovery,3f89c93941f5a47d6c013a1e1e020ea082127f6df858e58034b9f54a9ca95bb2,31e7873131bad4fcad1ef220259ad10824cc03d9433079630222f77f7e7471ee,certified,pending_stage13,not_started,4,4,4,1.0,,,,0.1875,0,0.0,,,,,,,,,,,,,,,,,,,False,,exploratory_unvalidated,False,"[""stage6_llama_behavioural_full_rerun""]",human_validation_pending,not_measured,not_measured,not_measured,not_measured,not_measured,not_measured,not_measured,human_validation_pending,not_applicable,not_applicable,not_applicable,not_applicable,not_applicable
llama3p1_8b_instruct,primary_dense,unresolved,CM_A_STD_008,CM_A_STD_008,mechanics,irrelevant_variable,physmon_canonical_155_v1,discovery,3f89c93941f5a47d6c013a1e1e020ea082127f6df858e58034b9f54a9ca95bb2,e41b551e0c55b0aafd4e10593899603b2063eea8263c0d848d3f6136ad7c3394,certified,pending_stage13,not_started,4,4,4,1.0,,,,0.109375,0,0.0,,,,,,,,,,,,,,,,,,,False,,exploratory_unvalidated,False,"[""stage6_llama_behavioural_full_rerun""]",human_validation_pending,not_measured,not_measured,not_measured,not_measured,not_measured,not_measured,not_measured,human_validation_pending,not_applicable,not_applicable,not_applicable,not_applicable,not_applicable
llama3p1_8b_instruct,primary_dense,unresolved,CM_A_STD_009,CM_A_STD_009,mechanics,irrelevant_variable,physmon_canonical_155_v1,discovery,3f89c93941f5a47d6c013a1e1e020ea082127f6df858e58034b9f54a9ca95bb2,c0fdf6753d14bca783bd0044903d64903eb2d249fcd81247855a326252e94d72,certified,pending_stage13,not_started,4,4,4,1.0,,,,1.921875,1,0.5,,,,,,,,,,,,,,,,,,,False,,exploratory_unvalidated,False,"[""stage6_llama_behavioural_full_rerun""]",human_validation_pending,not_measured,not_measured,not_measured,not_measured,not_measured,not_measured,not_measured,human_validation_pending,not_applicable,not_applicable,not_applicable,not_applicable,not_applicable
llama3p1_8b_instruct,primary_dense,unresolved,CM_A_STD_010,CM_A_STD_010,mechanics,irrelevant_variable,physmon_canonical_155_v1,discovery,3f89c93941f5a47d6c013a1e1e020ea082127f6df858e58034b9f54a9ca95bb2,3e3434f79bccfa663b0ff383244109cf37b216ccb0e247d5f0ede55f93fdfd11,certified,pending_stage13,not_started,4,4,4,1.0,,,,0.15625,0,0.0,,,,,,,,,,,,,,,,,,,False,,exploratory_unvalidated,False,"[""stage6_llama_behavioural_full_rerun""]",human_validation_pending,not_measured,not_measured,not_measured,not_measured,not_measured,not_measured,not_measured,human_validation_pending,not_applicable,not_applicable,not_applicable,not_applicable,not_applicable
llama3p1_8b_instruct,primary_dense,unresolved,CM_A_STD_011,CM_A_STD_011,electrostatics_circuits,irrelevant_variable,physmon_canonical_155_v1,discovery,3f89c93941f5a47d6c013a1e1e020ea082127f6df858e58034b9f54a9ca95bb2,fc13bb284b28683c7e9569ec6a9c3cefd8361fc3f3d2f54a91b37171f8077972,certified,pending_stage13,not_started,4,4,4,1.0,,,,0.0,0,0.0,,,,,,,,,,,,,,,,,,,False,,exploratory_unvalidated,False,"[""stage6_llama_behavioural_full_rerun""]",human_validation_pending,not_measured,not_measured,not_measured,not_measured,not_measured,not_measured,not_measured,human_validation_pending,not_applicable,not_applicable,not_applicable,not_applicable,not_applicable
llama3p1_8b_instruct,primary_dense,unresolved,CM_A_STD_012,CM_A_STD_012,electrostatics_circuits,irrelevant_variable,physmon_canonical_155_v1,discovery,3f89c93941f5a47d6c013a1e1e020ea082127f6df858e58034b9f54a9ca95bb2,08dd61f1476b7e3033e8acbdc4993474f0a7262e41dd81aaaf786c5fed8ecc52,certified,pending_stage13,not_started,4,4,4,1.0,,,,0.390625,0,0.0,,,,,,,,,,,,,,,,,,,False,,exploratory_unvalidated,False,"[""stage6_llama_behavioural_full_rerun""]",human_validation_pending,not_measured,not_measured,not_measured,not_measured,not_measured,not_measured,not_measured,human_validation_pending,not_applicable,not_applicable,not_applicable,not_applicable,not_applicable
llama3p1_8b_instruct,primary_dense,unresolved,CM_A_STD_013,CM_A_STD_013,electrostatics_circuits,irrelevant_variable,physmon_canonical_155_v1,discovery,3f89c93941f5a47d6c013a1e1e020ea082127f6df858e58034b9f54a9ca95bb2,18aeb0755fed974a3be3b5b272fed3e6089b65b05533a46acf7c5118481af0db,certified,pending_stage13,not_started,4,4,4,1.0,,,,0.0,0,0.0,,,,,,,,,,,,,,,,,,,False,,exploratory_unvalidated,False,"[""stage6_llama_behavioural_full_rerun""]",human_validation_pending,not_measured,not_measured,not_measured,not_measured,not_measured,not_measured,not_measured,human_validation_pending,not_applicable,not_applicable,not_applicable,not_applicable,not_applicable
llama3p1_8b_instruct,primary_dense,unresolved,CM_A_STD_014,CM_A_STD_014,electrostatics_circuits,irrelevant_variable,physmon_canonical_155_v1,discovery,3f89c93941f5a47d6c013a1e1e020ea082127f6df858e58034b9f54a9ca95bb2,79a749f47188c13a3202ebe5282fae70d02aa1fdeabe2cdd9e171347df832123,certified,pending_stage13,not_started,4,4,4,1.0,,,,0.0,0,0.0,,,,,,,,,,,,,,,,,,,False,,exploratory_unvalidated,False,"[""stage6_llama_behavioural_full_rerun""]",human_validation_pending,not_measured,not_measured,not_measured,not_measured,not_measured,not_measured,not_measured,human_validation_pending,not_applicable,not_applicable,not_applicable,not_applicable,not_applicable
llama3p1_8b_instruct,primary_dense,unresolved,CM_A_STD_015,CM_A_STD_015,electrostatics_circuits,irrelevant_variable,physmon_canonical_155_v1,discovery,3f89c93941f5a47d6c013a1e1e020ea082127f6df858e58034b9f54a9ca95bb2,4eafea7c13fdabebdc92a58c7b5db2b28cba6b21ab56276abb88e5aba5df3d00,certified,pending_stage13,not_started,4,4,4,1.0,,,,0.0,0,0.8333333333333334,,,,,,,,,,,,,,,,,,,False,,exploratory_unvalidated,False,"[""stage6_llama_behavioural_full_rerun""]",human_validation_pending,not_measured,not_measured,not_measured,not_measured,not_measured,not_measured,not_measured,human_validation_pending,not_applicable,not_applicable,not_applicable,not_applicable,not_applicable
llama3p1_8b_instruct,primary_dense,unresolved,CM_A_STD_016,CM_A_STD_016,electrostatics_circuits,irrelevant_variable,physmon_canonical_155_v1,discovery,3f89c93941f5a47d6c013a1e1e020ea082127f6df858e58034b9f54a9ca95bb2,8ec4a487e572275249cb6625de90eef76152dbca2e098118666ebbfca33adb28,certified,pending_stage13,not_started,4,4,4,1.0,,,,0.0,0,0.5,,,,,,,,,,,,,,,,,,,False,,exploratory_unvalidated,False,"[""stage6_llama_behavioural_full_rerun""]",human_validation_pending,not_measured,not_measured,not_measured,not_measured,not_measured,not_measured,not_measured,human_validation_pending,not_applicable,not_applicable,not_applicable,not_applicable,not_applicable
llama3p1_8b_instruct,primary_dense,unresolved,CM_A_STD_017,CM_A_STD_017,thermodynamics,irrelevant_variable,physmon_canonical_155_v1,discovery,3f89c93941f5a47d6c013a1e1e020ea082127f6df858e58034b9f54a9ca95bb2,fe418bbd0ccf5ebecc7f9afc7d5b5a9dac8534015fd306e75c215a325ae127db,certified,pending_stage13,not_started,4,4,4,1.0,,,,6.203125,1,0.0,,,,,,,,,,,,,,,,,,,False,,exploratory_unvalidated,False,"[""stage6_llama_behavioural_full_rerun""]",human_validation_pending,not_measured,not_measured,not_measured,not_measured,not_measured,not_measured,not_measured,human_validation_pending,not_applicable,not_applicable,not_applicable,not_applicable,not_applicable
llama3p1_8b_instruct,primary_dense,unresolved,CM_A_STD_018,CM_A_STD_018,thermodynamics,irrelevant_variable,physmon_canonical_155_v1,discovery,3f89c93941f5a47d6c013a1e1e020ea082127f6df858e58034b9f54a9ca95bb2,6fadb82589fbc47d41a17c1443e9c42cbaeb40c0e3e2fd7ddf9d5f0da29b45c7,certified,pending_stage13,not_started,4,4,4,1.0,,,,0.296875,0,0.0,,,,,,,,,,,,,,,,,,,False,,exploratory_unvalidated,False,"[""stage6_llama_behavioural_full_rerun""]",human_validation_pending,not_measured,not_measured,not_measured,not_measured,not_measured,not_measured,not_measured,human_validation_pending,not_applicable,not_applicable,not_applicable,not_applicable,not_applicable
llama3p1_8b_instruct,primary_dense,unresolved,CM_A_STD_019,CM_A_STD_019,thermodynamics,irrelevant_variable,physmon_canonical_155_v1,discovery,3f89c93941f5a47d6c013a1e1e020ea082127f6df858e58034b9f54a9ca95bb2,93238d4dbe681c0b76d3595f609b054958da9e89eee6757de10d6120d37553ff,certified,pending_stage13,not_started,4,4,4,1.0,,,,0.03125,0,0.0,,,,,,,,,,,,,,,,,,,False,,exploratory_unvalidated,False,"[""stage6_llama_behavioural_full_rerun""]",human_validation_pending,not_measured,not_measured,not_measured,not_measured,not_measured,not_measured,not_measured,human_validation_pending,not_applicable,not_applicable,not_applicable,not_applicable,not_applicable
llama3p1_8b_instruct,primary_dense,unresolved,CM_A_STD_020,CM_A_STD_020,thermodynamics,irrelevant_variable,physmon_canonical_155_v1,discovery,3f89c93941f5a47d6c013a1e1e020ea082127f6df858e58034b9f54a9ca95bb2,4f749cc1637183843bc385c8b194e0db2d5f2cbdc4791c70e4d81d4cbcf48545,certified,pending_stage13,not_started,4,4,4,1.0,,,,0.46875,0,0.0,,,,,,,,,,,,,,,,,,,False,,exploratory_unvalidated,False,"[""stage6_llama_behavioural_full_rerun""]",human_validation_pending,not_measured,not_measured,not_measured,not_measured,not_measured,not_measured,not_measured,human_validation_pending,not_applicable,not_applicable,not_applicable,not_applicable,not_applicable
llama3p1_8b_instruct,primary_dense,unresolved,CM_B_001,CM_B_001,mechanics,nongoverning_distractor,physmon_canonical_155_v1,discovery,3f89c93941f5a47d6c013a1e1e020ea082127f6df858e58034b9f54a9ca95bb2,c4e0e86f362090e76ec71ef8b544dc09e4b7aba1681aca85120c86758b6a5e03,certified,pending_stage13,not_started,4,4,4,1.0,,,,0.0,0,0.0,,,,,,,,,,,,,,,,,,,False,,exploratory_unvalidated,False,"[""stage6_llama_behavioural_full_rerun""]",human_validation_pending,not_measured,not_measured,not_measured,not_measured,not_measured,not_measured,not_measured,human_validation_pending,not_applicable,not_applicable,not_applicable,not_applicable,not_applicable
llama3p1_8b_instruct,primary_dense,unresolved,CM_B_002,CM_B_002,mechanics,nongoverning_distractor,physmon_canonical_155_v1,discovery,3f89c93941f5a47d6c013a1e1e020ea082127f6df858e58034b9f54a9ca95bb2,0361c8f743e4544b9b5ed99a909d1d9fb7fdbc58637b834f4d452df08aa522b4,certified,pending_stage13,not_started,4,4,4,1.0,,,,0.03125,0,0.0,,,,,,,,,,,,,,,,,,,False,,exploratory_unvalidated,False,"[""stage6_llama_behavioural_full_rerun""]",human_validation_pending,not_measured,not_measured,not_measured,not_measured,not_measured,not_measured,not_measured,human_validation_pending,not_applicable,not_applicable,not_applicable,not_applicable,not_applicable
llama3p1_8b_instruct,primary_dense,unresolved,CM_B_003,CM_B_003,mechanics,nongoverning_distractor,physmon_canonical_155_v1,discovery,3f89c93941f5a47d6c013a1e1e020ea082127f6df858e58034b9f54a9ca95bb2,b374693fb1c165e638972a411430d0cdac9ea6fad6ecdbd987263980ca9a2a89,certified,pending_stage13,not_started,4,4,4,1.0,,,,0.0,0,0.0,,,,,,,,,,,,,,,,,,,False,,exploratory_unvalidated,False,"[""stage6_llama_behavioural_full_rerun""]",human_validation_pending,not_measured,not_measured,not_measured,not_measured,not_measured,not_measured,not_measured,human_validation_pending,not_applicable,not_applicable,not_applicable,not_applicable,not_applicable
llama3p1_8b_instruct,primary_dense,unresolved,CM_B_004,CM_B_004,mechanics,nongoverning_distractor,physmon_canonical_155_v1,discovery,3f89c93941f5a47d6c013a1e1e020ea082127f6df858e58034b9f54a9ca95bb2,ffd009cb505e34a914ce8d6ef46e18abb33b7a0c77a60850711a14f69da18566,certified,pending_stage13,not_started,4,4,4,1.0,,,,0.0,0,0.0,,,,,,,,,,,,,,,,,,,False,,exploratory_unvalidated,False,"[""stage6_llama_behavioural_full_rerun""]",human_validation_pending,not_measured,not_measured,not_measured,not_measured,not_measured,not_measured,not_measured,human_validation_pending,not_applicable,not_applicable,not_applicable,not_applicable,not_applicable
llama3p1_8b_instruct,primary_dense,unresolved,CM_B_005,CM_B_005,mechanics,nongoverning_distractor,physmon_canonical_155_v1,discovery,3f89c93941f5a47d6c013a1e1e020ea082127f6df858e58034b9f54a9ca95bb2,e1fe2391e46a4f4a4dbea0223619dfb99c5e7cb303f25d23dc262b61cad3bdac,certified,pending_stage13,not_started,4,4,4,1.0,,,,0.0,0,0.0,,,,,,,,,,,,,,,,,,,False,,exploratory_unvalidated,False,"[""stage6_llama_behavioural_full_rerun""]",human_validation_pending,not_measured,not_measured,not_measured,not_measured,not_measured,not_measured,not_measured,human_validation_pending,not_applicable,not_applicable,not_applicable,not_applicable,not_applicable
llama3p1_8b_instruct,primary_dense,unresolved,CM_B_006,CM_B_006,mechanics,nongoverning_distractor,physmon_canonical_155_v1,discovery,3f89c93941f5a47d6c013a1e1e020ea082127f6df858e58034b9f54a9ca95bb2,cdcdefd4228b5ddfaba57d0549341a68ee1d1533cc27128c8afdd98f027a80cf,certified,pending_stage13,not_started,4,4,4,1.0,,,,0.0,0,0.0,,,,,,,,,,,,,,,,,,,False,,exploratory_unvalidated,False,"[""stage6_llama_behavioural_full_rerun""]",human_validation_pending,not_measured,not_measured,not_measured,not_measured,not_measured,not_measured,not_measured,human_validation_pending,not_applicable,not_applicable,not_applicable,not_applicable,not_applicable
llama3p1_8b_instruct,primary_dense,unresolved,CM_B_007,CM_B_007,mechanics,nongoverning_distractor,physmon_canonical_155_v1,discovery,3f89c93941f5a47d6c013a1e1e020ea082127f6df858e58034b9f54a9ca95bb2,76910c906d082e2d063295e77c03a6cddb8de1af5fa3539afbf5ace465e10229,certified,pending_stage13,not_started,4,4,4,1.0,,,,0.0,0,0.5,,,,,,,,,,,,,,,,,,,False,,exploratory_unvalidated,False,"[""stage6_llama_behavioural_full_rerun""]",human_validation_pending,not_measured,not_measured,not_measured,not_measured,not_measured,not_measured,not_measured,human_validation_pending,not_applicable,not_applicable,not_applicable,not_applicable,not_applicable
llama3p1_8b_instruct,primary_dense,unresolved,CM_B_008,CM_B_008,mechanics,nongoverning_distractor,physmon_canonical_155_v1,discovery,3f89c93941f5a47d6c013a1e1e020ea082127f6df858e58034b9f54a9ca95bb2,bd8095b8d24d8bd29a3dbb7ac074585712b54a541aea73ba864b9e6e368bd6c9,certified,pending_stage13,not_started,4,4,4,1.0,,,,0.0,0,0.0,,,,,,,,,,,,,,,,,,,False,,exploratory_unvalidated,False,"[""stage6_llama_behavioural_full_rerun""]",human_validation_pending,not_measured,not_measured,not_measured,not_measured,not_measured,not_measured,not_measured,human_validation_pending,not_applicable,not_applicable,not_applicable,not_applicable,not_applicable
llama3p1_8b_instruct,primary_dense,unresolved,CM_B_009,CM_B_009,mechanics,nongoverning_distractor,physmon_canonical_155_v1,discovery,3f89c93941f5a47d6c013a1e1e020ea082127f6df858e58034b9f54a9ca95bb2,551915b1a00c642fb3ecf8dd84c29bdc23da5afa121650d1181b6dd3e2c130ee,certified,pending_stage13,not_started,4,4,4,1.0,,,,0.34375,0,0.0,,,,,,,,,,,,,,,,,,,False,,exploratory_unvalidated,False,"[""stage6_llama_behavioural_full_rerun""]",human_validation_pending,not_measured,not_measured,not_measured,not_measured,not_measured,not_measured,not_measured,human_validation_pending,not_applicable,not_applicable,not_applicable,not_applicable,not_applicable
llama3p1_8b_instruct,primary_dense,unresolved,CM_B_010,CM_B_010,mechanics,nongoverning_distractor,physmon_canonical_155_v1,discovery,3f89c93941f5a47d6c013a1e1e020ea082127f6df858e58034b9f54a9ca95bb2,6f3dece309445b1b43928c1aa10f351684029c30f5e04ae220bb94b092520557,certified,pending_stage13,not_started,4,4,4,1.0,,,,0.203125,0,0.0,,,,,,,,,,,,,,,,,,,False,,exploratory_unvalidated,False,"[""stage6_llama_behavioural_full_rerun""]",human_validation_pending,not_measured,not_measured,not_measured,not_measured,not_measured,not_measured,not_measured,human_validation_pending,not_applicable,not_applicable,not_applicable,not_applicable,not_applicable
llama3p1_8b_instruct,primary_dense,unresolved,CM_B_STD_001,CM_B_STD_001,mechanics,nongoverning_distractor,physmon_canonical_155_v1,discovery,3f89c93941f5a47d6c013a1e1e020ea082127f6df858e58034b9f54a9ca95bb2,64efbdf4c82cab5e5171b69d4fc5bc5d08ad99057e07ecf44c5a0d2841dbedb6,certified,pending_stage13,not_started,4,4,4,1.0,,,,0.234375,0,0.0,,,,,,,,,,,,,,,,,,,False,,exploratory_unvalidated,False,"[""stage6_llama_behavioural_full_rerun""]",human_validation_pending,not_measured,not_measured,not_measured,not_measured,not_measured,not_measured,not_measured,human_validation_pending,not_applicable,not_applicable,not_applicable,not_applicable,not_applicable
llama3p1_8b_instruct,primary_dense,unresolved,CM_B_STD_002,CM_B_STD_002,mechanics,nongoverning_distractor,physmon_canonical_155_v1,discovery,3f89c93941f5a47d6c013a1e1e020ea082127f6df858e58034b9f54a9ca95bb2,4bc1c1412352c069a1668ad3099cbfcff3a7d79b928d549f5545caae960cefed,certified,pending_stage13,not_started,4,4,4,1.0,,,,0.078125,0,0.5,,,,,,,,,,,,,,,,,,,False,,exploratory_unvalidated,False,"[""stage6_llama_behavioural_full_rerun""]",human_validation_pending,not_measured,not_measured,not_measured,not_measured,not_measured,not_measured,not_measured,human_validation_pending,not_applicable,not_applicable,not_applicable,not_applicable,not_applicable
llama3p1_8b_instruct,primary_dense,unresolved,CM_B_STD_003,CM_B_STD_003,mechanics,nongoverning_distractor,physmon_canonical_155_v1,discovery,3f89c93941f5a47d6c013a1e1e020ea082127f6df858e58034b9f54a9ca95bb2,e51f1651a1edcf4fd9db0969f35a39a2a0e808a45913b52c3ffecb1786365a3d,certified,pending_stage13,not_started,4,4,4,1.0,,,,1.25,1,0.0,,,,,,,,,,,,,,,,,,,False,,exploratory_unvalidated,False,"[""stage6_llama_behavioural_full_rerun""]",human_validation_pending,not_measured,not_measured,not_measured,not_measured,not_measured,not_measured,not_measured,human_validation_pending,not_applicable,not_applicable,not_applicable,not_applicable,not_applicable
llama3p1_8b_instruct,primary_dense,unresolved,CM_B_STD_004,CM_B_STD_004,mechanics,nongoverning_distractor,physmon_canonical_155_v1,discovery,3f89c93941f5a47d6c013a1e1e020ea082127f6df858e58034b9f54a9ca95bb2,1b466d5c471cae090ab58ad3c9b6e5ddbfbca2933d04a784cf256081cb9ee9c9,certified,pending_stage13,not_started,4,4,4,1.0,,,,0.3125,0,0.0,,,,,,,,,,,,,,,,,,,False,,exploratory_unvalidated,False,"[""stage6_llama_behavioural_full_rerun""]",human_validation_pending,not_measured,not_measured,not_measured,not_measured,not_measured,not_measured,not_measured,human_validation_pending,not_applicable,not_applicable,not_applicable,not_applicable,not_applicable
llama3p1_8b_instruct,primary_dense,unresolved,CM_B_STD_005,CM_B_STD_005,mechanics,nongoverning_distractor,physmon_canonical_155_v1,discovery,3f89c93941f5a47d6c013a1e1e020ea082127f6df858e58034b9f54a9ca95bb2,534c3e8707beb40ceb864718ececc28e9a620a1837e59d66f8a37d58fbafcb3b,certified,pending_stage13,not_started,4,4,4,1.0,,,,0.0,0,0.8333333333333334,,,,,,,,,,,,,,,,,,,False,,exploratory_unvalidated,False,"[""stage6_llama_behavioural_full_rerun""]",human_validation_pending,not_measured,not_measured,not_measured,not_measured,not_measured,not_measured,not_measured,human_validation_pending,not_applicable,not_applicable,not_applicable,not_applicable,not_applicable
llama3p1_8b_instruct,primary_dense,unresolved,CM_B_STD_006,CM_B_STD_006,mechanics,nongoverning_distractor,physmon_canonical_155_v1,discovery,3f89c93941f5a47d6c013a1e1e020ea082127f6df858e58034b9f54a9ca95bb2,2d89b69e960b22bb30c231633ba3de30b82699ce1314826b475faaa40e5fba2f,certified,pending_stage13,not_started,4,4,4,1.0,,,,0.0,0,0.0,,,,,,,,,,,,,,,,,,,False,,exploratory_unvalidated,False,"[""stage6_llama_behavioural_full_rerun""]",human_validation_pending,not_measured,not_measured,not_measured,not_measured,not_measured,not_measured,not_measured,human_validation_pending,not_applicable,not_applicable,not_applicable,not_applicable,not_applicable
llama3p1_8b_instruct,primary_dense,unresolved,CM_B_STD_007,CM_B_STD_007,thermodynamics,nongoverning_distractor,physmon_canonical_155_v1,discovery,3f89c93941f5a47d6c013a1e1e020ea082127f6df858e58034b9f54a9ca95bb2,2be9ca4701e9596e1506f7ca52f2af4cd469098fef37080eff7b9f4a27bebfbf,certified,pending_stage13,not_started,4,4,4,1.0,,,,0.640625,1,0.5,,,,,,,,,,,,,,,,,,,False,,exploratory_unvalidated,False,"[""stage6_llama_behavioural_full_rerun""]",human_validation_pending,not_measured,not_measured,not_measured,not_measured,not_measured,not_measured,not_measured,human_validation_pending,not_applicable,not_applicable,not_applicable,not_applicable,not_applicable
llama3p1_8b_instruct,primary_dense,unresolved,CM_B_STD_008,CM_B_STD_008,thermodynamics,nongoverning_distractor,physmon_canonical_155_v1,discovery,3f89c93941f5a47d6c013a1e1e020ea082127f6df858e58034b9f54a9ca95bb2,4d5fefaeb9722415cd1b826e6651d0b503e917ff43591980ded736eae8fa0879,certified,pending_stage13,not_started,4,4,4,1.0,,,,0.1875,0,0.0,,,,,,,,,,,,,,,,,,,False,,exploratory_unvalidated,False,"[""stage6_llama_behavioural_full_rerun""]",human_validation_pending,not_measured,not_measured,not_measured,not_measured,not_measured,not_measured,not_measured,human_validation_pending,not_applicable,not_applicable,not_applicable,not_applicable,not_applicable
llama3p1_8b_instruct,primary_dense,unresolved,CM_B_STD_009,CM_B_STD_009,thermodynamics,nongoverning_distractor,physmon_canonical_155_v1,discovery,3f89c93941f5a47d6c013a1e1e020ea082127f6df858e58034b9f54a9ca95bb2,1427c794b95cd52d19407880e4a424863d4635c977f60e41c98062239730c3e8,certified,pending_stage13,not_started,4,4,4,1.0,,,,0.0625,0,0.0,,,,,,,,,,,,,,,,,,,False,,exploratory_unvalidated,False,"[""stage6_llama_behavioural_full_rerun""]",human_validation_pending,not_measured,not_measured,not_measured,not_measured,not_measured,not_measured,not_measured,human_validation_pending,not_applicable,not_applicable,not_applicable,not_applicable,not_applicable
llama3p1_8b_instruct,primary_dense,unresolved,CM_B_STD_010,CM_B_STD_010,electrostatics_circuits,nongoverning_distractor,physmon_canonical_155_v1,discovery,3f89c93941f5a47d6c013a1e1e020ea082127f6df858e58034b9f54a9ca95bb2,a15f269d7d4b240363a815b50cb897d60a7760817921060170e2904f1b2096ed,certified,pending_stage13,not_started,4,4,4,1.0,,,,0.296875,0,0.5,,,,,,,,,,,,,,,,,,,False,,exploratory_unvalidated,False,"[""stage6_llama_behavioural_full_rerun""]",human_validation_pending,not_measured,not_measured,not_measured,not_measured,not_measured,not_measured,not_measured,human_validation_pending,not_applicable,not_applicable,not_applicable,not_applicable,not_applicable
llama3p1_8b_instruct,primary_dense,unresolved,CM_B_STD_011,CM_B_STD_011,electrostatics_circuits,nongoverning_distractor,physmon_canonical_155_v1,discovery,3f89c93941f5a47d6c013a1e1e020ea082127f6df858e58034b9f54a9ca95bb2,3b377e0e425e907f3021ad2e581a4286cc2be427c24f9eca885f9cc75821be2f,certified,pending_stage13,not_started,4,4,4,1.0,,,,0.359375,0,0.8333333333333334,,,,,,,,,,,,,,,,,,,False,,exploratory_unvalidated,False,"[""stage6_llama_behavioural_full_rerun""]",human_validation_pending,not_measured,not_measured,not_measured,not_measured,not_measured,not_measured,not_measured,human_validation_pending,not_applicable,not_applicable,not_applicable,not_applicable,not_applicable
llama3p1_8b_instruct,primary_dense,unresolved,CM_B_STD_012,CM_B_STD_012,electrostatics_circuits,nongoverning_distractor,physmon_canonical_155_v1,discovery,3f89c93941f5a47d6c013a1e1e020ea082127f6df858e58034b9f54a9ca95bb2,7fc174a07b7cc34df746a9741dbf127ef11d6501a52ecbcc6eee8e16cdc9aac0,certified,pending_stage13,not_started,4,4,4,1.0,,,,1.046875,1,0.6666666666666666,,,,,,,,,,,,,,,,,,,False,,exploratory_unvalidated,False,"[""stage6_llama_behavioural_full_rerun""]",human_validation_pending,not_measured,not_measured,not_measured,not_measured,not_measured,not_measured,not_measured,human_validation_pending,not_applicable,not_applicable,not_applicable,not_applicable,not_applicable
llama3p1_8b_instruct,primary_dense,unresolved,CM_B_STD_013,CM_B_STD_013,mechanics,nongoverning_distractor,physmon_canonical_155_v1,discovery,3f89c93941f5a47d6c013a1e1e020ea082127f6df858e58034b9f54a9ca95bb2,fcd3167c15d3a7e33b450fddb3879d66d62e9aa00d82d82f2ce4f3c6a54228e3,certified,pending_stage13,not_started,4,4,4,1.0,,,,0.25,0,0.8333333333333334,,,,,,,,,,,,,,,,,,,False,,exploratory_unvalidated,False,"[""stage6_llama_behavioural_full_rerun""]",human_validation_pending,not_measured,not_measured,not_measured,not_measured,not_measured,not_measured,not_measured,human_validation_pending,not_applicable,not_applicable,not_applicable,not_applicable,not_applicable
llama3p1_8b_instruct,primary_dense,unresolved,CM_B_STD_014,CM_B_STD_014,mechanics,nongoverning_distractor,physmon_canonical_155_v1,discovery,3f89c93941f5a47d6c013a1e1e020ea082127f6df858e58034b9f54a9ca95bb2,0e2c55855204fee192a98b96bb98ac5ef836f58c8d0816a003796b65e82d1f10,certified,pending_stage13,not_started,4,4,4,1.0,,,,0.140625,0,1.0,,,,,,,,,,,,,,,,,,,False,,exploratory_unvalidated,False,"[""stage6_llama_behavioural_full_rerun""]",human_validation_pending,not_measured,not_measured,not_measured,not_measured,not_measured,not_measured,not_measured,human_validation_pending,not_applicable,not_applicable,not_applicable,not_applicable,not_applicable
llama3p1_8b_instruct,primary_dense,unresolved,CM_B_STD_015,CM_B_STD_015,mechanics,nongoverning_distractor,physmon_canonical_155_v1,discovery,3f89c93941f5a47d6c013a1e1e020ea082127f6df858e58034b9f54a9ca95bb2,213f17aac1eda0ba8c012122770869477932725dbf233d45e7a427c33e5edbe4,certified,pending_stage13,not_started,4,4,4,1.0,,,,0.53125,1,1.0,,,,,,,,,,,,,,,,,,,False,,exploratory_unvalidated,False,"[""stage6_llama_behavioural_full_rerun""]",human_validation_pending,not_measured,not_measured,not_measured,not_measured,not_measured,not_measured,not_measured,human_validation_pending,not_applicable,not_applicable,not_applicable,not_applicable,not_applicable
llama3p1_8b_instruct,primary_dense,unresolved,CM_B_UM_001,CM_B_UM_001,mechanics,nongoverning_distractor,physmon_canonical_155_v1,discovery,3f89c93941f5a47d6c013a1e1e020ea082127f6df858e58034b9f54a9ca95bb2,76d032f4285ceee1a9675dd944e0a921a4dae207bb3741a0664fecd9fa29f16b,certified,pending_stage13,not_started,4,4,4,1.0,,,,1.421875,1,0.0,,,,,,,,,,,,,,,,,,,False,,exploratory_unvalidated,False,"[""stage6_llama_behavioural_full_rerun""]",human_validation_pending,not_measured,not_measured,not_measured,not_measured,not_measured,not_measured,not_measured,human_validation_pending,not_applicable,not_applicable,not_applicable,not_applicable,not_applicable
llama3p1_8b_instruct,primary_dense,unresolved,CM_B_UM_002,CM_B_UM_002,mechanics,nongoverning_distractor,physmon_canonical_155_v1,discovery,3f89c93941f5a47d6c013a1e1e020ea082127f6df858e58034b9f54a9ca95bb2,800ceccfa682c234133b4736ac2bce071fd2eaccaedb9e851c0eb229d161f4f9,certified,pending_stage13,not_started,4,4,4,1.0,,,,0.234375,0,0.0,,,,,,,,,,,,,,,,,,,False,,exploratory_unvalidated,False,"[""stage6_llama_behavioural_full_rerun""]",human_validation_pending,not_measured,not_measured,not_measured,not_measured,not_measured,not_measured,not_measured,human_validation_pending,not_applicable,not_applicable,not_applicable,not_applicable,not_applicable
llama3p1_8b_instruct,primary_dense,unresolved,CM_B_UM_003,CM_B_UM_003,mechanics,nongoverning_distractor,physmon_canonical_155_v1,discovery,3f89c93941f5a47d6c013a1e1e020ea082127f6df858e58034b9f54a9ca95bb2,976abc58c90e11d0450b18e76ad8fce28e74663c1e188e636b1151a4ca6c2b09,certified,pending_stage13,not_started,4,4,4,1.0,,,,0.21875,0,0.0,,,,,,,,,,,,,,,,,,,False,,exploratory_unvalidated,False,"[""stage6_llama_behavioural_full_rerun""]",human_validation_pending,not_measured,not_measured,not_measured,not_measured,not_measured,not_measured,not_measured,human_validation_pending,not_applicable,not_applicable,not_applicable,not_applicable,not_applicable
llama3p1_8b_instruct,primary_dense,unresolved,CM_B_UM_004,CM_B_UM_004,mechanics,nongoverning_distractor,physmon_canonical_155_v1,discovery,3f89c93941f5a47d6c013a1e1e020ea082127f6df858e58034b9f54a9ca95bb2,d2fe0fa347f8193906c9e5387bf3e1206e17c9e6d63916f9cd6b24fbce1b010a,certified,pending_stage13,not_started,4,4,4,1.0,,,,1.484375,1,0.0,,,,,,,,,,,,,,,,,,,False,,exploratory_unvalidated,False,"[""stage6_llama_behavioural_full_rerun""]",human_validation_pending,not_measured,not_measured,not_measured,not_measured,not_measured,not_measured,not_measured,human_validation_pending,not_applicable,not_applicable,not_applicable,not_applicable,not_applicable
llama3p1_8b_instruct,primary_dense,unresolved,CM_B_UM_005,CM_B_UM_005,mechanics,nongoverning_distractor,physmon_canonical_155_v1,discovery,3f89c93941f5a47d6c013a1e1e020ea082127f6df858e58034b9f54a9ca95bb2,6ddf346f32249d64b57c8cfb0d88714694b74af070ab73837aa1cf612afb2c64,certified,pending_stage13,not_started,4,4,4,1.0,,,,1.375,1,0.0,,,,,,,,,,,,,,,,,,,False,,exploratory_unvalidated,False,"[""stage6_llama_behavioural_full_rerun""]",human_validation_pending,not_measured,not_measured,not_measured,not_measured,not_measured,not_measured,not_measured,human_validation_pending,not_applicable,not_applicable,not_applicable,not_applicable,not_applicable
llama3p1_8b_instruct,primary_dense,unresolved,CM_B_UM_006,CM_B_UM_006,mechanics,nongoverning_distractor,physmon_canonical_155_v1,discovery,3f89c93941f5a47d6c013a1e1e020ea082127f6df858e58034b9f54a9ca95bb2,e173b2aaf5718bdacbbc3a2c55a8d4052502ed84e018a3f2f37b79a8cfa5b9e9,certified,pending_stage13,not_started,4,4,4,1.0,,,,0.0,0,0.0,,,,,,,,,,,,,,,,,,,False,,exploratory_unvalidated,False,"[""stage6_llama_behavioural_full_rerun""]",human_validation_pending,not_measured,not_measured,not_measured,not_measured,not_measured,not_measured,not_measured,human_validation_pending,not_applicable,not_applicable,not_applicable,not_applicable,not_applicable
llama3p1_8b_instruct,primary_dense,unresolved,CM_B_UM_007,CM_B_UM_007,mechanics,nongoverning_distractor,physmon_canonical_155_v1,discovery,3f89c93941f5a47d6c013a1e1e020ea082127f6df858e58034b9f54a9ca95bb2,2d350fc6283785ee2563668b71327b9df6c31dd50b9a9ee121db550a1c99f1f5,certified,pending_stage13,not_started,4,4,4,1.0,,,,0.0,0,0.6666666666666666,,,,,,,,,,,,,,,,,,,False,,exploratory_unvalidated,False,"[""stage6_llama_behavioural_full_rerun""]",human_validation_pending,not_measured,not_measured,not_measured,not_measured,not_measured,not_measured,not_measured,human_validation_pending,not_applicable,not_applicable,not_applicable,not_applicable,not_applicable
llama3p1_8b_instruct,primary_dense,unresolved,CM_B_UM_008,CM_B_UM_008,mechanics,nongoverning_distractor,physmon_canonical_155_v1,discovery,3f89c93941f5a47d6c013a1e1e020ea082127f6df858e58034b9f54a9ca95bb2,9c22d8cb50606a2feb472ba9614d8bc252699be8e00b1d5eb7b9adadf5a09058,certified,pending_stage13,not_started,4,4,4,1.0,,,,0.0,0,0.0,,,,,,,,,,,,,,,,,,,False,,exploratory_unvalidated,False,"[""stage6_llama_behavioural_full_rerun""]",human_validation_pending,not_measured,not_measured,not_measured,not_measured,not_measured,not_measured,not_measured,human_validation_pending,not_applicable,not_applicable,not_applicable,not_applicable,not_applicable
llama3p1_8b_instruct,primary_dense,unresolved,CM_B_UM_009,CM_B_UM_009,mechanics,nongoverning_distractor,physmon_canonical_155_v1,discovery,3f89c93941f5a47d6c013a1e1e020ea082127f6df858e58034b9f54a9ca95bb2,04c3c8fb6dac470803a1826bc8aa36860eb82289f13ab256d23b40e19236f80c,certified,pending_stage13,not_started,4,4,4,1.0,,,,0.53125,1,0.0,,,,,,,,,,,,,,,,,,,False,,exploratory_unvalidated,False,"[""stage6_llama_behavioural_full_rerun""]",human_validation_pending,not_measured,not_measured,not_measured,not_measured,not_measured,not_measured,not_measured,human_validation_pending,not_applicable,not_applicable,not_applicable,not_applicable,not_applicable
llama3p1_8b_instruct,primary_dense,unresolved,CM_B_UM_010,CM_B_UM_010,mechanics,nongoverning_distractor,physmon_canonical_155_v1,discovery,3f89c93941f5a47d6c013a1e1e020ea082127f6df858e58034b9f54a9ca95bb2,95bef59400567817715b7f3fa15621fca5754439fd59d2f16337dfd880c1a7d2,certified,pending_stage13,not_started,4,4,4,1.0,,,,0.0,0,0.0,,,,,,,,,,,,,,,,,,,False,,exploratory_unvalidated,False,"[""stage6_llama_behavioural_full_rerun""]",human_validation_pending,not_measured,not_measured,not_measured,not_measured,not_measured,not_measured,not_measured,human_validation_pending,not_applicable,not_applicable,not_applicable,not_applicable,not_applicable
llama3p1_8b_instruct,primary_dense,unresolved,CM_B_UM_011,CM_B_UM_011,mechanics,nongoverning_distractor,physmon_canonical_155_v1,discovery,3f89c93941f5a47d6c013a1e1e020ea082127f6df858e58034b9f54a9ca95bb2,476fdd27aa2977dc72a0c377813ef7a2eb5eb7fe0fbee7d8a01a23a854916cab,certified,pending_stage13,not_started,4,4,4,1.0,,,,2.34375,1,0.0,,,,,,,,,,,,,,,,,,,False,,exploratory_unvalidated,False,"[""stage6_llama_behavioural_full_rerun""]",human_validation_pending,not_measured,not_measured,not_measured,not_measured,not_measured,not_measured,not_measured,human_validation_pending,not_applicable,not_applicable,not_applicable,not_applicable,not_applicable
llama3p1_8b_instruct,primary_dense,unresolved,CM_B_UM_012,CM_B_UM_012,mechanics,nongoverning_distractor,physmon_canonical_155_v1,discovery,3f89c93941f5a47d6c013a1e1e020ea082127f6df858e58034b9f54a9ca95bb2,1f1a7b991da47fed9fa4ef5f6d3fb460e901f9a7a4802986f8de9d68fbb5eba2,certified,pending_stage13,not_started,4,4,4,1.0,,,,0.0,0,0.0,,,,,,,,,,,,,,,,,,,False,,exploratory_unvalidated,False,"[""stage6_llama_behavioural_full_rerun""]",human_validation_pending,not_measured,not_measured,not_measured,not_measured,not_measured,not_measured,not_measured,human_validation_pending,not_applicable,not_applicable,not_applicable,not_applicable,not_applicable
llama3p1_8b_instruct,primary_dense,unresolved,CM_B_UM_013,CM_B_UM_013,mechanics,nongoverning_distractor,physmon_canonical_155_v1,discovery,3f89c93941f5a47d6c013a1e1e020ea082127f6df858e58034b9f54a9ca95bb2,48034897c145250943dfebefaa68800bdff2205fe871b0a49ebaddd267f53643,certified,pending_stage13,not_started,4,4,3,0.75,,,,2.515625,1,0.6666666666666666,,,,,,,,,,,,,,,,,,,False,,exploratory_unvalidated,False,"[""stage6_llama_behavioural_full_rerun""]",human_validation_pending,not_measured,not_measured,not_measured,not_measured,not_measured,not_measured,not_measured,human_validation_pending,not_applicable,not_applicable,not_applicable,not_applicable,not_applicable
llama3p1_8b_instruct,primary_dense,unresolved,CM_B_UM_014,CM_B_UM_014,mechanics,nongoverning_distractor,physmon_canonical_155_v1,discovery,3f89c93941f5a47d6c013a1e1e020ea082127f6df858e58034b9f54a9ca95bb2,91505162ad3b9d7808ad115b0fb0cebc1c3881ebd12ec8796cad7fff9747b2ab,certified,pending_stage13,not_started,4,4,4,1.0,,,,0.140625,0,0.0,,,,,,,,,,,,,,,,,,,False,,exploratory_unvalidated,False,"[""stage6_llama_behavioural_full_rerun""]",human_validation_pending,not_measured,not_measured,not_measured,not_measured,not_measured,not_measured,not_measured,human_validation_pending,not_applicable,not_applicable,not_applicable,not_applicable,not_applicable
llama3p1_8b_instruct,primary_dense,unresolved,CM_B_UM_015,CM_B_UM_015,electrostatics_circuits,nongoverning_distractor,physmon_canonical_155_v1,discovery,3f89c93941f5a47d6c013a1e1e020ea082127f6df858e58034b9f54a9ca95bb2,a780527c0f8fe76d0da12b387d558eb494c81461bf8d0a4217086fb374f3abea,certified,pending_stage13,not_started,4,4,4,1.0,,,,0.21875,0,0.0,,,,,,,,,,,,,,,,,,,False,,exploratory_unvalidated,False,"[""stage6_llama_behavioural_full_rerun""]",human_validation_pending,not_measured,not_measured,not_measured,not_measured,not_measured,not_measured,not_measured,human_validation_pending,not_applicable,not_applicable,not_applicable,not_applicable,not_applicable
llama3p1_8b_instruct,primary_dense,unresolved,CM_B_UM_016,CM_B_UM_016,electrostatics_circuits,nongoverning_distractor,physmon_canonical_155_v1,discovery,3f89c93941f5a47d6c013a1e1e020ea082127f6df858e58034b9f54a9ca95bb2,fb8d3d40ab52cbd8a38e6208272e31c6a66563e5fdeadb8aba4763723c9a2163,certified,pending_stage13,not_started,4,4,4,1.0,,,,0.125,0,0.0,,,,,,,,,,,,,,,,,,,False,,exploratory_unvalidated,False,"[""stage6_llama_behavioural_full_rerun""]",human_validation_pending,not_measured,not_measured,not_measured,not_measured,not_measured,not_measured,not_measured,human_validation_pending,not_applicable,not_applicable,not_applicable,not_applicable,not_applicable
llama3p1_8b_instruct,primary_dense,unresolved,CM_B_UM_017,CM_B_UM_017,electrostatics_circuits,nongoverning_distractor,physmon_canonical_155_v1,discovery,3f89c93941f5a47d6c013a1e1e020ea082127f6df858e58034b9f54a9ca95bb2,d44b34e3e4362bbb5c7057775398236bd55dc7c1c26923b78c5e0b0076b993f5,certified,pending_stage13,not_started,4,4,4,1.0,,,,0.390625,0,0.0,,,,,,,,,,,,,,,,,,,False,,exploratory_unvalidated,False,"[""stage6_llama_behavioural_full_rerun""]",human_validation_pending,not_measured,not_measured,not_measured,not_measured,not_measured,not_measured,not_measured,human_validation_pending,not_applicable,not_applicable,not_applicable,not_applicable,not_applicable
llama3p1_8b_instruct,primary_dense,unresolved,CM_B_UM_018,CM_B_UM_018,electrostatics_circuits,nongoverning_distractor,physmon_canonical_155_v1,discovery,3f89c93941f5a47d6c013a1e1e020ea082127f6df858e58034b9f54a9ca95bb2,0ccd3d22483d72391f67bcd15d5adf7611f1b098af53e76b7911dfb2019c4c6e,certified,pending_stage13,not_started,4,4,4,1.0,,,,0.734375,1,0.0,,,,,,,,,,,,,,,,,,,False,,exploratory_unvalidated,False,"[""stage6_llama_behavioural_full_rerun""]",human_validation_pending,not_measured,not_measured,not_measured,not_measured,not_measured,not_measured,not_measured,human_validation_pending,not_applicable,not_applicable,not_applicable,not_applicable,not_applicable
llama3p1_8b_instruct,primary_dense,unresolved,CM_B_UM_019,CM_B_UM_019,electrostatics_circuits,nongoverning_distractor,physmon_canonical_155_v1,discovery,3f89c93941f5a47d6c013a1e1e020ea082127f6df858e58034b9f54a9ca95bb2,fe90299bf670e5b1be6876eba3c35e3a311aaea5cd3379ee6d95d9e8b82d4344,certified,pending_stage13,not_started,4,4,4,1.0,,,,0.0,0,0.0,,,,,,,,,,,,,,,,,,,False,,exploratory_unvalidated,False,"[""stage6_llama_behavioural_full_rerun""]",human_validation_pending,not_measured,not_measured,not_measured,not_measured,not_measured,not_measured,not_measured,human_validation_pending,not_applicable,not_applicable,not_applicable,not_applicable,not_applicable
llama3p1_8b_instruct,primary_dense,unresolved,CM_B_UM_020,CM_B_UM_020,electrostatics_circuits,nongoverning_distractor,physmon_canonical_155_v1,discovery,3f89c93941f5a47d6c013a1e1e020ea082127f6df858e58034b9f54a9ca95bb2,71529a255be409740e3bac765c6d09de55680502d803c281ccd3f9deb83d3e55,certified,pending_stage13,not_started,4,4,4,1.0,,,,0.0,0,0.0,,,,,,,,,,,,,,,,,,,False,,exploratory_unvalidated,False,"[""stage6_llama_behavioural_full_rerun""]",human_validation_pending,not_measured,not_measured,not_measured,not_measured,not_measured,not_measured,not_measured,human_validation_pending,not_applicable,not_applicable,not_applicable,not_applicable,not_applicable
llama3p1_8b_instruct,primary_dense,unresolved,CM_B_UM_021,CM_B_UM_021,electrostatics_circuits,nongoverning_distractor,physmon_canonical_155_v1,discovery,3f89c93941f5a47d6c013a1e1e020ea082127f6df858e58034b9f54a9ca95bb2,c8e9f45a0074e0892c64e346c814297f1fdd43bb046dd05a14e04dab0191e81f,certified,pending_stage13,not_started,4,4,4,1.0,,,,0.03125,0,0.0,,,,,,,,,,,,,,,,,,,False,,exploratory_unvalidated,False,"[""stage6_llama_behavioural_full_rerun""]",human_validation_pending,not_measured,not_measured,not_measured,not_measured,not_measured,not_measured,not_measured,human_validation_pending,not_applicable,not_applicable,not_applicable,not_applicable,not_applicable
llama3p1_8b_instruct,primary_dense,unresolved,CM_B_UM_022,CM_B_UM_022,electrostatics_circuits,nongoverning_distractor,physmon_canonical_155_v1,discovery,3f89c93941f5a47d6c013a1e1e020ea082127f6df858e58034b9f54a9ca95bb2,b2d26aa14801986cc2434709bcee89d7f39ca2e7a02a0d89edf6554dd35a5361,certified,pending_stage13,not_started,4,4,4,1.0,,,,0.0,0,0.8333333333333334,,,,,,,,,,,,,,,,,,,False,,exploratory_unvalidated,False,"[""stage6_llama_behavioural_full_rerun""]",human_validation_pending,not_measured,not_measured,not_measured,not_measured,not_measured,not_measured,not_measured,human_validation_pending,not_applicable,not_applicable,not_applicable,not_applicable,not_applicable
llama3p1_8b_instruct,primary_dense,unresolved,CM_B_UM_023,CM_B_UM_023,electrostatics_circuits,nongoverning_distractor,physmon_canonical_155_v1,discovery,3f89c93941f5a47d6c013a1e1e020ea082127f6df858e58034b9f54a9ca95bb2,413306810828116436901f1c26842fecfd310039d5d4afa43f74499e98bd9365,certified,pending_stage13,not_started,4,4,4,1.0,,,,0.0,0,0.0,,,,,,,,,,,,,,,,,,,False,,exploratory_unvalidated,False,"[""stage6_llama_behavioural_full_rerun""]",human_validation_pending,not_measured,not_measured,not_measured,not_measured,not_measured,not_measured,not_measured,human_validation_pending,not_applicable,not_applicable,not_applicable,not_applicable,not_applicable
llama3p1_8b_instruct,primary_dense,unresolved,CM_B_UM_024,CM_B_UM_024,electrostatics_circuits,nongoverning_distractor,physmon_canonical_155_v1,discovery,3f89c93941f5a47d6c013a1e1e020ea082127f6df858e58034b9f54a9ca95bb2,13ec4f7db38fdca4072d4d3ce9500b191a694f763153f970b64d8c71e6b740c3,certified,pending_stage13,not_started,4,4,4,1.0,,,,0.0,0,0.8333333333333334,,,,,,,,,,,,,,,,,,,False,,exploratory_unvalidated,False,"[""stage6_llama_behavioural_full_rerun""]",human_validation_pending,not_measured,not_measured,not_measured,not_measured,not_measured,not_measured,not_measured,human_validation_pending,not_applicable,not_applicable,not_applicable,not_applicable,not_applicable
llama3p1_8b_instruct,primary_dense,unresolved,CM_B_UM_025,CM_B_UM_025,electrostatics_circuits,nongoverning_distractor,physmon_canonical_155_v1,discovery,3f89c93941f5a47d6c013a1e1e020ea082127f6df858e58034b9f54a9ca95bb2,f45a94b6497a21c1d0a77b0c6dfd13ec98a8d4fd9eb21d1ddbd44e26a7a41c10,certified,pending_stage13,not_started,4,4,4,1.0,,,,0.0,0,0.5,,,,,,,,,,,,,,,,,,,False,,exploratory_unvalidated,False,"[""stage6_llama_behavioural_full_rerun""]",human_validation_pending,not_measured,not_measured,not_measured,not_measured,not_measured,not_measured,not_measured,human_validation_pending,not_applicable,not_applicable,not_applicable,not_applicable,not_applicable
llama3p1_8b_instruct,primary_dense,unresolved,CM_B_UM_026,CM_B_UM_026,electrostatics_circuits,nongoverning_distractor,physmon_canonical_155_v1,discovery,3f89c93941f5a47d6c013a1e1e020ea082127f6df858e58034b9f54a9ca95bb2,4f40e0f2c7c529c2199139a58f9948ca2f7c66c51c4b058ed7f4f5660653111b,certified,pending_stage13,not_started,4,4,4,1.0,,,,0.1640625,0,0.5,,,,,,,,,,,,,,,,,,,False,,exploratory_unvalidated,False,"[""stage6_llama_behavioural_full_rerun""]",human_validation_pending,not_measured,not_measured,not_measured,not_measured,not_measured,not_measured,not_measured,human_validation_pending,not_applicable,not_applicable,not_applicable,not_applicable,not_applicable
llama3p1_8b_instruct,primary_dense,unresolved,CM_B_UM_027,CM_B_UM_027,mechanics,nongoverning_distractor,physmon_canonical_155_v1,discovery,3f89c93941f5a47d6c013a1e1e020ea082127f6df858e58034b9f54a9ca95bb2,0f97d5d6be069bf6dd6b12db4eab0a7acacf7ae2d5aae041775a310baa496101,certified,pending_stage13,not_started,4,4,4,1.0,,,,0.0,0,0.0,,,,,,,,,,,,,,,,,,,False,,exploratory_unvalidated,False,"[""stage6_llama_behavioural_full_rerun""]",human_validation_pending,not_measured,not_measured,not_measured,not_measured,not_measured,not_measured,not_measured,human_validation_pending,not_applicable,not_applicable,not_applicable,not_applicable,not_applicable
llama3p1_8b_instruct,primary_dense,unresolved,CM_B_UM_028,CM_B_UM_028,mechanics,nongoverning_distractor,physmon_canonical_155_v1,discovery,3f89c93941f5a47d6c013a1e1e020ea082127f6df858e58034b9f54a9ca95bb2,f2e5f3cbe15fb69656e803ba0579d6e4c63ed6d8002d4f6990ba3f2b4eedd1d0,certified,pending_stage13,not_started,4,4,4,1.0,,,,0.0,0,0.0,,,,,,,,,,,,,,,,,,,False,,exploratory_unvalidated,False,"[""stage6_llama_behavioural_full_rerun""]",human_validation_pending,not_measured,not_measured,not_measured,not_measured,not_measured,not_measured,not_measured,human_validation_pending,not_applicable,not_applicable,not_applicable,not_applicable,not_applicable
llama3p1_8b_instruct,primary_dense,unresolved,CM_B_UM_029,CM_B_UM_029,mechanics,nongoverning_distractor,physmon_canonical_155_v1,discovery,3f89c93941f5a47d6c013a1e1e020ea082127f6df858e58034b9f54a9ca95bb2,a280a5f2c520c3cd686d9ff263d63765f14187e4b3c7b7cd50a430c649a63cc2,certified,pending_stage13,not_started,4,4,4,1.0,,,,0.140625,0,0.0,,,,,,,,,,,,,,,,,,,False,,exploratory_unvalidated,False,"[""stage6_llama_behavioural_full_rerun""]",human_validation_pending,not_measured,not_measured,not_measured,not_measured,not_measured,not_measured,not_measured,human_validation_pending,not_applicable,not_applicable,not_applicable,not_applicable,not_applicable
llama3p1_8b_instruct,primary_dense,unresolved,CM_B_UM_030,CM_B_UM_030,mechanics,nongoverning_distractor,physmon_canonical_155_v1,discovery,3f89c93941f5a47d6c013a1e1e020ea082127f6df858e58034b9f54a9ca95bb2,81286b73ae77ce3e3256b5b7eb783f9c16f4949f018780f685dfa719ff5703c4,certified,pending_stage13,not_started,4,4,4,1.0,,,,0.375,0,0.0,,,,,,,,,,,,,,,,,,,False,,exploratory_unvalidated,False,"[""stage6_llama_behavioural_full_rerun""]",human_validation_pending,not_measured,not_measured,not_measured,not_measured,not_measured,not_measured,not_measured,human_validation_pending,not_applicable,not_applicable,not_applicable,not_applicable,not_applicable
llama3p1_8b_instruct,primary_dense,unresolved,CM_B_UM_031,CM_B_UM_031,mechanics,nongoverning_distractor,physmon_canonical_155_v1,discovery,3f89c93941f5a47d6c013a1e1e020ea082127f6df858e58034b9f54a9ca95bb2,70ff9a3262b2ee2ce238eec7f3379d8e210e95668f6ffcc7e9c2f6b03d7f18a7,certified,pending_stage13,not_started,4,4,4,1.0,,,,0.0,0,0.0,,,,,,,,,,,,,,,,,,,False,,exploratory_unvalidated,False,"[""stage6_llama_behavioural_full_rerun""]",human_validation_pending,not_measured,not_measured,not_measured,not_measured,not_measured,not_measured,not_measured,human_validation_pending,not_applicable,not_applicable,not_applicable,not_applicable,not_applicable
llama3p1_8b_instruct,primary_dense,unresolved,CM_B_UM_032,CM_B_UM_032,mechanics,nongoverning_distractor,physmon_canonical_155_v1,discovery,3f89c93941f5a47d6c013a1e1e020ea082127f6df858e58034b9f54a9ca95bb2,62a225b3a133ce80ae8415a6b8fe6d29db62b05ae8214c3c4de96cbfb4cbb7d7,certified,pending_stage13,not_started,4,4,4,1.0,,,,1.875,1,1.0,,,,,,,,,,,,,,,,,,,False,,exploratory_unvalidated,False,"[""stage6_llama_behavioural_full_rerun""]",human_validation_pending,not_measured,not_measured,not_measured,not_measured,not_measured,not_measured,not_measured,human_validation_pending,not_applicable,not_applicable,not_applicable,not_applicable,not_applicable
llama3p1_8b_instruct,primary_dense,unresolved,CM_B_UM_033,CM_B_UM_033,mechanics,nongoverning_distractor,physmon_canonical_155_v1,discovery,3f89c93941f5a47d6c013a1e1e020ea082127f6df858e58034b9f54a9ca95bb2,de2d9e84f63438bbf00f28ce86d7af1c85f58f93f106e9acd4ca79c9d162cdec,certified,pending_stage13,not_started,4,4,4,1.0,,,,0.078125,0,0.5,,,,,,,,,,,,,,,,,,,False,,exploratory_unvalidated,False,"[""stage6_llama_behavioural_full_rerun""]",human_validation_pending,not_measured,not_measured,not_measured,not_measured,not_measured,not_measured,not_measured,human_validation_pending,not_applicable,not_applicable,not_applicable,not_applicable,not_applicable
llama3p1_8b_instruct,primary_dense,unresolved,CM_B_UM_034,CM_B_UM_034,mechanics,nongoverning_distractor,physmon_canonical_155_v1,discovery,3f89c93941f5a47d6c013a1e1e020ea082127f6df858e58034b9f54a9ca95bb2,c90ac22c79f91d9bbf43587353370d16042f28eb796da015cbf09144ef1a61ff,certified,pending_stage13,not_started,4,4,4,1.0,,,,1.6875,1,0.5,,,,,,,,,,,,,,,,,,,False,,exploratory_unvalidated,False,"[""stage6_llama_behavioural_full_rerun""]",human_validation_pending,not_measured,not_measured,not_measured,not_measured,not_measured,not_measured,not_measured,human_validation_pending,not_applicable,not_applicable,not_applicable,not_applicable,not_applicable
llama3p1_8b_instruct,primary_dense,unresolved,CM_B_UM_035,CM_B_UM_035,mechanics,nongoverning_distractor,physmon_canonical_155_v1,discovery,3f89c93941f5a47d6c013a1e1e020ea082127f6df858e58034b9f54a9ca95bb2,52cb8c48afc4adff582d570c0d0337a9f14da65529570bccac9a5517643b8381,certified,pending_stage13,not_started,4,4,4,1.0,,,,0.0,0,0.6666666666666666,,,,,,,,,,,,,,,,,,,False,,exploratory_unvalidated,False,"[""stage6_llama_behavioural_full_rerun""]",human_validation_pending,not_measured,not_measured,not_measured,not_measured,not_measured,not_measured,not_measured,human_validation_pending,not_applicable,not_applicable,not_applicable,not_applicable,not_applicable
llama3p1_8b_instruct,primary_dense,unresolved,CM_B_UM_036,CM_B_UM_036,mechanics,nongoverning_distractor,physmon_canonical_155_v1,discovery,3f89c93941f5a47d6c013a1e1e020ea082127f6df858e58034b9f54a9ca95bb2,3e6a48dc8e41f7f20a82a3ca7730f7ac29933e29267c6fd2c5c94e7a18040ac7,certified,pending_stage13,not_started,4,4,4,1.0,,,,0.0,0,0.5,,,,,,,,,,,,,,,,,,,False,,exploratory_unvalidated,False,"[""stage6_llama_behavioural_full_rerun""]",human_validation_pending,not_measured,not_measured,not_measured,not_measured,not_measured,not_measured,not_measured,human_validation_pending,not_applicable,not_applicable,not_applicable,not_applicable,not_applicable
llama3p1_8b_instruct,primary_dense,unresolved,CM_B_UM_037,CM_B_UM_037,electrostatics_circuits,nongoverning_distractor,physmon_canonical_155_v1,discovery,3f89c93941f5a47d6c013a1e1e020ea082127f6df858e58034b9f54a9ca95bb2,f27a236f4aedae20ac79128165575ebbd8d88ae4f9340a84e3bee2b8a155e5d3,certified,pending_stage13,not_started,4,4,4,1.0,,,,0.125,0,0.0,,,,,,,,,,,,,,,,,,,False,,exploratory_unvalidated,False,"[""stage6_llama_behavioural_full_rerun""]",human_validation_pending,not_measured,not_measured,not_measured,not_measured,not_measured,not_measured,not_measured,human_validation_pending,not_applicable,not_applicable,not_applicable,not_applicable,not_applicable
llama3p1_8b_instruct,primary_dense,unresolved,CM_B_UM_038,CM_B_UM_038,electrostatics_circuits,nongoverning_distractor,physmon_canonical_155_v1,discovery,3f89c93941f5a47d6c013a1e1e020ea082127f6df858e58034b9f54a9ca95bb2,136d8e384d8188052a3ed7ac97fd65f5edf3ee77789f244106f0be7aab9e8db0,certified,pending_stage13,not_started,4,4,4,1.0,,,,1.046875,1,0.5,,,,,,,,,,,,,,,,,,,False,,exploratory_unvalidated,False,"[""stage6_llama_behavioural_full_rerun""]",human_validation_pending,not_measured,not_measured,not_measured,not_measured,not_measured,not_measured,not_measured,human_validation_pending,not_applicable,not_applicable,not_applicable,not_applicable,not_applicable
llama3p1_8b_instruct,primary_dense,unresolved,CM_B_UM_039,CM_B_UM_039,electrostatics_circuits,nongoverning_distractor,physmon_canonical_155_v1,discovery,3f89c93941f5a47d6c013a1e1e020ea082127f6df858e58034b9f54a9ca95bb2,4b02da622e3b3b8a6bb68150887151c8ee66f1a544751ec8bc56ae29d437ced6,certified,pending_stage13,not_started,4,4,4,1.0,,,,0.0,0,0.5,,,,,,,,,,,,,,,,,,,False,,exploratory_unvalidated,False,"[""stage6_llama_behavioural_full_rerun""]",human_validation_pending,not_measured,not_measured,not_measured,not_measured,not_measured,not_measured,not_measured,human_validation_pending,not_applicable,not_applicable,not_applicable,not_applicable,not_applicable
llama3p1_8b_instruct,primary_dense,unresolved,CM_B_UM_040,CM_B_UM_040,electrostatics_circuits,nongoverning_distractor,physmon_canonical_155_v1,discovery,3f89c93941f5a47d6c013a1e1e020ea082127f6df858e58034b9f54a9ca95bb2,f9d7c48278d4defc92dcd8f4e87a1d2212e1cef27f6af5e253640e2651fd7ee7,certified,pending_stage13,not_started,4,4,4,1.0,,,,0.0,0,0.0,,,,,,,,,,,,,,,,,,,False,,exploratory_unvalidated,False,"[""stage6_llama_behavioural_full_rerun""]",human_validation_pending,not_measured,not_measured,not_measured,not_measured,not_measured,not_measured,not_measured,human_validation_pending,not_applicable,not_applicable,not_applicable,not_applicable,not_applicable
llama3p1_8b_instruct,primary_dense,unresolved,CM_B_UM_041,CM_B_UM_041,mechanics,nongoverning_distractor,physmon_canonical_155_v1,discovery,3f89c93941f5a47d6c013a1e1e020ea082127f6df858e58034b9f54a9ca95bb2,f72185f67ee05c0847f93b3049f98358c81788856c715f9ac1fe9a8a5bc1f752,certified,pending_stage13,not_started,4,4,4,1.0,,,,0.0,0,0.0,,,,,,,,,,,,,,,,,,,False,,exploratory_unvalidated,False,"[""stage6_llama_behavioural_full_rerun""]",human_validation_pending,not_measured,not_measured,not_measured,not_measured,not_measured,not_measured,not_measured,human_validation_pending,not_applicable,not_applicable,not_applicable,not_applicable,not_applicable
llama3p1_8b_instruct,primary_dense,unresolved,CM_B_UM_042,CM_B_UM_042,mechanics,nongoverning_distractor,physmon_canonical_155_v1,discovery,3f89c93941f5a47d6c013a1e1e020ea082127f6df858e58034b9f54a9ca95bb2,b57f24782303c9ce39f680759a4d0a3dd535d00eebdbaae1273d9b0fc3d2ae8e,certified,pending_stage13,not_started,4,4,4,1.0,,,,0.2890625,0,0.0,,,,,,,,,,,,,,,,,,,False,,exploratory_unvalidated,False,"[""stage6_llama_behavioural_full_rerun""]",human_validation_pending,not_measured,not_measured,not_measured,not_measured,not_measured,not_measured,not_measured,human_validation_pending,not_applicable,not_applicable,not_applicable,not_applicable,not_applicable
llama3p1_8b_instruct,primary_dense,unresolved,CM_B_UM_043,CM_B_UM_043,mechanics,nongoverning_distractor,physmon_canonical_155_v1,discovery,3f89c93941f5a47d6c013a1e1e020ea082127f6df858e58034b9f54a9ca95bb2,6491919c4cd60a27d374918fd01abe0d91e0447cf7e004d2d07db0b68d7db34f,certified,pending_stage13,not_started,4,4,4,1.0,,,,1.21875,1,0.8333333333333334,,,,,,,,,,,,,,,,,,,False,,exploratory_unvalidated,False,"[""stage6_llama_behavioural_full_rerun""]",human_validation_pending,not_measured,not_measured,not_measured,not_measured,not_measured,not_measured,not_measured,human_validation_pending,not_applicable,not_applicable,not_applicable,not_applicable,not_applicable
llama3p1_8b_instruct,primary_dense,unresolved,CM_B_UM_044,CM_B_UM_044,mechanics,nongoverning_distractor,physmon_canonical_155_v1,discovery,3f89c93941f5a47d6c013a1e1e020ea082127f6df858e58034b9f54a9ca95bb2,b8d8011e43268929a0041624a6e4ab023d256e02698ab560280d6b56768f4ded,certified,pending_stage13,not_started,4,4,4,1.0,,,,0.0,0,0.0,,,,,,,,,,,,,,,,,,,False,,exploratory_unvalidated,False,"[""stage6_llama_behavioural_full_rerun""]",human_validation_pending,not_measured,not_measured,not_measured,not_measured,not_measured,not_measured,not_measured,human_validation_pending,not_applicable,not_applicable,not_applicable,not_applicable,not_applicable
llama3p1_8b_instruct,primary_dense,unresolved,CM_B_UM_045,CM_B_UM_045,mechanics,nongoverning_distractor,physmon_canonical_155_v1,discovery,3f89c93941f5a47d6c013a1e1e020ea082127f6df858e58034b9f54a9ca95bb2,5b5f8b801bc85e3cc57b658c93f2594587c44ec0520effeb84371a48f622bd7c,certified,pending_stage13,not_started,4,4,4,1.0,,,,0.375,0,0.0,,,,,,,,,,,,,,,,,,,False,,exploratory_unvalidated,False,"[""stage6_llama_behavioural_full_rerun""]",human_validation_pending,not_measured,not_measured,not_measured,not_measured,not_measured,not_measured,not_measured,human_validation_pending,not_applicable,not_applicable,not_applicable,not_applicable,not_applicable
llama3p1_8b_instruct,primary_dense,unresolved,CM_B_UM_046,CM_B_UM_046,mechanics,nongoverning_distractor,physmon_canonical_155_v1,discovery,3f89c93941f5a47d6c013a1e1e020ea082127f6df858e58034b9f54a9ca95bb2,4bdc12e4cadc7963e7aff859882f673898366b2d7f02e08524832d9a32115fb0,certified,pending_stage13,not_started,4,4,4,1.0,,,,0.0,0,0.0,,,,,,,,,,,,,,,,,,,False,,exploratory_unvalidated,False,"[""stage6_llama_behavioural_full_rerun""]",human_validation_pending,not_measured,not_measured,not_measured,not_measured,not_measured,not_measured,not_measured,human_validation_pending,not_applicable,not_applicable,not_applicable,not_applicable,not_applicable
llama3p1_8b_instruct,primary_dense,unresolved,CM_B_UM_047,CM_B_UM_047,mechanics,nongoverning_distractor,physmon_canonical_155_v1,discovery,3f89c93941f5a47d6c013a1e1e020ea082127f6df858e58034b9f54a9ca95bb2,367b5afa6d60ac5592248d23f64263459cd7168faa978500da24a14106abf458,certified,pending_stage13,not_started,4,4,4,1.0,,,,5.21875,1,0.5,,,,,,,,,,,,,,,,,,,False,,exploratory_unvalidated,False,"[""stage6_llama_behavioural_full_rerun""]",human_validation_pending,not_measured,not_measured,not_measured,not_measured,not_measured,not_measured,not_measured,human_validation_pending,not_applicable,not_applicable,not_applicable,not_applicable,not_applicable
llama3p1_8b_instruct,primary_dense,unresolved,CM_B_UM_048,CM_B_UM_048,mechanics,nongoverning_distractor,physmon_canonical_155_v1,discovery,3f89c93941f5a47d6c013a1e1e020ea082127f6df858e58034b9f54a9ca95bb2,5f8923020616928be29e0c7f860e5f073cfc84179e0a03180cca585074fb5aa4,certified,pending_stage13,not_started,4,4,4,1.0,,,,0.203125,0,0.0,,,,,,,,,,,,,,,,,,,False,,exploratory_unvalidated,False,"[""stage6_llama_behavioural_full_rerun""]",human_validation_pending,not_measured,not_measured,not_measured,not_measured,not_measured,not_measured,not_measured,human_validation_pending,not_applicable,not_applicable,not_applicable,not_applicable,not_applicable
llama3p1_8b_instruct,primary_dense,unresolved,CM_B_UM_049,CM_B_UM_049,mechanics,nongoverning_distractor,physmon_canonical_155_v1,discovery,3f89c93941f5a47d6c013a1e1e020ea082127f6df858e58034b9f54a9ca95bb2,2f422974d286da5e0731fd153cecd8ab73c538c9627c66edacf22f524898c115,certified,pending_stage13,not_started,4,4,4,1.0,,,,0.0,0,0.0,,,,,,,,,,,,,,,,,,,False,,exploratory_unvalidated,False,"[""stage6_llama_behavioural_full_rerun""]",human_validation_pending,not_measured,not_measured,not_measured,not_measured,not_measured,not_measured,not_measured,human_validation_pending,not_applicable,not_applicable,not_applicable,not_applicable,not_applicable
llama3p1_8b_instruct,primary_dense,unresolved,CM_B_UM_050,CM_B_UM_050,mechanics,nongoverning_distractor,physmon_canonical_155_v1,discovery,3f89c93941f5a47d6c013a1e1e020ea082127f6df858e58034b9f54a9ca95bb2,912b1c0e4a1938bd676ef2b85cfc4d20eca064017f37421838ef1c342125cf08,certified,pending_stage13,not_started,4,4,4,1.0,,,,0.0,0,1.0,,,,,,,,,,,,,,,,,,,False,,exploratory_unvalidated,False,"[""stage6_llama_behavioural_full_rerun""]",human_validation_pending,not_measured,not_measured,not_measured,not_measured,not_measured,not_measured,not_measured,human_validation_pending,not_applicable,not_applicable,not_applicable,not_applicable,not_applicable
llama3p1_8b_instruct,primary_dense,unresolved,CM_B_UM_051,CM_B_UM_051,mechanics,nongoverning_distractor,physmon_canonical_155_v1,discovery,3f89c93941f5a47d6c013a1e1e020ea082127f6df858e58034b9f54a9ca95bb2,341ba805ab25bfeb934e42f686a16e47d4e5b9fb86b7e1f764e95ce70f743a42,certified,pending_stage13,not_started,4,4,4,1.0,,,,0.0,0,1.0,,,,,,,,,,,,,,,,,,,False,,exploratory_unvalidated,False,"[""stage6_llama_behavioural_full_rerun""]",human_validation_pending,not_measured,not_measured,not_measured,not_measured,not_measured,not_measured,not_measured,human_validation_pending,not_applicable,not_applicable,not_applicable,not_applicable,not_applicable
llama3p1_8b_instruct,primary_dense,unresolved,CM_B_UM_052,CM_B_UM_052,mechanics,nongoverning_distractor,physmon_canonical_155_v1,discovery,3f89c93941f5a47d6c013a1e1e020ea082127f6df858e58034b9f54a9ca95bb2,30ce6ac461a0d8e8bb78b683ec780875c606f48a2321a09101924f294f44d001,certified,pending_stage13,not_started,4,4,4,1.0,,,,2.171875,1,0.6666666666666666,,,,,,,,,,,,,,,,,,,False,,exploratory_unvalidated,False,"[""stage6_llama_behavioural_full_rerun""]",human_validation_pending,not_measured,not_measured,not_measured,not_measured,not_measured,not_measured,not_measured,human_validation_pending,not_applicable,not_applicable,not_applicable,not_applicable,not_applicable
llama3p1_8b_instruct,primary_dense,unresolved,CM_B_UM_053,CM_B_UM_053,mechanics,nongoverning_distractor,physmon_canonical_155_v1,discovery,3f89c93941f5a47d6c013a1e1e020ea082127f6df858e58034b9f54a9ca95bb2,b7469b5b50fa2327ee0123aef6228dcbe2e12e48363b1568109fb35893c122a3,certified,pending_stage13,not_started,4,4,4,1.0,,,,0.109375,0,0.8333333333333334,,,,,,,,,,,,,,,,,,,False,,exploratory_unvalidated,False,"[""stage6_llama_behavioural_full_rerun""]",human_validation_pending,not_measured,not_measured,not_measured,not_measured,not_measured,not_measured,not_measured,human_validation_pending,not_applicable,not_applicable,not_applicable,not_applicable,not_applicable
llama3p1_8b_instruct,primary_dense,unresolved,CM_B_UM_054,CM_B_UM_054,electrostatics_circuits,nongoverning_distractor,physmon_canonical_155_v1,discovery,3f89c93941f5a47d6c013a1e1e020ea082127f6df858e58034b9f54a9ca95bb2,18edb6a27ee3e1e55868c3feaccbcbbb5c3cbdc8f14addde0c909fbad0d0d53d,certified,pending_stage13,not_started,4,4,4,1.0,,,,0.0,0,0.8333333333333334,,,,,,,,,,,,,,,,,,,False,,exploratory_unvalidated,False,"[""stage6_llama_behavioural_full_rerun""]",human_validation_pending,not_measured,not_measured,not_measured,not_measured,not_measured,not_measured,not_measured,human_validation_pending,not_applicable,not_applicable,not_applicable,not_applicable,not_applicable
llama3p1_8b_instruct,primary_dense,unresolved,CM_B_UM_055,CM_B_UM_055,mechanics,nongoverning_distractor,physmon_canonical_155_v1,discovery,3f89c93941f5a47d6c013a1e1e020ea082127f6df858e58034b9f54a9ca95bb2,a96eea15cd134ee0b36c00cd7cf35a099cd87c510133f5d727876fed6c4e97b9,certified,pending_stage13,not_started,4,4,4,1.0,,,,0.546875,1,0.8333333333333334,,,,,,,,,,,,,,,,,,,False,,exploratory_unvalidated,False,"[""stage6_llama_behavioural_full_rerun""]",human_validation_pending,not_measured,not_measured,not_measured,not_measured,not_measured,not_measured,not_measured,human_validation_pending,not_applicable,not_applicable,not_applicable,not_applicable,not_applicable
llama3p1_8b_instruct,primary_dense,unresolved,CM_B_UM_056,CM_B_UM_056,mechanics,nongoverning_distractor,physmon_canonical_155_v1,discovery,3f89c93941f5a47d6c013a1e1e020ea082127f6df858e58034b9f54a9ca95bb2,5fa55512c0bba1402b988fd498195bb0ec87cb9a27729b5e0d3d00553d39d664,certified,pending_stage13,not_started,4,4,4,1.0,,,,0.0,0,0.5,,,,,,,,,,,,,,,,,,,False,,exploratory_unvalidated,False,"[""stage6_llama_behavioural_full_rerun""]",human_validation_pending,not_measured,not_measured,not_measured,not_measured,not_measured,not_measured,not_measured,human_validation_pending,not_applicable,not_applicable,not_applicable,not_applicable,not_applicable
llama3p1_8b_instruct,primary_dense,unresolved,CM_B_UM_057,CM_B_UM_057,mechanics,nongoverning_distractor,physmon_canonical_155_v1,discovery,3f89c93941f5a47d6c013a1e1e020ea082127f6df858e58034b9f54a9ca95bb2,55b9fde08ddab538a583ecfecced7fd4844b3956280e95bc885f30585e67e180,certified,pending_stage13,not_started,4,4,4,1.0,,,,0.0,0,0.0,,,,,,,,,,,,,,,,,,,False,,exploratory_unvalidated,False,"[""stage6_llama_behavioural_full_rerun""]",human_validation_pending,not_measured,not_measured,not_measured,not_measured,not_measured,not_measured,not_measured,human_validation_pending,not_applicable,not_applicable,not_applicable,not_applicable,not_applicable
llama3p1_8b_instruct,primary_dense,unresolved,CM_B_UM_058,CM_B_UM_058,mechanics,nongoverning_distractor,physmon_canonical_155_v1,discovery,3f89c93941f5a47d6c013a1e1e020ea082127f6df858e58034b9f54a9ca95bb2,02dce9fbd74334826ad799f6843f49b5e1e5967f1d632132f43738080a42f042,certified,pending_stage13,not_started,4,4,4,1.0,,,,0.0,0,0.0,,,,,,,,,,,,,,,,,,,False,,exploratory_unvalidated,False,"[""stage6_llama_behavioural_full_rerun""]",human_validation_pending,not_measured,not_measured,not_measured,not_measured,not_measured,not_measured,not_measured,human_validation_pending,not_applicable,not_applicable,not_applicable,not_applicable,not_applicable
llama3p1_8b_instruct,primary_dense,unresolved,CM_B_UM_059,CM_B_UM_059,mechanics,nongoverning_distractor,physmon_canonical_155_v1,discovery,3f89c93941f5a47d6c013a1e1e020ea082127f6df858e58034b9f54a9ca95bb2,b3b3bc3f6f44f8ec9cd360fc6a5a51e1f0756f54a0ceb2f557ca720df93e235f,certified,pending_stage13,not_started,4,4,4,1.0,,,,2.0,1,0.8333333333333334,,,,,,,,,,,,,,,,,,,False,,exploratory_unvalidated,False,"[""stage6_llama_behavioural_full_rerun""]",human_validation_pending,not_measured,not_measured,not_measured,not_measured,not_measured,not_measured,not_measured,human_validation_pending,not_applicable,not_applicable,not_applicable,not_applicable,not_applicable
llama3p1_8b_instruct,primary_dense,unresolved,CM_B_UM_060,CM_B_UM_060,mechanics,nongoverning_distractor,physmon_canonical_155_v1,discovery,3f89c93941f5a47d6c013a1e1e020ea082127f6df858e58034b9f54a9ca95bb2,4f778e9408c221d52317775d18bc6428a5159280a500eb4c216bf3d5396f931a,certified,pending_stage13,not_started,4,4,4,1.0,,,,0.0,0,0.0,,,,,,,,,,,,,,,,,,,False,,exploratory_unvalidated,False,"[""stage6_llama_behavioural_full_rerun""]",human_validation_pending,not_measured,not_measured,not_measured,not_measured,not_measured,not_measured,not_measured,human_validation_pending,not_applicable,not_applicable,not_applicable,not_applicable,not_applicable
llama3p1_8b_instruct,primary_dense,unresolved,CM_C_001,CM_C_001,mechanics,frame_rendering,physmon_canonical_155_v1,discovery,3f89c93941f5a47d6c013a1e1e020ea082127f6df858e58034b9f54a9ca95bb2,f97cd95df66bfb800d0d412ff0261a6b3c1b47f23fe765cd98e7e9aad8d6e5b9,certified,pending_stage13,not_started,4,4,4,1.0,,,,0.46875,0,0.0,,,,,,,,,,,,,,,,,,,False,,exploratory_unvalidated,False,"[""stage6_llama_behavioural_full_rerun""]",human_validation_pending,not_measured,not_measured,not_measured,not_measured,not_measured,not_measured,not_measured,human_validation_pending,not_applicable,not_applicable,not_applicable,not_applicable,not_applicable
llama3p1_8b_instruct,primary_dense,unresolved,CM_C_002,CM_C_002,mechanics,frame_rendering,physmon_canonical_155_v1,discovery,3f89c93941f5a47d6c013a1e1e020ea082127f6df858e58034b9f54a9ca95bb2,bcbed4c25008008cc4168c2c957958a0cdffd87d49683087a1add7c0b1438819,certified,pending_stage13,not_started,4,4,4,1.0,,,,5.078125,1,0.6666666666666666,,,,,,,,,,,,,,,,,,,False,,exploratory_unvalidated,False,"[""stage6_llama_behavioural_full_rerun""]",human_validation_pending,not_measured,not_measured,not_measured,not_measured,not_measured,not_measured,not_measured,human_validation_pending,not_applicable,not_applicable,not_applicable,not_applicable,not_applicable
llama3p1_8b_instruct,primary_dense,unresolved,CM_C_003,CM_C_003,mechanics,frame_rendering,physmon_canonical_155_v1,discovery,3f89c93941f5a47d6c013a1e1e020ea082127f6df858e58034b9f54a9ca95bb2,daec94fa418d0228b0b080fa6b14617e3712f0d673a7635a690cf397f3324bf3,certified,pending_stage13,not_started,4,4,4,1.0,,,,0.0,0,0.0,,,,,,,,,,,,,,,,,,,False,,exploratory_unvalidated,False,"[""stage6_llama_behavioural_full_rerun""]",human_validation_pending,not_measured,not_measured,not_measured,not_measured,not_measured,not_measured,not_measured,human_validation_pending,not_applicable,not_applicable,not_applicable,not_applicable,not_applicable
llama3p1_8b_instruct,primary_dense,unresolved,CM_C_004,CM_C_004,electrostatics_circuits,frame_rendering,physmon_canonical_155_v1,discovery,3f89c93941f5a47d6c013a1e1e020ea082127f6df858e58034b9f54a9ca95bb2,572f9a83c6466b252d4641862745ec311123b391ffd892c4aa1f316ec4c9e03e,certified,pending_stage13,not_started,4,4,4,1.0,,,,3.25,1,0.0,,,,,,,,,,,,,,,,,,,False,,exploratory_unvalidated,False,"[""stage6_llama_behavioural_full_rerun""]",human_validation_pending,not_measured,not_measured,not_measured,not_measured,not_measured,not_measured,not_measured,human_validation_pending,not_applicable,not_applicable,not_applicable,not_applicable,not_applicable
llama3p1_8b_instruct,primary_dense,unresolved,CM_C_005,CM_C_005,mechanics,frame_rendering,physmon_canonical_155_v1,discovery,3f89c93941f5a47d6c013a1e1e020ea082127f6df858e58034b9f54a9ca95bb2,d4848da4ec78186b46a5fc72a0732b91304da8cd0f8ba600b0b36e57b2369902,certified,pending_stage13,not_started,4,4,4,1.0,,,,1.890625,1,0.0,,,,,,,,,,,,,,,,,,,False,,exploratory_unvalidated,False,"[""stage6_llama_behavioural_full_rerun""]",human_validation_pending,not_measured,not_measured,not_measured,not_measured,not_measured,not_measured,not_measured,human_validation_pending,not_applicable,not_applicable,not_applicable,not_applicable,not_applicable
llama3p1_8b_instruct,primary_dense,unresolved,EL_A_001,EL_A_001,electrostatics_circuits,irrelevant_variable,physmon_canonical_155_v1,discovery,3f89c93941f5a47d6c013a1e1e020ea082127f6df858e58034b9f54a9ca95bb2,f99236a5dc66eed1dd7fc5c5c26283d685d723d0b42c8006393f7dbd548d6520,certified,pending_stage13,not_started,4,4,4,1.0,,,,0.609375,1,0.0,,,,,,,,,,,,,,,,,,,False,,exploratory_unvalidated,False,"[""stage6_llama_behavioural_full_rerun""]",human_validation_pending,not_measured,not_measured,not_measured,not_measured,not_measured,not_measured,not_measured,human_validation_pending,not_applicable,not_applicable,not_applicable,not_applicable,not_applicable
llama3p1_8b_instruct,primary_dense,unresolved,EL_A_002,EL_A_002,electrostatics_circuits,irrelevant_variable,physmon_canonical_155_v1,discovery,3f89c93941f5a47d6c013a1e1e020ea082127f6df858e58034b9f54a9ca95bb2,7a05158193dbd20a411694ce952c8f4593a230c9dfb2fadd5e385aba2472a2c2,certified,pending_stage13,not_started,4,4,4,1.0,,,,0.0,0,0.0,,,,,,,,,,,,,,,,,,,False,,exploratory_unvalidated,False,"[""stage6_llama_behavioural_full_rerun""]",human_validation_pending,not_measured,not_measured,not_measured,not_measured,not_measured,not_measured,not_measured,human_validation_pending,not_applicable,not_applicable,not_applicable,not_applicable,not_applicable
llama3p1_8b_instruct,primary_dense,unresolved,EL_A_003,EL_A_003,electrostatics_circuits,irrelevant_variable,physmon_canonical_155_v1,discovery,3f89c93941f5a47d6c013a1e1e020ea082127f6df858e58034b9f54a9ca95bb2,360c55bb1b21f4b26234f1a0ee8c3d0a6520ba5eaf973c5568566f39aea3f552,certified,pending_stage13,not_started,4,4,4,1.0,,,,0.1875,0,0.0,,,,,,,,,,,,,,,,,,,False,,exploratory_unvalidated,False,"[""stage6_llama_behavioural_full_rerun""]",human_validation_pending,not_measured,not_measured,not_measured,not_measured,not_measured,not_measured,not_measured,human_validation_pending,not_applicable,not_applicable,not_applicable,not_applicable,not_applicable
llama3p1_8b_instruct,primary_dense,unresolved,EL_A_004,EL_A_004,electrostatics_circuits,irrelevant_variable,physmon_canonical_155_v1,discovery,3f89c93941f5a47d6c013a1e1e020ea082127f6df858e58034b9f54a9ca95bb2,e57e00dfbf53baf0cfeb1654641bcffcf525c3036974fc85f3463f8f101d7602,certified,pending_stage13,not_started,4,4,4,1.0,,,,0.484375,0,0.5,,,,,,,,,,,,,,,,,,,False,,exploratory_unvalidated,False,"[""stage6_llama_behavioural_full_rerun""]",human_validation_pending,not_measured,not_measured,not_measured,not_measured,not_measured,not_measured,not_measured,human_validation_pending,not_applicable,not_applicable,not_applicable,not_applicable,not_applicable
llama3p1_8b_instruct,primary_dense,unresolved,EL_A_005,EL_A_005,electrostatics_circuits,irrelevant_variable,physmon_canonical_155_v1,discovery,3f89c93941f5a47d6c013a1e1e020ea082127f6df858e58034b9f54a9ca95bb2,c4be551ec97fc3b8aaf1141f84739bbec8575893fa74934fd1a653c03586b7f5,certified,pending_stage13,not_started,4,4,4,1.0,,,,0.0,0,0.0,,,,,,,,,,,,,,,,,,,False,,exploratory_unvalidated,False,"[""stage6_llama_behavioural_full_rerun""]",human_validation_pending,not_measured,not_measured,not_measured,not_measured,not_measured,not_measured,not_measured,human_validation_pending,not_applicable,not_applicable,not_applicable,not_applicable,not_applicable
llama3p1_8b_instruct,primary_dense,unresolved,EL_B_001,EL_B_001,electrostatics_circuits,nongoverning_distractor,physmon_canonical_155_v1,discovery,3f89c93941f5a47d6c013a1e1e020ea082127f6df858e58034b9f54a9ca95bb2,e52e39504f4ae6abc8e2ac1b65d2f1db3dc1e1e53a293958c8829c5cc85142f8,certified,pending_stage13,not_started,4,4,4,1.0,,,,0.71875,1,0.0,,,,,,,,,,,,,,,,,,,False,,exploratory_unvalidated,False,"[""stage6_llama_behavioural_full_rerun""]",human_validation_pending,not_measured,not_measured,not_measured,not_measured,not_measured,not_measured,not_measured,human_validation_pending,not_applicable,not_applicable,not_applicable,not_applicable,not_applicable
llama3p1_8b_instruct,primary_dense,unresolved,EL_B_002,EL_B_002,electrostatics_circuits,nongoverning_distractor,physmon_canonical_155_v1,discovery,3f89c93941f5a47d6c013a1e1e020ea082127f6df858e58034b9f54a9ca95bb2,ba32f3a7f1c1bd27a5d466184c63c9e18b85abf5fa52e8ddce77e7a873c84721,certified,pending_stage13,not_started,4,4,4,1.0,,,,0.0625,0,0.0,,,,,,,,,,,,,,,,,,,False,,exploratory_unvalidated,False,"[""stage6_llama_behavioural_full_rerun""]",human_validation_pending,not_measured,not_measured,not_measured,not_measured,not_measured,not_measured,not_measured,human_validation_pending,not_applicable,not_applicable,not_applicable,not_applicable,not_applicable
llama3p1_8b_instruct,primary_dense,unresolved,EL_B_003,EL_B_003,electrostatics_circuits,nongoverning_distractor,physmon_canonical_155_v1,discovery,3f89c93941f5a47d6c013a1e1e020ea082127f6df858e58034b9f54a9ca95bb2,63c0daf256b7c84dc256937899f08186e533cc725a396195eccf6a00f045f8c6,certified,pending_stage13,not_started,4,4,4,1.0,,,,0.0,0,0.6666666666666666,,,,,,,,,,,,,,,,,,,False,,exploratory_unvalidated,False,"[""stage6_llama_behavioural_full_rerun""]",human_validation_pending,not_measured,not_measured,not_measured,not_measured,not_measured,not_measured,not_measured,human_validation_pending,not_applicable,not_applicable,not_applicable,not_applicable,not_applicable
llama3p1_8b_instruct,primary_dense,unresolved,EL_B_004,EL_B_004,electrostatics_circuits,nongoverning_distractor,physmon_canonical_155_v1,discovery,3f89c93941f5a47d6c013a1e1e020ea082127f6df858e58034b9f54a9ca95bb2,29b06979cfd04378df59553ffdfd14ef6a58e7fdbdd5dc7966b0515a7d6c350f,certified,pending_stage13,not_started,4,4,4,1.0,,,,0.125,0,0.8333333333333334,,,,,,,,,,,,,,,,,,,False,,exploratory_unvalidated,False,"[""stage6_llama_behavioural_full_rerun""]",human_validation_pending,not_measured,not_measured,not_measured,not_measured,not_measured,not_measured,not_measured,human_validation_pending,not_applicable,not_applicable,not_applicable,not_applicable,not_applicable
llama3p1_8b_instruct,primary_dense,unresolved,EL_B_005,EL_B_005,electrostatics_circuits,nongoverning_distractor,physmon_canonical_155_v1,discovery,3f89c93941f5a47d6c013a1e1e020ea082127f6df858e58034b9f54a9ca95bb2,ecdb3f165c0ebcd128a34c00557a87b99a03c8b076789313153b3016d9a308ac,certified,pending_stage13,not_started,4,4,4,1.0,,,,0.0,0,0.0,,,,,,,,,,,,,,,,,,,False,,exploratory_unvalidated,False,"[""stage6_llama_behavioural_full_rerun""]",human_validation_pending,not_measured,not_measured,not_measured,not_measured,not_measured,not_measured,not_measured,human_validation_pending,not_applicable,not_applicable,not_applicable,not_applicable,not_applicable
llama3p1_8b_instruct,primary_dense,unresolved,TH_B_UM_001,TH_B_UM_001,thermodynamics,nongoverning_distractor,physmon_canonical_155_v1,discovery,3f89c93941f5a47d6c013a1e1e020ea082127f6df858e58034b9f54a9ca95bb2,2cc7fb858bae93aa75621e9f9292a18cce6d1fa24a6116aba23d42fdb484f2bd,certified,pending_stage13,not_started,4,4,4,1.0,,,,0.09375,0,0.5,,,,,,,,,,,,,,,,,,,False,,exploratory_unvalidated,False,"[""stage6_llama_behavioural_full_rerun""]",human_validation_pending,not_measured,not_measured,not_measured,not_measured,not_measured,not_measured,not_measured,human_validation_pending,not_applicable,not_applicable,not_applicable,not_applicable,not_applicable
llama3p1_8b_instruct,primary_dense,unresolved,TH_B_UM_002,TH_B_UM_002,thermodynamics,nongoverning_distractor,physmon_canonical_155_v1,discovery,3f89c93941f5a47d6c013a1e1e020ea082127f6df858e58034b9f54a9ca95bb2,73923a865ae1b8c842f8bdc31d17a8de7ec176a76bfc2f7703f4768e69e6f2be,certified,pending_stage13,not_started,4,4,4,1.0,,,,0.921875,1,0.0,,,,,,,,,,,,,,,,,,,False,,exploratory_unvalidated,False,"[""stage6_llama_behavioural_full_rerun""]",human_validation_pending,not_measured,not_measured,not_measured,not_measured,not_measured,not_measured,not_measured,human_validation_pending,not_applicable,not_applicable,not_applicable,not_applicable,not_applicable
llama3p1_8b_instruct,primary_dense,unresolved,TH_B_UM_003,TH_B_UM_003,thermodynamics,nongoverning_distractor,physmon_canonical_155_v1,discovery,3f89c93941f5a47d6c013a1e1e020ea082127f6df858e58034b9f54a9ca95bb2,e6d5b833fdc73f6b4709930d0c85ff3b48a62c503a3c6e085410a6d8e441fbc1,certified,pending_stage13,not_started,4,4,4,1.0,,,,1.75,1,0.6666666666666666,,,,,,,,,,,,,,,,,,,False,,exploratory_unvalidated,False,"[""stage6_llama_behavioural_full_rerun""]",human_validation_pending,not_measured,not_measured,not_measured,not_measured,not_measured,not_measured,not_measured,human_validation_pending,not_applicable,not_applicable,not_applicable,not_applicable,not_applicable
llama3p1_8b_instruct,primary_dense,unresolved,TH_B_UM_004,TH_B_UM_004,thermodynamics,nongoverning_distractor,physmon_canonical_155_v1,discovery,3f89c93941f5a47d6c013a1e1e020ea082127f6df858e58034b9f54a9ca95bb2,ebb9a6b980f71eebab849bf5feaef148be82167dc61f058fd2abab0331147e93,certified,pending_stage13,not_started,4,4,4,1.0,,,,0.0,0,0.0,,,,,,,,,,,,,,,,,,,False,,exploratory_unvalidated,False,"[""stage6_llama_behavioural_full_rerun""]",human_validation_pending,not_measured,not_measured,not_measured,not_measured,not_measured,not_measured,not_measured,human_validation_pending,not_applicable,not_applicable,not_applicable,not_applicable,not_applicable
llama3p1_8b_instruct,primary_dense,unresolved,TH_B_UM_005,TH_B_UM_005,thermodynamics,nongoverning_distractor,physmon_canonical_155_v1,discovery,3f89c93941f5a47d6c013a1e1e020ea082127f6df858e58034b9f54a9ca95bb2,dec31d345757f207ce21bd87eeac6924698814a13451fffa1ba41e22511ba0f3,certified,pending_stage13,not_started,4,4,4,1.0,,,,0.0,0,0.0,,,,,,,,,,,,,,,,,,,False,,exploratory_unvalidated,False,"[""stage6_llama_behavioural_full_rerun""]",human_validation_pending,not_measured,not_measured,not_measured,not_measured,not_measured,not_measured,not_measured,human_validation_pending,not_applicable,not_applicable,not_applicable,not_applicable,not_applicable
llama3p1_8b_instruct,primary_dense,unresolved,TH_B_UM_006,TH_B_UM_006,thermodynamics,nongoverning_distractor,physmon_canonical_155_v1,discovery,3f89c93941f5a47d6c013a1e1e020ea082127f6df858e58034b9f54a9ca95bb2,9df331376545a49e310ebbd5e3178285c4f46d15e31f4ff0941f6f02cdbf1d67,certified,pending_stage13,not_started,4,4,4,1.0,,,,0.0,0,1.0,,,,,,,,,,,,,,,,,,,False,,exploratory_unvalidated,False,"[""stage6_llama_behavioural_full_rerun""]",human_validation_pending,not_measured,not_measured,not_measured,not_measured,not_measured,not_measured,not_measured,human_validation_pending,not_applicable,not_applicable,not_applicable,not_applicable,not_applicable
llama3p1_8b_instruct,primary_dense,unresolved,TH_B_UM_007,TH_B_UM_007,thermodynamics,nongoverning_distractor,physmon_canonical_155_v1,discovery,3f89c93941f5a47d6c013a1e1e020ea082127f6df858e58034b9f54a9ca95bb2,9d60233ff490bf8fe902b96f9a7d6c83ecafb8ee465768fa909b3e606c044ba0,certified,pending_stage13,not_started,4,4,4,1.0,,,,0.265625,0,0.0,,,,,,,,,,,,,,,,,,,False,,exploratory_unvalidated,False,"[""stage6_llama_behavioural_full_rerun""]",human_validation_pending,not_measured,not_measured,not_measured,not_measured,not_measured,not_measured,not_measured,human_validation_pending,not_applicable,not_applicable,not_applicable,not_applicable,not_applicable
llama3p1_8b_instruct,primary_dense,unresolved,TH_B_UM_008,TH_B_UM_008,thermodynamics,nongoverning_distractor,physmon_canonical_155_v1,discovery,3f89c93941f5a47d6c013a1e1e020ea082127f6df858e58034b9f54a9ca95bb2,b29ef2b81c2e088028ac9c28e8ac7e317702f99ccc8e79836f115d774f052e61,certified,pending_stage13,not_started,4,4,4,1.0,,,,0.984375,1,1.0,,,,,,,,,,,,,,,,,,,False,,exploratory_unvalidated,False,"[""stage6_llama_behavioural_full_rerun""]",human_validation_pending,not_measured,not_measured,not_measured,not_measured,not_measured,not_measured,not_measured,human_validation_pending,not_applicable,not_applicable,not_applicable,not_applicable,not_applicable
llama3p1_8b_instruct,primary_dense,unresolved,TH_B_UM_009,TH_B_UM_009,thermodynamics,nongoverning_distractor,physmon_canonical_155_v1,discovery,3f89c93941f5a47d6c013a1e1e020ea082127f6df858e58034b9f54a9ca95bb2,08c62bd8bd3619749f1d8aacd018d6f433ecff79aa49b385097cc1b692f4a79d,certified,pending_stage13,not_started,4,4,4,1.0,,,,0.09375,0,1.0,,,,,,,,,,,,,,,,,,,False,,exploratory_unvalidated,False,"[""stage6_llama_behavioural_full_rerun""]",human_validation_pending,not_measured,not_measured,not_measured,not_measured,not_measured,not_measured,not_measured,human_validation_pending,not_applicable,not_applicable,not_applicable,not_applicable,not_applicable
llama3p1_8b_instruct,primary_dense,unresolved,TH_B_UM_010,TH_B_UM_010,thermodynamics,nongoverning_distractor,physmon_canonical_155_v1,discovery,3f89c93941f5a47d6c013a1e1e020ea082127f6df858e58034b9f54a9ca95bb2,851213b29469015884eb3412de97d9633378b8df2d45807663cf4b307c504a95,certified,pending_stage13,not_started,4,4,4,1.0,,,,0.0,0,,,,,,,,,,,,,,,,,,,,False,,exploratory_unvalidated,False,"[""stage6_llama_behavioural_full_rerun""]",human_validation_pending,not_measured,not_measured,not_measured,not_measured,not_measured,not_measured,not_measured,human_validation_pending,not_applicable,not_applicable,not_applicable,not_applicable,not_applicable
qwen2p5_7b_instruct,primary_dense,unresolved,CM_A_001,CM_A_001,mechanics,irrelevant_variable,physmon_canonical_155_v1,discovery,3f89c93941f5a47d6c013a1e1e020ea082127f6df858e58034b9f54a9ca95bb2,1155c9bbadc4e68125dfca9ea2351cc206f166d45212de8e365437a10d626708,certified,pending_stage13,not_started,4,4,4,1.0,,,,0.0,0,0.0,,,,,,,,,,,,,,,,,,,False,,exploratory_unvalidated,False,"[""stage6_qwen_behavioural_full_rerun""]",human_validation_pending,not_measured,not_measured,not_measured,not_measured,not_measured,not_measured,not_measured,human_validation_pending,not_applicable,not_applicable,not_applicable,not_applicable,not_applicable
qwen2p5_7b_instruct,primary_dense,unresolved,CM_A_002,CM_A_002,mechanics,irrelevant_variable,physmon_canonical_155_v1,discovery,3f89c93941f5a47d6c013a1e1e020ea082127f6df858e58034b9f54a9ca95bb2,bb66cbd2706f8416f78d44170440d73d2f82d7bbfe22d7a7186c1f6dacb1997d,certified,pending_stage13,not_started,4,4,2,0.5,,,,1.90625,1,0.0,,,,,,,,,,,,,,,,,,,False,,exploratory_unvalidated,False,"[""stage6_qwen_behavioural_full_rerun""]",human_validation_pending,not_measured,not_measured,not_measured,not_measured,not_measured,not_measured,not_measured,human_validation_pending,not_applicable,not_applicable,not_applicable,not_applicable,not_applicable
qwen2p5_7b_instruct,primary_dense,unresolved,CM_A_003,CM_A_003,mechanics,irrelevant_variable,physmon_canonical_155_v1,discovery,3f89c93941f5a47d6c013a1e1e020ea082127f6df858e58034b9f54a9ca95bb2,fa82a2ff7be8fbacffe6a1e4f533bf8a89f8e6db9f8d0314780a9ef984b5c3eb,certified,pending_stage13,not_started,4,4,4,1.0,,,,0.34375,0,0.0,,,,,,,,,,,,,,,,,,,False,,exploratory_unvalidated,False,"[""stage6_qwen_behavioural_full_rerun""]",human_validation_pending,not_measured,not_measured,not_measured,not_measured,not_measured,not_measured,not_measured,human_validation_pending,not_applicable,not_applicable,not_applicable,not_applicable,not_applicable
qwen2p5_7b_instruct,primary_dense,unresolved,CM_A_004,CM_A_004,mechanics,irrelevant_variable,physmon_canonical_155_v1,discovery,3f89c93941f5a47d6c013a1e1e020ea082127f6df858e58034b9f54a9ca95bb2,0345213c4ccc79d7d57d28a264343e6749187f840d04a6f47eeb41b1c08e74be,certified,pending_stage13,not_started,4,4,4,1.0,,,,0.375,0,0.0,,,,,,,,,,,,,,,,,,,False,,exploratory_unvalidated,False,"[""stage6_qwen_behavioural_full_rerun""]",human_validation_pending,not_measured,not_measured,not_measured,not_measured,not_measured,not_measured,not_measured,human_validation_pending,not_applicable,not_applicable,not_applicable,not_applicable,not_applicable
qwen2p5_7b_instruct,primary_dense,unresolved,CM_A_005,CM_A_005,mechanics,irrelevant_variable,physmon_canonical_155_v1,discovery,3f89c93941f5a47d6c013a1e1e020ea082127f6df858e58034b9f54a9ca95bb2,160abf19695a9c700d232d31abad1dde8ee7273a3f33570c12052966b1f14904,certified,pending_stage13,not_started,4,4,4,1.0,,,,0.640625,1,0.0,,,,,,,,,,,,,,,,,,,False,,exploratory_unvalidated,False,"[""stage6_qwen_behavioural_full_rerun""]",human_validation_pending,not_measured,not_measured,not_measured,not_measured,not_measured,not_measured,not_measured,human_validation_pending,not_applicable,not_applicable,not_applicable,not_applicable,not_applicable
qwen2p5_7b_instruct,primary_dense,unresolved,CM_A_006,CM_A_006,mechanics,irrelevant_variable,physmon_canonical_155_v1,discovery,3f89c93941f5a47d6c013a1e1e020ea082127f6df858e58034b9f54a9ca95bb2,4e154bc1e9e86fba35f106f6cfb89576f881fda74f2dab8461db5632042285f0,certified,pending_stage13,not_started,4,4,4,1.0,,,,0.296875,0,0.0,,,,,,,,,,,,,,,,,,,False,,exploratory_unvalidated,False,"[""stage6_qwen_behavioural_full_rerun""]",human_validation_pending,not_measured,not_measured,not_measured,not_measured,not_measured,not_measured,not_measured,human_validation_pending,not_applicable,not_applicable,not_applicable,not_applicable,not_applicable
qwen2p5_7b_instruct,primary_dense,unresolved,CM_A_007,CM_A_007,mechanics,irrelevant_variable,physmon_canonical_155_v1,discovery,3f89c93941f5a47d6c013a1e1e020ea082127f6df858e58034b9f54a9ca95bb2,75eafd694c09ed807e02e0e0381f025aa140abf06c277f90f90004fe016b38a9,certified,pending_stage13,not_started,4,4,4,1.0,,,,0.5,1,0.0,,,,,,,,,,,,,,,,,,,False,,exploratory_unvalidated,False,"[""stage6_qwen_behavioural_full_rerun""]",human_validation_pending,not_measured,not_measured,not_measured,not_measured,not_measured,not_measured,not_measured,human_validation_pending,not_applicable,not_applicable,not_applicable,not_applicable,not_applicable
qwen2p5_7b_instruct,primary_dense,unresolved,CM_A_008,CM_A_008,mechanics,irrelevant_variable,physmon_canonical_155_v1,discovery,3f89c93941f5a47d6c013a1e1e020ea082127f6df858e58034b9f54a9ca95bb2,f077d5d2c3a0ba4b440460eea84d3ce5052ee583f93346246315d6822d3baf64,certified,pending_stage13,not_started,4,4,4,1.0,,,,0.921875,1,0.0,,,,,,,,,,,,,,,,,,,False,,exploratory_unvalidated,False,"[""stage6_qwen_behavioural_full_rerun""]",human_validation_pending,not_measured,not_measured,not_measured,not_measured,not_measured,not_measured,not_measured,human_validation_pending,not_applicable,not_applicable,not_applicable,not_applicable,not_applicable
qwen2p5_7b_instruct,primary_dense,unresolved,CM_A_009,CM_A_009,mechanics,irrelevant_variable,physmon_canonical_155_v1,discovery,3f89c93941f5a47d6c013a1e1e020ea082127f6df858e58034b9f54a9ca95bb2,843ff7f261595041c80ce16b3dbc98a6313d90c9eb20a71fe18d1653c630551b,certified,pending_stage13,not_started,4,4,4,1.0,,,,0.0625,0,0.0,,,,,,,,,,,,,,,,,,,False,,exploratory_unvalidated,False,"[""stage6_qwen_behavioural_full_rerun""]",human_validation_pending,not_measured,not_measured,not_measured,not_measured,not_measured,not_measured,not_measured,human_validation_pending,not_applicable,not_applicable,not_applicable,not_applicable,not_applicable
qwen2p5_7b_instruct,primary_dense,unresolved,CM_A_010,CM_A_010,mechanics,irrelevant_variable,physmon_canonical_155_v1,discovery,3f89c93941f5a47d6c013a1e1e020ea082127f6df858e58034b9f54a9ca95bb2,e5fc4c87a3158b8bf6ef9ab5db77a1055cbc868615d9cbb33817a53524e8b078,certified,pending_stage13,not_started,4,4,4,1.0,,,,0.46875,0,0.0,,,,,,,,,,,,,,,,,,,False,,exploratory_unvalidated,False,"[""stage6_qwen_behavioural_full_rerun""]",human_validation_pending,not_measured,not_measured,not_measured,not_measured,not_measured,not_measured,not_measured,human_validation_pending,not_applicable,not_applicable,not_applicable,not_applicable,not_applicable
qwen2p5_7b_instruct,primary_dense,unresolved,CM_A_STD_001,CM_A_STD_001,mechanics,irrelevant_variable,physmon_canonical_155_v1,discovery,3f89c93941f5a47d6c013a1e1e020ea082127f6df858e58034b9f54a9ca95bb2,0cc08ae2b2a95bc3a207ba6c810eb5596e1011f75dae310898181425c1251211,certified,pending_stage13,not_started,4,4,4,1.0,,,,0.0,0,0.0,,,,,,,,,,,,,,,,,,,False,,exploratory_unvalidated,False,"[""stage6_qwen_behavioural_full_rerun""]",human_validation_pending,not_measured,not_measured,not_measured,not_measured,not_measured,not_measured,not_measured,human_validation_pending,not_applicable,not_applicable,not_applicable,not_applicable,not_applicable
qwen2p5_7b_instruct,primary_dense,unresolved,CM_A_STD_002,CM_A_STD_002,mechanics,irrelevant_variable,physmon_canonical_155_v1,discovery,3f89c93941f5a47d6c013a1e1e020ea082127f6df858e58034b9f54a9ca95bb2,a94b9ae6d4a92d6013ea5f38f990086403161e2273f905541632eb69d19dd457,certified,pending_stage13,not_started,4,4,4,1.0,,,,1.421875,1,0.0,,,,,,,,,,,,,,,,,,,False,,exploratory_unvalidated,False,"[""stage6_qwen_behavioural_full_rerun""]",human_validation_pending,not_measured,not_measured,not_measured,not_measured,not_measured,not_measured,not_measured,human_validation_pending,not_applicable,not_applicable,not_applicable,not_applicable,not_applicable
qwen2p5_7b_instruct,primary_dense,unresolved,CM_A_STD_003,CM_A_STD_003,mechanics,irrelevant_variable,physmon_canonical_155_v1,discovery,3f89c93941f5a47d6c013a1e1e020ea082127f6df858e58034b9f54a9ca95bb2,148eadc79e4da17f8f9bfec918fe91ad469039254df891a8b44f484d7df104a1,certified,pending_stage13,not_started,4,4,4,1.0,,,,1.03125,1,0.0,,,,,,,,,,,,,,,,,,,False,,exploratory_unvalidated,False,"[""stage6_qwen_behavioural_full_rerun""]",human_validation_pending,not_measured,not_measured,not_measured,not_measured,not_measured,not_measured,not_measured,human_validation_pending,not_applicable,not_applicable,not_applicable,not_applicable,not_applicable
qwen2p5_7b_instruct,primary_dense,unresolved,CM_A_STD_004,CM_A_STD_004,mechanics,irrelevant_variable,physmon_canonical_155_v1,discovery,3f89c93941f5a47d6c013a1e1e020ea082127f6df858e58034b9f54a9ca95bb2,bc0b639cb710a8d35aa29743b04c392b938cd21b8a966f11f36d169ba0d0ecd4,certified,pending_stage13,not_started,4,4,4,1.0,,,,1.09375,1,0.0,,,,,,,,,,,,,,,,,,,False,,exploratory_unvalidated,False,"[""stage6_qwen_behavioural_full_rerun""]",human_validation_pending,not_measured,not_measured,not_measured,not_measured,not_measured,not_measured,not_measured,human_validation_pending,not_applicable,not_applicable,not_applicable,not_applicable,not_applicable
qwen2p5_7b_instruct,primary_dense,unresolved,CM_A_STD_005,CM_A_STD_005,mechanics,irrelevant_variable,physmon_canonical_155_v1,discovery,3f89c93941f5a47d6c013a1e1e020ea082127f6df858e58034b9f54a9ca95bb2,0250754f7b939f40fb43e5cdc9746c56b968833dc1372ecb00418146b9f7687c,certified,pending_stage13,not_started,4,4,4,1.0,,,,2.296875,1,0.0,,,,,,,,,,,,,,,,,,,False,,exploratory_unvalidated,False,"[""stage6_qwen_behavioural_full_rerun""]",human_validation_pending,not_measured,not_measured,not_measured,not_measured,not_measured,not_measured,not_measured,human_validation_pending,not_applicable,not_applicable,not_applicable,not_applicable,not_applicable
qwen2p5_7b_instruct,primary_dense,unresolved,CM_A_STD_006,CM_A_STD_006,mechanics,irrelevant_variable,physmon_canonical_155_v1,discovery,3f89c93941f5a47d6c013a1e1e020ea082127f6df858e58034b9f54a9ca95bb2,077aa516bbedc6ef0377cd4d934125d591671ee3b92d68b54e9fd55726eb2d49,certified,pending_stage13,not_started,4,4,4,1.0,,,,0.03125,0,0.0,,,,,,,,,,,,,,,,,,,False,,exploratory_unvalidated,False,"[""stage6_qwen_behavioural_full_rerun""]",human_validation_pending,not_measured,not_measured,not_measured,not_measured,not_measured,not_measured,not_measured,human_validation_pending,not_applicable,not_applicable,not_applicable,not_applicable,not_applicable
qwen2p5_7b_instruct,primary_dense,unresolved,CM_A_STD_007,CM_A_STD_007,mechanics,irrelevant_variable,physmon_canonical_155_v1,discovery,3f89c93941f5a47d6c013a1e1e020ea082127f6df858e58034b9f54a9ca95bb2,31e7873131bad4fcad1ef220259ad10824cc03d9433079630222f77f7e7471ee,certified,pending_stage13,not_started,4,4,4,1.0,,,,0.25,0,0.0,,,,,,,,,,,,,,,,,,,False,,exploratory_unvalidated,False,"[""stage6_qwen_behavioural_full_rerun""]",human_validation_pending,not_measured,not_measured,not_measured,not_measured,not_measured,not_measured,not_measured,human_validation_pending,not_applicable,not_applicable,not_applicable,not_applicable,not_applicable
qwen2p5_7b_instruct,primary_dense,unresolved,CM_A_STD_008,CM_A_STD_008,mechanics,irrelevant_variable,physmon_canonical_155_v1,discovery,3f89c93941f5a47d6c013a1e1e020ea082127f6df858e58034b9f54a9ca95bb2,e41b551e0c55b0aafd4e10593899603b2063eea8263c0d848d3f6136ad7c3394,certified,pending_stage13,not_started,4,4,4,1.0,,,,0.078125,0,0.0,,,,,,,,,,,,,,,,,,,False,,exploratory_unvalidated,False,"[""stage6_qwen_behavioural_full_rerun""]",human_validation_pending,not_measured,not_measured,not_measured,not_measured,not_measured,not_measured,not_measured,human_validation_pending,not_applicable,not_applicable,not_applicable,not_applicable,not_applicable
qwen2p5_7b_instruct,primary_dense,unresolved,CM_A_STD_009,CM_A_STD_009,mechanics,irrelevant_variable,physmon_canonical_155_v1,discovery,3f89c93941f5a47d6c013a1e1e020ea082127f6df858e58034b9f54a9ca95bb2,c0fdf6753d14bca783bd0044903d64903eb2d249fcd81247855a326252e94d72,certified,pending_stage13,not_started,4,4,4,1.0,,,,0.0,0,0.5,,,,,,,,,,,,,,,,,,,False,,exploratory_unvalidated,False,"[""stage6_qwen_behavioural_full_rerun""]",human_validation_pending,not_measured,not_measured,not_measured,not_measured,not_measured,not_measured,not_measured,human_validation_pending,not_applicable,not_applicable,not_applicable,not_applicable,not_applicable
qwen2p5_7b_instruct,primary_dense,unresolved,CM_A_STD_010,CM_A_STD_010,mechanics,irrelevant_variable,physmon_canonical_155_v1,discovery,3f89c93941f5a47d6c013a1e1e020ea082127f6df858e58034b9f54a9ca95bb2,3e3434f79bccfa663b0ff383244109cf37b216ccb0e247d5f0ede55f93fdfd11,certified,pending_stage13,not_started,4,4,4,1.0,,,,0.78125,1,0.0,,,,,,,,,,,,,,,,,,,False,,exploratory_unvalidated,False,"[""stage6_qwen_behavioural_full_rerun""]",human_validation_pending,not_measured,not_measured,not_measured,not_measured,not_measured,not_measured,not_measured,human_validation_pending,not_applicable,not_applicable,not_applicable,not_applicable,not_applicable
qwen2p5_7b_instruct,primary_dense,unresolved,CM_A_STD_011,CM_A_STD_011,electrostatics_circuits,irrelevant_variable,physmon_canonical_155_v1,discovery,3f89c93941f5a47d6c013a1e1e020ea082127f6df858e58034b9f54a9ca95bb2,fc13bb284b28683c7e9569ec6a9c3cefd8361fc3f3d2f54a91b37171f8077972,certified,pending_stage13,not_started,4,4,4,1.0,,,,0.140625,0,0.0,,,,,,,,,,,,,,,,,,,False,,exploratory_unvalidated,False,"[""stage6_qwen_behavioural_full_rerun""]",human_validation_pending,not_measured,not_measured,not_measured,not_measured,not_measured,not_measured,not_measured,human_validation_pending,not_applicable,not_applicable,not_applicable,not_applicable,not_applicable
qwen2p5_7b_instruct,primary_dense,unresolved,CM_A_STD_012,CM_A_STD_012,electrostatics_circuits,irrelevant_variable,physmon_canonical_155_v1,discovery,3f89c93941f5a47d6c013a1e1e020ea082127f6df858e58034b9f54a9ca95bb2,08dd61f1476b7e3033e8acbdc4993474f0a7262e41dd81aaaf786c5fed8ecc52,certified,pending_stage13,not_started,4,4,4,1.0,,,,0.0,0,0.0,,,,,,,,,,,,,,,,,,,False,,exploratory_unvalidated,False,"[""stage6_qwen_behavioural_full_rerun""]",human_validation_pending,not_measured,not_measured,not_measured,not_measured,not_measured,not_measured,not_measured,human_validation_pending,not_applicable,not_applicable,not_applicable,not_applicable,not_applicable
qwen2p5_7b_instruct,primary_dense,unresolved,CM_A_STD_013,CM_A_STD_013,electrostatics_circuits,irrelevant_variable,physmon_canonical_155_v1,discovery,3f89c93941f5a47d6c013a1e1e020ea082127f6df858e58034b9f54a9ca95bb2,18aeb0755fed974a3be3b5b272fed3e6089b65b05533a46acf7c5118481af0db,certified,pending_stage13,not_started,4,4,4,1.0,,,,0.0,0,0.0,,,,,,,,,,,,,,,,,,,False,,exploratory_unvalidated,False,"[""stage6_qwen_behavioural_full_rerun""]",human_validation_pending,not_measured,not_measured,not_measured,not_measured,not_measured,not_measured,not_measured,human_validation_pending,not_applicable,not_applicable,not_applicable,not_applicable,not_applicable
qwen2p5_7b_instruct,primary_dense,unresolved,CM_A_STD_014,CM_A_STD_014,electrostatics_circuits,irrelevant_variable,physmon_canonical_155_v1,discovery,3f89c93941f5a47d6c013a1e1e020ea082127f6df858e58034b9f54a9ca95bb2,79a749f47188c13a3202ebe5282fae70d02aa1fdeabe2cdd9e171347df832123,certified,pending_stage13,not_started,4,4,4,1.0,,,,0.109375,0,0.0,,,,,,,,,,,,,,,,,,,False,,exploratory_unvalidated,False,"[""stage6_qwen_behavioural_full_rerun""]",human_validation_pending,not_measured,not_measured,not_measured,not_measured,not_measured,not_measured,not_measured,human_validation_pending,not_applicable,not_applicable,not_applicable,not_applicable,not_applicable
qwen2p5_7b_instruct,primary_dense,unresolved,CM_A_STD_015,CM_A_STD_015,electrostatics_circuits,irrelevant_variable,physmon_canonical_155_v1,discovery,3f89c93941f5a47d6c013a1e1e020ea082127f6df858e58034b9f54a9ca95bb2,4eafea7c13fdabebdc92a58c7b5db2b28cba6b21ab56276abb88e5aba5df3d00,certified,pending_stage13,not_started,4,4,4,1.0,,,,0.0,0,0.8333333333333334,,,,,,,,,,,,,,,,,,,False,,exploratory_unvalidated,False,"[""stage6_qwen_behavioural_full_rerun""]",human_validation_pending,not_measured,not_measured,not_measured,not_measured,not_measured,not_measured,not_measured,human_validation_pending,not_applicable,not_applicable,not_applicable,not_applicable,not_applicable
qwen2p5_7b_instruct,primary_dense,unresolved,CM_A_STD_016,CM_A_STD_016,electrostatics_circuits,irrelevant_variable,physmon_canonical_155_v1,discovery,3f89c93941f5a47d6c013a1e1e020ea082127f6df858e58034b9f54a9ca95bb2,8ec4a487e572275249cb6625de90eef76152dbca2e098118666ebbfca33adb28,certified,pending_stage13,not_started,4,4,4,1.0,,,,0.78125,1,0.5,,,,,,,,,,,,,,,,,,,False,,exploratory_unvalidated,False,"[""stage6_qwen_behavioural_full_rerun""]",human_validation_pending,not_measured,not_measured,not_measured,not_measured,not_measured,not_measured,not_measured,human_validation_pending,not_applicable,not_applicable,not_applicable,not_applicable,not_applicable
qwen2p5_7b_instruct,primary_dense,unresolved,CM_A_STD_017,CM_A_STD_017,thermodynamics,irrelevant_variable,physmon_canonical_155_v1,discovery,3f89c93941f5a47d6c013a1e1e020ea082127f6df858e58034b9f54a9ca95bb2,fe418bbd0ccf5ebecc7f9afc7d5b5a9dac8534015fd306e75c215a325ae127db,certified,pending_stage13,not_started,4,4,4,1.0,,,,0.796875,1,0.0,,,,,,,,,,,,,,,,,,,False,,exploratory_unvalidated,False,"[""stage6_qwen_behavioural_full_rerun""]",human_validation_pending,not_measured,not_measured,not_measured,not_measured,not_measured,not_measured,not_measured,human_validation_pending,not_applicable,not_applicable,not_applicable,not_applicable,not_applicable
qwen2p5_7b_instruct,primary_dense,unresolved,CM_A_STD_018,CM_A_STD_018,thermodynamics,irrelevant_variable,physmon_canonical_155_v1,discovery,3f89c93941f5a47d6c013a1e1e020ea082127f6df858e58034b9f54a9ca95bb2,6fadb82589fbc47d41a17c1443e9c42cbaeb40c0e3e2fd7ddf9d5f0da29b45c7,certified,pending_stage13,not_started,4,4,3,0.75,,,,0.46875,0,0.0,,,,,,,,,,,,,,,,,,,False,,exploratory_unvalidated,False,"[""stage6_qwen_behavioural_full_rerun""]",human_validation_pending,not_measured,not_measured,not_measured,not_measured,not_measured,not_measured,not_measured,human_validation_pending,not_applicable,not_applicable,not_applicable,not_applicable,not_applicable
qwen2p5_7b_instruct,primary_dense,unresolved,CM_A_STD_019,CM_A_STD_019,thermodynamics,irrelevant_variable,physmon_canonical_155_v1,discovery,3f89c93941f5a47d6c013a1e1e020ea082127f6df858e58034b9f54a9ca95bb2,93238d4dbe681c0b76d3595f609b054958da9e89eee6757de10d6120d37553ff,certified,pending_stage13,not_started,4,4,3,0.75,,,,3.15625,1,0.0,,,,,,,,,,,,,,,,,,,False,,exploratory_unvalidated,False,"[""stage6_qwen_behavioural_full_rerun""]",human_validation_pending,not_measured,not_measured,not_measured,not_measured,not_measured,not_measured,not_measured,human_validation_pending,not_applicable,not_applicable,not_applicable,not_applicable,not_applicable
qwen2p5_7b_instruct,primary_dense,unresolved,CM_A_STD_020,CM_A_STD_020,thermodynamics,irrelevant_variable,physmon_canonical_155_v1,discovery,3f89c93941f5a47d6c013a1e1e020ea082127f6df858e58034b9f54a9ca95bb2,4f749cc1637183843bc385c8b194e0db2d5f2cbdc4791c70e4d81d4cbcf48545,certified,pending_stage13,not_started,4,4,4,1.0,,,,0.0,0,0.0,,,,,,,,,,,,,,,,,,,False,,exploratory_unvalidated,False,"[""stage6_qwen_behavioural_full_rerun""]",human_validation_pending,not_measured,not_measured,not_measured,not_measured,not_measured,not_measured,not_measured,human_validation_pending,not_applicable,not_applicable,not_applicable,not_applicable,not_applicable
qwen2p5_7b_instruct,primary_dense,unresolved,CM_B_001,CM_B_001,mechanics,nongoverning_distractor,physmon_canonical_155_v1,discovery,3f89c93941f5a47d6c013a1e1e020ea082127f6df858e58034b9f54a9ca95bb2,c4e0e86f362090e76ec71ef8b544dc09e4b7aba1681aca85120c86758b6a5e03,certified,pending_stage13,not_started,4,4,4,1.0,,,,2.0,1,0.0,,,,,,,,,,,,,,,,,,,False,,exploratory_unvalidated,False,"[""stage6_qwen_behavioural_full_rerun""]",human_validation_pending,not_measured,not_measured,not_measured,not_measured,not_measured,not_measured,not_measured,human_validation_pending,not_applicable,not_applicable,not_applicable,not_applicable,not_applicable
qwen2p5_7b_instruct,primary_dense,unresolved,CM_B_002,CM_B_002,mechanics,nongoverning_distractor,physmon_canonical_155_v1,discovery,3f89c93941f5a47d6c013a1e1e020ea082127f6df858e58034b9f54a9ca95bb2,0361c8f743e4544b9b5ed99a909d1d9fb7fdbc58637b834f4d452df08aa522b4,certified,pending_stage13,not_started,4,4,4,1.0,,,,0.0,0,0.0,,,,,,,,,,,,,,,,,,,False,,exploratory_unvalidated,False,"[""stage6_qwen_behavioural_full_rerun""]",human_validation_pending,not_measured,not_measured,not_measured,not_measured,not_measured,not_measured,not_measured,human_validation_pending,not_applicable,not_applicable,not_applicable,not_applicable,not_applicable
qwen2p5_7b_instruct,primary_dense,unresolved,CM_B_003,CM_B_003,mechanics,nongoverning_distractor,physmon_canonical_155_v1,discovery,3f89c93941f5a47d6c013a1e1e020ea082127f6df858e58034b9f54a9ca95bb2,b374693fb1c165e638972a411430d0cdac9ea6fad6ecdbd987263980ca9a2a89,certified,pending_stage13,not_started,4,4,3,0.75,,,,0.0,0,0.0,,,,,,,,,,,,,,,,,,,False,,exploratory_unvalidated,False,"[""stage6_qwen_behavioural_full_rerun""]",human_validation_pending,not_measured,not_measured,not_measured,not_measured,not_measured,not_measured,not_measured,human_validation_pending,not_applicable,not_applicable,not_applicable,not_applicable,not_applicable
qwen2p5_7b_instruct,primary_dense,unresolved,CM_B_004,CM_B_004,mechanics,nongoverning_distractor,physmon_canonical_155_v1,discovery,3f89c93941f5a47d6c013a1e1e020ea082127f6df858e58034b9f54a9ca95bb2,ffd009cb505e34a914ce8d6ef46e18abb33b7a0c77a60850711a14f69da18566,certified,pending_stage13,not_started,4,4,4,1.0,,,,2.671875,1,0.0,,,,,,,,,,,,,,,,,,,False,,exploratory_unvalidated,False,"[""stage6_qwen_behavioural_full_rerun""]",human_validation_pending,not_measured,not_measured,not_measured,not_measured,not_measured,not_measured,not_measured,human_validation_pending,not_applicable,not_applicable,not_applicable,not_applicable,not_applicable
qwen2p5_7b_instruct,primary_dense,unresolved,CM_B_005,CM_B_005,mechanics,nongoverning_distractor,physmon_canonical_155_v1,discovery,3f89c93941f5a47d6c013a1e1e020ea082127f6df858e58034b9f54a9ca95bb2,e1fe2391e46a4f4a4dbea0223619dfb99c5e7cb303f25d23dc262b61cad3bdac,certified,pending_stage13,not_started,4,4,4,1.0,,,,0.53125,1,0.0,,,,,,,,,,,,,,,,,,,False,,exploratory_unvalidated,False,"[""stage6_qwen_behavioural_full_rerun""]",human_validation_pending,not_measured,not_measured,not_measured,not_measured,not_measured,not_measured,not_measured,human_validation_pending,not_applicable,not_applicable,not_applicable,not_applicable,not_applicable
qwen2p5_7b_instruct,primary_dense,unresolved,CM_B_006,CM_B_006,mechanics,nongoverning_distractor,physmon_canonical_155_v1,discovery,3f89c93941f5a47d6c013a1e1e020ea082127f6df858e58034b9f54a9ca95bb2,cdcdefd4228b5ddfaba57d0549341a68ee1d1533cc27128c8afdd98f027a80cf,certified,pending_stage13,not_started,4,4,4,1.0,,,,0.0625,0,0.0,,,,,,,,,,,,,,,,,,,False,,exploratory_unvalidated,False,"[""stage6_qwen_behavioural_full_rerun""]",human_validation_pending,not_measured,not_measured,not_measured,not_measured,not_measured,not_measured,not_measured,human_validation_pending,not_applicable,not_applicable,not_applicable,not_applicable,not_applicable
qwen2p5_7b_instruct,primary_dense,unresolved,CM_B_007,CM_B_007,mechanics,nongoverning_distractor,physmon_canonical_155_v1,discovery,3f89c93941f5a47d6c013a1e1e020ea082127f6df858e58034b9f54a9ca95bb2,76910c906d082e2d063295e77c03a6cddb8de1af5fa3539afbf5ace465e10229,certified,pending_stage13,not_started,4,4,4,1.0,,,,0.0,0,0.5,,,,,,,,,,,,,,,,,,,False,,exploratory_unvalidated,False,"[""stage6_qwen_behavioural_full_rerun""]",human_validation_pending,not_measured,not_measured,not_measured,not_measured,not_measured,not_measured,not_measured,human_validation_pending,not_applicable,not_applicable,not_applicable,not_applicable,not_applicable
qwen2p5_7b_instruct,primary_dense,unresolved,CM_B_008,CM_B_008,mechanics,nongoverning_distractor,physmon_canonical_155_v1,discovery,3f89c93941f5a47d6c013a1e1e020ea082127f6df858e58034b9f54a9ca95bb2,bd8095b8d24d8bd29a3dbb7ac074585712b54a541aea73ba864b9e6e368bd6c9,certified,pending_stage13,not_started,4,4,4,1.0,,,,0.0,0,0.0,,,,,,,,,,,,,,,,,,,False,,exploratory_unvalidated,False,"[""stage6_qwen_behavioural_full_rerun""]",human_validation_pending,not_measured,not_measured,not_measured,not_measured,not_measured,not_measured,not_measured,human_validation_pending,not_applicable,not_applicable,not_applicable,not_applicable,not_applicable
qwen2p5_7b_instruct,primary_dense,unresolved,CM_B_009,CM_B_009,mechanics,nongoverning_distractor,physmon_canonical_155_v1,discovery,3f89c93941f5a47d6c013a1e1e020ea082127f6df858e58034b9f54a9ca95bb2,551915b1a00c642fb3ecf8dd84c29bdc23da5afa121650d1181b6dd3e2c130ee,certified,pending_stage13,not_started,4,4,4,1.0,,,,0.546875,1,0.0,,,,,,,,,,,,,,,,,,,False,,exploratory_unvalidated,False,"[""stage6_qwen_behavioural_full_rerun""]",human_validation_pending,not_measured,not_measured,not_measured,not_measured,not_measured,not_measured,not_measured,human_validation_pending,not_applicable,not_applicable,not_applicable,not_applicable,not_applicable
qwen2p5_7b_instruct,primary_dense,unresolved,CM_B_010,CM_B_010,mechanics,nongoverning_distractor,physmon_canonical_155_v1,discovery,3f89c93941f5a47d6c013a1e1e020ea082127f6df858e58034b9f54a9ca95bb2,6f3dece309445b1b43928c1aa10f351684029c30f5e04ae220bb94b092520557,certified,pending_stage13,not_started,4,4,4,1.0,,,,0.0,0,0.0,,,,,,,,,,,,,,,,,,,False,,exploratory_unvalidated,False,"[""stage6_qwen_behavioural_full_rerun""]",human_validation_pending,not_measured,not_measured,not_measured,not_measured,not_measured,not_measured,not_measured,human_validation_pending,not_applicable,not_applicable,not_applicable,not_applicable,not_applicable
qwen2p5_7b_instruct,primary_dense,unresolved,CM_B_STD_001,CM_B_STD_001,mechanics,nongoverning_distractor,physmon_canonical_155_v1,discovery,3f89c93941f5a47d6c013a1e1e020ea082127f6df858e58034b9f54a9ca95bb2,64efbdf4c82cab5e5171b69d4fc5bc5d08ad99057e07ecf44c5a0d2841dbedb6,certified,pending_stage13,not_started,4,4,4,1.0,,,,0.0,0,0.0,,,,,,,,,,,,,,,,,,,False,,exploratory_unvalidated,False,"[""stage6_qwen_behavioural_full_rerun""]",human_validation_pending,not_measured,not_measured,not_measured,not_measured,not_measured,not_measured,not_measured,human_validation_pending,not_applicable,not_applicable,not_applicable,not_applicable,not_applicable
qwen2p5_7b_instruct,primary_dense,unresolved,CM_B_STD_002,CM_B_STD_002,mechanics,nongoverning_distractor,physmon_canonical_155_v1,discovery,3f89c93941f5a47d6c013a1e1e020ea082127f6df858e58034b9f54a9ca95bb2,4bc1c1412352c069a1668ad3099cbfcff3a7d79b928d549f5545caae960cefed,certified,pending_stage13,not_started,4,4,4,1.0,,,,1.625,1,0.5,,,,,,,,,,,,,,,,,,,False,,exploratory_unvalidated,False,"[""stage6_qwen_behavioural_full_rerun""]",human_validation_pending,not_measured,not_measured,not_measured,not_measured,not_measured,not_measured,not_measured,human_validation_pending,not_applicable,not_applicable,not_applicable,not_applicable,not_applicable
qwen2p5_7b_instruct,primary_dense,unresolved,CM_B_STD_003,CM_B_STD_003,mechanics,nongoverning_distractor,physmon_canonical_155_v1,discovery,3f89c93941f5a47d6c013a1e1e020ea082127f6df858e58034b9f54a9ca95bb2,e51f1651a1edcf4fd9db0969f35a39a2a0e808a45913b52c3ffecb1786365a3d,certified,pending_stage13,not_started,4,4,4,1.0,,,,1.15625,1,0.0,,,,,,,,,,,,,,,,,,,False,,exploratory_unvalidated,False,"[""stage6_qwen_behavioural_full_rerun""]",human_validation_pending,not_measured,not_measured,not_measured,not_measured,not_measured,not_measured,not_measured,human_validation_pending,not_applicable,not_applicable,not_applicable,not_applicable,not_applicable
qwen2p5_7b_instruct,primary_dense,unresolved,CM_B_STD_004,CM_B_STD_004,mechanics,nongoverning_distractor,physmon_canonical_155_v1,discovery,3f89c93941f5a47d6c013a1e1e020ea082127f6df858e58034b9f54a9ca95bb2,1b466d5c471cae090ab58ad3c9b6e5ddbfbca2933d04a784cf256081cb9ee9c9,certified,pending_stage13,not_started,4,4,4,1.0,,,,0.296875,0,0.0,,,,,,,,,,,,,,,,,,,False,,exploratory_unvalidated,False,"[""stage6_qwen_behavioural_full_rerun""]",human_validation_pending,not_measured,not_measured,not_measured,not_measured,not_measured,not_measured,not_measured,human_validation_pending,not_applicable,not_applicable,not_applicable,not_applicable,not_applicable
qwen2p5_7b_instruct,primary_dense,unresolved,CM_B_STD_005,CM_B_STD_005,mechanics,nongoverning_distractor,physmon_canonical_155_v1,discovery,3f89c93941f5a47d6c013a1e1e020ea082127f6df858e58034b9f54a9ca95bb2,534c3e8707beb40ceb864718ececc28e9a620a1837e59d66f8a37d58fbafcb3b,certified,pending_stage13,not_started,4,4,4,1.0,,,,0.6875,1,0.8333333333333334,,,,,,,,,,,,,,,,,,,False,,exploratory_unvalidated,False,"[""stage6_qwen_behavioural_full_rerun""]",human_validation_pending,not_measured,not_measured,not_measured,not_measured,not_measured,not_measured,not_measured,human_validation_pending,not_applicable,not_applicable,not_applicable,not_applicable,not_applicable
qwen2p5_7b_instruct,primary_dense,unresolved,CM_B_STD_006,CM_B_STD_006,mechanics,nongoverning_distractor,physmon_canonical_155_v1,discovery,3f89c93941f5a47d6c013a1e1e020ea082127f6df858e58034b9f54a9ca95bb2,2d89b69e960b22bb30c231633ba3de30b82699ce1314826b475faaa40e5fba2f,certified,pending_stage13,not_started,4,4,4,1.0,,,,5.4375,1,0.0,,,,,,,,,,,,,,,,,,,False,,exploratory_unvalidated,False,"[""stage6_qwen_behavioural_full_rerun""]",human_validation_pending,not_measured,not_measured,not_measured,not_measured,not_measured,not_measured,not_measured,human_validation_pending,not_applicable,not_applicable,not_applicable,not_applicable,not_applicable
qwen2p5_7b_instruct,primary_dense,unresolved,CM_B_STD_007,CM_B_STD_007,thermodynamics,nongoverning_distractor,physmon_canonical_155_v1,discovery,3f89c93941f5a47d6c013a1e1e020ea082127f6df858e58034b9f54a9ca95bb2,2be9ca4701e9596e1506f7ca52f2af4cd469098fef37080eff7b9f4a27bebfbf,certified,pending_stage13,not_started,4,4,4,1.0,,,,1.890625,1,0.5,,,,,,,,,,,,,,,,,,,False,,exploratory_unvalidated,False,"[""stage6_qwen_behavioural_full_rerun""]",human_validation_pending,not_measured,not_measured,not_measured,not_measured,not_measured,not_measured,not_measured,human_validation_pending,not_applicable,not_applicable,not_applicable,not_applicable,not_applicable
qwen2p5_7b_instruct,primary_dense,unresolved,CM_B_STD_008,CM_B_STD_008,thermodynamics,nongoverning_distractor,physmon_canonical_155_v1,discovery,3f89c93941f5a47d6c013a1e1e020ea082127f6df858e58034b9f54a9ca95bb2,4d5fefaeb9722415cd1b826e6651d0b503e917ff43591980ded736eae8fa0879,certified,pending_stage13,not_started,4,4,4,1.0,,,,0.0,0,0.0,,,,,,,,,,,,,,,,,,,False,,exploratory_unvalidated,False,"[""stage6_qwen_behavioural_full_rerun""]",human_validation_pending,not_measured,not_measured,not_measured,not_measured,not_measured,not_measured,not_measured,human_validation_pending,not_applicable,not_applicable,not_applicable,not_applicable,not_applicable
qwen2p5_7b_instruct,primary_dense,unresolved,CM_B_STD_009,CM_B_STD_009,thermodynamics,nongoverning_distractor,physmon_canonical_155_v1,discovery,3f89c93941f5a47d6c013a1e1e020ea082127f6df858e58034b9f54a9ca95bb2,1427c794b95cd52d19407880e4a424863d4635c977f60e41c98062239730c3e8,certified,pending_stage13,not_started,4,4,4,1.0,,,,2.265625,1,0.0,,,,,,,,,,,,,,,,,,,False,,exploratory_unvalidated,False,"[""stage6_qwen_behavioural_full_rerun""]",human_validation_pending,not_measured,not_measured,not_measured,not_measured,not_measured,not_measured,not_measured,human_validation_pending,not_applicable,not_applicable,not_applicable,not_applicable,not_applicable
qwen2p5_7b_instruct,primary_dense,unresolved,CM_B_STD_010,CM_B_STD_010,electrostatics_circuits,nongoverning_distractor,physmon_canonical_155_v1,discovery,3f89c93941f5a47d6c013a1e1e020ea082127f6df858e58034b9f54a9ca95bb2,a15f269d7d4b240363a815b50cb897d60a7760817921060170e2904f1b2096ed,certified,pending_stage13,not_started,4,4,4,1.0,,,,4.84375,1,0.5,,,,,,,,,,,,,,,,,,,False,,exploratory_unvalidated,False,"[""stage6_qwen_behavioural_full_rerun""]",human_validation_pending,not_measured,not_measured,not_measured,not_measured,not_measured,not_measured,not_measured,human_validation_pending,not_applicable,not_applicable,not_applicable,not_applicable,not_applicable
qwen2p5_7b_instruct,primary_dense,unresolved,CM_B_STD_011,CM_B_STD_011,electrostatics_circuits,nongoverning_distractor,physmon_canonical_155_v1,discovery,3f89c93941f5a47d6c013a1e1e020ea082127f6df858e58034b9f54a9ca95bb2,3b377e0e425e907f3021ad2e581a4286cc2be427c24f9eca885f9cc75821be2f,certified,pending_stage13,not_started,4,4,4,1.0,,,,4.8125,1,0.8333333333333334,,,,,,,,,,,,,,,,,,,False,,exploratory_unvalidated,False,"[""stage6_qwen_behavioural_full_rerun""]",human_validation_pending,not_measured,not_measured,not_measured,not_measured,not_measured,not_measured,not_measured,human_validation_pending,not_applicable,not_applicable,not_applicable,not_applicable,not_applicable
qwen2p5_7b_instruct,primary_dense,unresolved,CM_B_STD_012,CM_B_STD_012,electrostatics_circuits,nongoverning_distractor,physmon_canonical_155_v1,discovery,3f89c93941f5a47d6c013a1e1e020ea082127f6df858e58034b9f54a9ca95bb2,7fc174a07b7cc34df746a9741dbf127ef11d6501a52ecbcc6eee8e16cdc9aac0,certified,pending_stage13,not_started,4,4,4,1.0,,,,1.8125,1,0.6666666666666666,,,,,,,,,,,,,,,,,,,False,,exploratory_unvalidated,False,"[""stage6_qwen_behavioural_full_rerun""]",human_validation_pending,not_measured,not_measured,not_measured,not_measured,not_measured,not_measured,not_measured,human_validation_pending,not_applicable,not_applicable,not_applicable,not_applicable,not_applicable
qwen2p5_7b_instruct,primary_dense,unresolved,CM_B_STD_013,CM_B_STD_013,mechanics,nongoverning_distractor,physmon_canonical_155_v1,discovery,3f89c93941f5a47d6c013a1e1e020ea082127f6df858e58034b9f54a9ca95bb2,fcd3167c15d3a7e33b450fddb3879d66d62e9aa00d82d82f2ce4f3c6a54228e3,certified,pending_stage13,not_started,4,4,4,1.0,,,,4.96875,1,0.8333333333333334,,,,,,,,,,,,,,,,,,,False,,exploratory_unvalidated,False,"[""stage6_qwen_behavioural_full_rerun""]",human_validation_pending,not_measured,not_measured,not_measured,not_measured,not_measured,not_measured,not_measured,human_validation_pending,not_applicable,not_applicable,not_applicable,not_applicable,not_applicable
qwen2p5_7b_instruct,primary_dense,unresolved,CM_B_STD_014,CM_B_STD_014,mechanics,nongoverning_distractor,physmon_canonical_155_v1,discovery,3f89c93941f5a47d6c013a1e1e020ea082127f6df858e58034b9f54a9ca95bb2,0e2c55855204fee192a98b96bb98ac5ef836f58c8d0816a003796b65e82d1f10,certified,pending_stage13,not_started,4,4,4,1.0,,,,2.40625,1,1.0,,,,,,,,,,,,,,,,,,,False,,exploratory_unvalidated,False,"[""stage6_qwen_behavioural_full_rerun""]",human_validation_pending,not_measured,not_measured,not_measured,not_measured,not_measured,not_measured,not_measured,human_validation_pending,not_applicable,not_applicable,not_applicable,not_applicable,not_applicable
qwen2p5_7b_instruct,primary_dense,unresolved,CM_B_STD_015,CM_B_STD_015,mechanics,nongoverning_distractor,physmon_canonical_155_v1,discovery,3f89c93941f5a47d6c013a1e1e020ea082127f6df858e58034b9f54a9ca95bb2,213f17aac1eda0ba8c012122770869477932725dbf233d45e7a427c33e5edbe4,certified,pending_stage13,not_started,4,4,4,1.0,,,,2.625,1,1.0,,,,,,,,,,,,,,,,,,,False,,exploratory_unvalidated,False,"[""stage6_qwen_behavioural_full_rerun""]",human_validation_pending,not_measured,not_measured,not_measured,not_measured,not_measured,not_measured,not_measured,human_validation_pending,not_applicable,not_applicable,not_applicable,not_applicable,not_applicable
qwen2p5_7b_instruct,primary_dense,unresolved,CM_B_UM_001,CM_B_UM_001,mechanics,nongoverning_distractor,physmon_canonical_155_v1,discovery,3f89c93941f5a47d6c013a1e1e020ea082127f6df858e58034b9f54a9ca95bb2,76d032f4285ceee1a9675dd944e0a921a4dae207bb3741a0664fecd9fa29f16b,certified,pending_stage13,not_started,4,4,4,1.0,,,,2.46875,1,0.0,,,,,,,,,,,,,,,,,,,False,,exploratory_unvalidated,False,"[""stage6_qwen_behavioural_full_rerun""]",human_validation_pending,not_measured,not_measured,not_measured,not_measured,not_measured,not_measured,not_measured,human_validation_pending,not_applicable,not_applicable,not_applicable,not_applicable,not_applicable
qwen2p5_7b_instruct,primary_dense,unresolved,CM_B_UM_002,CM_B_UM_002,mechanics,nongoverning_distractor,physmon_canonical_155_v1,discovery,3f89c93941f5a47d6c013a1e1e020ea082127f6df858e58034b9f54a9ca95bb2,800ceccfa682c234133b4736ac2bce071fd2eaccaedb9e851c0eb229d161f4f9,certified,pending_stage13,not_started,4,4,4,1.0,,,,1.71875,1,0.0,,,,,,,,,,,,,,,,,,,False,,exploratory_unvalidated,False,"[""stage6_qwen_behavioural_full_rerun""]",human_validation_pending,not_measured,not_measured,not_measured,not_measured,not_measured,not_measured,not_measured,human_validation_pending,not_applicable,not_applicable,not_applicable,not_applicable,not_applicable
qwen2p5_7b_instruct,primary_dense,unresolved,CM_B_UM_003,CM_B_UM_003,mechanics,nongoverning_distractor,physmon_canonical_155_v1,discovery,3f89c93941f5a47d6c013a1e1e020ea082127f6df858e58034b9f54a9ca95bb2,976abc58c90e11d0450b18e76ad8fce28e74663c1e188e636b1151a4ca6c2b09,certified,pending_stage13,not_started,4,4,4,1.0,,,,0.21875,0,0.0,,,,,,,,,,,,,,,,,,,False,,exploratory_unvalidated,False,"[""stage6_qwen_behavioural_full_rerun""]",human_validation_pending,not_measured,not_measured,not_measured,not_measured,not_measured,not_measured,not_measured,human_validation_pending,not_applicable,not_applicable,not_applicable,not_applicable,not_applicable
qwen2p5_7b_instruct,primary_dense,unresolved,CM_B_UM_004,CM_B_UM_004,mechanics,nongoverning_distractor,physmon_canonical_155_v1,discovery,3f89c93941f5a47d6c013a1e1e020ea082127f6df858e58034b9f54a9ca95bb2,d2fe0fa347f8193906c9e5387bf3e1206e17c9e6d63916f9cd6b24fbce1b010a,certified,pending_stage13,not_started,4,4,4,1.0,,,,0.0,0,0.0,,,,,,,,,,,,,,,,,,,False,,exploratory_unvalidated,False,"[""stage6_qwen_behavioural_full_rerun""]",human_validation_pending,not_measured,not_measured,not_measured,not_measured,not_measured,not_measured,not_measured,human_validation_pending,not_applicable,not_applicable,not_applicable,not_applicable,not_applicable
qwen2p5_7b_instruct,primary_dense,unresolved,CM_B_UM_005,CM_B_UM_005,mechanics,nongoverning_distractor,physmon_canonical_155_v1,discovery,3f89c93941f5a47d6c013a1e1e020ea082127f6df858e58034b9f54a9ca95bb2,6ddf346f32249d64b57c8cfb0d88714694b74af070ab73837aa1cf612afb2c64,certified,pending_stage13,not_started,4,4,4,1.0,,,,0.0,0,0.0,,,,,,,,,,,,,,,,,,,False,,exploratory_unvalidated,False,"[""stage6_qwen_behavioural_full_rerun""]",human_validation_pending,not_measured,not_measured,not_measured,not_measured,not_measured,not_measured,not_measured,human_validation_pending,not_applicable,not_applicable,not_applicable,not_applicable,not_applicable
qwen2p5_7b_instruct,primary_dense,unresolved,CM_B_UM_006,CM_B_UM_006,mechanics,nongoverning_distractor,physmon_canonical_155_v1,discovery,3f89c93941f5a47d6c013a1e1e020ea082127f6df858e58034b9f54a9ca95bb2,e173b2aaf5718bdacbbc3a2c55a8d4052502ed84e018a3f2f37b79a8cfa5b9e9,certified,pending_stage13,not_started,4,4,4,1.0,,,,3.140625,1,0.0,,,,,,,,,,,,,,,,,,,False,,exploratory_unvalidated,False,"[""stage6_qwen_behavioural_full_rerun""]",human_validation_pending,not_measured,not_measured,not_measured,not_measured,not_measured,not_measured,not_measured,human_validation_pending,not_applicable,not_applicable,not_applicable,not_applicable,not_applicable
qwen2p5_7b_instruct,primary_dense,unresolved,CM_B_UM_007,CM_B_UM_007,mechanics,nongoverning_distractor,physmon_canonical_155_v1,discovery,3f89c93941f5a47d6c013a1e1e020ea082127f6df858e58034b9f54a9ca95bb2,2d350fc6283785ee2563668b71327b9df6c31dd50b9a9ee121db550a1c99f1f5,certified,pending_stage13,not_started,4,4,4,1.0,,,,0.0,0,0.6666666666666666,,,,,,,,,,,,,,,,,,,False,,exploratory_unvalidated,False,"[""stage6_qwen_behavioural_full_rerun""]",human_validation_pending,not_measured,not_measured,not_measured,not_measured,not_measured,not_measured,not_measured,human_validation_pending,not_applicable,not_applicable,not_applicable,not_applicable,not_applicable
qwen2p5_7b_instruct,primary_dense,unresolved,CM_B_UM_008,CM_B_UM_008,mechanics,nongoverning_distractor,physmon_canonical_155_v1,discovery,3f89c93941f5a47d6c013a1e1e020ea082127f6df858e58034b9f54a9ca95bb2,9c22d8cb50606a2feb472ba9614d8bc252699be8e00b1d5eb7b9adadf5a09058,certified,pending_stage13,not_started,4,4,4,1.0,,,,0.0,0,0.0,,,,,,,,,,,,,,,,,,,False,,exploratory_unvalidated,False,"[""stage6_qwen_behavioural_full_rerun""]",human_validation_pending,not_measured,not_measured,not_measured,not_measured,not_measured,not_measured,not_measured,human_validation_pending,not_applicable,not_applicable,not_applicable,not_applicable,not_applicable
qwen2p5_7b_instruct,primary_dense,unresolved,CM_B_UM_009,CM_B_UM_009,mechanics,nongoverning_distractor,physmon_canonical_155_v1,discovery,3f89c93941f5a47d6c013a1e1e020ea082127f6df858e58034b9f54a9ca95bb2,04c3c8fb6dac470803a1826bc8aa36860eb82289f13ab256d23b40e19236f80c,certified,pending_stage13,not_started,4,4,4,1.0,,,,4.375,1,0.0,,,,,,,,,,,,,,,,,,,False,,exploratory_unvalidated,False,"[""stage6_qwen_behavioural_full_rerun""]",human_validation_pending,not_measured,not_measured,not_measured,not_measured,not_measured,not_measured,not_measured,human_validation_pending,not_applicable,not_applicable,not_applicable,not_applicable,not_applicable
qwen2p5_7b_instruct,primary_dense,unresolved,CM_B_UM_010,CM_B_UM_010,mechanics,nongoverning_distractor,physmon_canonical_155_v1,discovery,3f89c93941f5a47d6c013a1e1e020ea082127f6df858e58034b9f54a9ca95bb2,95bef59400567817715b7f3fa15621fca5754439fd59d2f16337dfd880c1a7d2,certified,pending_stage13,not_started,4,4,4,1.0,,,,1.25,1,0.0,,,,,,,,,,,,,,,,,,,False,,exploratory_unvalidated,False,"[""stage6_qwen_behavioural_full_rerun""]",human_validation_pending,not_measured,not_measured,not_measured,not_measured,not_measured,not_measured,not_measured,human_validation_pending,not_applicable,not_applicable,not_applicable,not_applicable,not_applicable
qwen2p5_7b_instruct,primary_dense,unresolved,CM_B_UM_011,CM_B_UM_011,mechanics,nongoverning_distractor,physmon_canonical_155_v1,discovery,3f89c93941f5a47d6c013a1e1e020ea082127f6df858e58034b9f54a9ca95bb2,476fdd27aa2977dc72a0c377813ef7a2eb5eb7fe0fbee7d8a01a23a854916cab,certified,pending_stage13,not_started,4,4,4,1.0,,,,0.0,0,0.0,,,,,,,,,,,,,,,,,,,False,,exploratory_unvalidated,False,"[""stage6_qwen_behavioural_full_rerun""]",human_validation_pending,not_measured,not_measured,not_measured,not_measured,not_measured,not_measured,not_measured,human_validation_pending,not_applicable,not_applicable,not_applicable,not_applicable,not_applicable
qwen2p5_7b_instruct,primary_dense,unresolved,CM_B_UM_012,CM_B_UM_012,mechanics,nongoverning_distractor,physmon_canonical_155_v1,discovery,3f89c93941f5a47d6c013a1e1e020ea082127f6df858e58034b9f54a9ca95bb2,1f1a7b991da47fed9fa4ef5f6d3fb460e901f9a7a4802986f8de9d68fbb5eba2,certified,pending_stage13,not_started,4,4,4,1.0,,,,2.75,1,0.0,,,,,,,,,,,,,,,,,,,False,,exploratory_unvalidated,False,"[""stage6_qwen_behavioural_full_rerun""]",human_validation_pending,not_measured,not_measured,not_measured,not_measured,not_measured,not_measured,not_measured,human_validation_pending,not_applicable,not_applicable,not_applicable,not_applicable,not_applicable
qwen2p5_7b_instruct,primary_dense,unresolved,CM_B_UM_013,CM_B_UM_013,mechanics,nongoverning_distractor,physmon_canonical_155_v1,discovery,3f89c93941f5a47d6c013a1e1e020ea082127f6df858e58034b9f54a9ca95bb2,48034897c145250943dfebefaa68800bdff2205fe871b0a49ebaddd267f53643,certified,pending_stage13,not_started,4,4,4,1.0,,,,3.453125,1,0.6666666666666666,,,,,,,,,,,,,,,,,,,False,,exploratory_unvalidated,False,"[""stage6_qwen_behavioural_full_rerun""]",human_validation_pending,not_measured,not_measured,not_measured,not_measured,not_measured,not_measured,not_measured,human_validation_pending,not_applicable,not_applicable,not_applicable,not_applicable,not_applicable
qwen2p5_7b_instruct,primary_dense,unresolved,CM_B_UM_014,CM_B_UM_014,mechanics,nongoverning_distractor,physmon_canonical_155_v1,discovery,3f89c93941f5a47d6c013a1e1e020ea082127f6df858e58034b9f54a9ca95bb2,91505162ad3b9d7808ad115b0fb0cebc1c3881ebd12ec8796cad7fff9747b2ab,certified,pending_stage13,not_started,4,4,4,1.0,,,,1.84375,1,0.0,,,,,,,,,,,,,,,,,,,False,,exploratory_unvalidated,False,"[""stage6_qwen_behavioural_full_rerun""]",human_validation_pending,not_measured,not_measured,not_measured,not_measured,not_measured,not_measured,not_measured,human_validation_pending,not_applicable,not_applicable,not_applicable,not_applicable,not_applicable
qwen2p5_7b_instruct,primary_dense,unresolved,CM_B_UM_015,CM_B_UM_015,electrostatics_circuits,nongoverning_distractor,physmon_canonical_155_v1,discovery,3f89c93941f5a47d6c013a1e1e020ea082127f6df858e58034b9f54a9ca95bb2,a780527c0f8fe76d0da12b387d558eb494c81461bf8d0a4217086fb374f3abea,certified,pending_stage13,not_started,4,4,4,1.0,,,,0.578125,1,0.0,,,,,,,,,,,,,,,,,,,False,,exploratory_unvalidated,False,"[""stage6_qwen_behavioural_full_rerun""]",human_validation_pending,not_measured,not_measured,not_measured,not_measured,not_measured,not_measured,not_measured,human_validation_pending,not_applicable,not_applicable,not_applicable,not_applicable,not_applicable
qwen2p5_7b_instruct,primary_dense,unresolved,CM_B_UM_016,CM_B_UM_016,electrostatics_circuits,nongoverning_distractor,physmon_canonical_155_v1,discovery,3f89c93941f5a47d6c013a1e1e020ea082127f6df858e58034b9f54a9ca95bb2,fb8d3d40ab52cbd8a38e6208272e31c6a66563e5fdeadb8aba4763723c9a2163,certified,pending_stage13,not_started,4,4,4,1.0,,,,1.1640625,1,0.0,,,,,,,,,,,,,,,,,,,False,,exploratory_unvalidated,False,"[""stage6_qwen_behavioural_full_rerun""]",human_validation_pending,not_measured,not_measured,not_measured,not_measured,not_measured,not_measured,not_measured,human_validation_pending,not_applicable,not_applicable,not_applicable,not_applicable,not_applicable
qwen2p5_7b_instruct,primary_dense,unresolved,CM_B_UM_017,CM_B_UM_017,electrostatics_circuits,nongoverning_distractor,physmon_canonical_155_v1,discovery,3f89c93941f5a47d6c013a1e1e020ea082127f6df858e58034b9f54a9ca95bb2,d44b34e3e4362bbb5c7057775398236bd55dc7c1c26923b78c5e0b0076b993f5,certified,pending_stage13,not_started,4,4,4,1.0,,,,0.0,0,0.0,,,,,,,,,,,,,,,,,,,False,,exploratory_unvalidated,False,"[""stage6_qwen_behavioural_full_rerun""]",human_validation_pending,not_measured,not_measured,not_measured,not_measured,not_measured,not_measured,not_measured,human_validation_pending,not_applicable,not_applicable,not_applicable,not_applicable,not_applicable
qwen2p5_7b_instruct,primary_dense,unresolved,CM_B_UM_018,CM_B_UM_018,electrostatics_circuits,nongoverning_distractor,physmon_canonical_155_v1,discovery,3f89c93941f5a47d6c013a1e1e020ea082127f6df858e58034b9f54a9ca95bb2,0ccd3d22483d72391f67bcd15d5adf7611f1b098af53e76b7911dfb2019c4c6e,certified,pending_stage13,not_started,4,4,4,1.0,,,,0.0,0,0.0,,,,,,,,,,,,,,,,,,,False,,exploratory_unvalidated,False,"[""stage6_qwen_behavioural_full_rerun""]",human_validation_pending,not_measured,not_measured,not_measured,not_measured,not_measured,not_measured,not_measured,human_validation_pending,not_applicable,not_applicable,not_applicable,not_applicable,not_applicable
qwen2p5_7b_instruct,primary_dense,unresolved,CM_B_UM_019,CM_B_UM_019,electrostatics_circuits,nongoverning_distractor,physmon_canonical_155_v1,discovery,3f89c93941f5a47d6c013a1e1e020ea082127f6df858e58034b9f54a9ca95bb2,fe90299bf670e5b1be6876eba3c35e3a311aaea5cd3379ee6d95d9e8b82d4344,certified,pending_stage13,not_started,4,4,4,1.0,,,,0.0,0,0.0,,,,,,,,,,,,,,,,,,,False,,exploratory_unvalidated,False,"[""stage6_qwen_behavioural_full_rerun""]",human_validation_pending,not_measured,not_measured,not_measured,not_measured,not_measured,not_measured,not_measured,human_validation_pending,not_applicable,not_applicable,not_applicable,not_applicable,not_applicable
qwen2p5_7b_instruct,primary_dense,unresolved,CM_B_UM_020,CM_B_UM_020,electrostatics_circuits,nongoverning_distractor,physmon_canonical_155_v1,discovery,3f89c93941f5a47d6c013a1e1e020ea082127f6df858e58034b9f54a9ca95bb2,71529a255be409740e3bac765c6d09de55680502d803c281ccd3f9deb83d3e55,certified,pending_stage13,not_started,4,4,4,1.0,,,,0.34375,0,0.0,,,,,,,,,,,,,,,,,,,False,,exploratory_unvalidated,False,"[""stage6_qwen_behavioural_full_rerun""]",human_validation_pending,not_measured,not_measured,not_measured,not_measured,not_measured,not_measured,not_measured,human_validation_pending,not_applicable,not_applicable,not_applicable,not_applicable,not_applicable
qwen2p5_7b_instruct,primary_dense,unresolved,CM_B_UM_021,CM_B_UM_021,electrostatics_circuits,nongoverning_distractor,physmon_canonical_155_v1,discovery,3f89c93941f5a47d6c013a1e1e020ea082127f6df858e58034b9f54a9ca95bb2,c8e9f45a0074e0892c64e346c814297f1fdd43bb046dd05a14e04dab0191e81f,certified,pending_stage13,not_started,4,4,4,1.0,,,,0.0,0,0.0,,,,,,,,,,,,,,,,,,,False,,exploratory_unvalidated,False,"[""stage6_qwen_behavioural_full_rerun""]",human_validation_pending,not_measured,not_measured,not_measured,not_measured,not_measured,not_measured,not_measured,human_validation_pending,not_applicable,not_applicable,not_applicable,not_applicable,not_applicable
qwen2p5_7b_instruct,primary_dense,unresolved,CM_B_UM_022,CM_B_UM_022,electrostatics_circuits,nongoverning_distractor,physmon_canonical_155_v1,discovery,3f89c93941f5a47d6c013a1e1e020ea082127f6df858e58034b9f54a9ca95bb2,b2d26aa14801986cc2434709bcee89d7f39ca2e7a02a0d89edf6554dd35a5361,certified,pending_stage13,not_started,4,4,4,1.0,,,,2.078125,1,0.8333333333333334,,,,,,,,,,,,,,,,,,,False,,exploratory_unvalidated,False,"[""stage6_qwen_behavioural_full_rerun""]",human_validation_pending,not_measured,not_measured,not_measured,not_measured,not_measured,not_measured,not_measured,human_validation_pending,not_applicable,not_applicable,not_applicable,not_applicable,not_applicable
qwen2p5_7b_instruct,primary_dense,unresolved,CM_B_UM_023,CM_B_UM_023,electrostatics_circuits,nongoverning_distractor,physmon_canonical_155_v1,discovery,3f89c93941f5a47d6c013a1e1e020ea082127f6df858e58034b9f54a9ca95bb2,413306810828116436901f1c26842fecfd310039d5d4afa43f74499e98bd9365,certified,pending_stage13,not_started,4,4,4,1.0,,,,0.0,0,0.0,,,,,,,,,,,,,,,,,,,False,,exploratory_unvalidated,False,"[""stage6_qwen_behavioural_full_rerun""]",human_validation_pending,not_measured,not_measured,not_measured,not_measured,not_measured,not_measured,not_measured,human_validation_pending,not_applicable,not_applicable,not_applicable,not_applicable,not_applicable
qwen2p5_7b_instruct,primary_dense,unresolved,CM_B_UM_024,CM_B_UM_024,electrostatics_circuits,nongoverning_distractor,physmon_canonical_155_v1,discovery,3f89c93941f5a47d6c013a1e1e020ea082127f6df858e58034b9f54a9ca95bb2,13ec4f7db38fdca4072d4d3ce9500b191a694f763153f970b64d8c71e6b740c3,certified,pending_stage13,not_started,4,4,4,1.0,,,,0.53125,1,0.8333333333333334,,,,,,,,,,,,,,,,,,,False,,exploratory_unvalidated,False,"[""stage6_qwen_behavioural_full_rerun""]",human_validation_pending,not_measured,not_measured,not_measured,not_measured,not_measured,not_measured,not_measured,human_validation_pending,not_applicable,not_applicable,not_applicable,not_applicable,not_applicable
qwen2p5_7b_instruct,primary_dense,unresolved,CM_B_UM_025,CM_B_UM_025,electrostatics_circuits,nongoverning_distractor,physmon_canonical_155_v1,discovery,3f89c93941f5a47d6c013a1e1e020ea082127f6df858e58034b9f54a9ca95bb2,f45a94b6497a21c1d0a77b0c6dfd13ec98a8d4fd9eb21d1ddbd44e26a7a41c10,certified,pending_stage13,not_started,4,4,4,1.0,,,,1.65625,1,0.5,,,,,,,,,,,,,,,,,,,False,,exploratory_unvalidated,False,"[""stage6_qwen_behavioural_full_rerun""]",human_validation_pending,not_measured,not_measured,not_measured,not_measured,not_measured,not_measured,not_measured,human_validation_pending,not_applicable,not_applicable,not_applicable,not_applicable,not_applicable
qwen2p5_7b_instruct,primary_dense,unresolved,CM_B_UM_026,CM_B_UM_026,electrostatics_circuits,nongoverning_distractor,physmon_canonical_155_v1,discovery,3f89c93941f5a47d6c013a1e1e020ea082127f6df858e58034b9f54a9ca95bb2,4f40e0f2c7c529c2199139a58f9948ca2f7c66c51c4b058ed7f4f5660653111b,certified,pending_stage13,not_started,4,4,4,1.0,,,,0.0,0,0.5,,,,,,,,,,,,,,,,,,,False,,exploratory_unvalidated,False,"[""stage6_qwen_behavioural_full_rerun""]",human_validation_pending,not_measured,not_measured,not_measured,not_measured,not_measured,not_measured,not_measured,human_validation_pending,not_applicable,not_applicable,not_applicable,not_applicable,not_applicable
qwen2p5_7b_instruct,primary_dense,unresolved,CM_B_UM_027,CM_B_UM_027,mechanics,nongoverning_distractor,physmon_canonical_155_v1,discovery,3f89c93941f5a47d6c013a1e1e020ea082127f6df858e58034b9f54a9ca95bb2,0f97d5d6be069bf6dd6b12db4eab0a7acacf7ae2d5aae041775a310baa496101,certified,pending_stage13,not_started,4,4,4,1.0,,,,0.71875,1,0.0,,,,,,,,,,,,,,,,,,,False,,exploratory_unvalidated,False,"[""stage6_qwen_behavioural_full_rerun""]",human_validation_pending,not_measured,not_measured,not_measured,not_measured,not_measured,not_measured,not_measured,human_validation_pending,not_applicable,not_applicable,not_applicable,not_applicable,not_applicable
qwen2p5_7b_instruct,primary_dense,unresolved,CM_B_UM_028,CM_B_UM_028,mechanics,nongoverning_distractor,physmon_canonical_155_v1,discovery,3f89c93941f5a47d6c013a1e1e020ea082127f6df858e58034b9f54a9ca95bb2,f2e5f3cbe15fb69656e803ba0579d6e4c63ed6d8002d4f6990ba3f2b4eedd1d0,certified,pending_stage13,not_started,4,4,4,1.0,,,,0.0,0,0.0,,,,,,,,,,,,,,,,,,,False,,exploratory_unvalidated,False,"[""stage6_qwen_behavioural_full_rerun""]",human_validation_pending,not_measured,not_measured,not_measured,not_measured,not_measured,not_measured,not_measured,human_validation_pending,not_applicable,not_applicable,not_applicable,not_applicable,not_applicable
qwen2p5_7b_instruct,primary_dense,unresolved,CM_B_UM_029,CM_B_UM_029,mechanics,nongoverning_distractor,physmon_canonical_155_v1,discovery,3f89c93941f5a47d6c013a1e1e020ea082127f6df858e58034b9f54a9ca95bb2,a280a5f2c520c3cd686d9ff263d63765f14187e4b3c7b7cd50a430c649a63cc2,certified,pending_stage13,not_started,4,4,4,1.0,,,,0.0,0,0.0,,,,,,,,,,,,,,,,,,,False,,exploratory_unvalidated,False,"[""stage6_qwen_behavioural_full_rerun""]",human_validation_pending,not_measured,not_measured,not_measured,not_measured,not_measured,not_measured,not_measured,human_validation_pending,not_applicable,not_applicable,not_applicable,not_applicable,not_applicable
qwen2p5_7b_instruct,primary_dense,unresolved,CM_B_UM_030,CM_B_UM_030,mechanics,nongoverning_distractor,physmon_canonical_155_v1,discovery,3f89c93941f5a47d6c013a1e1e020ea082127f6df858e58034b9f54a9ca95bb2,81286b73ae77ce3e3256b5b7eb783f9c16f4949f018780f685dfa719ff5703c4,certified,pending_stage13,not_started,4,4,4,1.0,,,,0.3125,0,0.0,,,,,,,,,,,,,,,,,,,False,,exploratory_unvalidated,False,"[""stage6_qwen_behavioural_full_rerun""]",human_validation_pending,not_measured,not_measured,not_measured,not_measured,not_measured,not_measured,not_measured,human_validation_pending,not_applicable,not_applicable,not_applicable,not_applicable,not_applicable
qwen2p5_7b_instruct,primary_dense,unresolved,CM_B_UM_031,CM_B_UM_031,mechanics,nongoverning_distractor,physmon_canonical_155_v1,discovery,3f89c93941f5a47d6c013a1e1e020ea082127f6df858e58034b9f54a9ca95bb2,70ff9a3262b2ee2ce238eec7f3379d8e210e95668f6ffcc7e9c2f6b03d7f18a7,certified,pending_stage13,not_started,4,4,4,1.0,,,,0.0,0,0.0,,,,,,,,,,,,,,,,,,,False,,exploratory_unvalidated,False,"[""stage6_qwen_behavioural_full_rerun""]",human_validation_pending,not_measured,not_measured,not_measured,not_measured,not_measured,not_measured,not_measured,human_validation_pending,not_applicable,not_applicable,not_applicable,not_applicable,not_applicable
qwen2p5_7b_instruct,primary_dense,unresolved,CM_B_UM_032,CM_B_UM_032,mechanics,nongoverning_distractor,physmon_canonical_155_v1,discovery,3f89c93941f5a47d6c013a1e1e020ea082127f6df858e58034b9f54a9ca95bb2,62a225b3a133ce80ae8415a6b8fe6d29db62b05ae8214c3c4de96cbfb4cbb7d7,certified,pending_stage13,not_started,4,4,4,1.0,,,,5.5625,1,1.0,,,,,,,,,,,,,,,,,,,False,,exploratory_unvalidated,False,"[""stage6_qwen_behavioural_full_rerun""]",human_validation_pending,not_measured,not_measured,not_measured,not_measured,not_measured,not_measured,not_measured,human_validation_pending,not_applicable,not_applicable,not_applicable,not_applicable,not_applicable
qwen2p5_7b_instruct,primary_dense,unresolved,CM_B_UM_033,CM_B_UM_033,mechanics,nongoverning_distractor,physmon_canonical_155_v1,discovery,3f89c93941f5a47d6c013a1e1e020ea082127f6df858e58034b9f54a9ca95bb2,de2d9e84f63438bbf00f28ce86d7af1c85f58f93f106e9acd4ca79c9d162cdec,certified,pending_stage13,not_started,4,4,4,1.0,,,,4.53125,1,0.5,,,,,,,,,,,,,,,,,,,False,,exploratory_unvalidated,False,"[""stage6_qwen_behavioural_full_rerun""]",human_validation_pending,not_measured,not_measured,not_measured,not_measured,not_measured,not_measured,not_measured,human_validation_pending,not_applicable,not_applicable,not_applicable,not_applicable,not_applicable
qwen2p5_7b_instruct,primary_dense,unresolved,CM_B_UM_034,CM_B_UM_034,mechanics,nongoverning_distractor,physmon_canonical_155_v1,discovery,3f89c93941f5a47d6c013a1e1e020ea082127f6df858e58034b9f54a9ca95bb2,c90ac22c79f91d9bbf43587353370d16042f28eb796da015cbf09144ef1a61ff,certified,pending_stage13,not_started,4,4,4,1.0,,,,2.15625,1,0.5,,,,,,,,,,,,,,,,,,,False,,exploratory_unvalidated,False,"[""stage6_qwen_behavioural_full_rerun""]",human_validation_pending,not_measured,not_measured,not_measured,not_measured,not_measured,not_measured,not_measured,human_validation_pending,not_applicable,not_applicable,not_applicable,not_applicable,not_applicable
qwen2p5_7b_instruct,primary_dense,unresolved,CM_B_UM_035,CM_B_UM_035,mechanics,nongoverning_distractor,physmon_canonical_155_v1,discovery,3f89c93941f5a47d6c013a1e1e020ea082127f6df858e58034b9f54a9ca95bb2,52cb8c48afc4adff582d570c0d0337a9f14da65529570bccac9a5517643b8381,certified,pending_stage13,not_started,4,4,4,1.0,,,,0.0,0,0.6666666666666666,,,,,,,,,,,,,,,,,,,False,,exploratory_unvalidated,False,"[""stage6_qwen_behavioural_full_rerun""]",human_validation_pending,not_measured,not_measured,not_measured,not_measured,not_measured,not_measured,not_measured,human_validation_pending,not_applicable,not_applicable,not_applicable,not_applicable,not_applicable
qwen2p5_7b_instruct,primary_dense,unresolved,CM_B_UM_036,CM_B_UM_036,mechanics,nongoverning_distractor,physmon_canonical_155_v1,discovery,3f89c93941f5a47d6c013a1e1e020ea082127f6df858e58034b9f54a9ca95bb2,3e6a48dc8e41f7f20a82a3ca7730f7ac29933e29267c6fd2c5c94e7a18040ac7,certified,pending_stage13,not_started,4,4,4,1.0,,,,0.0,0,0.5,,,,,,,,,,,,,,,,,,,False,,exploratory_unvalidated,False,"[""stage6_qwen_behavioural_full_rerun""]",human_validation_pending,not_measured,not_measured,not_measured,not_measured,not_measured,not_measured,not_measured,human_validation_pending,not_applicable,not_applicable,not_applicable,not_applicable,not_applicable
qwen2p5_7b_instruct,primary_dense,unresolved,CM_B_UM_037,CM_B_UM_037,electrostatics_circuits,nongoverning_distractor,physmon_canonical_155_v1,discovery,3f89c93941f5a47d6c013a1e1e020ea082127f6df858e58034b9f54a9ca95bb2,f27a236f4aedae20ac79128165575ebbd8d88ae4f9340a84e3bee2b8a155e5d3,certified,pending_stage13,not_started,4,4,4,1.0,,,,0.0,0,0.0,,,,,,,,,,,,,,,,,,,False,,exploratory_unvalidated,False,"[""stage6_qwen_behavioural_full_rerun""]",human_validation_pending,not_measured,not_measured,not_measured,not_measured,not_measured,not_measured,not_measured,human_validation_pending,not_applicable,not_applicable,not_applicable,not_applicable,not_applicable
qwen2p5_7b_instruct,primary_dense,unresolved,CM_B_UM_038,CM_B_UM_038,electrostatics_circuits,nongoverning_distractor,physmon_canonical_155_v1,discovery,3f89c93941f5a47d6c013a1e1e020ea082127f6df858e58034b9f54a9ca95bb2,136d8e384d8188052a3ed7ac97fd65f5edf3ee77789f244106f0be7aab9e8db0,certified,pending_stage13,not_started,4,4,4,1.0,,,,1.8125,1,0.5,,,,,,,,,,,,,,,,,,,False,,exploratory_unvalidated,False,"[""stage6_qwen_behavioural_full_rerun""]",human_validation_pending,not_measured,not_measured,not_measured,not_measured,not_measured,not_measured,not_measured,human_validation_pending,not_applicable,not_applicable,not_applicable,not_applicable,not_applicable
qwen2p5_7b_instruct,primary_dense,unresolved,CM_B_UM_039,CM_B_UM_039,electrostatics_circuits,nongoverning_distractor,physmon_canonical_155_v1,discovery,3f89c93941f5a47d6c013a1e1e020ea082127f6df858e58034b9f54a9ca95bb2,4b02da622e3b3b8a6bb68150887151c8ee66f1a544751ec8bc56ae29d437ced6,certified,pending_stage13,not_started,4,4,4,1.0,,,,0.375,0,0.5,,,,,,,,,,,,,,,,,,,False,,exploratory_unvalidated,False,"[""stage6_qwen_behavioural_full_rerun""]",human_validation_pending,not_measured,not_measured,not_measured,not_measured,not_measured,not_measured,not_measured,human_validation_pending,not_applicable,not_applicable,not_applicable,not_applicable,not_applicable
qwen2p5_7b_instruct,primary_dense,unresolved,CM_B_UM_040,CM_B_UM_040,electrostatics_circuits,nongoverning_distractor,physmon_canonical_155_v1,discovery,3f89c93941f5a47d6c013a1e1e020ea082127f6df858e58034b9f54a9ca95bb2,f9d7c48278d4defc92dcd8f4e87a1d2212e1cef27f6af5e253640e2651fd7ee7,certified,pending_stage13,not_started,4,4,4,1.0,,,,0.75,1,0.0,,,,,,,,,,,,,,,,,,,False,,exploratory_unvalidated,False,"[""stage6_qwen_behavioural_full_rerun""]",human_validation_pending,not_measured,not_measured,not_measured,not_measured,not_measured,not_measured,not_measured,human_validation_pending,not_applicable,not_applicable,not_applicable,not_applicable,not_applicable
qwen2p5_7b_instruct,primary_dense,unresolved,CM_B_UM_041,CM_B_UM_041,mechanics,nongoverning_distractor,physmon_canonical_155_v1,discovery,3f89c93941f5a47d6c013a1e1e020ea082127f6df858e58034b9f54a9ca95bb2,f72185f67ee05c0847f93b3049f98358c81788856c715f9ac1fe9a8a5bc1f752,certified,pending_stage13,not_started,4,4,4,1.0,,,,0.203125,0,0.0,,,,,,,,,,,,,,,,,,,False,,exploratory_unvalidated,False,"[""stage6_qwen_behavioural_full_rerun""]",human_validation_pending,not_measured,not_measured,not_measured,not_measured,not_measured,not_measured,not_measured,human_validation_pending,not_applicable,not_applicable,not_applicable,not_applicable,not_applicable
qwen2p5_7b_instruct,primary_dense,unresolved,CM_B_UM_042,CM_B_UM_042,mechanics,nongoverning_distractor,physmon_canonical_155_v1,discovery,3f89c93941f5a47d6c013a1e1e020ea082127f6df858e58034b9f54a9ca95bb2,b57f24782303c9ce39f680759a4d0a3dd535d00eebdbaae1273d9b0fc3d2ae8e,certified,pending_stage13,not_started,4,4,4,1.0,,,,0.0,0,0.0,,,,,,,,,,,,,,,,,,,False,,exploratory_unvalidated,False,"[""stage6_qwen_behavioural_full_rerun""]",human_validation_pending,not_measured,not_measured,not_measured,not_measured,not_measured,not_measured,not_measured,human_validation_pending,not_applicable,not_applicable,not_applicable,not_applicable,not_applicable
qwen2p5_7b_instruct,primary_dense,unresolved,CM_B_UM_043,CM_B_UM_043,mechanics,nongoverning_distractor,physmon_canonical_155_v1,discovery,3f89c93941f5a47d6c013a1e1e020ea082127f6df858e58034b9f54a9ca95bb2,6491919c4cd60a27d374918fd01abe0d91e0447cf7e004d2d07db0b68d7db34f,certified,pending_stage13,not_started,4,4,4,1.0,,,,1.71875,1,0.8333333333333334,,,,,,,,,,,,,,,,,,,False,,exploratory_unvalidated,False,"[""stage6_qwen_behavioural_full_rerun""]",human_validation_pending,not_measured,not_measured,not_measured,not_measured,not_measured,not_measured,not_measured,human_validation_pending,not_applicable,not_applicable,not_applicable,not_applicable,not_applicable
qwen2p5_7b_instruct,primary_dense,unresolved,CM_B_UM_044,CM_B_UM_044,mechanics,nongoverning_distractor,physmon_canonical_155_v1,discovery,3f89c93941f5a47d6c013a1e1e020ea082127f6df858e58034b9f54a9ca95bb2,b8d8011e43268929a0041624a6e4ab023d256e02698ab560280d6b56768f4ded,certified,pending_stage13,not_started,4,4,4,1.0,,,,0.140625,0,0.0,,,,,,,,,,,,,,,,,,,False,,exploratory_unvalidated,False,"[""stage6_qwen_behavioural_full_rerun""]",human_validation_pending,not_measured,not_measured,not_measured,not_measured,not_measured,not_measured,not_measured,human_validation_pending,not_applicable,not_applicable,not_applicable,not_applicable,not_applicable
qwen2p5_7b_instruct,primary_dense,unresolved,CM_B_UM_045,CM_B_UM_045,mechanics,nongoverning_distractor,physmon_canonical_155_v1,discovery,3f89c93941f5a47d6c013a1e1e020ea082127f6df858e58034b9f54a9ca95bb2,5b5f8b801bc85e3cc57b658c93f2594587c44ec0520effeb84371a48f622bd7c,certified,pending_stage13,not_started,4,4,4,1.0,,,,1.65625,1,0.0,,,,,,,,,,,,,,,,,,,False,,exploratory_unvalidated,False,"[""stage6_qwen_behavioural_full_rerun""]",human_validation_pending,not_measured,not_measured,not_measured,not_measured,not_measured,not_measured,not_measured,human_validation_pending,not_applicable,not_applicable,not_applicable,not_applicable,not_applicable
qwen2p5_7b_instruct,primary_dense,unresolved,CM_B_UM_046,CM_B_UM_046,mechanics,nongoverning_distractor,physmon_canonical_155_v1,discovery,3f89c93941f5a47d6c013a1e1e020ea082127f6df858e58034b9f54a9ca95bb2,4bdc12e4cadc7963e7aff859882f673898366b2d7f02e08524832d9a32115fb0,certified,pending_stage13,not_started,4,4,4,1.0,,,,0.390625,0,0.0,,,,,,,,,,,,,,,,,,,False,,exploratory_unvalidated,False,"[""stage6_qwen_behavioural_full_rerun""]",human_validation_pending,not_measured,not_measured,not_measured,not_measured,not_measured,not_measured,not_measured,human_validation_pending,not_applicable,not_applicable,not_applicable,not_applicable,not_applicable
qwen2p5_7b_instruct,primary_dense,unresolved,CM_B_UM_047,CM_B_UM_047,mechanics,nongoverning_distractor,physmon_canonical_155_v1,discovery,3f89c93941f5a47d6c013a1e1e020ea082127f6df858e58034b9f54a9ca95bb2,367b5afa6d60ac5592248d23f64263459cd7168faa978500da24a14106abf458,certified,pending_stage13,not_started,4,4,4,1.0,,,,2.0,1,0.5,,,,,,,,,,,,,,,,,,,False,,exploratory_unvalidated,False,"[""stage6_qwen_behavioural_full_rerun""]",human_validation_pending,not_measured,not_measured,not_measured,not_measured,not_measured,not_measured,not_measured,human_validation_pending,not_applicable,not_applicable,not_applicable,not_applicable,not_applicable
qwen2p5_7b_instruct,primary_dense,unresolved,CM_B_UM_048,CM_B_UM_048,mechanics,nongoverning_distractor,physmon_canonical_155_v1,discovery,3f89c93941f5a47d6c013a1e1e020ea082127f6df858e58034b9f54a9ca95bb2,5f8923020616928be29e0c7f860e5f073cfc84179e0a03180cca585074fb5aa4,certified,pending_stage13,not_started,4,4,4,1.0,,,,0.0,0,0.0,,,,,,,,,,,,,,,,,,,False,,exploratory_unvalidated,False,"[""stage6_qwen_behavioural_full_rerun""]",human_validation_pending,not_measured,not_measured,not_measured,not_measured,not_measured,not_measured,not_measured,human_validation_pending,not_applicable,not_applicable,not_applicable,not_applicable,not_applicable
qwen2p5_7b_instruct,primary_dense,unresolved,CM_B_UM_049,CM_B_UM_049,mechanics,nongoverning_distractor,physmon_canonical_155_v1,discovery,3f89c93941f5a47d6c013a1e1e020ea082127f6df858e58034b9f54a9ca95bb2,2f422974d286da5e0731fd153cecd8ab73c538c9627c66edacf22f524898c115,certified,pending_stage13,not_started,4,4,4,1.0,,,,1.90625,1,0.0,,,,,,,,,,,,,,,,,,,False,,exploratory_unvalidated,False,"[""stage6_qwen_behavioural_full_rerun""]",human_validation_pending,not_measured,not_measured,not_measured,not_measured,not_measured,not_measured,not_measured,human_validation_pending,not_applicable,not_applicable,not_applicable,not_applicable,not_applicable
qwen2p5_7b_instruct,primary_dense,unresolved,CM_B_UM_050,CM_B_UM_050,mechanics,nongoverning_distractor,physmon_canonical_155_v1,discovery,3f89c93941f5a47d6c013a1e1e020ea082127f6df858e58034b9f54a9ca95bb2,912b1c0e4a1938bd676ef2b85cfc4d20eca064017f37421838ef1c342125cf08,certified,pending_stage13,not_started,4,4,4,1.0,,,,2.09375,1,1.0,,,,,,,,,,,,,,,,,,,False,,exploratory_unvalidated,False,"[""stage6_qwen_behavioural_full_rerun""]",human_validation_pending,not_measured,not_measured,not_measured,not_measured,not_measured,not_measured,not_measured,human_validation_pending,not_applicable,not_applicable,not_applicable,not_applicable,not_applicable
qwen2p5_7b_instruct,primary_dense,unresolved,CM_B_UM_051,CM_B_UM_051,mechanics,nongoverning_distractor,physmon_canonical_155_v1,discovery,3f89c93941f5a47d6c013a1e1e020ea082127f6df858e58034b9f54a9ca95bb2,341ba805ab25bfeb934e42f686a16e47d4e5b9fb86b7e1f764e95ce70f743a42,certified,pending_stage13,not_started,4,4,2,0.5,,,,0.0,0,1.0,,,,,,,,,,,,,,,,,,,False,,exploratory_unvalidated,False,"[""stage6_qwen_behavioural_full_rerun""]",human_validation_pending,not_measured,not_measured,not_measured,not_measured,not_measured,not_measured,not_measured,human_validation_pending,not_applicable,not_applicable,not_applicable,not_applicable,not_applicable
qwen2p5_7b_instruct,primary_dense,unresolved,CM_B_UM_052,CM_B_UM_052,mechanics,nongoverning_distractor,physmon_canonical_155_v1,discovery,3f89c93941f5a47d6c013a1e1e020ea082127f6df858e58034b9f54a9ca95bb2,30ce6ac461a0d8e8bb78b683ec780875c606f48a2321a09101924f294f44d001,certified,pending_stage13,not_started,4,4,3,0.75,,,,4.921875,1,0.6666666666666666,,,,,,,,,,,,,,,,,,,False,,exploratory_unvalidated,False,"[""stage6_qwen_behavioural_full_rerun""]",human_validation_pending,not_measured,not_measured,not_measured,not_measured,not_measured,not_measured,not_measured,human_validation_pending,not_applicable,not_applicable,not_applicable,not_applicable,not_applicable
qwen2p5_7b_instruct,primary_dense,unresolved,CM_B_UM_053,CM_B_UM_053,mechanics,nongoverning_distractor,physmon_canonical_155_v1,discovery,3f89c93941f5a47d6c013a1e1e020ea082127f6df858e58034b9f54a9ca95bb2,b7469b5b50fa2327ee0123aef6228dcbe2e12e48363b1568109fb35893c122a3,certified,pending_stage13,not_started,4,4,4,1.0,,,,0.0,0,0.8333333333333334,,,,,,,,,,,,,,,,,,,False,,exploratory_unvalidated,False,"[""stage6_qwen_behavioural_full_rerun""]",human_validation_pending,not_measured,not_measured,not_measured,not_measured,not_measured,not_measured,not_measured,human_validation_pending,not_applicable,not_applicable,not_applicable,not_applicable,not_applicable
qwen2p5_7b_instruct,primary_dense,unresolved,CM_B_UM_054,CM_B_UM_054,electrostatics_circuits,nongoverning_distractor,physmon_canonical_155_v1,discovery,3f89c93941f5a47d6c013a1e1e020ea082127f6df858e58034b9f54a9ca95bb2,18edb6a27ee3e1e55868c3feaccbcbbb5c3cbdc8f14addde0c909fbad0d0d53d,certified,pending_stage13,not_started,4,4,4,1.0,,,,0.875,1,0.8333333333333334,,,,,,,,,,,,,,,,,,,False,,exploratory_unvalidated,False,"[""stage6_qwen_behavioural_full_rerun""]",human_validation_pending,not_measured,not_measured,not_measured,not_measured,not_measured,not_measured,not_measured,human_validation_pending,not_applicable,not_applicable,not_applicable,not_applicable,not_applicable
qwen2p5_7b_instruct,primary_dense,unresolved,CM_B_UM_055,CM_B_UM_055,mechanics,nongoverning_distractor,physmon_canonical_155_v1,discovery,3f89c93941f5a47d6c013a1e1e020ea082127f6df858e58034b9f54a9ca95bb2,a96eea15cd134ee0b36c00cd7cf35a099cd87c510133f5d727876fed6c4e97b9,certified,pending_stage13,not_started,4,4,4,1.0,,,,5.171875,1,0.8333333333333334,,,,,,,,,,,,,,,,,,,False,,exploratory_unvalidated,False,"[""stage6_qwen_behavioural_full_rerun""]",human_validation_pending,not_measured,not_measured,not_measured,not_measured,not_measured,not_measured,not_measured,human_validation_pending,not_applicable,not_applicable,not_applicable,not_applicable,not_applicable
qwen2p5_7b_instruct,primary_dense,unresolved,CM_B_UM_056,CM_B_UM_056,mechanics,nongoverning_distractor,physmon_canonical_155_v1,discovery,3f89c93941f5a47d6c013a1e1e020ea082127f6df858e58034b9f54a9ca95bb2,5fa55512c0bba1402b988fd498195bb0ec87cb9a27729b5e0d3d00553d39d664,certified,pending_stage13,not_started,4,4,4,1.0,,,,0.6640625,1,0.5,,,,,,,,,,,,,,,,,,,False,,exploratory_unvalidated,False,"[""stage6_qwen_behavioural_full_rerun""]",human_validation_pending,not_measured,not_measured,not_measured,not_measured,not_measured,not_measured,not_measured,human_validation_pending,not_applicable,not_applicable,not_applicable,not_applicable,not_applicable
qwen2p5_7b_instruct,primary_dense,unresolved,CM_B_UM_057,CM_B_UM_057,mechanics,nongoverning_distractor,physmon_canonical_155_v1,discovery,3f89c93941f5a47d6c013a1e1e020ea082127f6df858e58034b9f54a9ca95bb2,55b9fde08ddab538a583ecfecced7fd4844b3956280e95bc885f30585e67e180,certified,pending_stage13,not_started,4,4,4,1.0,,,,0.0,0,0.0,,,,,,,,,,,,,,,,,,,False,,exploratory_unvalidated,False,"[""stage6_qwen_behavioural_full_rerun""]",human_validation_pending,not_measured,not_measured,not_measured,not_measured,not_measured,not_measured,not_measured,human_validation_pending,not_applicable,not_applicable,not_applicable,not_applicable,not_applicable
qwen2p5_7b_instruct,primary_dense,unresolved,CM_B_UM_058,CM_B_UM_058,mechanics,nongoverning_distractor,physmon_canonical_155_v1,discovery,3f89c93941f5a47d6c013a1e1e020ea082127f6df858e58034b9f54a9ca95bb2,02dce9fbd74334826ad799f6843f49b5e1e5967f1d632132f43738080a42f042,certified,pending_stage13,not_started,4,4,4,1.0,,,,0.53125,1,0.0,,,,,,,,,,,,,,,,,,,False,,exploratory_unvalidated,False,"[""stage6_qwen_behavioural_full_rerun""]",human_validation_pending,not_measured,not_measured,not_measured,not_measured,not_measured,not_measured,not_measured,human_validation_pending,not_applicable,not_applicable,not_applicable,not_applicable,not_applicable
qwen2p5_7b_instruct,primary_dense,unresolved,CM_B_UM_059,CM_B_UM_059,mechanics,nongoverning_distractor,physmon_canonical_155_v1,discovery,3f89c93941f5a47d6c013a1e1e020ea082127f6df858e58034b9f54a9ca95bb2,b3b3bc3f6f44f8ec9cd360fc6a5a51e1f0756f54a0ceb2f557ca720df93e235f,certified,pending_stage13,not_started,4,4,4,1.0,,,,10.03125,1,0.8333333333333334,,,,,,,,,,,,,,,,,,,False,,exploratory_unvalidated,False,"[""stage6_qwen_behavioural_full_rerun""]",human_validation_pending,not_measured,not_measured,not_measured,not_measured,not_measured,not_measured,not_measured,human_validation_pending,not_applicable,not_applicable,not_applicable,not_applicable,not_applicable
qwen2p5_7b_instruct,primary_dense,unresolved,CM_B_UM_060,CM_B_UM_060,mechanics,nongoverning_distractor,physmon_canonical_155_v1,discovery,3f89c93941f5a47d6c013a1e1e020ea082127f6df858e58034b9f54a9ca95bb2,4f778e9408c221d52317775d18bc6428a5159280a500eb4c216bf3d5396f931a,certified,pending_stage13,not_started,4,4,4,1.0,,,,0.46875,0,0.0,,,,,,,,,,,,,,,,,,,False,,exploratory_unvalidated,False,"[""stage6_qwen_behavioural_full_rerun""]",human_validation_pending,not_measured,not_measured,not_measured,not_measured,not_measured,not_measured,not_measured,human_validation_pending,not_applicable,not_applicable,not_applicable,not_applicable,not_applicable
qwen2p5_7b_instruct,primary_dense,unresolved,CM_B_UM_061,CM_B_UM_061,mechanics,nongoverning_distractor,physmon_canonical_155_v1,discovery,3f89c93941f5a47d6c013a1e1e020ea082127f6df858e58034b9f54a9ca95bb2,7625be4d458a5cb717f5ab3bd11a394c3a676f36196716b6eb806a238dd6085c,certified,pending_stage13,not_started,4,4,4,1.0,,,0.0,3.875,1,0.0,,,,,,,,,,,,,,,,,,,False,,exploratory_unvalidated,False,"[""stage11_expansion_behavioural_qwen""]",human_validation_pending,not_measured,not_measured,not_measured,not_measured,not_measured,not_measured,not_measured,human_validation_pending,not_applicable,not_applicable,not_applicable,not_applicable,not_applicable
qwen2p5_7b_instruct,primary_dense,unresolved,CM_B_UM_062,CM_B_UM_062,mechanics,nongoverning_distractor,physmon_canonical_155_v1,discovery,3f89c93941f5a47d6c013a1e1e020ea082127f6df858e58034b9f54a9ca95bb2,021026ce945e4cda685ca45bd31df0f8803df1b2c2233687bcda19e432aa4e01,certified,pending_stage13,not_started,4,4,4,1.0,,,1.0,0.078125,0,0.0,,,,,,,,,,,,,,,,,,,False,,exploratory_unvalidated,False,"[""stage11_expansion_behavioural_qwen""]",human_validation_pending,not_measured,not_measured,not_measured,not_measured,not_measured,not_measured,not_measured,human_validation_pending,not_applicable,not_applicable,not_applicable,not_applicable,not_applicable
qwen2p5_7b_instruct,primary_dense,unresolved,CM_B_UM_063,CM_B_UM_063,mechanics,nongoverning_distractor,physmon_canonical_155_v1,discovery,3f89c93941f5a47d6c013a1e1e020ea082127f6df858e58034b9f54a9ca95bb2,9e1ff4dc6c2412ada04f5a2e06456b4ce8141a2d311fb3f518b7777bb16bcd20,certified,pending_stage13,not_started,4,4,4,1.0,,,1.0,-0.34375,0,0.0,,,,,,,,,,,,,,,,,,,False,,exploratory_unvalidated,False,"[""stage11_expansion_behavioural_qwen""]",human_validation_pending,not_measured,not_measured,not_measured,not_measured,not_measured,not_measured,not_measured,human_validation_pending,not_applicable,not_applicable,not_applicable,not_applicable,not_applicable
qwen2p5_7b_instruct,primary_dense,unresolved,CM_C_001,CM_C_001,mechanics,frame_rendering,physmon_canonical_155_v1,discovery,3f89c93941f5a47d6c013a1e1e020ea082127f6df858e58034b9f54a9ca95bb2,f97cd95df66bfb800d0d412ff0261a6b3c1b47f23fe765cd98e7e9aad8d6e5b9,certified,pending_stage13,not_started,4,4,4,1.0,,,,4.40625,1,0.0,,,,,,,,,,,,,,,,,,,False,,exploratory_unvalidated,False,"[""stage6_qwen_behavioural_full_rerun""]",human_validation_pending,not_measured,not_measured,not_measured,not_measured,not_measured,not_measured,not_measured,human_validation_pending,not_applicable,not_applicable,not_applicable,not_applicable,not_applicable
qwen2p5_7b_instruct,primary_dense,unresolved,CM_C_002,CM_C_002,mechanics,frame_rendering,physmon_canonical_155_v1,discovery,3f89c93941f5a47d6c013a1e1e020ea082127f6df858e58034b9f54a9ca95bb2,bcbed4c25008008cc4168c2c957958a0cdffd87d49683087a1add7c0b1438819,certified,pending_stage13,not_started,4,4,3,0.75,,,,6.78125,1,0.6666666666666666,,,,,,,,,,,,,,,,,,,False,,exploratory_unvalidated,False,"[""stage6_qwen_behavioural_full_rerun""]",human_validation_pending,not_measured,not_measured,not_measured,not_measured,not_measured,not_measured,not_measured,human_validation_pending,not_applicable,not_applicable,not_applicable,not_applicable,not_applicable
qwen2p5_7b_instruct,primary_dense,unresolved,CM_C_003,CM_C_003,mechanics,frame_rendering,physmon_canonical_155_v1,discovery,3f89c93941f5a47d6c013a1e1e020ea082127f6df858e58034b9f54a9ca95bb2,daec94fa418d0228b0b080fa6b14617e3712f0d673a7635a690cf397f3324bf3,certified,pending_stage13,not_started,4,4,4,1.0,,,,6.546875,1,0.0,,,,,,,,,,,,,,,,,,,False,,exploratory_unvalidated,False,"[""stage6_qwen_behavioural_full_rerun""]",human_validation_pending,not_measured,not_measured,not_measured,not_measured,not_measured,not_measured,not_measured,human_validation_pending,not_applicable,not_applicable,not_applicable,not_applicable,not_applicable
qwen2p5_7b_instruct,primary_dense,unresolved,CM_C_004,CM_C_004,electrostatics_circuits,frame_rendering,physmon_canonical_155_v1,discovery,3f89c93941f5a47d6c013a1e1e020ea082127f6df858e58034b9f54a9ca95bb2,572f9a83c6466b252d4641862745ec311123b391ffd892c4aa1f316ec4c9e03e,certified,pending_stage13,not_started,4,4,3,0.75,,,,13.546875,1,0.0,,,,,,,,,,,,,,,,,,,False,,exploratory_unvalidated,False,"[""stage6_qwen_behavioural_full_rerun""]",human_validation_pending,not_measured,not_measured,not_measured,not_measured,not_measured,not_measured,not_measured,human_validation_pending,not_applicable,not_applicable,not_applicable,not_applicable,not_applicable
qwen2p5_7b_instruct,primary_dense,unresolved,CM_C_005,CM_C_005,mechanics,frame_rendering,physmon_canonical_155_v1,discovery,3f89c93941f5a47d6c013a1e1e020ea082127f6df858e58034b9f54a9ca95bb2,d4848da4ec78186b46a5fc72a0732b91304da8cd0f8ba600b0b36e57b2369902,certified,pending_stage13,not_started,4,4,4,1.0,,,,13.828125,1,0.0,,,,,,,,,,,,,,,,,,,False,,exploratory_unvalidated,False,"[""stage6_qwen_behavioural_full_rerun""]",human_validation_pending,not_measured,not_measured,not_measured,not_measured,not_measured,not_measured,not_measured,human_validation_pending,not_applicable,not_applicable,not_applicable,not_applicable,not_applicable
qwen2p5_7b_instruct,primary_dense,unresolved,CM_C_006,CM_C_006,electrostatics_circuits,frame_rendering,physmon_canonical_155_v1,discovery,3f89c93941f5a47d6c013a1e1e020ea082127f6df858e58034b9f54a9ca95bb2,41ba7ab75a8b47270b97cc3f6900a29185affcb248f4705ca3c4e47863f0e439,certified,pending_stage13,not_started,4,4,3,0.75,,,0.0,10.484375,1,0.0,,,,,,,,,,,,,,,,,,,False,,exploratory_unvalidated,False,"[""stage11_expansion_behavioural_qwen""]",human_validation_pending,not_measured,not_measured,not_measured,not_measured,not_measured,not_measured,not_measured,human_validation_pending,not_applicable,not_applicable,not_applicable,not_applicable,not_applicable
qwen2p5_7b_instruct,primary_dense,unresolved,CM_C_007,CM_C_007,thermodynamics,frame_rendering,physmon_canonical_155_v1,discovery,3f89c93941f5a47d6c013a1e1e020ea082127f6df858e58034b9f54a9ca95bb2,c30f95ed1efd3c08badce6c76c12589b4d743b6294fdbf584f8298a51d0e5d6c,certified,pending_stage13,not_started,4,4,4,1.0,,,0.0,7.125,1,0.0,,,,,,,,,,,,,,,,,,,False,,exploratory_unvalidated,False,"[""stage11_expansion_behavioural_qwen""]",human_validation_pending,not_measured,not_measured,not_measured,not_measured,not_measured,not_measured,not_measured,human_validation_pending,not_applicable,not_applicable,not_applicable,not_applicable,not_applicable
qwen2p5_7b_instruct,primary_dense,unresolved,CM_C_008,CM_C_008,electrostatics_circuits,frame_rendering,physmon_canonical_155_v1,discovery,3f89c93941f5a47d6c013a1e1e020ea082127f6df858e58034b9f54a9ca95bb2,dca59fdb97feaab717ee80ffa420a3e8e28ccad757948f955ad992d2ba2e4a57,certified,pending_stage13,not_started,4,4,3,0.75,,,0.75,11.203125,1,1.0,,,,,,,,,,,,,,,,,,,False,,exploratory_unvalidated,False,"[""stage11_expansion_behavioural_qwen""]",human_validation_pending,not_measured,not_measured,not_measured,not_measured,not_measured,not_measured,not_measured,human_validation_pending,not_applicable,not_applicable,not_applicable,not_applicable,not_applicable
qwen2p5_7b_instruct,primary_dense,unresolved,CM_C_009,CM_C_009,electrostatics_circuits,frame_rendering,physmon_canonical_155_v1,discovery,3f89c93941f5a47d6c013a1e1e020ea082127f6df858e58034b9f54a9ca95bb2,a2e535f3d8b519ce39ddae9d9010978c6676133c79ff01951b3f3076cfc379ad,certified,pending_stage13,not_started,4,4,4,1.0,,,0.0,-0.90625,0,0.0,,,,,,,,,,,,,,,,,,,False,,exploratory_unvalidated,False,"[""stage11_expansion_behavioural_qwen""]",human_validation_pending,not_measured,not_measured,not_measured,not_measured,not_measured,not_measured,not_measured,human_validation_pending,not_applicable,not_applicable,not_applicable,not_applicable,not_applicable
qwen2p5_7b_instruct,primary_dense,unresolved,CM_C_010,CM_C_010,electrostatics_circuits,frame_rendering,physmon_canonical_155_v1,discovery,3f89c93941f5a47d6c013a1e1e020ea082127f6df858e58034b9f54a9ca95bb2,63637669777a9c9971c3f9b6e0c66ca65bfffbcdc57a278ff37335828402e5ad,certified,pending_stage13,not_started,4,4,3,0.75,,,0.5,14.71875,1,1.0,,,,,,,,,,,,,,,,,,,False,,exploratory_unvalidated,False,"[""stage11_expansion_behavioural_qwen""]",human_validation_pending,not_measured,not_measured,not_measured,not_measured,not_measured,not_measured,not_measured,human_validation_pending,not_applicable,not_applicable,not_applicable,not_applicable,not_applicable
qwen2p5_7b_instruct,primary_dense,unresolved,CM_C_011,CM_C_011,electrostatics_circuits,frame_rendering,physmon_canonical_155_v1,discovery,3f89c93941f5a47d6c013a1e1e020ea082127f6df858e58034b9f54a9ca95bb2,c8e7feea00a0cd896a6a57eb273a8b033d2a0cca1caaffe99c3c6883adfa9793,certified,pending_stage13,not_started,4,4,1,0.25,,,0.0,30.5625,1,0.0,,,,,,,,,,,,,,,,,,,False,,exploratory_unvalidated,False,"[""stage11_expansion_behavioural_qwen""]",human_validation_pending,not_measured,not_measured,not_measured,not_measured,not_measured,not_measured,not_measured,human_validation_pending,not_applicable,not_applicable,not_applicable,not_applicable,not_applicable
qwen2p5_7b_instruct,primary_dense,unresolved,CM_C_012,CM_C_012,mechanics,frame_rendering,physmon_canonical_155_v1,discovery,3f89c93941f5a47d6c013a1e1e020ea082127f6df858e58034b9f54a9ca95bb2,f556611751db925e20ed01a2dfaa79c0553b8ffbdb939419771ba0bc72fc75b1,certified,pending_stage13,not_started,4,4,4,1.0,,,0.0,0.09375,0,0.0,,,,,,,,,,,,,,,,,,,False,,exploratory_unvalidated,False,"[""stage11_expansion_behavioural_qwen""]",human_validation_pending,not_measured,not_measured,not_measured,not_measured,not_measured,not_measured,not_measured,human_validation_pending,not_applicable,not_applicable,not_applicable,not_applicable,not_applicable
qwen2p5_7b_instruct,primary_dense,unresolved,CM_C_013,CM_C_013,mechanics,frame_rendering,physmon_canonical_155_v1,discovery,3f89c93941f5a47d6c013a1e1e020ea082127f6df858e58034b9f54a9ca95bb2,0b646d857fba84cf27b6e3a6785fdb78d94b207fb27742fccf62337569d27e92,certified,pending_stage13,not_started,4,4,4,1.0,,,0.75,14.59375,1,1.0,,,,,,,,,,,,,,,,,,,False,,exploratory_unvalidated,False,"[""stage11_expansion_behavioural_qwen""]",human_validation_pending,not_measured,not_measured,not_measured,not_measured,not_measured,not_measured,not_measured,human_validation_pending,not_applicable,not_applicable,not_applicable,not_applicable,not_applicable
qwen2p5_7b_instruct,primary_dense,unresolved,CM_C_014,CM_C_014,electrostatics_circuits,frame_rendering,physmon_canonical_155_v1,discovery,3f89c93941f5a47d6c013a1e1e020ea082127f6df858e58034b9f54a9ca95bb2,e9ed126e3c2d34a606aeb1df6f6ee019247c10e0ce65dcb12ad1ff4dd6a06f2e,certified,pending_stage13,not_started,4,4,4,1.0,,,0.75,8.78125,1,1.0,,,,,,,,,,,,,,,,,,,False,,exploratory_unvalidated,False,"[""stage11_expansion_behavioural_qwen""]",human_validation_pending,not_measured,not_measured,not_measured,not_measured,not_measured,not_measured,not_measured,human_validation_pending,not_applicable,not_applicable,not_applicable,not_applicable,not_applicable
qwen2p5_7b_instruct,primary_dense,unresolved,CM_C_015,CM_C_015,thermodynamics,frame_rendering,physmon_canonical_155_v1,discovery,3f89c93941f5a47d6c013a1e1e020ea082127f6df858e58034b9f54a9ca95bb2,95f8a34ccc3019c2a9c5e8eb7aa1571bca3052f1a95b636a9c51e6a49b4e8dff,certified,pending_stage13,not_started,4,4,4,1.0,,,0.75,24.46875,1,1.0,,,,,,,,,,,,,,,,,,,False,,exploratory_unvalidated,False,"[""stage11_expansion_behavioural_qwen""]",human_validation_pending,not_measured,not_measured,not_measured,not_measured,not_measured,not_measured,not_measured,human_validation_pending,not_applicable,not_applicable,not_applicable,not_applicable,not_applicable
qwen2p5_7b_instruct,primary_dense,unresolved,EL_A_001,EL_A_001,electrostatics_circuits,irrelevant_variable,physmon_canonical_155_v1,discovery,3f89c93941f5a47d6c013a1e1e020ea082127f6df858e58034b9f54a9ca95bb2,f99236a5dc66eed1dd7fc5c5c26283d685d723d0b42c8006393f7dbd548d6520,certified,pending_stage13,not_started,4,4,4,1.0,,,,0.0,0,0.0,,,,,,,,,,,,,,,,,,,False,,exploratory_unvalidated,False,"[""stage6_qwen_behavioural_full_rerun""]",human_validation_pending,not_measured,not_measured,not_measured,not_measured,not_measured,not_measured,not_measured,human_validation_pending,not_applicable,not_applicable,not_applicable,not_applicable,not_applicable
qwen2p5_7b_instruct,primary_dense,unresolved,EL_A_002,EL_A_002,electrostatics_circuits,irrelevant_variable,physmon_canonical_155_v1,discovery,3f89c93941f5a47d6c013a1e1e020ea082127f6df858e58034b9f54a9ca95bb2,7a05158193dbd20a411694ce952c8f4593a230c9dfb2fadd5e385aba2472a2c2,certified,pending_stage13,not_started,4,4,4,1.0,,,,0.0,0,0.0,,,,,,,,,,,,,,,,,,,False,,exploratory_unvalidated,False,"[""stage6_qwen_behavioural_full_rerun""]",human_validation_pending,not_measured,not_measured,not_measured,not_measured,not_measured,not_measured,not_measured,human_validation_pending,not_applicable,not_applicable,not_applicable,not_applicable,not_applicable
qwen2p5_7b_instruct,primary_dense,unresolved,EL_A_003,EL_A_003,electrostatics_circuits,irrelevant_variable,physmon_canonical_155_v1,discovery,3f89c93941f5a47d6c013a1e1e020ea082127f6df858e58034b9f54a9ca95bb2,360c55bb1b21f4b26234f1a0ee8c3d0a6520ba5eaf973c5568566f39aea3f552,certified,pending_stage13,not_started,4,4,4,1.0,,,,0.0,0,0.0,,,,,,,,,,,,,,,,,,,False,,exploratory_unvalidated,False,"[""stage6_qwen_behavioural_full_rerun""]",human_validation_pending,not_measured,not_measured,not_measured,not_measured,not_measured,not_measured,not_measured,human_validation_pending,not_applicable,not_applicable,not_applicable,not_applicable,not_applicable
qwen2p5_7b_instruct,primary_dense,unresolved,EL_A_004,EL_A_004,electrostatics_circuits,irrelevant_variable,physmon_canonical_155_v1,discovery,3f89c93941f5a47d6c013a1e1e020ea082127f6df858e58034b9f54a9ca95bb2,e57e00dfbf53baf0cfeb1654641bcffcf525c3036974fc85f3463f8f101d7602,certified,pending_stage13,not_started,4,4,4,1.0,,,,0.0,0,0.5,,,,,,,,,,,,,,,,,,,False,,exploratory_unvalidated,False,"[""stage6_qwen_behavioural_full_rerun""]",human_validation_pending,not_measured,not_measured,not_measured,not_measured,not_measured,not_measured,not_measured,human_validation_pending,not_applicable,not_applicable,not_applicable,not_applicable,not_applicable
qwen2p5_7b_instruct,primary_dense,unresolved,EL_A_005,EL_A_005,electrostatics_circuits,irrelevant_variable,physmon_canonical_155_v1,discovery,3f89c93941f5a47d6c013a1e1e020ea082127f6df858e58034b9f54a9ca95bb2,c4be551ec97fc3b8aaf1141f84739bbec8575893fa74934fd1a653c03586b7f5,certified,pending_stage13,not_started,4,4,4,1.0,,,,0.0625,0,0.0,,,,,,,,,,,,,,,,,,,False,,exploratory_unvalidated,False,"[""stage6_qwen_behavioural_full_rerun""]",human_validation_pending,not_measured,not_measured,not_measured,not_measured,not_measured,not_measured,not_measured,human_validation_pending,not_applicable,not_applicable,not_applicable,not_applicable,not_applicable
qwen2p5_7b_instruct,primary_dense,unresolved,EL_B_001,EL_B_001,electrostatics_circuits,nongoverning_distractor,physmon_canonical_155_v1,discovery,3f89c93941f5a47d6c013a1e1e020ea082127f6df858e58034b9f54a9ca95bb2,e52e39504f4ae6abc8e2ac1b65d2f1db3dc1e1e53a293958c8829c5cc85142f8,certified,pending_stage13,not_started,4,4,4,1.0,,,,1.890625,1,0.0,,,,,,,,,,,,,,,,,,,False,,exploratory_unvalidated,False,"[""stage6_qwen_behavioural_full_rerun""]",human_validation_pending,not_measured,not_measured,not_measured,not_measured,not_measured,not_measured,not_measured,human_validation_pending,not_applicable,not_applicable,not_applicable,not_applicable,not_applicable
qwen2p5_7b_instruct,primary_dense,unresolved,EL_B_002,EL_B_002,electrostatics_circuits,nongoverning_distractor,physmon_canonical_155_v1,discovery,3f89c93941f5a47d6c013a1e1e020ea082127f6df858e58034b9f54a9ca95bb2,ba32f3a7f1c1bd27a5d466184c63c9e18b85abf5fa52e8ddce77e7a873c84721,certified,pending_stage13,not_started,4,4,4,1.0,,,,2.8203125,1,0.0,,,,,,,,,,,,,,,,,,,False,,exploratory_unvalidated,False,"[""stage6_qwen_behavioural_full_rerun""]",human_validation_pending,not_measured,not_measured,not_measured,not_measured,not_measured,not_measured,not_measured,human_validation_pending,not_applicable,not_applicable,not_applicable,not_applicable,not_applicable
qwen2p5_7b_instruct,primary_dense,unresolved,EL_B_003,EL_B_003,electrostatics_circuits,nongoverning_distractor,physmon_canonical_155_v1,discovery,3f89c93941f5a47d6c013a1e1e020ea082127f6df858e58034b9f54a9ca95bb2,63c0daf256b7c84dc256937899f08186e533cc725a396195eccf6a00f045f8c6,certified,pending_stage13,not_started,4,4,4,1.0,,,,1.015625,1,0.6666666666666666,,,,,,,,,,,,,,,,,,,False,,exploratory_unvalidated,False,"[""stage6_qwen_behavioural_full_rerun""]",human_validation_pending,not_measured,not_measured,not_measured,not_measured,not_measured,not_measured,not_measured,human_validation_pending,not_applicable,not_applicable,not_applicable,not_applicable,not_applicable
qwen2p5_7b_instruct,primary_dense,unresolved,EL_B_004,EL_B_004,electrostatics_circuits,nongoverning_distractor,physmon_canonical_155_v1,discovery,3f89c93941f5a47d6c013a1e1e020ea082127f6df858e58034b9f54a9ca95bb2,29b06979cfd04378df59553ffdfd14ef6a58e7fdbdd5dc7966b0515a7d6c350f,certified,pending_stage13,not_started,4,4,4,1.0,,,,1.375,1,0.8333333333333334,,,,,,,,,,,,,,,,,,,False,,exploratory_unvalidated,False,"[""stage6_qwen_behavioural_full_rerun""]",human_validation_pending,not_measured,not_measured,not_measured,not_measured,not_measured,not_measured,not_measured,human_validation_pending,not_applicable,not_applicable,not_applicable,not_applicable,not_applicable
qwen2p5_7b_instruct,primary_dense,unresolved,EL_B_005,EL_B_005,electrostatics_circuits,nongoverning_distractor,physmon_canonical_155_v1,discovery,3f89c93941f5a47d6c013a1e1e020ea082127f6df858e58034b9f54a9ca95bb2,ecdb3f165c0ebcd128a34c00557a87b99a03c8b076789313153b3016d9a308ac,certified,pending_stage13,not_started,4,4,4,1.0,,,,0.0,0,0.0,,,,,,,,,,,,,,,,,,,False,,exploratory_unvalidated,False,"[""stage6_qwen_behavioural_full_rerun""]",human_validation_pending,not_measured,not_measured,not_measured,not_measured,not_measured,not_measured,not_measured,human_validation_pending,not_applicable,not_applicable,not_applicable,not_applicable,not_applicable
qwen2p5_7b_instruct,primary_dense,unresolved,TH_B_UM_001,TH_B_UM_001,thermodynamics,nongoverning_distractor,physmon_canonical_155_v1,discovery,3f89c93941f5a47d6c013a1e1e020ea082127f6df858e58034b9f54a9ca95bb2,2cc7fb858bae93aa75621e9f9292a18cce6d1fa24a6116aba23d42fdb484f2bd,certified,pending_stage13,not_started,4,4,4,1.0,,,,0.0,0,0.5,,,,,,,,,,,,,,,,,,,False,,exploratory_unvalidated,False,"[""stage6_qwen_behavioural_full_rerun""]",human_validation_pending,not_measured,not_measured,not_measured,not_measured,not_measured,not_measured,not_measured,human_validation_pending,not_applicable,not_applicable,not_applicable,not_applicable,not_applicable
qwen2p5_7b_instruct,primary_dense,unresolved,TH_B_UM_002,TH_B_UM_002,thermodynamics,nongoverning_distractor,physmon_canonical_155_v1,discovery,3f89c93941f5a47d6c013a1e1e020ea082127f6df858e58034b9f54a9ca95bb2,73923a865ae1b8c842f8bdc31d17a8de7ec176a76bfc2f7703f4768e69e6f2be,certified,pending_stage13,not_started,4,4,4,1.0,,,,0.140625,0,0.0,,,,,,,,,,,,,,,,,,,False,,exploratory_unvalidated,False,"[""stage6_qwen_behavioural_full_rerun""]",human_validation_pending,not_measured,not_measured,not_measured,not_measured,not_measured,not_measured,not_measured,human_validation_pending,not_applicable,not_applicable,not_applicable,not_applicable,not_applicable
qwen2p5_7b_instruct,primary_dense,unresolved,TH_B_UM_003,TH_B_UM_003,thermodynamics,nongoverning_distractor,physmon_canonical_155_v1,discovery,3f89c93941f5a47d6c013a1e1e020ea082127f6df858e58034b9f54a9ca95bb2,e6d5b833fdc73f6b4709930d0c85ff3b48a62c503a3c6e085410a6d8e441fbc1,certified,pending_stage13,not_started,4,4,4,1.0,,,,0.0,0,0.6666666666666666,,,,,,,,,,,,,,,,,,,False,,exploratory_unvalidated,False,"[""stage6_qwen_behavioural_full_rerun""]",human_validation_pending,not_measured,not_measured,not_measured,not_measured,not_measured,not_measured,not_measured,human_validation_pending,not_applicable,not_applicable,not_applicable,not_applicable,not_applicable
qwen2p5_7b_instruct,primary_dense,unresolved,TH_B_UM_004,TH_B_UM_004,thermodynamics,nongoverning_distractor,physmon_canonical_155_v1,discovery,3f89c93941f5a47d6c013a1e1e020ea082127f6df858e58034b9f54a9ca95bb2,ebb9a6b980f71eebab849bf5feaef148be82167dc61f058fd2abab0331147e93,certified,pending_stage13,not_started,4,4,4,1.0,,,,0.0,0,0.0,,,,,,,,,,,,,,,,,,,False,,exploratory_unvalidated,False,"[""stage6_qwen_behavioural_full_rerun""]",human_validation_pending,not_measured,not_measured,not_measured,not_measured,not_measured,not_measured,not_measured,human_validation_pending,not_applicable,not_applicable,not_applicable,not_applicable,not_applicable
qwen2p5_7b_instruct,primary_dense,unresolved,TH_B_UM_005,TH_B_UM_005,thermodynamics,nongoverning_distractor,physmon_canonical_155_v1,discovery,3f89c93941f5a47d6c013a1e1e020ea082127f6df858e58034b9f54a9ca95bb2,dec31d345757f207ce21bd87eeac6924698814a13451fffa1ba41e22511ba0f3,certified,pending_stage13,not_started,4,4,4,1.0,,,,0.0,0,0.0,,,,,,,,,,,,,,,,,,,False,,exploratory_unvalidated,False,"[""stage6_qwen_behavioural_full_rerun""]",human_validation_pending,not_measured,not_measured,not_measured,not_measured,not_measured,not_measured,not_measured,human_validation_pending,not_applicable,not_applicable,not_applicable,not_applicable,not_applicable
qwen2p5_7b_instruct,primary_dense,unresolved,TH_B_UM_006,TH_B_UM_006,thermodynamics,nongoverning_distractor,physmon_canonical_155_v1,discovery,3f89c93941f5a47d6c013a1e1e020ea082127f6df858e58034b9f54a9ca95bb2,9df331376545a49e310ebbd5e3178285c4f46d15e31f4ff0941f6f02cdbf1d67,certified,pending_stage13,not_started,4,4,3,0.75,,,,3.40625,1,1.0,,,,,,,,,,,,,,,,,,,False,,exploratory_unvalidated,False,"[""stage6_qwen_behavioural_full_rerun""]",human_validation_pending,not_measured,not_measured,not_measured,not_measured,not_measured,not_measured,not_measured,human_validation_pending,not_applicable,not_applicable,not_applicable,not_applicable,not_applicable
qwen2p5_7b_instruct,primary_dense,unresolved,TH_B_UM_007,TH_B_UM_007,thermodynamics,nongoverning_distractor,physmon_canonical_155_v1,discovery,3f89c93941f5a47d6c013a1e1e020ea082127f6df858e58034b9f54a9ca95bb2,9d60233ff490bf8fe902b96f9a7d6c83ecafb8ee465768fa909b3e606c044ba0,certified,pending_stage13,not_started,4,4,4,1.0,,,,2.21875,1,0.0,,,,,,,,,,,,,,,,,,,False,,exploratory_unvalidated,False,"[""stage6_qwen_behavioural_full_rerun""]",human_validation_pending,not_measured,not_measured,not_measured,not_measured,not_measured,not_measured,not_measured,human_validation_pending,not_applicable,not_applicable,not_applicable,not_applicable,not_applicable
qwen2p5_7b_instruct,primary_dense,unresolved,TH_B_UM_008,TH_B_UM_008,thermodynamics,nongoverning_distractor,physmon_canonical_155_v1,discovery,3f89c93941f5a47d6c013a1e1e020ea082127f6df858e58034b9f54a9ca95bb2,b29ef2b81c2e088028ac9c28e8ac7e317702f99ccc8e79836f115d774f052e61,certified,pending_stage13,not_started,4,4,4,1.0,,,,2.890625,1,1.0,,,,,,,,,,,,,,,,,,,False,,exploratory_unvalidated,False,"[""stage6_qwen_behavioural_full_rerun""]",human_validation_pending,not_measured,not_measured,not_measured,not_measured,not_measured,not_measured,not_measured,human_validation_pending,not_applicable,not_applicable,not_applicable,not_applicable,not_applicable
qwen2p5_7b_instruct,primary_dense,unresolved,TH_B_UM_009,TH_B_UM_009,thermodynamics,nongoverning_distractor,physmon_canonical_155_v1,discovery,3f89c93941f5a47d6c013a1e1e020ea082127f6df858e58034b9f54a9ca95bb2,08c62bd8bd3619749f1d8aacd018d6f433ecff79aa49b385097cc1b692f4a79d,certified,pending_stage13,not_started,4,4,2,0.5,,,,0.0,0,1.0,,,,,,,,,,,,,,,,,,,False,,exploratory_unvalidated,False,"[""stage6_qwen_behavioural_full_rerun""]",human_validation_pending,not_measured,not_measured,not_measured,not_measured,not_measured,not_measured,not_measured,human_validation_pending,not_applicable,not_applicable,not_applicable,not_applicable,not_applicable
qwen2p5_7b_instruct,primary_dense,unresolved,TH_B_UM_010,TH_B_UM_010,thermodynamics,nongoverning_distractor,physmon_canonical_155_v1,discovery,3f89c93941f5a47d6c013a1e1e020ea082127f6df858e58034b9f54a9ca95bb2,851213b29469015884eb3412de97d9633378b8df2d45807663cf4b307c504a95,certified,pending_stage13,not_started,4,4,0,0.0,,,,0.0,0,,,,,,,,,,,,,,,,,,,,False,,exploratory_unvalidated,False,"[""stage6_qwen_behavioural_full_rerun""]",human_validation_pending,not_measured,not_measured,not_measured,not_measured,not_measured,not_measured,not_measured,human_validation_pending,not_applicable,not_applicable,not_applicable,not_applicable,not_applicable
qwen2p5_7b_instruct,primary_dense,unresolved,TH_B_UM_011,TH_B_UM_011,thermodynamics,nongoverning_distractor,physmon_canonical_155_v1,discovery,3f89c93941f5a47d6c013a1e1e020ea082127f6df858e58034b9f54a9ca95bb2,b03afb958330e31e59c70d03c0d1350385bad7119884da30bee890410d9e9134,certified,pending_stage13,not_started,4,4,4,1.0,,,0.0,3.125,1,0.0,,,,,,,,,,,,,,,,,,,False,,exploratory_unvalidated,False,"[""stage11_expansion_behavioural_qwen""]",human_validation_pending,not_measured,not_measured,not_measured,not_measured,not_measured,not_measured,not_measured,human_validation_pending,not_applicable,not_applicable,not_applicable,not_applicable,not_applicable
qwen2p5_7b_instruct,primary_dense,unresolved,TH_B_UM_012,TH_B_UM_012,thermodynamics,nongoverning_distractor,physmon_canonical_155_v1,discovery,3f89c93941f5a47d6c013a1e1e020ea082127f6df858e58034b9f54a9ca95bb2,bb149b024de66f360a76c01e470257e0aab68b5ce8635b706b75acd80669c53a,certified,pending_stage13,not_started,4,4,4,1.0,,,0.0,-1.578125,0,0.0,,,,,,,,,,,,,,,,,,,False,,exploratory_unvalidated,False,"[""stage11_expansion_behavioural_qwen""]",human_validation_pending,not_measured,not_measured,not_measured,not_measured,not_measured,not_measured,not_measured,human_validation_pending,not_applicable,not_applicable,not_applicable,not_applicable,not_applicable
