model_id,canonical_family_id,derived_id,variant_id,generation_id,prompt_hash,prompt_text_or_path,parsed_answer,canonical_answer,correct,correct_answer_logprob,entropy,monitor_score,source_experiment_ids
llama3p1_8b_instruct,CM_A_001,,0,llama3p1_8b_instruct:CM_A_001:0:llama_primary_20260616T085448Z,4a6b80c13575db33d49acde56b1d007e6d406b2aa8a07a2b939792d74f8effa9,results/stage6/behavioural_full_rerun/llama_primary_20260616T085448Z.jsonl,11 m/s,11.0 m/s,,-24.75,,,"[""stage6_llama_behavioural_full_rerun""]"
llama3p1_8b_instruct,CM_A_001,,1,llama3p1_8b_instruct:CM_A_001:1:llama_primary_20260616T085448Z,9fa42818bb88f9095b5b300020ba40232f6c50c8ecc7057803db1ea1c4fcf29a,results/stage6/behavioural_full_rerun/llama_primary_20260616T085448Z.jsonl,11 m/s,11.0 m/s,,-24.46875,,,"[""stage6_llama_behavioural_full_rerun""]"
llama3p1_8b_instruct,CM_A_001,,2,llama3p1_8b_instruct:CM_A_001:2:llama_primary_20260616T085448Z,45471d3e541c5b8975b931a4b75c91a11a0e2b49646f978d9db5f1b971c774bd,results/stage6/behavioural_full_rerun/llama_primary_20260616T085448Z.jsonl,11 m/s,11.0 m/s,,-24.671875,,,"[""stage6_llama_behavioural_full_rerun""]"
llama3p1_8b_instruct,CM_A_001,,3,llama3p1_8b_instruct:CM_A_001:3:llama_primary_20260616T085448Z,5d24c27894c26858cf92df00662c8abe76852a73f89366f672d5bc03f18c7e4c,results/stage6/behavioural_full_rerun/llama_primary_20260616T085448Z.jsonl,11 m/s,11.0 m/s,,-24.59375,,,"[""stage6_llama_behavioural_full_rerun""]"
llama3p1_8b_instruct,CM_A_002,,0,llama3p1_8b_instruct:CM_A_002:0:llama_primary_20260616T085448Z,bfd61c43140ee7499bae8455824462f7e6bea07175fe2030ae8406910d54c88c,results/stage6/behavioural_full_rerun/llama_primary_20260616T085448Z.jsonl,20 m,14.0 m,,-26.03125,,,"[""stage6_llama_behavioural_full_rerun""]"
llama3p1_8b_instruct,CM_A_002,,1,llama3p1_8b_instruct:CM_A_002:1:llama_primary_20260616T085448Z,4f86160ca7dbf38a651e838825770290c5a368380148c31d34201bddd893f70b,results/stage6/behavioural_full_rerun/llama_primary_20260616T085448Z.jsonl,20 m,14.0 m,,-25.828125,,,"[""stage6_llama_behavioural_full_rerun""]"
llama3p1_8b_instruct,CM_A_002,,2,llama3p1_8b_instruct:CM_A_002:2:llama_primary_20260616T085448Z,b06d72e77618ee4a6d000f8c2014dd850c32700101d6df1bf96df48e16235503,results/stage6/behavioural_full_rerun/llama_primary_20260616T085448Z.jsonl,20 m,14.0 m,,-26.078125,,,"[""stage6_llama_behavioural_full_rerun""]"
llama3p1_8b_instruct,CM_A_002,,3,llama3p1_8b_instruct:CM_A_002:3:llama_primary_20260616T085448Z,31cb1edb9efeb576d08e3ac110c71b30a8021192f7d7bb59a57837a11052657e,results/stage6/behavioural_full_rerun/llama_primary_20260616T085448Z.jsonl,20 m,14.0 m,,-26.1875,,,"[""stage6_llama_behavioural_full_rerun""]"
llama3p1_8b_instruct,CM_A_003,,0,llama3p1_8b_instruct:CM_A_003:0:llama_primary_20260616T085448Z,b9969321ca802d37b184af493c8fcf7594a5186745065efa274560516381a199,results/stage6/behavioural_full_rerun/llama_primary_20260616T085448Z.jsonl,12 J,24.0 J,,-30.75,,,"[""stage6_llama_behavioural_full_rerun""]"
llama3p1_8b_instruct,CM_A_003,,1,llama3p1_8b_instruct:CM_A_003:1:llama_primary_20260616T085448Z,67d4a0678961aa5a511326114a7b838b698b1ac9e5941c9ee746a5c87ade921a,results/stage6/behavioural_full_rerun/llama_primary_20260616T085448Z.jsonl,12 J,24.0 J,,-30.65625,,,"[""stage6_llama_behavioural_full_rerun""]"
llama3p1_8b_instruct,CM_A_003,,2,llama3p1_8b_instruct:CM_A_003:2:llama_primary_20260616T085448Z,5e0d427eaee801011f2b7fb291f06b53ecf26257bf7f76efa02fcfb774d0f97d,results/stage6/behavioural_full_rerun/llama_primary_20260616T085448Z.jsonl,12 J,24.0 J,,-30.5,,,"[""stage6_llama_behavioural_full_rerun""]"
llama3p1_8b_instruct,CM_A_003,,3,llama3p1_8b_instruct:CM_A_003:3:llama_primary_20260616T085448Z,f95fd5fb68a1c516ac046d51050b6a962fef17c7509e6a99f20b66aa9168d06b,results/stage6/behavioural_full_rerun/llama_primary_20260616T085448Z.jsonl,12 J,24.0 J,,-30.296875,,,"[""stage6_llama_behavioural_full_rerun""]"
llama3p1_8b_instruct,CM_A_004,,0,llama3p1_8b_instruct:CM_A_004:0:llama_primary_20260616T085448Z,c023adbd580a7cdfb365aedc88ffcfd8d700365b31a109647336dfbb2f3e2587,results/stage6/behavioural_full_rerun/llama_primary_20260616T085448Z.jsonl,5.0 m/s2,5.0 m/s^2,,-22.859375,,,"[""stage6_llama_behavioural_full_rerun""]"
llama3p1_8b_instruct,CM_A_004,,1,llama3p1_8b_instruct:CM_A_004:1:llama_primary_20260616T085448Z,187265e01cab7776708678c617897b147f1a1853b238cc34245d4b2357d0f7b3,results/stage6/behavioural_full_rerun/llama_primary_20260616T085448Z.jsonl,5.0 m/s2,5.0 m/s^2,,-23.140625,,,"[""stage6_llama_behavioural_full_rerun""]"
llama3p1_8b_instruct,CM_A_004,,2,llama3p1_8b_instruct:CM_A_004:2:llama_primary_20260616T085448Z,417c4d1d60027edfa00a31d1840bb4f5026cc504f6cdd162120ec27189813ea7,results/stage6/behavioural_full_rerun/llama_primary_20260616T085448Z.jsonl,5.0 m/s2,5.0 m/s^2,,-23.265625,,,"[""stage6_llama_behavioural_full_rerun""]"
llama3p1_8b_instruct,CM_A_004,,3,llama3p1_8b_instruct:CM_A_004:3:llama_primary_20260616T085448Z,16af91cf54584c3812eae59da56a94d59037859dc3a32b4b6d57d5bafbf83842,results/stage6/behavioural_full_rerun/llama_primary_20260616T085448Z.jsonl,5.0 m/s2,5.0 m/s^2,,-22.890625,,,"[""stage6_llama_behavioural_full_rerun""]"
llama3p1_8b_instruct,CM_A_005,,0,llama3p1_8b_instruct:CM_A_005:0:llama_primary_20260616T085448Z,aa57171f91d4283f62b0dcd73df040711849235f6dae756ff8f3f795387ab78e,results/stage6/behavioural_full_rerun/llama_primary_20260616T085448Z.jsonl,98 J,98.0 J,,-28.5,,,"[""stage6_llama_behavioural_full_rerun""]"
llama3p1_8b_instruct,CM_A_005,,1,llama3p1_8b_instruct:CM_A_005:1:llama_primary_20260616T085448Z,73f557752790b53511efc620dfbe43b1e48afb503b8b7e49f76b152f75ad280c,results/stage6/behavioural_full_rerun/llama_primary_20260616T085448Z.jsonl,49 J,98.0 J,,-26.25,,,"[""stage6_llama_behavioural_full_rerun""]"
llama3p1_8b_instruct,CM_A_005,,2,llama3p1_8b_instruct:CM_A_005:2:llama_primary_20260616T085448Z,19bf49005a4be9b14e8c42450b67e9af155f540fd5cf615e3e6fd7b7b3cff1e1,results/stage6/behavioural_full_rerun/llama_primary_20260616T085448Z.jsonl,98 J,98.0 J,,-26.328125,,,"[""stage6_llama_behavioural_full_rerun""]"
llama3p1_8b_instruct,CM_A_005,,3,llama3p1_8b_instruct:CM_A_005:3:llama_primary_20260616T085448Z,d767b2327d603cf9fc60116d683ccca0a4d967b01e60a4db41770d0073130500,results/stage6/behavioural_full_rerun/llama_primary_20260616T085448Z.jsonl,98 J,98.0 J,,-26.265625,,,"[""stage6_llama_behavioural_full_rerun""]"
llama3p1_8b_instruct,CM_A_006,,0,llama3p1_8b_instruct:CM_A_006:0:llama_primary_20260616T085448Z,3f85e34a0c7b66826b00ad0aa7ddd779c6a67efd61bd5e2641bd1e238e7f3b8e,results/stage6/behavioural_full_rerun/llama_primary_20260616T085448Z.jsonl,10.0 N,10.0 N,,-22.125,,,"[""stage6_llama_behavioural_full_rerun""]"
llama3p1_8b_instruct,CM_A_006,,1,llama3p1_8b_instruct:CM_A_006:1:llama_primary_20260616T085448Z,da0a2c11645c751cc069eb864d2f822e9a13ee7c3b9f53b1af4985dbce56b925,results/stage6/behavioural_full_rerun/llama_primary_20260616T085448Z.jsonl,10.0 N,10.0 N,,-22.171875,,,"[""stage6_llama_behavioural_full_rerun""]"
llama3p1_8b_instruct,CM_A_006,,2,llama3p1_8b_instruct:CM_A_006:2:llama_primary_20260616T085448Z,f0906ba178b44ffb66e6e4a08d9335418bf7b9d9f6a4bc88be56bec2939a58f7,results/stage6/behavioural_full_rerun/llama_primary_20260616T085448Z.jsonl,10.0 N,10.0 N,,-21.984375,,,"[""stage6_llama_behavioural_full_rerun""]"
llama3p1_8b_instruct,CM_A_006,,3,llama3p1_8b_instruct:CM_A_006:3:llama_primary_20260616T085448Z,ba2514a80897251beb73299ad6ac383dfcbc2d36a51673745089d820cb7f0fd2,results/stage6/behavioural_full_rerun/llama_primary_20260616T085448Z.jsonl,10.0 N,10.0 N,,-22.03125,,,"[""stage6_llama_behavioural_full_rerun""]"
llama3p1_8b_instruct,CM_A_007,,0,llama3p1_8b_instruct:CM_A_007:0:llama_primary_20260616T085448Z,17b9fd0ca386509dc72909401cba03c5793d50b29a0c7238c3fc6bd96fa5b38f,results/stage6/behavioural_full_rerun/llama_primary_20260616T085448Z.jsonl,1.5 N,3.0 N,,-21.09375,,,"[""stage6_llama_behavioural_full_rerun""]"
llama3p1_8b_instruct,CM_A_007,,1,llama3p1_8b_instruct:CM_A_007:1:llama_primary_20260616T085448Z,44c6954ee09d1941906639cb1e2b7382b36263ef9c9f9280195ed689293948a1,results/stage6/behavioural_full_rerun/llama_primary_20260616T085448Z.jsonl,1.5 N,3.0 N,,-20.59375,,,"[""stage6_llama_behavioural_full_rerun""]"
llama3p1_8b_instruct,CM_A_007,,2,llama3p1_8b_instruct:CM_A_007:2:llama_primary_20260616T085448Z,d887cf4e1a34a3742352bff1e7e9f041817d58d066ae65a9e390c9ecf6ba3ac1,results/stage6/behavioural_full_rerun/llama_primary_20260616T085448Z.jsonl,1.5 N,3.0 N,,-20.28125,,,"[""stage6_llama_behavioural_full_rerun""]"
llama3p1_8b_instruct,CM_A_007,,3,llama3p1_8b_instruct:CM_A_007:3:llama_primary_20260616T085448Z,d2cffe5a19ac65faf6e283a5c49434aae404b2b0761f117f21f95db95ba2ae5d,results/stage6/behavioural_full_rerun/llama_primary_20260616T085448Z.jsonl,1.5 N,3.0 N,,-19.84375,,,"[""stage6_llama_behavioural_full_rerun""]"
llama3p1_8b_instruct,CM_A_008,,0,llama3p1_8b_instruct:CM_A_008:0:llama_primary_20260616T085448Z,32e10723dc5cc460851cf0e9436cd3974d60e89cf9e647880a9cf7f6debb4010,results/stage6/behavioural_full_rerun/llama_primary_20260616T085448Z.jsonl,1.2 m/s,2.4 m/s,,-18.640625,,,"[""stage6_llama_behavioural_full_rerun""]"
llama3p1_8b_instruct,CM_A_008,,1,llama3p1_8b_instruct:CM_A_008:1:llama_primary_20260616T085448Z,63779d6fa7f20c5489be444ca57d20b69cd125d1076e97f480955ab24c18b630,results/stage6/behavioural_full_rerun/llama_primary_20260616T085448Z.jsonl,0.769 m/s,2.4 m/s,,-18.4375,,,"[""stage6_llama_behavioural_full_rerun""]"
llama3p1_8b_instruct,CM_A_008,,2,llama3p1_8b_instruct:CM_A_008:2:llama_primary_20260616T085448Z,a528c8b680f40e767eaccb50031f7b24c598c66664c8d807d8f33d85a86f6519,results/stage6/behavioural_full_rerun/llama_primary_20260616T085448Z.jsonl,1.2 m/s,2.4 m/s,,-18.859375,,,"[""stage6_llama_behavioural_full_rerun""]"
llama3p1_8b_instruct,CM_A_008,,3,llama3p1_8b_instruct:CM_A_008:3:llama_primary_20260616T085448Z,e0dff28204da8cafad42a43b78cc458df76669d6c6e4ff01f1e325c95b743c87,results/stage6/behavioural_full_rerun/llama_primary_20260616T085448Z.jsonl,1.2 m/s,2.4 m/s,,-17.90625,,,"[""stage6_llama_behavioural_full_rerun""]"
llama3p1_8b_instruct,CM_A_009,,0,llama3p1_8b_instruct:CM_A_009:0:llama_primary_20260616T085448Z,0a96e929a8521c456ea40815522fa4e06cd16c82746ca02666a7ba53a8acf25a,results/stage6/behavioural_full_rerun/llama_primary_20260616T085448Z.jsonl,10 Nm,10.0 N*m,,-24.015625,,,"[""stage6_llama_behavioural_full_rerun""]"
llama3p1_8b_instruct,CM_A_009,,1,llama3p1_8b_instruct:CM_A_009:1:llama_primary_20260616T085448Z,cc975621bbad6f685c003ab01d6323aed392fbeb3b66827b1f21b3989b6a829a,results/stage6/behavioural_full_rerun/llama_primary_20260616T085448Z.jsonl,10 Nm,10.0 N*m,,-24.546875,,,"[""stage6_llama_behavioural_full_rerun""]"
llama3p1_8b_instruct,CM_A_009,,2,llama3p1_8b_instruct:CM_A_009:2:llama_primary_20260616T085448Z,3e6c547de703d630901a602d558491fc1aed8601f991486c825fa5b5c2ea5f29,results/stage6/behavioural_full_rerun/llama_primary_20260616T085448Z.jsonl,10 Nm,10.0 N*m,,-24.59375,,,"[""stage6_llama_behavioural_full_rerun""]"
llama3p1_8b_instruct,CM_A_009,,3,llama3p1_8b_instruct:CM_A_009:3:llama_primary_20260616T085448Z,654b9b1fc93c766ed6352bda48780e3a09b7ba7045911b94c14809152fe3a7b2,results/stage6/behavioural_full_rerun/llama_primary_20260616T085448Z.jsonl,10 Nm,10.0 N*m,,-24.34375,,,"[""stage6_llama_behavioural_full_rerun""]"
llama3p1_8b_instruct,CM_A_010,,0,llama3p1_8b_instruct:CM_A_010:0:llama_primary_20260616T085448Z,a0b98903ff5e3175d0d906dd6027d84d87298ac0fc567d64caddd8c1ebc694b5,results/stage6/behavioural_full_rerun/llama_primary_20260616T085448Z.jsonl,60 J,60.0 J,,-25.46875,,,"[""stage6_llama_behavioural_full_rerun""]"
llama3p1_8b_instruct,CM_A_010,,1,llama3p1_8b_instruct:CM_A_010:1:llama_primary_20260616T085448Z,8eaf2197f94d774ef42b6366a2996a94a84ef9a5cb957d75be29bc86a41098fa,results/stage6/behavioural_full_rerun/llama_primary_20260616T085448Z.jsonl,60 J,60.0 J,,-25.609375,,,"[""stage6_llama_behavioural_full_rerun""]"
llama3p1_8b_instruct,CM_A_010,,2,llama3p1_8b_instruct:CM_A_010:2:llama_primary_20260616T085448Z,b74a6cda0e3e04a82b3fb49da6c49581d0645823385298e01effe7f23d6cc05c,results/stage6/behavioural_full_rerun/llama_primary_20260616T085448Z.jsonl,60 J,60.0 J,,-25.40625,,,"[""stage6_llama_behavioural_full_rerun""]"
llama3p1_8b_instruct,CM_A_010,,3,llama3p1_8b_instruct:CM_A_010:3:llama_primary_20260616T085448Z,be61fc861a409fbabd8f827a22a467b556873e5bc490812b99b75cad7eeb07df,results/stage6/behavioural_full_rerun/llama_primary_20260616T085448Z.jsonl,60 J,60.0 J,,-25.421875,,,"[""stage6_llama_behavioural_full_rerun""]"
llama3p1_8b_instruct,CM_A_STD_001,,0,llama3p1_8b_instruct:CM_A_STD_001:0:llama_primary_20260616T085448Z,65ef63fa184ee26717a303917d2b70047070dd10a37ce10f79e7d21f8a70adaf,results/stage6/behavioural_full_rerun/llama_primary_20260616T085448Z.jsonl,12 m/s,12.0 m/s,,-27.328125,,,"[""stage6_llama_behavioural_full_rerun""]"
llama3p1_8b_instruct,CM_A_STD_001,,1,llama3p1_8b_instruct:CM_A_STD_001:1:llama_primary_20260616T085448Z,1b1fe8df297537129df32b5a00fd57b21d7c7ed10175beafcd6b924cf1aed9a3,results/stage6/behavioural_full_rerun/llama_primary_20260616T085448Z.jsonl,12 m/s,12.0 m/s,,-27.359375,,,"[""stage6_llama_behavioural_full_rerun""]"
llama3p1_8b_instruct,CM_A_STD_001,,2,llama3p1_8b_instruct:CM_A_STD_001:2:llama_primary_20260616T085448Z,539a57b7b13416e29504bc5c3162e889e1b114b4804649db01eceadf268d53b4,results/stage6/behavioural_full_rerun/llama_primary_20260616T085448Z.jsonl,12 m/s,12.0 m/s,,-27.078125,,,"[""stage6_llama_behavioural_full_rerun""]"
llama3p1_8b_instruct,CM_A_STD_001,,3,llama3p1_8b_instruct:CM_A_STD_001:3:llama_primary_20260616T085448Z,c80a392cc67bdb281f2a3484f6d2012fa792f61222bb7a91d959f6369c08a393,results/stage6/behavioural_full_rerun/llama_primary_20260616T085448Z.jsonl,12 m/s,12.0 m/s,,-26.59375,,,"[""stage6_llama_behavioural_full_rerun""]"
llama3p1_8b_instruct,CM_A_STD_002,,0,llama3p1_8b_instruct:CM_A_STD_002:0:llama_primary_20260616T085448Z,037df50a9156505aa56889cd8cf2a81e2082db5c525396ca1b4a28e3790d49ca,results/stage6/behavioural_full_rerun/llama_primary_20260616T085448Z.jsonl,9.0 m,18.0 m,,-25.40625,,,"[""stage6_llama_behavioural_full_rerun""]"
llama3p1_8b_instruct,CM_A_STD_002,,1,llama3p1_8b_instruct:CM_A_STD_002:1:llama_primary_20260616T085448Z,aecc3c09e68d72e7372cceb056e0817ad90f2ea7194eaf396a65e403ffe16ce7,results/stage6/behavioural_full_rerun/llama_primary_20260616T085448Z.jsonl,9.0 m,18.0 m,,-25.546875,,,"[""stage6_llama_behavioural_full_rerun""]"
llama3p1_8b_instruct,CM_A_STD_002,,2,llama3p1_8b_instruct:CM_A_STD_002:2:llama_primary_20260616T085448Z,f7d6d641f559601f691c95f5316d62d46e995e3e152eae90fe08c2c1f3435f62,results/stage6/behavioural_full_rerun/llama_primary_20260616T085448Z.jsonl,9.0 m,18.0 m,,-25.625,,,"[""stage6_llama_behavioural_full_rerun""]"
llama3p1_8b_instruct,CM_A_STD_002,,3,llama3p1_8b_instruct:CM_A_STD_002:3:llama_primary_20260616T085448Z,c657a68af6cfd4a3b02335f3786f601ff7edc2fc24f297ea950fbde483985b5d,results/stage6/behavioural_full_rerun/llama_primary_20260616T085448Z.jsonl,9.0 m,18.0 m,,-25.359375,,,"[""stage6_llama_behavioural_full_rerun""]"
llama3p1_8b_instruct,CM_A_STD_003,,0,llama3p1_8b_instruct:CM_A_STD_003:0:llama_primary_20260616T085448Z,84421190c1b41a9497048caaaf7b5c7534cd5323664a83db1928d0038c95c1ff,results/stage6/behavioural_full_rerun/llama_primary_20260616T085448Z.jsonl,36 J,36.0 J,,-28.125,,,"[""stage6_llama_behavioural_full_rerun""]"
llama3p1_8b_instruct,CM_A_STD_003,,1,llama3p1_8b_instruct:CM_A_STD_003:1:llama_primary_20260616T085448Z,16cda092fb36c6da1bb593dfff84f6f6606901ee5ed83dcb40548a878d78d042,results/stage6/behavioural_full_rerun/llama_primary_20260616T085448Z.jsonl,36 J,36.0 J,,-28.109375,,,"[""stage6_llama_behavioural_full_rerun""]"
llama3p1_8b_instruct,CM_A_STD_003,,2,llama3p1_8b_instruct:CM_A_STD_003:2:llama_primary_20260616T085448Z,f8e1fcd2ec6d9999cc345c3fe3b4abc86102cfdbca12a3184a963a896c5ae043,results/stage6/behavioural_full_rerun/llama_primary_20260616T085448Z.jsonl,36 J,36.0 J,,-28.171875,,,"[""stage6_llama_behavioural_full_rerun""]"
llama3p1_8b_instruct,CM_A_STD_003,,3,llama3p1_8b_instruct:CM_A_STD_003:3:llama_primary_20260616T085448Z,87767a37e77609e413e5dee27f7015a4a271bb8215690f03b1d1670cc97dc94d,results/stage6/behavioural_full_rerun/llama_primary_20260616T085448Z.jsonl,36 J,36.0 J,,-28.015625,,,"[""stage6_llama_behavioural_full_rerun""]"
llama3p1_8b_instruct,CM_A_STD_004,,0,llama3p1_8b_instruct:CM_A_STD_004:0:llama_primary_20260616T085448Z,74a93a24dd2d3607012b24a15b61ac366eb2b972eab00d7a329b928bb83be7c2,results/stage6/behavioural_full_rerun/llama_primary_20260616T085448Z.jsonl,14 N,14.0 N,,-18.5,,,"[""stage6_llama_behavioural_full_rerun""]"
llama3p1_8b_instruct,CM_A_STD_004,,1,llama3p1_8b_instruct:CM_A_STD_004:1:llama_primary_20260616T085448Z,875242a00162099387d5cf03eefe67c21ab6296b46858df89e2b826af234aa84,results/stage6/behavioural_full_rerun/llama_primary_20260616T085448Z.jsonl,14 N,14.0 N,,-18.828125,,,"[""stage6_llama_behavioural_full_rerun""]"
llama3p1_8b_instruct,CM_A_STD_004,,2,llama3p1_8b_instruct:CM_A_STD_004:2:llama_primary_20260616T085448Z,bce4d450a5b1b923ca88fad668d9c8fbc9189cda10ca6c56a60d4eac48d3259c,results/stage6/behavioural_full_rerun/llama_primary_20260616T085448Z.jsonl,14 N,14.0 N,,-19.828125,,,"[""stage6_llama_behavioural_full_rerun""]"
llama3p1_8b_instruct,CM_A_STD_004,,3,llama3p1_8b_instruct:CM_A_STD_004:3:llama_primary_20260616T085448Z,f3698756bfccccb1ebf528ffa2ab0affe69ccedc21b9188749ed0797ddea3802,results/stage6/behavioural_full_rerun/llama_primary_20260616T085448Z.jsonl,14 N,14.0 N,,-18.609375,,,"[""stage6_llama_behavioural_full_rerun""]"
llama3p1_8b_instruct,CM_A_STD_005,,0,llama3p1_8b_instruct:CM_A_STD_005:0:llama_primary_20260616T085448Z,5504905a5238110224d646aa425af37c8f7e5c69b6b9752203b441d96e74a36a,results/stage6/behavioural_full_rerun/llama_primary_20260616T085448Z.jsonl,6.0 N,18.0 N,,-22.96875,,,"[""stage6_llama_behavioural_full_rerun""]"
llama3p1_8b_instruct,CM_A_STD_005,,1,llama3p1_8b_instruct:CM_A_STD_005:1:llama_primary_20260616T085448Z,63fee8e5eec4c48f7fc42869b5cf48dba90599fa81b598c0786f79aad3d7956d,results/stage6/behavioural_full_rerun/llama_primary_20260616T085448Z.jsonl,6.0 N,18.0 N,,-22.28125,,,"[""stage6_llama_behavioural_full_rerun""]"
llama3p1_8b_instruct,CM_A_STD_005,,2,llama3p1_8b_instruct:CM_A_STD_005:2:llama_primary_20260616T085448Z,5d158df10a83899b469b68e345db635bb8fc899b37a7a5151c6a513b1acdb2cb,results/stage6/behavioural_full_rerun/llama_primary_20260616T085448Z.jsonl,6.0 N,18.0 N,,-23.25,,,"[""stage6_llama_behavioural_full_rerun""]"
llama3p1_8b_instruct,CM_A_STD_005,,3,llama3p1_8b_instruct:CM_A_STD_005:3:llama_primary_20260616T085448Z,99c91382a16ef108c11dd0dbd65893eba5aa4a41dedc447905229d9ca21ad38e,results/stage6/behavioural_full_rerun/llama_primary_20260616T085448Z.jsonl,6.0 N,18.0 N,,-22.8125,,,"[""stage6_llama_behavioural_full_rerun""]"
llama3p1_8b_instruct,CM_A_STD_006,,0,llama3p1_8b_instruct:CM_A_STD_006:0:llama_primary_20260616T085448Z,8e70d00994e783a790e3532e42f5d75644a107373eb1f214af33e250a00cea9f,results/stage6/behavioural_full_rerun/llama_primary_20260616T085448Z.jsonl,12 kgm/s,12.0 kg*m/s,,-25.71875,,,"[""stage6_llama_behavioural_full_rerun""]"
llama3p1_8b_instruct,CM_A_STD_006,,1,llama3p1_8b_instruct:CM_A_STD_006:1:llama_primary_20260616T085448Z,19278fdcadbc06c2377d1de6285aac24312bb9a535eb4247d2b3bf2b47a25df3,results/stage6/behavioural_full_rerun/llama_primary_20260616T085448Z.jsonl,12 kg*m/s,12.0 kg*m/s,,-23.921875,,,"[""stage6_llama_behavioural_full_rerun""]"
llama3p1_8b_instruct,CM_A_STD_006,,2,llama3p1_8b_instruct:CM_A_STD_006:2:llama_primary_20260616T085448Z,281652e58447b29af74fc6865c103341377aef16fcc51e4d2feb16eda2677211,results/stage6/behavioural_full_rerun/llama_primary_20260616T085448Z.jsonl,12 kgm/s,12.0 kg*m/s,,-26.109375,,,"[""stage6_llama_behavioural_full_rerun""]"
llama3p1_8b_instruct,CM_A_STD_006,,3,llama3p1_8b_instruct:CM_A_STD_006:3:llama_primary_20260616T085448Z,d1a7fd01fa39d66cdbbb55ac96ab4b1b142e9ffe9836719ebe74bd5934db3408,results/stage6/behavioural_full_rerun/llama_primary_20260616T085448Z.jsonl,12 kg*m/s,12.0 kg*m/s,,-26.25,,,"[""stage6_llama_behavioural_full_rerun""]"
llama3p1_8b_instruct,CM_A_STD_007,,0,llama3p1_8b_instruct:CM_A_STD_007:0:llama_primary_20260616T085448Z,3497b08a64409b3b79ccbb962a951f3fb640f8039d9363028defc7c8473879ce,results/stage6/behavioural_full_rerun/llama_primary_20260616T085448Z.jsonl,20 J,98.0 J,,-28.390625,,,"[""stage6_llama_behavioural_full_rerun""]"
llama3p1_8b_instruct,CM_A_STD_007,,1,llama3p1_8b_instruct:CM_A_STD_007:1:llama_primary_20260616T085448Z,f6631c18ad7be9edb7dd65ac93f77e54cbdacc17fa0f278573f792c2d4de6efe,results/stage6/behavioural_full_rerun/llama_primary_20260616T085448Z.jsonl,20 J,98.0 J,,-28.578125,,,"[""stage6_llama_behavioural_full_rerun""]"
llama3p1_8b_instruct,CM_A_STD_007,,2,llama3p1_8b_instruct:CM_A_STD_007:2:llama_primary_20260616T085448Z,0b1025ba82022263fc1a42d52e8c0c534dc8faab8d87d9725db641edab609ff8,results/stage6/behavioural_full_rerun/llama_primary_20260616T085448Z.jsonl,98 J,98.0 J,,-28.546875,,,"[""stage6_llama_behavioural_full_rerun""]"
llama3p1_8b_instruct,CM_A_STD_007,,3,llama3p1_8b_instruct:CM_A_STD_007:3:llama_primary_20260616T085448Z,769a954c61a57d15645302675f84d416683ce5f31db65cb6bf8fb263b2cc00de,results/stage6/behavioural_full_rerun/llama_primary_20260616T085448Z.jsonl,98 J,98.0 J,,-28.5,,,"[""stage6_llama_behavioural_full_rerun""]"
llama3p1_8b_instruct,CM_A_STD_008,,0,llama3p1_8b_instruct:CM_A_STD_008:0:llama_primary_20260616T085448Z,52269d08fbea4c2aa3aaf80d2f465dd8a2a7b58384d28014445e59ed05dfa2fc,results/stage6/behavioural_full_rerun/llama_primary_20260616T085448Z.jsonl,42 J,42.0 J,,-25.0625,,,"[""stage6_llama_behavioural_full_rerun""]"
llama3p1_8b_instruct,CM_A_STD_008,,1,llama3p1_8b_instruct:CM_A_STD_008:1:llama_primary_20260616T085448Z,f6723505004dd75bb82dda1c16294e77b702e428462bd1e05cdbddd60e61d717,results/stage6/behavioural_full_rerun/llama_primary_20260616T085448Z.jsonl,42 J,42.0 J,,-22.921875,,,"[""stage6_llama_behavioural_full_rerun""]"
llama3p1_8b_instruct,CM_A_STD_008,,2,llama3p1_8b_instruct:CM_A_STD_008:2:llama_primary_20260616T085448Z,e4dd2ff2ea1be60decad972aef36d3fa530afaac6660523ab4a2c9795a30a52e,results/stage6/behavioural_full_rerun/llama_primary_20260616T085448Z.jsonl,42 J,42.0 J,,-25.171875,,,"[""stage6_llama_behavioural_full_rerun""]"
llama3p1_8b_instruct,CM_A_STD_008,,3,llama3p1_8b_instruct:CM_A_STD_008:3:llama_primary_20260616T085448Z,0c5dcda39f56bfc12924dfb605c49a4d00b4dbfd3c97cca90b62353b03093e87,results/stage6/behavioural_full_rerun/llama_primary_20260616T085448Z.jsonl,42 J,42.0 J,,-25.171875,,,"[""stage6_llama_behavioural_full_rerun""]"
llama3p1_8b_instruct,CM_A_STD_009,,0,llama3p1_8b_instruct:CM_A_STD_009:0:llama_primary_20260616T085448Z,1251202471e154a94365e72274638888d1c49073e1f186dc0a7e0cd5e18b14f1,results/stage6/behavioural_full_rerun/llama_primary_20260616T085448Z.jsonl,12 Nm,12.0 N*m,,-22.796875,,,"[""stage6_llama_behavioural_full_rerun""]"
llama3p1_8b_instruct,CM_A_STD_009,,1,llama3p1_8b_instruct:CM_A_STD_009:1:llama_primary_20260616T085448Z,8e5fc014388a813d76429c16b76f7a60b02ce7200dd50c140e2c8c3c64154f52,results/stage6/behavioural_full_rerun/llama_primary_20260616T085448Z.jsonl,12 Nm,12.0 N*m,,-24.03125,,,"[""stage6_llama_behavioural_full_rerun""]"
llama3p1_8b_instruct,CM_A_STD_009,,2,llama3p1_8b_instruct:CM_A_STD_009:2:llama_primary_20260616T085448Z,c7917616b044d3e327a946c845e4307243b5d5144821ff01707912f2ba39d310,results/stage6/behavioural_full_rerun/llama_primary_20260616T085448Z.jsonl,12 Nm,12.0 N*m,,-24.34375,,,"[""stage6_llama_behavioural_full_rerun""]"
llama3p1_8b_instruct,CM_A_STD_009,,3,llama3p1_8b_instruct:CM_A_STD_009:3:llama_primary_20260616T085448Z,5a1e33da4acff4503412fd8ca79f4c6ee0780d073b326dd65e594639d3aedea5,results/stage6/behavioural_full_rerun/llama_primary_20260616T085448Z.jsonl,12 Nm,12.0 N*m,,-24.71875,,,"[""stage6_llama_behavioural_full_rerun""]"
llama3p1_8b_instruct,CM_A_STD_010,,0,llama3p1_8b_instruct:CM_A_STD_010:0:llama_primary_20260616T085448Z,ae5401c1f4683cbc7d994d4870a2ffbf126f05c5a1e22a02399fa00ae9168557,results/stage6/behavioural_full_rerun/llama_primary_20260616T085448Z.jsonl,2.0 m/s,18.0 m/s,,-23.515625,,,"[""stage6_llama_behavioural_full_rerun""]"
llama3p1_8b_instruct,CM_A_STD_010,,1,llama3p1_8b_instruct:CM_A_STD_010:1:llama_primary_20260616T085448Z,ea785686b23be1a46abe62b9b056692c43815d952a479d8bcc11a2a40138e1ce,results/stage6/behavioural_full_rerun/llama_primary_20260616T085448Z.jsonl,2.0 m/s,18.0 m/s,,-23.671875,,,"[""stage6_llama_behavioural_full_rerun""]"
llama3p1_8b_instruct,CM_A_STD_010,,2,llama3p1_8b_instruct:CM_A_STD_010:2:llama_primary_20260616T085448Z,64566db7600d9e6568cb76a0b01d091aea5c6602fdb2d490293152981c5adbb0,results/stage6/behavioural_full_rerun/llama_primary_20260616T085448Z.jsonl,2.0 m/s,18.0 m/s,,-23.078125,,,"[""stage6_llama_behavioural_full_rerun""]"
llama3p1_8b_instruct,CM_A_STD_010,,3,llama3p1_8b_instruct:CM_A_STD_010:3:llama_primary_20260616T085448Z,a7cab7b4349ca074f7bd184e56e54e381b020b794b168600f6388f52a0660bfa,results/stage6/behavioural_full_rerun/llama_primary_20260616T085448Z.jsonl,2.0 m/s,18.0 m/s,,-23.59375,,,"[""stage6_llama_behavioural_full_rerun""]"
llama3p1_8b_instruct,CM_A_STD_011,,0,llama3p1_8b_instruct:CM_A_STD_011:0:llama_primary_20260616T085448Z,9a5ec8ec49dbd7844eaaed688c9e1885648e38d0ba5a1768423acfec4930cf56,results/stage6/behavioural_full_rerun/llama_primary_20260616T085448Z.jsonl,12 V,12.0 V,,-20.875,,,"[""stage6_llama_behavioural_full_rerun""]"
llama3p1_8b_instruct,CM_A_STD_011,,1,llama3p1_8b_instruct:CM_A_STD_011:1:llama_primary_20260616T085448Z,d988cb6bb556b4ac13affd5c8ab0a5f8dcf2c3d7e6863aef5d0c0b05f67e13a2,results/stage6/behavioural_full_rerun/llama_primary_20260616T085448Z.jsonl,12 V,12.0 V,,-20.421875,,,"[""stage6_llama_behavioural_full_rerun""]"
llama3p1_8b_instruct,CM_A_STD_011,,2,llama3p1_8b_instruct:CM_A_STD_011:2:llama_primary_20260616T085448Z,782cc542f70225d3b4c6f3054dc39a0f6db98d8ff81a1d66b2ce21fd5fd37a6e,results/stage6/behavioural_full_rerun/llama_primary_20260616T085448Z.jsonl,12 V,12.0 V,,-20.234375,,,"[""stage6_llama_behavioural_full_rerun""]"
llama3p1_8b_instruct,CM_A_STD_011,,3,llama3p1_8b_instruct:CM_A_STD_011:3:llama_primary_20260616T085448Z,fdaa655b22f1a4ebd9e99c7ce19e485942d95bde2b86a521d6fba90dc28638df,results/stage6/behavioural_full_rerun/llama_primary_20260616T085448Z.jsonl,12 V,12.0 V,,-19.703125,,,"[""stage6_llama_behavioural_full_rerun""]"
llama3p1_8b_instruct,CM_A_STD_012,,0,llama3p1_8b_instruct:CM_A_STD_012:0:llama_primary_20260616T085448Z,ef765775a80a2cae624c5cbae4cb3ca7134eba9a83abf83fc4a1f1e0dbee7b3c,results/stage6/behavioural_full_rerun/llama_primary_20260616T085448Z.jsonl,144 W,18.0 W,,-21.6875,,,"[""stage6_llama_behavioural_full_rerun""]"
llama3p1_8b_instruct,CM_A_STD_012,,1,llama3p1_8b_instruct:CM_A_STD_012:1:llama_primary_20260616T085448Z,3317e143e2a388c785b64894897b7361489f2e5e3847ed241b6655f0767b7a6b,results/stage6/behavioural_full_rerun/llama_primary_20260616T085448Z.jsonl,144 W,18.0 W,,-21.90625,,,"[""stage6_llama_behavioural_full_rerun""]"
llama3p1_8b_instruct,CM_A_STD_012,,2,llama3p1_8b_instruct:CM_A_STD_012:2:llama_primary_20260616T085448Z,a391a3185400bbb10415366ee0ae16e364c9a1486da0589873403591e5be4a54,results/stage6/behavioural_full_rerun/llama_primary_20260616T085448Z.jsonl,144 W,18.0 W,,-22.078125,,,"[""stage6_llama_behavioural_full_rerun""]"
llama3p1_8b_instruct,CM_A_STD_012,,3,llama3p1_8b_instruct:CM_A_STD_012:3:llama_primary_20260616T085448Z,4367c972d926f6e9dec7615e1413321779c539184da1169d2e184350b55bacd8,results/stage6/behavioural_full_rerun/llama_primary_20260616T085448Z.jsonl,144 W,18.0 W,,-21.546875,,,"[""stage6_llama_behavioural_full_rerun""]"
llama3p1_8b_instruct,CM_A_STD_013,,0,llama3p1_8b_instruct:CM_A_STD_013:0:llama_primary_20260616T085448Z,9e8fec9ab5b3e2e3a7758ed67d9fdc485a1962cf91d1a4240c41a17dbc87e300,results/stage6/behavioural_full_rerun/llama_primary_20260616T085448Z.jsonl,3e-04 C,3.0e-4 C,,-24.984375,,,"[""stage6_llama_behavioural_full_rerun""]"
llama3p1_8b_instruct,CM_A_STD_013,,1,llama3p1_8b_instruct:CM_A_STD_013:1:llama_primary_20260616T085448Z,a2d83ae28043518cefe46cf77a318b3a83cf3c118f284ff56c6bb98000e106a0,results/stage6/behavioural_full_rerun/llama_primary_20260616T085448Z.jsonl,3e-04 C,3.0e-4 C,,-24.8125,,,"[""stage6_llama_behavioural_full_rerun""]"
llama3p1_8b_instruct,CM_A_STD_013,,2,llama3p1_8b_instruct:CM_A_STD_013:2:llama_primary_20260616T085448Z,ea0ce66507c84d0fdd9b9b7499563e37b4b186544e9bc64a2acfa7217e619a0e,results/stage6/behavioural_full_rerun/llama_primary_20260616T085448Z.jsonl,3e-04 C,3.0e-4 C,,-24.53125,,,"[""stage6_llama_behavioural_full_rerun""]"
llama3p1_8b_instruct,CM_A_STD_013,,3,llama3p1_8b_instruct:CM_A_STD_013:3:llama_primary_20260616T085448Z,3cde3e2190b20044e0ab1b9a0591dba7f123858348f1b8c994ffc372861940dd,results/stage6/behavioural_full_rerun/llama_primary_20260616T085448Z.jsonl,3e-04 C,3.0e-4 C,,-24.65625,,,"[""stage6_llama_behavioural_full_rerun""]"
llama3p1_8b_instruct,CM_A_STD_014,,0,llama3p1_8b_instruct:CM_A_STD_014:0:llama_primary_20260616T085448Z,1e286afd729ce8c3aa593cfc94b96b3433d25eaa54c6ea4359b5fd83be51300f,results/stage6/behavioural_full_rerun/llama_primary_20260616T085448Z.jsonl,2.0 A,2.0 A,,-21.328125,,,"[""stage6_llama_behavioural_full_rerun""]"
llama3p1_8b_instruct,CM_A_STD_014,,1,llama3p1_8b_instruct:CM_A_STD_014:1:llama_primary_20260616T085448Z,c3403572dc9d045d85150701402b85a05e5be8abfb0e0dc2be78b5e7006c41cb,results/stage6/behavioural_full_rerun/llama_primary_20260616T085448Z.jsonl,2.0 A,2.0 A,,-20.875,,,"[""stage6_llama_behavioural_full_rerun""]"
llama3p1_8b_instruct,CM_A_STD_014,,2,llama3p1_8b_instruct:CM_A_STD_014:2:llama_primary_20260616T085448Z,800ce129a78b34a40a99b77c5e7f9a071dcb2da52722cad1222c68ef348c40dc,results/stage6/behavioural_full_rerun/llama_primary_20260616T085448Z.jsonl,2.0 A,2.0 A,,-20.96875,,,"[""stage6_llama_behavioural_full_rerun""]"
llama3p1_8b_instruct,CM_A_STD_014,,3,llama3p1_8b_instruct:CM_A_STD_014:3:llama_primary_20260616T085448Z,2b2995aaaed83e3b46638be0ab8d08215b563c3157085ff679a4d685b53f8325,results/stage6/behavioural_full_rerun/llama_primary_20260616T085448Z.jsonl,2.0 A,2.0 A,,-21.171875,,,"[""stage6_llama_behavioural_full_rerun""]"
llama3p1_8b_instruct,CM_A_STD_015,,0,llama3p1_8b_instruct:CM_A_STD_015:0:llama_primary_20260616T085448Z,4ca8907255d7c53e80b9b340133ae1b23cf2b13dd59ac71962f917199ee1015b,results/stage6/behavioural_full_rerun/llama_primary_20260616T085448Z.jsonl,179.8 N,0.4495 N,,-26.734375,,,"[""stage6_llama_behavioural_full_rerun""]"
llama3p1_8b_instruct,CM_A_STD_015,,1,llama3p1_8b_instruct:CM_A_STD_015:1:llama_primary_20260616T085448Z,bacc7c30156b306819effb0db70f7b3a23f1981a103e0a85edfa29afc15a0830,results/stage6/behavioural_full_rerun/llama_primary_20260616T085448Z.jsonl,179.8 N,0.4495 N,,-26.546875,,,"[""stage6_llama_behavioural_full_rerun""]"
llama3p1_8b_instruct,CM_A_STD_015,,2,llama3p1_8b_instruct:CM_A_STD_015:2:llama_primary_20260616T085448Z,fa57804fc4536b90d081d7945f9e733aee80d1b5daa933ee59fc1445ed43824f,results/stage6/behavioural_full_rerun/llama_primary_20260616T085448Z.jsonl,179.8 N,0.4495 N,,-26.203125,,,"[""stage6_llama_behavioural_full_rerun""]"
llama3p1_8b_instruct,CM_A_STD_015,,3,llama3p1_8b_instruct:CM_A_STD_015:3:llama_primary_20260616T085448Z,3b7f7ea300ab40814f248034d2ee20bb729686b0fa066655df8f6caecc24bfe7,results/stage6/behavioural_full_rerun/llama_primary_20260616T085448Z.jsonl,179.8 N,0.4495 N,,-26.40625,,,"[""stage6_llama_behavioural_full_rerun""]"
llama3p1_8b_instruct,CM_A_STD_016,,0,llama3p1_8b_instruct:CM_A_STD_016:0:llama_primary_20260616T085448Z,57807734c4fc47512b5d542d910eadd9c8946e513751153696d4c52ec451ac40,results/stage6/behavioural_full_rerun/llama_primary_20260616T085448Z.jsonl,17900 N/C,143840 N/C,,-29.703125,,,"[""stage6_llama_behavioural_full_rerun""]"
llama3p1_8b_instruct,CM_A_STD_016,,1,llama3p1_8b_instruct:CM_A_STD_016:1:llama_primary_20260616T085448Z,c88b3bdb6d93ef80b9e30d9ce1aaeac083ab88cc0558baff5ecbc1bc40f83de0,results/stage6/behavioural_full_rerun/llama_primary_20260616T085448Z.jsonl,17900 N/C,143840 N/C,,-28.453125,,,"[""stage6_llama_behavioural_full_rerun""]"
llama3p1_8b_instruct,CM_A_STD_016,,2,llama3p1_8b_instruct:CM_A_STD_016:2:llama_primary_20260616T085448Z,49dacd0e608d5d04859e7044460da3e0700f47d48e342652caf65edd548d015b,results/stage6/behavioural_full_rerun/llama_primary_20260616T085448Z.jsonl,1792000 N/C,143840 N/C,,-29.296875,,,"[""stage6_llama_behavioural_full_rerun""]"
llama3p1_8b_instruct,CM_A_STD_016,,3,llama3p1_8b_instruct:CM_A_STD_016:3:llama_primary_20260616T085448Z,67346ece6381be2d9503ab61fe3c218935f20b5a981a64b0a90238d95a899522,results/stage6/behavioural_full_rerun/llama_primary_20260616T085448Z.jsonl,1792000 N/C,143840 N/C,,-28.203125,,,"[""stage6_llama_behavioural_full_rerun""]"
llama3p1_8b_instruct,CM_A_STD_017,,0,llama3p1_8b_instruct:CM_A_STD_017:0:llama_primary_20260616T085448Z,6fd48a0082ae0aecf597c36b1abc01a705550759ab22bb67f20afc8a21a28422,results/stage6/behavioural_full_rerun/llama_primary_20260616T085448Z.jsonl,20930 J,41860 J,,-17.328125,,,"[""stage6_llama_behavioural_full_rerun""]"
llama3p1_8b_instruct,CM_A_STD_017,,1,llama3p1_8b_instruct:CM_A_STD_017:1:llama_primary_20260616T085448Z,9e1e2a7b2c69d2a57fffcfac95b8c0ae8797fddf18be4cb8c13811cab2c43ed2,results/stage6/behavioural_full_rerun/llama_primary_20260616T085448Z.jsonl,41860 J,41860 J,,-18.640625,,,"[""stage6_llama_behavioural_full_rerun""]"
llama3p1_8b_instruct,CM_A_STD_017,,2,llama3p1_8b_instruct:CM_A_STD_017:2:llama_primary_20260616T085448Z,3ac2b9005171f70ee48a532cde92548c62c3fefdee21fe055ce95c46f730e95d,results/stage6/behavioural_full_rerun/llama_primary_20260616T085448Z.jsonl,83600 J,41860 J,,-20.609375,,,"[""stage6_llama_behavioural_full_rerun""]"
llama3p1_8b_instruct,CM_A_STD_017,,3,llama3p1_8b_instruct:CM_A_STD_017:3:llama_primary_20260616T085448Z,0367ff3acf9dc276c7ee8d25419a3a9bf71cf5fde922fe4437cba1143bbbdf34,results/stage6/behavioural_full_rerun/llama_primary_20260616T085448Z.jsonl,836800 J,41860 J,,-23.53125,,,"[""stage6_llama_behavioural_full_rerun""]"
llama3p1_8b_instruct,CM_A_STD_018,,0,llama3p1_8b_instruct:CM_A_STD_018:0:llama_primary_20260616T085448Z,0108c4f51bb35c0dd5aef4eb151ea90831c1ce0fed1cb38006f425540fd59227,results/stage6/behavioural_full_rerun/llama_primary_20260616T085448Z.jsonl,101325 Pa,99768 Pa,,-29.734375,,,"[""stage6_llama_behavioural_full_rerun""]"
llama3p1_8b_instruct,CM_A_STD_018,,1,llama3p1_8b_instruct:CM_A_STD_018:1:llama_primary_20260616T085448Z,c4c41a235070788103ffe1083a40db2a90def5afd1b52fde3d0d8fc835fdf6b3,results/stage6/behavioural_full_rerun/llama_primary_20260616T085448Z.jsonl,101325 Pa,99768 Pa,,-29.9375,,,"[""stage6_llama_behavioural_full_rerun""]"
llama3p1_8b_instruct,CM_A_STD_018,,2,llama3p1_8b_instruct:CM_A_STD_018:2:llama_primary_20260616T085448Z,decc95714c1b3a7c7bacd30c79ddfccd40424f8b317b5401c23176fa66eae76e,results/stage6/behavioural_full_rerun/llama_primary_20260616T085448Z.jsonl,101325 Pa,99768 Pa,,-29.921875,,,"[""stage6_llama_behavioural_full_rerun""]"
llama3p1_8b_instruct,CM_A_STD_018,,3,llama3p1_8b_instruct:CM_A_STD_018:3:llama_primary_20260616T085448Z,d0dfa17619c6f7ca38cf4185f5432dc8288deb303144896ea93016bdf1b6932c,results/stage6/behavioural_full_rerun/llama_primary_20260616T085448Z.jsonl,101325 Pa,99768 Pa,,-30.03125,,,"[""stage6_llama_behavioural_full_rerun""]"
llama3p1_8b_instruct,CM_A_STD_019,,0,llama3p1_8b_instruct:CM_A_STD_019:0:llama_primary_20260616T085448Z,1fe50cd2ef47609f78ed0b84bf2dddf04c22af20800c4775cdc12fdf956758af,results/stage6/behavioural_full_rerun/llama_primary_20260616T085448Z.jsonl,0.1 m,0.01 m,,-20.0625,,,"[""stage6_llama_behavioural_full_rerun""]"
llama3p1_8b_instruct,CM_A_STD_019,,1,llama3p1_8b_instruct:CM_A_STD_019:1:llama_primary_20260616T085448Z,c9d6b1e39fb365e585980f010ecaa15b569b931a4dc36e484cd472a604f7916c,results/stage6/behavioural_full_rerun/llama_primary_20260616T085448Z.jsonl,0.1 m,0.01 m,,-19.953125,,,"[""stage6_llama_behavioural_full_rerun""]"
llama3p1_8b_instruct,CM_A_STD_019,,2,llama3p1_8b_instruct:CM_A_STD_019:2:llama_primary_20260616T085448Z,5d18861bc99d6eef79c040924505955cbaf15e57ce8cb416eb87deccba20b54c,results/stage6/behavioural_full_rerun/llama_primary_20260616T085448Z.jsonl,0.1 m,0.01 m,,-20.09375,,,"[""stage6_llama_behavioural_full_rerun""]"
llama3p1_8b_instruct,CM_A_STD_019,,3,llama3p1_8b_instruct:CM_A_STD_019:3:llama_primary_20260616T085448Z,41f61a5cfa1f9438ef907e9831c97fdf7969dda0490572b7e00d2f25b9d8207d,results/stage6/behavioural_full_rerun/llama_primary_20260616T085448Z.jsonl,0.1 m,0.01 m,,-19.953125,,,"[""stage6_llama_behavioural_full_rerun""]"
llama3p1_8b_instruct,CM_A_STD_020,,0,llama3p1_8b_instruct:CM_A_STD_020:0:llama_primary_20260616T085448Z,5c90f90fb744ddafc2c28e607f8b64f6c22920e3d0a140969bd1ca1d7f423801,results/stage6/behavioural_full_rerun/llama_primary_20260616T085448Z.jsonl,2000 J,2000 J,,-18.4375,,,"[""stage6_llama_behavioural_full_rerun""]"
llama3p1_8b_instruct,CM_A_STD_020,,1,llama3p1_8b_instruct:CM_A_STD_020:1:llama_primary_20260616T085448Z,125dc81494a98b1bfa3ea2e00ae24cf42051567e718544cd148b104d6aa4da0f,results/stage6/behavioural_full_rerun/llama_primary_20260616T085448Z.jsonl,2000 J,2000 J,,-18.390625,,,"[""stage6_llama_behavioural_full_rerun""]"
llama3p1_8b_instruct,CM_A_STD_020,,2,llama3p1_8b_instruct:CM_A_STD_020:2:llama_primary_20260616T085448Z,9bf9193e7a544ea2deab1c1d4740e4f0723f9a73321fe7ab2b5b5c25019f2449,results/stage6/behavioural_full_rerun/llama_primary_20260616T085448Z.jsonl,2000 J,2000 J,,-18.90625,,,"[""stage6_llama_behavioural_full_rerun""]"
llama3p1_8b_instruct,CM_A_STD_020,,3,llama3p1_8b_instruct:CM_A_STD_020:3:llama_primary_20260616T085448Z,fda98f6a43b2c9a21605149cc7360f14e7c9b1ac6c0152c82ff6ebd285195954,results/stage6/behavioural_full_rerun/llama_primary_20260616T085448Z.jsonl,2000 J,2000 J,,-18.578125,,,"[""stage6_llama_behavioural_full_rerun""]"
llama3p1_8b_instruct,CM_B_001,,0,llama3p1_8b_instruct:CM_B_001:0:llama_primary_20260616T085448Z,3be57340e473ac83b9fe7876b1c9efc3bb7f9ea0e3f850d4fe862463634c9ae6,results/stage6/behavioural_full_rerun/llama_primary_20260616T085448Z.jsonl,5.0 m/s^2,5.0 m/s^2,,-21.25,,,"[""stage6_llama_behavioural_full_rerun""]"
llama3p1_8b_instruct,CM_B_001,,1,llama3p1_8b_instruct:CM_B_001:1:llama_primary_20260616T085448Z,309fc2be964f287fe160e877add1da00930138a1357383e7a922d8b23e3db71b,results/stage6/behavioural_full_rerun/llama_primary_20260616T085448Z.jsonl,5.0 m/s^2,5.0 m/s^2,,-20.96875,,,"[""stage6_llama_behavioural_full_rerun""]"
llama3p1_8b_instruct,CM_B_001,,2,llama3p1_8b_instruct:CM_B_001:2:llama_primary_20260616T085448Z,1964d0e0bfc0b16a0d5d74aeac06edc2f01441c0724d9c3da9a61f38c4b71bd4,results/stage6/behavioural_full_rerun/llama_primary_20260616T085448Z.jsonl,5.0 m/s^2,5.0 m/s^2,,-20.9375,,,"[""stage6_llama_behavioural_full_rerun""]"
llama3p1_8b_instruct,CM_B_001,,3,llama3p1_8b_instruct:CM_B_001:3:llama_primary_20260616T085448Z,bfae69ede923d1df6b4d572b7b55d2f5e6e36033709d3f63e465c9787d523951,results/stage6/behavioural_full_rerun/llama_primary_20260616T085448Z.jsonl,5.0 m/s^2,5.0 m/s^2,,-20.9375,,,"[""stage6_llama_behavioural_full_rerun""]"
llama3p1_8b_instruct,CM_B_002,,0,llama3p1_8b_instruct:CM_B_002:0:llama_primary_20260616T085448Z,1606a15e49c9941850a5e6a86e1c0fea2ac96a5d6fae018ed2db2ebe832aa567,results/stage6/behavioural_full_rerun/llama_primary_20260616T085448Z.jsonl,10 m/s,10.0 m/s,,-26.0625,,,"[""stage6_llama_behavioural_full_rerun""]"
llama3p1_8b_instruct,CM_B_002,,1,llama3p1_8b_instruct:CM_B_002:1:llama_primary_20260616T085448Z,4aceb0993d6b727b9c2a93b50c3387d822b5c9a56b50010b4a4d5e1288fddb3e,results/stage6/behavioural_full_rerun/llama_primary_20260616T085448Z.jsonl,10 m/s,10.0 m/s,,-26.09375,,,"[""stage6_llama_behavioural_full_rerun""]"
llama3p1_8b_instruct,CM_B_002,,2,llama3p1_8b_instruct:CM_B_002:2:llama_primary_20260616T085448Z,fdfc39353e221ab71a4cdc364c5c0dbaf9bce1a16aa5b4d266a3e72e52ea89cd,results/stage6/behavioural_full_rerun/llama_primary_20260616T085448Z.jsonl,10 m/s,10.0 m/s,,-25.78125,,,"[""stage6_llama_behavioural_full_rerun""]"
llama3p1_8b_instruct,CM_B_002,,3,llama3p1_8b_instruct:CM_B_002:3:llama_primary_20260616T085448Z,05d375feea95d0f1c31969a1c0eb984cd5010d5947bedacd6a8b810f56b4ca28,results/stage6/behavioural_full_rerun/llama_primary_20260616T085448Z.jsonl,10 m/s,10.0 m/s,,-26.046875,,,"[""stage6_llama_behavioural_full_rerun""]"
llama3p1_8b_instruct,CM_B_003,,0,llama3p1_8b_instruct:CM_B_003:0:llama_primary_20260616T085448Z,9641d2418b13b7c22c8d8c3d1f1d221fe5045e55eb65b69f5c270c51ad55da9d,results/stage6/behavioural_full_rerun/llama_primary_20260616T085448Z.jsonl,20 J,50.0 J,,-21.484375,,,"[""stage6_llama_behavioural_full_rerun""]"
llama3p1_8b_instruct,CM_B_003,,1,llama3p1_8b_instruct:CM_B_003:1:llama_primary_20260616T085448Z,82e7135479f05b3202ee5488a6fe0ed73242b409bfdbfa740f362456e5b2a355,results/stage6/behavioural_full_rerun/llama_primary_20260616T085448Z.jsonl,20.0 J,50.0 J,,-21.421875,,,"[""stage6_llama_behavioural_full_rerun""]"
llama3p1_8b_instruct,CM_B_003,,2,llama3p1_8b_instruct:CM_B_003:2:llama_primary_20260616T085448Z,344a1643303f54bf256ec01e8d746508912293fc7f55e0e85eda309487d3c272,results/stage6/behavioural_full_rerun/llama_primary_20260616T085448Z.jsonl,20.0 J,50.0 J,,-20.8125,,,"[""stage6_llama_behavioural_full_rerun""]"
llama3p1_8b_instruct,CM_B_003,,3,llama3p1_8b_instruct:CM_B_003:3:llama_primary_20260616T085448Z,17dbf74b82693057d1cd18cb0d993db5f28522d9e7351b6cef58f50d8a92db5f,results/stage6/behavioural_full_rerun/llama_primary_20260616T085448Z.jsonl,20.0 J,50.0 J,,-20.859375,,,"[""stage6_llama_behavioural_full_rerun""]"
llama3p1_8b_instruct,CM_B_004,,0,llama3p1_8b_instruct:CM_B_004:0:llama_primary_20260616T085448Z,63f3a85ac071cd9d2e3cbd07b19f6699a5c65e7f97ba6656af581a547411020c,results/stage6/behavioural_full_rerun/llama_primary_20260616T085448Z.jsonl,39 J,117.6 J,,-18.609375,,,"[""stage6_llama_behavioural_full_rerun""]"
llama3p1_8b_instruct,CM_B_004,,1,llama3p1_8b_instruct:CM_B_004:1:llama_primary_20260616T085448Z,2938619fe888011a256c8b489bf4886858753bdd5c034e2089f6403baf99b1d8,results/stage6/behavioural_full_rerun/llama_primary_20260616T085448Z.jsonl,39 J,117.6 J,,-18.390625,,,"[""stage6_llama_behavioural_full_rerun""]"
llama3p1_8b_instruct,CM_B_004,,2,llama3p1_8b_instruct:CM_B_004:2:llama_primary_20260616T085448Z,9e9f744a54f85dc9e24578e858fcd18dbadbd81d1939d95c828dbe60f5d9485d,results/stage6/behavioural_full_rerun/llama_primary_20260616T085448Z.jsonl,39.2 J,117.6 J,,-18.28125,,,"[""stage6_llama_behavioural_full_rerun""]"
llama3p1_8b_instruct,CM_B_004,,3,llama3p1_8b_instruct:CM_B_004:3:llama_primary_20260616T085448Z,e8a357370e52cab781aac210217057e029f0e7b12496d2a3549903138750ff9a,results/stage6/behavioural_full_rerun/llama_primary_20260616T085448Z.jsonl,39.2 J,117.6 J,,-18.125,,,"[""stage6_llama_behavioural_full_rerun""]"
llama3p1_8b_instruct,CM_B_005,,0,llama3p1_8b_instruct:CM_B_005:0:llama_primary_20260616T085448Z,273093960a64455cc907fb0aef30c162fee5447fddd40284847aefff924a8cb2,results/stage6/behavioural_full_rerun/llama_primary_20260616T085448Z.jsonl,12 N,12.0 N,,-23.046875,,,"[""stage6_llama_behavioural_full_rerun""]"
llama3p1_8b_instruct,CM_B_005,,1,llama3p1_8b_instruct:CM_B_005:1:llama_primary_20260616T085448Z,6ef46b8f7d2bff8796c956a986a456ceeabc4b445f6900131901cc641eb01cb2,results/stage6/behavioural_full_rerun/llama_primary_20260616T085448Z.jsonl,12 N,12.0 N,,-23.015625,,,"[""stage6_llama_behavioural_full_rerun""]"
llama3p1_8b_instruct,CM_B_005,,2,llama3p1_8b_instruct:CM_B_005:2:llama_primary_20260616T085448Z,2456ad4773d49589bd3b590cd3ef52c15cbdfb8465a664f8b6dc4670849ac6f8,results/stage6/behavioural_full_rerun/llama_primary_20260616T085448Z.jsonl,12.0 N,12.0 N,,-22.796875,,,"[""stage6_llama_behavioural_full_rerun""]"
llama3p1_8b_instruct,CM_B_005,,3,llama3p1_8b_instruct:CM_B_005:3:llama_primary_20260616T085448Z,1dc7452261a66d2a8dba4a03545415bd831ff1c8e3b548f67c7541edcd4db1b0,results/stage6/behavioural_full_rerun/llama_primary_20260616T085448Z.jsonl,12 N,12.0 N,,-22.984375,,,"[""stage6_llama_behavioural_full_rerun""]"
llama3p1_8b_instruct,CM_B_006,,0,llama3p1_8b_instruct:CM_B_006:0:llama_primary_20260616T085448Z,a71551d8cfaf3ec296f3baad13814502da05f0599778e706588432142cccf67f,results/stage6/behavioural_full_rerun/llama_primary_20260616T085448Z.jsonl,14 N*s,14.0 kg*m/s,,-25.515625,,,"[""stage6_llama_behavioural_full_rerun""]"
llama3p1_8b_instruct,CM_B_006,,1,llama3p1_8b_instruct:CM_B_006:1:llama_primary_20260616T085448Z,4b9fc55a6a0a20df6467809ebf6f94eabcbf8bf0544dcb7f9623f2feee6a4217,results/stage6/behavioural_full_rerun/llama_primary_20260616T085448Z.jsonl,14 N*s,14.0 kg*m/s,,-25.515625,,,"[""stage6_llama_behavioural_full_rerun""]"
llama3p1_8b_instruct,CM_B_006,,2,llama3p1_8b_instruct:CM_B_006:2:llama_primary_20260616T085448Z,90b099b47e45795467af7e8ee05ceafd4dfc50ca59b2bccb7748bd71908917d1,results/stage6/behavioural_full_rerun/llama_primary_20260616T085448Z.jsonl,14 N*s,14.0 kg*m/s,,-25.34375,,,"[""stage6_llama_behavioural_full_rerun""]"
llama3p1_8b_instruct,CM_B_006,,3,llama3p1_8b_instruct:CM_B_006:3:llama_primary_20260616T085448Z,a6c70dc1342b17a9f4731134dd20ed1d4ec8476202f1c613320558e47b29f536,results/stage6/behavioural_full_rerun/llama_primary_20260616T085448Z.jsonl,14 N*s,14.0 kg*m/s,,-25.1875,,,"[""stage6_llama_behavioural_full_rerun""]"
llama3p1_8b_instruct,CM_B_007,,0,llama3p1_8b_instruct:CM_B_007:0:llama_primary_20260616T085448Z,364d36253945fdefb5cd2234fe41a36870b5ad681e997bae113a68b609f54890,results/stage6/behavioural_full_rerun/llama_primary_20260616T085448Z.jsonl,6.283 N,8.0 N,,-15.0,,,"[""stage6_llama_behavioural_full_rerun""]"
llama3p1_8b_instruct,CM_B_007,,1,llama3p1_8b_instruct:CM_B_007:1:llama_primary_20260616T085448Z,8ce81768cd18fb96d13d95f9e21e6d41c9249b0aac057deb818b361da48e0c11,results/stage6/behavioural_full_rerun/llama_primary_20260616T085448Z.jsonl,8.0 N,8.0 N,,-14.78125,,,"[""stage6_llama_behavioural_full_rerun""]"
llama3p1_8b_instruct,CM_B_007,,2,llama3p1_8b_instruct:CM_B_007:2:llama_primary_20260616T085448Z,c3303665b308680de8305221c966cada89e992a2426ecb103e09257654e38e9d,results/stage6/behavioural_full_rerun/llama_primary_20260616T085448Z.jsonl,5.0 N,8.0 N,,-14.890625,,,"[""stage6_llama_behavioural_full_rerun""]"
llama3p1_8b_instruct,CM_B_007,,3,llama3p1_8b_instruct:CM_B_007:3:llama_primary_20260616T085448Z,28540f715231f56353ca950ae6718693af3159ba81d71b3096d63439f254ce08,results/stage6/behavioural_full_rerun/llama_primary_20260616T085448Z.jsonl,6.0 N,8.0 N,,-14.2109375,,,"[""stage6_llama_behavioural_full_rerun""]"
llama3p1_8b_instruct,CM_B_008,,0,llama3p1_8b_instruct:CM_B_008:0:llama_primary_20260616T085448Z,6da233182432fd1b85bbd8d2f00c82d89f7715da11a2ebf35bfc7ffd672d2afb,results/stage6/behavioural_full_rerun/llama_primary_20260616T085448Z.jsonl,160 J,160.0 J,,-22.078125,,,"[""stage6_llama_behavioural_full_rerun""]"
llama3p1_8b_instruct,CM_B_008,,1,llama3p1_8b_instruct:CM_B_008:1:llama_primary_20260616T085448Z,eefffff6e3bbc9766ed2cf1852c5403c2ee107aa56192dc0d7055801848c71cb,results/stage6/behavioural_full_rerun/llama_primary_20260616T085448Z.jsonl,160 J,160.0 J,,-21.453125,,,"[""stage6_llama_behavioural_full_rerun""]"
llama3p1_8b_instruct,CM_B_008,,2,llama3p1_8b_instruct:CM_B_008:2:llama_primary_20260616T085448Z,348998cf1ff147be7503818182cb6aa932392e106b0f757a8390ad15b84ebe51,results/stage6/behavioural_full_rerun/llama_primary_20260616T085448Z.jsonl,160 J,160.0 J,,-21.140625,,,"[""stage6_llama_behavioural_full_rerun""]"
llama3p1_8b_instruct,CM_B_008,,3,llama3p1_8b_instruct:CM_B_008:3:llama_primary_20260616T085448Z,6527facd8fe2aad8cf3b57daf292f68f6e4f4e08daffbec733db6f0cd6aa8361,results/stage6/behavioural_full_rerun/llama_primary_20260616T085448Z.jsonl,160 J,160.0 J,,-21.390625,,,"[""stage6_llama_behavioural_full_rerun""]"
llama3p1_8b_instruct,CM_B_009,,0,llama3p1_8b_instruct:CM_B_009:0:llama_primary_20260616T085448Z,c507a9024115dfc0c16cc6b5e6174f9da75671aa5dcff9f746aa32ba03f74132,results/stage6/behavioural_full_rerun/llama_primary_20260616T085448Z.jsonl,1.2 m/s,3.0 m/s,,-16.234375,,,"[""stage6_llama_behavioural_full_rerun""]"
llama3p1_8b_instruct,CM_B_009,,1,llama3p1_8b_instruct:CM_B_009:1:llama_primary_20260616T085448Z,a3c33efbf99ce1e09755898fd85741700413fc18efffc312a6ba819633d2da35,results/stage6/behavioural_full_rerun/llama_primary_20260616T085448Z.jsonl,1.2 m/s,3.0 m/s,,-16.203125,,,"[""stage6_llama_behavioural_full_rerun""]"
llama3p1_8b_instruct,CM_B_009,,2,llama3p1_8b_instruct:CM_B_009:2:llama_primary_20260616T085448Z,01231dc9e3ff47e6789bbcc97066a8557b386583085916a1de71d5eec98fdbb5,results/stage6/behavioural_full_rerun/llama_primary_20260616T085448Z.jsonl,1.5 m/s,3.0 m/s,,-16.40625,,,"[""stage6_llama_behavioural_full_rerun""]"
llama3p1_8b_instruct,CM_B_009,,3,llama3p1_8b_instruct:CM_B_009:3:llama_primary_20260616T085448Z,05e38cf2663b236c75722b22b4551031943a31b7dc3a64574e797c0defa35763,results/stage6/behavioural_full_rerun/llama_primary_20260616T085448Z.jsonl,1.5 m/s,3.0 m/s,,-16.578125,,,"[""stage6_llama_behavioural_full_rerun""]"
llama3p1_8b_instruct,CM_B_010,,0,llama3p1_8b_instruct:CM_B_010:0:llama_primary_20260616T085448Z,3925263f67094f160d065da027b087195a535784f9a42e6dc4ada8fb130f1e8d,results/stage6/behavioural_full_rerun/llama_primary_20260616T085448Z.jsonl,15 N*m,15.0 N*m,,-20.484375,,,"[""stage6_llama_behavioural_full_rerun""]"
llama3p1_8b_instruct,CM_B_010,,1,llama3p1_8b_instruct:CM_B_010:1:llama_primary_20260616T085448Z,98f5c9c24fec1c196bd1d4d32a59b06b1c0bb0b596cd742ee52f71660253d0ff,results/stage6/behavioural_full_rerun/llama_primary_20260616T085448Z.jsonl,15 N*m,15.0 N*m,,-20.6875,,,"[""stage6_llama_behavioural_full_rerun""]"
llama3p1_8b_instruct,CM_B_010,,2,llama3p1_8b_instruct:CM_B_010:2:llama_primary_20260616T085448Z,8e61842631fc52ddd4f3ccd67e7771847e905afbbe3b473be9ec788354436979,results/stage6/behavioural_full_rerun/llama_primary_20260616T085448Z.jsonl,15 N*m,15.0 N*m,,-20.453125,,,"[""stage6_llama_behavioural_full_rerun""]"
llama3p1_8b_instruct,CM_B_010,,3,llama3p1_8b_instruct:CM_B_010:3:llama_primary_20260616T085448Z,041ed060f106bc81f117d131c4c0237d60933e572f00998d87bcd1fb5df603d6,results/stage6/behavioural_full_rerun/llama_primary_20260616T085448Z.jsonl,15 N*m,15.0 N*m,,-20.359375,,,"[""stage6_llama_behavioural_full_rerun""]"
llama3p1_8b_instruct,CM_B_STD_001,,0,llama3p1_8b_instruct:CM_B_STD_001:0:llama_primary_20260616T085448Z,31997da4e3cfda72412c83780efe3964cfa001d0a6934fc60305675dc4cfdd75,results/stage6/behavioural_full_rerun/llama_primary_20260616T085448Z.jsonl,4 rad/s2,4.0 rad/s^2,,-22.46875,,,"[""stage6_llama_behavioural_full_rerun""]"
llama3p1_8b_instruct,CM_B_STD_001,,1,llama3p1_8b_instruct:CM_B_STD_001:1:llama_primary_20260616T085448Z,f3324cc4eda5261db6d7426d83f6e19d21bb49d8457b1add1f186ea9f142a789,results/stage6/behavioural_full_rerun/llama_primary_20260616T085448Z.jsonl,4 rad/s2,4.0 rad/s^2,,-22.703125,,,"[""stage6_llama_behavioural_full_rerun""]"
llama3p1_8b_instruct,CM_B_STD_001,,2,llama3p1_8b_instruct:CM_B_STD_001:2:llama_primary_20260616T085448Z,cd5053ea600a6ca1e3cbec8d18c6f3590d01006290edcfdd83cac7e708956784,results/stage6/behavioural_full_rerun/llama_primary_20260616T085448Z.jsonl,4 rad/s2,4.0 rad/s^2,,-22.625,,,"[""stage6_llama_behavioural_full_rerun""]"
llama3p1_8b_instruct,CM_B_STD_001,,3,llama3p1_8b_instruct:CM_B_STD_001:3:llama_primary_20260616T085448Z,3687596a101b7749c5701e6431b5b242f8029ef0d4fece6c25c69880809604fb,results/stage6/behavioural_full_rerun/llama_primary_20260616T085448Z.jsonl,4 rad/s2,4.0 rad/s^2,,-22.484375,,,"[""stage6_llama_behavioural_full_rerun""]"
llama3p1_8b_instruct,CM_B_STD_002,,0,llama3p1_8b_instruct:CM_B_STD_002:0:llama_primary_20260616T085448Z,376fde46047422ee8b083ca461827681bdf34baab29b8560eb8c797c3608b9fd,results/stage6/behavioural_full_rerun/llama_primary_20260616T085448Z.jsonl,32 rad/s2,4.0 rad/s^2,,-23.453125,,,"[""stage6_llama_behavioural_full_rerun""]"
llama3p1_8b_instruct,CM_B_STD_002,,1,llama3p1_8b_instruct:CM_B_STD_002:1:llama_primary_20260616T085448Z,08b3763a8f6515bcc8386f7c9f07da04ee071e0db49f41b54e4b68d2e878ca04,results/stage6/behavioural_full_rerun/llama_primary_20260616T085448Z.jsonl,32 rad/s2,4.0 rad/s^2,,-23.515625,,,"[""stage6_llama_behavioural_full_rerun""]"
llama3p1_8b_instruct,CM_B_STD_002,,2,llama3p1_8b_instruct:CM_B_STD_002:2:llama_primary_20260616T085448Z,38d51229ef3e0cef890af8685319f9208913eea22514cc497a2a019f37d46301,results/stage6/behavioural_full_rerun/llama_primary_20260616T085448Z.jsonl,32 rad/s2,4.0 rad/s^2,,-23.53125,,,"[""stage6_llama_behavioural_full_rerun""]"
llama3p1_8b_instruct,CM_B_STD_002,,3,llama3p1_8b_instruct:CM_B_STD_002:3:llama_primary_20260616T085448Z,89d7358a405dc74c51799d421a1f8c346f8490881912146086b3cddf16573e13,results/stage6/behavioural_full_rerun/llama_primary_20260616T085448Z.jsonl,32 rad/s2,4.0 rad/s^2,,-23.234375,,,"[""stage6_llama_behavioural_full_rerun""]"
llama3p1_8b_instruct,CM_B_STD_003,,0,llama3p1_8b_instruct:CM_B_STD_003:0:llama_primary_20260616T085448Z,42d2c22f6dc2f9dd2c2472a521036d8a877839a6921d42186858b8b8f2caf288,results/stage6/behavioural_full_rerun/llama_primary_20260616T085448Z.jsonl,6.0 rad/s2,6.0 rad/s^2,,-22.265625,,,"[""stage6_llama_behavioural_full_rerun""]"
llama3p1_8b_instruct,CM_B_STD_003,,1,llama3p1_8b_instruct:CM_B_STD_003:1:llama_primary_20260616T085448Z,f540874ed2614d20cd588e2c00a489f75bbbabf0ab128e2c8af2253cea2dc6b2,results/stage6/behavioural_full_rerun/llama_primary_20260616T085448Z.jsonl,6 rad/s2,6.0 rad/s^2,,-22.15625,,,"[""stage6_llama_behavioural_full_rerun""]"
llama3p1_8b_instruct,CM_B_STD_003,,2,llama3p1_8b_instruct:CM_B_STD_003:2:llama_primary_20260616T085448Z,8e4c9db17d8ea9904b35ee70e1ba3c16e62b3c7fa2d82f5e136230ea3ba54a5a,results/stage6/behavioural_full_rerun/llama_primary_20260616T085448Z.jsonl,6.0 rad/s2,6.0 rad/s^2,,-23.515625,,,"[""stage6_llama_behavioural_full_rerun""]"
llama3p1_8b_instruct,CM_B_STD_003,,3,llama3p1_8b_instruct:CM_B_STD_003:3:llama_primary_20260616T085448Z,e55ee72c62da0f83d8223fea1e58fb148362982afecb2c1962433b76f033d969,results/stage6/behavioural_full_rerun/llama_primary_20260616T085448Z.jsonl,6.0 rad/s2,6.0 rad/s^2,,-23.25,,,"[""stage6_llama_behavioural_full_rerun""]"
llama3p1_8b_instruct,CM_B_STD_004,,0,llama3p1_8b_instruct:CM_B_STD_004:0:llama_primary_20260616T085448Z,9bd6a0c254df7b0c984178bb30273dbecc8b937ce7e16d0c664d9a93ce82c2e0,results/stage6/behavioural_full_rerun/llama_primary_20260616T085448Z.jsonl,20000 Pa,19600 Pa,,-21.0,,,"[""stage6_llama_behavioural_full_rerun""]"
llama3p1_8b_instruct,CM_B_STD_004,,1,llama3p1_8b_instruct:CM_B_STD_004:1:llama_primary_20260616T085448Z,948a351e059ca5b40330131fe2651ba7b67cd8d60a88274560f41e7cf5fae74c,results/stage6/behavioural_full_rerun/llama_primary_20260616T085448Z.jsonl,19600 Pa,19600 Pa,,-21.0,,,"[""stage6_llama_behavioural_full_rerun""]"
llama3p1_8b_instruct,CM_B_STD_004,,2,llama3p1_8b_instruct:CM_B_STD_004:2:llama_primary_20260616T085448Z,bf8cf61bc7d7a189215586c53ce1a563afa011acdbeb02ec19157f723d4690a2,results/stage6/behavioural_full_rerun/llama_primary_20260616T085448Z.jsonl,19600 Pa,19600 Pa,,-21.140625,,,"[""stage6_llama_behavioural_full_rerun""]"
llama3p1_8b_instruct,CM_B_STD_004,,3,llama3p1_8b_instruct:CM_B_STD_004:3:llama_primary_20260616T085448Z,b576a67e2faddbf92db3c3420e02fb71e51c2d3199d67531f72e08746ab4abea,results/stage6/behavioural_full_rerun/llama_primary_20260616T085448Z.jsonl,19600 Pa,19600 Pa,,-21.3125,,,"[""stage6_llama_behavioural_full_rerun""]"
llama3p1_8b_instruct,CM_B_STD_005,,0,llama3p1_8b_instruct:CM_B_STD_005:0:llama_primary_20260616T085448Z,901b088fbfd89b488c89fe9a346d808a75bde2adffb17c7dcf8f473f74533a94,results/stage6/behavioural_full_rerun/llama_primary_20260616T085448Z.jsonl,40000 Pa,39200 Pa,,-21.34375,,,"[""stage6_llama_behavioural_full_rerun""]"
llama3p1_8b_instruct,CM_B_STD_005,,1,llama3p1_8b_instruct:CM_B_STD_005:1:llama_primary_20260616T085448Z,80ca3cd22837d8eb55c062e37189f9ce342f3b4c4ff1516c3c622b50dca3c823,results/stage6/behavioural_full_rerun/llama_primary_20260616T085448Z.jsonl,40000 Pa,39200 Pa,,-20.96875,,,"[""stage6_llama_behavioural_full_rerun""]"
llama3p1_8b_instruct,CM_B_STD_005,,2,llama3p1_8b_instruct:CM_B_STD_005:2:llama_primary_20260616T085448Z,0507faf2ada3c10b2e1c3df4cfe69fa169f34a80c6e37f7fe22339be1e1688b7,results/stage6/behavioural_full_rerun/llama_primary_20260616T085448Z.jsonl,40000 Pa,39200 Pa,,-20.828125,,,"[""stage6_llama_behavioural_full_rerun""]"
llama3p1_8b_instruct,CM_B_STD_005,,3,llama3p1_8b_instruct:CM_B_STD_005:3:llama_primary_20260616T085448Z,cf7791d5e1f85aef4fdfc60edef0f390d9ddba48ca34911957fb86f538ab76ae,results/stage6/behavioural_full_rerun/llama_primary_20260616T085448Z.jsonl,40000 Pa,39200 Pa,,-20.71875,,,"[""stage6_llama_behavioural_full_rerun""]"
llama3p1_8b_instruct,CM_B_STD_006,,0,llama3p1_8b_instruct:CM_B_STD_006:0:llama_primary_20260616T085448Z,d0f6bba33b431818ca5395f5e256a247da63ad1133e4d9d78984c9eb7530c069,results/stage6/behavioural_full_rerun/llama_primary_20260616T085448Z.jsonl,136000 Pa,13328 Pa,,-24.515625,,,"[""stage6_llama_behavioural_full_rerun""]"
llama3p1_8b_instruct,CM_B_STD_006,,1,llama3p1_8b_instruct:CM_B_STD_006:1:llama_primary_20260616T085448Z,5136ec0c38f67763db4a46146566b229535349f846a43e75af6ad1956688798b,results/stage6/behavioural_full_rerun/llama_primary_20260616T085448Z.jsonl,136000 Pa,13328 Pa,,-23.828125,,,"[""stage6_llama_behavioural_full_rerun""]"
llama3p1_8b_instruct,CM_B_STD_006,,2,llama3p1_8b_instruct:CM_B_STD_006:2:llama_primary_20260616T085448Z,61f1484f2160d81de89b4dbd6e3c5bab055893dfa5ef0aa42195ee76ae22a0b5,results/stage6/behavioural_full_rerun/llama_primary_20260616T085448Z.jsonl,136000 Pa,13328 Pa,,-24.03125,,,"[""stage6_llama_behavioural_full_rerun""]"
llama3p1_8b_instruct,CM_B_STD_006,,3,llama3p1_8b_instruct:CM_B_STD_006:3:llama_primary_20260616T085448Z,4a35e7694f9a3a949f4cd3780c0d1ae83980c79310b45f9e217697fb3b79a1a0,results/stage6/behavioural_full_rerun/llama_primary_20260616T085448Z.jsonl,169600 Pa,13328 Pa,,-24.234375,,,"[""stage6_llama_behavioural_full_rerun""]"
llama3p1_8b_instruct,CM_B_STD_007,,0,llama3p1_8b_instruct:CM_B_STD_007:0:llama_primary_20260616T085448Z,858d5f31882f51a21951796f1d12e01cd3195803e50a237d764bb9c262e3a3e8,results/stage6/behavioural_full_rerun/llama_primary_20260616T085448Z.jsonl,21000 J,42000 J,,-19.625,,,"[""stage6_llama_behavioural_full_rerun""]"
llama3p1_8b_instruct,CM_B_STD_007,,1,llama3p1_8b_instruct:CM_B_STD_007:1:llama_primary_20260616T085448Z,e5a5c7f2c14aec3921a84bf352cecb4c0511b6a74e6d45c7ecd70b5066f371f3,results/stage6/behavioural_full_rerun/llama_primary_20260616T085448Z.jsonl,2.1e4 J,42000 J,,-20.265625,,,"[""stage6_llama_behavioural_full_rerun""]"
llama3p1_8b_instruct,CM_B_STD_007,,2,llama3p1_8b_instruct:CM_B_STD_007:2:llama_primary_20260616T085448Z,ccd5e24acb93e1f0f44b586aaa8529419361de7dad1abdb6506a1c456be887e1,results/stage6/behavioural_full_rerun/llama_primary_20260616T085448Z.jsonl,21000 J,42000 J,,-19.203125,,,"[""stage6_llama_behavioural_full_rerun""]"
llama3p1_8b_instruct,CM_B_STD_007,,3,llama3p1_8b_instruct:CM_B_STD_007:3:llama_primary_20260616T085448Z,471bea829edd207dcf18337a311ac16d9c37501b8f687a2261dcc12ad9faf5db,results/stage6/behavioural_full_rerun/llama_primary_20260616T085448Z.jsonl,21000 J,42000 J,,-19.875,,,"[""stage6_llama_behavioural_full_rerun""]"
llama3p1_8b_instruct,CM_B_STD_008,,0,llama3p1_8b_instruct:CM_B_STD_008:0:llama_primary_20260616T085448Z,87f2a7fc41b514f606b19cb6536bfe20cc8eaabd3f2927f9f1e38d4b25744845,results/stage6/behavioural_full_rerun/llama_primary_20260616T085448Z.jsonl,13500 J,27000 J,,-21.359375,,,"[""stage6_llama_behavioural_full_rerun""]"
llama3p1_8b_instruct,CM_B_STD_008,,1,llama3p1_8b_instruct:CM_B_STD_008:1:llama_primary_20260616T085448Z,7e1ab64a37c09e6af12069c13216746a42e1716f9706545ba007bc09a86150aa,results/stage6/behavioural_full_rerun/llama_primary_20260616T085448Z.jsonl,12600 J,27000 J,,-21.546875,,,"[""stage6_llama_behavioural_full_rerun""]"
llama3p1_8b_instruct,CM_B_STD_008,,2,llama3p1_8b_instruct:CM_B_STD_008:2:llama_primary_20260616T085448Z,3781673ecbe33956a102626e20f91f4f174567583f0d4949b1e01fc3d8062564,results/stage6/behavioural_full_rerun/llama_primary_20260616T085448Z.jsonl,13500 J,27000 J,,-20.703125,,,"[""stage6_llama_behavioural_full_rerun""]"
llama3p1_8b_instruct,CM_B_STD_008,,3,llama3p1_8b_instruct:CM_B_STD_008:3:llama_primary_20260616T085448Z,6ebfdbd2a1a5f0326fe9b916d8dabb37f28be4441f2681214a30f0aa3b4da955,results/stage6/behavioural_full_rerun/llama_primary_20260616T085448Z.jsonl,13500 J,27000 J,,-21.421875,,,"[""stage6_llama_behavioural_full_rerun""]"
llama3p1_8b_instruct,CM_B_STD_009,,0,llama3p1_8b_instruct:CM_B_STD_009:0:llama_primary_20260616T085448Z,bf0c34663cdcc582215e099be033ac75b3a877a221910a6b58030fff5cef963d,results/stage6/behavioural_full_rerun/llama_primary_20260616T085448Z.jsonl,60000 J,60000 J,,-18.828125,,,"[""stage6_llama_behavioural_full_rerun""]"
llama3p1_8b_instruct,CM_B_STD_009,,1,llama3p1_8b_instruct:CM_B_STD_009:1:llama_primary_20260616T085448Z,500a5813b2384b7f377ef21ca496eefae03e120138437e6a2c7ead07293f2f9f,results/stage6/behavioural_full_rerun/llama_primary_20260616T085448Z.jsonl,60000 J,60000 J,,-18.890625,,,"[""stage6_llama_behavioural_full_rerun""]"
llama3p1_8b_instruct,CM_B_STD_009,,2,llama3p1_8b_instruct:CM_B_STD_009:2:llama_primary_20260616T085448Z,ac2b19fb816b84878b348d3db87e5fa2cafa3514e1be5026bc0b55373cb0a98f,results/stage6/behavioural_full_rerun/llama_primary_20260616T085448Z.jsonl,60000 J,60000 J,,-18.6875,,,"[""stage6_llama_behavioural_full_rerun""]"
llama3p1_8b_instruct,CM_B_STD_009,,3,llama3p1_8b_instruct:CM_B_STD_009:3:llama_primary_20260616T085448Z,6b29a2369a45d295cbabb1b2b5d0f6e4d29b313f3ec680c079d20ca169e43184,results/stage6/behavioural_full_rerun/llama_primary_20260616T085448Z.jsonl,60000 J,60000 J,,-18.609375,,,"[""stage6_llama_behavioural_full_rerun""]"
llama3p1_8b_instruct,CM_B_STD_010,,0,llama3p1_8b_instruct:CM_B_STD_010:0:llama_primary_20260616T085448Z,78909a7e4731b840b519778e3ce873537e04e01d78dffd635e2061d99eaed8ba,results/stage6/behavioural_full_rerun/llama_primary_20260616T085448Z.jsonl,2.988 N/C,399555.6 N/C,,-31.984375,,,"[""stage6_llama_behavioural_full_rerun""]"
llama3p1_8b_instruct,CM_B_STD_010,,1,llama3p1_8b_instruct:CM_B_STD_010:1:llama_primary_20260616T085448Z,f44f55a3f2a7a20c39f77142382eb675a5c32ecb7edd294436adc50547003da1,results/stage6/behavioural_full_rerun/llama_primary_20260616T085448Z.jsonl,2.97 N/C,399555.6 N/C,,-31.640625,,,"[""stage6_llama_behavioural_full_rerun""]"
llama3p1_8b_instruct,CM_B_STD_010,,2,llama3p1_8b_instruct:CM_B_STD_010:2:llama_primary_20260616T085448Z,46b44d3e6b773123dff30fd603affa1536ee7b8c71cbeb1408e48f901b143b00,results/stage6/behavioural_full_rerun/llama_primary_20260616T085448Z.jsonl,2.98e+03 N/C,399555.6 N/C,,-32.28125,,,"[""stage6_llama_behavioural_full_rerun""]"
llama3p1_8b_instruct,CM_B_STD_010,,3,llama3p1_8b_instruct:CM_B_STD_010:3:llama_primary_20260616T085448Z,f353b233daba94b6a5190da4210bf790c7f42dd958e6e7a4aec1862413f82464,results/stage6/behavioural_full_rerun/llama_primary_20260616T085448Z.jsonl,2.97 N/C,399555.6 N/C,,-31.515625,,,"[""stage6_llama_behavioural_full_rerun""]"
llama3p1_8b_instruct,CM_B_STD_011,,0,llama3p1_8b_instruct:CM_B_STD_011:0:llama_primary_20260616T085448Z,fa439c7adf98fdac9062c1edddc48030a327958a4e1a47e228a2ac23a0562cc0,results/stage6/behavioural_full_rerun/llama_primary_20260616T085448Z.jsonl,179 N/C,449500 N/C,,-23.53125,,,"[""stage6_llama_behavioural_full_rerun""]"
llama3p1_8b_instruct,CM_B_STD_011,,1,llama3p1_8b_instruct:CM_B_STD_011:1:llama_primary_20260616T085448Z,12982157df7a027eb480fd82546e21afec8140c2642adc4d28a9fdbc8e621227,results/stage6/behavioural_full_rerun/llama_primary_20260616T085448Z.jsonl,179 N/C,449500 N/C,,-23.890625,,,"[""stage6_llama_behavioural_full_rerun""]"
llama3p1_8b_instruct,CM_B_STD_011,,2,llama3p1_8b_instruct:CM_B_STD_011:2:llama_primary_20260616T085448Z,fed35a7f708e770b6a6d06dc65f68a1b88c3d7dd6665630eae8307dd0a207857,results/stage6/behavioural_full_rerun/llama_primary_20260616T085448Z.jsonl,179 N/C,449500 N/C,,-23.828125,,,"[""stage6_llama_behavioural_full_rerun""]"
llama3p1_8b_instruct,CM_B_STD_011,,3,llama3p1_8b_instruct:CM_B_STD_011:3:llama_primary_20260616T085448Z,92706ccb82407a0d342e7478e3049a59dcdc4b03ae3b6600715d24fbf22c7fbf,results/stage6/behavioural_full_rerun/llama_primary_20260616T085448Z.jsonl,179 N/C,449500 N/C,,-23.5625,,,"[""stage6_llama_behavioural_full_rerun""]"
llama3p1_8b_instruct,CM_B_STD_012,,0,llama3p1_8b_instruct:CM_B_STD_012:0:llama_primary_20260616T085448Z,4daaa42d6fd76b21e05780f82723945cb6898f54506c1d39d3142e2ea5641684,results/stage6/behavioural_full_rerun/llama_primary_20260616T085448Z.jsonl,1.98e+03 N/C,149833.3 N/C,,-28.703125,,,"[""stage6_llama_behavioural_full_rerun""]"
llama3p1_8b_instruct,CM_B_STD_012,,1,llama3p1_8b_instruct:CM_B_STD_012:1:llama_primary_20260616T085448Z,6af96b540c6d973f602d9a85f27e5f052ea48d7e2a9a23bb997e6c318287e351,results/stage6/behavioural_full_rerun/llama_primary_20260616T085448Z.jsonl,1.38e+04 N/C,149833.3 N/C,,-28.609375,,,"[""stage6_llama_behavioural_full_rerun""]"
llama3p1_8b_instruct,CM_B_STD_012,,2,llama3p1_8b_instruct:CM_B_STD_012:2:llama_primary_20260616T085448Z,7e2214ff6102f1798b404d144071996110a3a8d135555be29f068f5a36aea064,results/stage6/behavioural_full_rerun/llama_primary_20260616T085448Z.jsonl,8.98 N/C,149833.3 N/C,,-29.75,,,"[""stage6_llama_behavioural_full_rerun""]"
llama3p1_8b_instruct,CM_B_STD_012,,3,llama3p1_8b_instruct:CM_B_STD_012:3:llama_primary_20260616T085448Z,679a483db98a3ec2831ad1906d9373bb392a03160635ed741d9873e60cf0a070,results/stage6/behavioural_full_rerun/llama_primary_20260616T085448Z.jsonl,1.98e+03 N/C,149833.3 N/C,,-28.796875,,,"[""stage6_llama_behavioural_full_rerun""]"
llama3p1_8b_instruct,CM_B_STD_013,,0,llama3p1_8b_instruct:CM_B_STD_013:0:llama_primary_20260616T085448Z,bd37428091546e9a9f43a255a484541ce308c47e7bf5e631441210b9b7f35a84,results/stage6/behavioural_full_rerun/llama_primary_20260616T085448Z.jsonl,1.33e+7 N,10.005 N,,-27.796875,,,"[""stage6_llama_behavioural_full_rerun""]"
llama3p1_8b_instruct,CM_B_STD_013,,1,llama3p1_8b_instruct:CM_B_STD_013:1:llama_primary_20260616T085448Z,f27e7495df193700a979c7107cfbf20cdca9c427a7c2154166ba86cce633bb95,results/stage6/behavioural_full_rerun/llama_primary_20260616T085448Z.jsonl,1.33e+7 N,10.005 N,,-27.953125,,,"[""stage6_llama_behavioural_full_rerun""]"
llama3p1_8b_instruct,CM_B_STD_013,,2,llama3p1_8b_instruct:CM_B_STD_013:2:llama_primary_20260616T085448Z,ab85497ece39c8fc645b894c1d3b25fee2cb0449f686344500ac1c58f858babf,results/stage6/behavioural_full_rerun/llama_primary_20260616T085448Z.jsonl,1.33e+7 N,10.005 N,,-28.046875,,,"[""stage6_llama_behavioural_full_rerun""]"
llama3p1_8b_instruct,CM_B_STD_013,,3,llama3p1_8b_instruct:CM_B_STD_013:3:llama_primary_20260616T085448Z,366276aee9feb463a94a0f8e1df07c64bab2de8a43313432c6e6f63c341d6a1d,results/stage6/behavioural_full_rerun/llama_primary_20260616T085448Z.jsonl,1.33e+7 N,10.005 N,,-27.828125,,,"[""stage6_llama_behavioural_full_rerun""]"
llama3p1_8b_instruct,CM_B_STD_014,,0,llama3p1_8b_instruct:CM_B_STD_014:0:llama_primary_20260616T085448Z,e6c0cbe406e403ae9f17315d1be26b120ec5b550695959c7ef06ed13d27b7902,results/stage6/behavioural_full_rerun/llama_primary_20260616T085448Z.jsonl,2.1e-8 N,1.334 N,,-27.484375,,,"[""stage6_llama_behavioural_full_rerun""]"
llama3p1_8b_instruct,CM_B_STD_014,,1,llama3p1_8b_instruct:CM_B_STD_014:1:llama_primary_20260616T085448Z,fd900e07472d39c43498bb4b42540091321b5da3786e9863c8f5f6732bd333d8,results/stage6/behavioural_full_rerun/llama_primary_20260616T085448Z.jsonl,2.64e-8 N,1.334 N,,-27.5,,,"[""stage6_llama_behavioural_full_rerun""]"
llama3p1_8b_instruct,CM_B_STD_014,,2,llama3p1_8b_instruct:CM_B_STD_014:2:llama_primary_20260616T085448Z,97eeebc7f47dd797afebb2d4e7244f5db3cf5874acd1db258584e9393dd30284,results/stage6/behavioural_full_rerun/llama_primary_20260616T085448Z.jsonl,2.1e-8 N,1.334 N,,-27.390625,,,"[""stage6_llama_behavioural_full_rerun""]"
llama3p1_8b_instruct,CM_B_STD_014,,3,llama3p1_8b_instruct:CM_B_STD_014:3:llama_primary_20260616T085448Z,12aa8e3fd3122a4943a089081a01b53ccce020848f97ca06bf1c8a7e8dd8552f,results/stage6/behavioural_full_rerun/llama_primary_20260616T085448Z.jsonl,2.64e-8 N,1.334 N,,-27.625,,,"[""stage6_llama_behavioural_full_rerun""]"
llama3p1_8b_instruct,CM_B_STD_015,,0,llama3p1_8b_instruct:CM_B_STD_015:0:llama_primary_20260616T085448Z,68558be0db1e7abf8a1cbac0c5b2af080bd2f36bdee717cd2bdc8cab5a0823f2,results/stage6/behavioural_full_rerun/llama_primary_20260616T085448Z.jsonl,1.6e-8 N,4.002 N,,-29.484375,,,"[""stage6_llama_behavioural_full_rerun""]"
llama3p1_8b_instruct,CM_B_STD_015,,1,llama3p1_8b_instruct:CM_B_STD_015:1:llama_primary_20260616T085448Z,b777a824a935fe103ca6a854be6a2220e3b28f9f1df6ded11e39f3b415e4abb3,results/stage6/behavioural_full_rerun/llama_primary_20260616T085448Z.jsonl,1.6e-10 N,4.002 N,,-30.015625,,,"[""stage6_llama_behavioural_full_rerun""]"
llama3p1_8b_instruct,CM_B_STD_015,,2,llama3p1_8b_instruct:CM_B_STD_015:2:llama_primary_20260616T085448Z,20c295353233d719c1ead475cbed39e6584065a04905796b3be01906878d55c0,results/stage6/behavioural_full_rerun/llama_primary_20260616T085448Z.jsonl,1.6e-8 N,4.002 N,,-29.75,,,"[""stage6_llama_behavioural_full_rerun""]"
llama3p1_8b_instruct,CM_B_STD_015,,3,llama3p1_8b_instruct:CM_B_STD_015:3:llama_primary_20260616T085448Z,e461e76f1297d1d4fa166629da761d1c6634be52f2326f1218467989d988b509,results/stage6/behavioural_full_rerun/llama_primary_20260616T085448Z.jsonl,1.6e-10 N,4.002 N,,-29.59375,,,"[""stage6_llama_behavioural_full_rerun""]"
llama3p1_8b_instruct,CM_B_UM_001,,0,llama3p1_8b_instruct:CM_B_UM_001:0:llama_primary_20260616T085448Z,e875b337cd458a3a4d24f2141d9adbd85a25dd5ca234e9b82d31d46e8a1a03e7,results/stage6/behavioural_full_rerun/llama_primary_20260616T085448Z.jsonl,18 N,18 N,,-20.578125,,,"[""stage6_llama_behavioural_full_rerun""]"
llama3p1_8b_instruct,CM_B_UM_001,,1,llama3p1_8b_instruct:CM_B_UM_001:1:llama_primary_20260616T085448Z,79825e9f804917df3216504193dbe92a7fa13728b2a1c4fb8fb4cf68742c1f8e,results/stage6/behavioural_full_rerun/llama_primary_20260616T085448Z.jsonl,18.0 N,18 N,,-21.015625,,,"[""stage6_llama_behavioural_full_rerun""]"
llama3p1_8b_instruct,CM_B_UM_001,,2,llama3p1_8b_instruct:CM_B_UM_001:2:llama_primary_20260616T085448Z,775ddade4b707dc15f9bf9535d04fc169cc9ce8023049ba2b5341597d06d7fd4,results/stage6/behavioural_full_rerun/llama_primary_20260616T085448Z.jsonl,18.0 N,18 N,,-22.0,,,"[""stage6_llama_behavioural_full_rerun""]"
llama3p1_8b_instruct,CM_B_UM_001,,3,llama3p1_8b_instruct:CM_B_UM_001:3:llama_primary_20260616T085448Z,8e50190b6e9f23b71815903ad3b706902126ff6972b8e829610cac3a8b83c440,results/stage6/behavioural_full_rerun/llama_primary_20260616T085448Z.jsonl,18.0 N,18 N,,-20.78125,,,"[""stage6_llama_behavioural_full_rerun""]"
llama3p1_8b_instruct,CM_B_UM_002,,0,llama3p1_8b_instruct:CM_B_UM_002:0:llama_primary_20260616T085448Z,492626984673312002725da63f4929ff79ec894737a37250755d12414680d166,results/stage6/behavioural_full_rerun/llama_primary_20260616T085448Z.jsonl,12 N,12 N,,-20.734375,,,"[""stage6_llama_behavioural_full_rerun""]"
llama3p1_8b_instruct,CM_B_UM_002,,1,llama3p1_8b_instruct:CM_B_UM_002:1:llama_primary_20260616T085448Z,28a91090716a841f1816091a3941ca60bae07d19311ac9f9423bf13ece6735d0,results/stage6/behavioural_full_rerun/llama_primary_20260616T085448Z.jsonl,12 N,12 N,,-20.765625,,,"[""stage6_llama_behavioural_full_rerun""]"
llama3p1_8b_instruct,CM_B_UM_002,,2,llama3p1_8b_instruct:CM_B_UM_002:2:llama_primary_20260616T085448Z,97c1d5b11a55d365a3254c595758b7ffcc8e3daa4460d253ec11baa158e63957,results/stage6/behavioural_full_rerun/llama_primary_20260616T085448Z.jsonl,12.0 N,12 N,,-20.484375,,,"[""stage6_llama_behavioural_full_rerun""]"
llama3p1_8b_instruct,CM_B_UM_002,,3,llama3p1_8b_instruct:CM_B_UM_002:3:llama_primary_20260616T085448Z,89eee0358b295ce40b9f9b009bffce39d513649c30c3df34a93ebec91e1f74a3,results/stage6/behavioural_full_rerun/llama_primary_20260616T085448Z.jsonl,12.0 N,12 N,,-20.96875,,,"[""stage6_llama_behavioural_full_rerun""]"
llama3p1_8b_instruct,CM_B_UM_003,,0,llama3p1_8b_instruct:CM_B_UM_003:0:llama_primary_20260616T085448Z,9c6c96f4e1a20faafdc6d5440b814c497f4196aef7dbf397a99c62c3ba765e7b,results/stage6/behavioural_full_rerun/llama_primary_20260616T085448Z.jsonl,24.5 N,24.5 N,,-23.328125,,,"[""stage6_llama_behavioural_full_rerun""]"
llama3p1_8b_instruct,CM_B_UM_003,,1,llama3p1_8b_instruct:CM_B_UM_003:1:llama_primary_20260616T085448Z,b524c4f3bf22c9ba5f17a1e71411813f67044f6c2ec9582db4c8d53ebbd1540a,results/stage6/behavioural_full_rerun/llama_primary_20260616T085448Z.jsonl,24.5 N,24.5 N,,-23.546875,,,"[""stage6_llama_behavioural_full_rerun""]"
llama3p1_8b_instruct,CM_B_UM_003,,2,llama3p1_8b_instruct:CM_B_UM_003:2:llama_primary_20260616T085448Z,92a36ff08aa7bc997b0f41c4f2b1867a3fa2159ff565d2774091efb35b617920,results/stage6/behavioural_full_rerun/llama_primary_20260616T085448Z.jsonl,24.5 N,24.5 N,,-20.890625,,,"[""stage6_llama_behavioural_full_rerun""]"
llama3p1_8b_instruct,CM_B_UM_003,,3,llama3p1_8b_instruct:CM_B_UM_003:3:llama_primary_20260616T085448Z,751b8b43175c22cadfb65f4a3cd25a91cb5175e63ef075955e578a471e74919f,results/stage6/behavioural_full_rerun/llama_primary_20260616T085448Z.jsonl,24.5 N,24.5 N,,-22.96875,,,"[""stage6_llama_behavioural_full_rerun""]"
llama3p1_8b_instruct,CM_B_UM_004,,0,llama3p1_8b_instruct:CM_B_UM_004:0:llama_primary_20260616T085448Z,57fdcc84e2921bf65bd51f13a83aaa5d40605da4111530a9455e804790057462,results/stage6/behavioural_full_rerun/llama_primary_20260616T085448Z.jsonl,1.5 N,14.7 N,,-23.71875,,,"[""stage6_llama_behavioural_full_rerun""]"
llama3p1_8b_instruct,CM_B_UM_004,,1,llama3p1_8b_instruct:CM_B_UM_004:1:llama_primary_20260616T085448Z,eb0f3654a27112dab7932272ac0d2785f3dbc3be8f3e746602296bd3d427b69f,results/stage6/behavioural_full_rerun/llama_primary_20260616T085448Z.jsonl,1.5 N,14.7 N,,-22.765625,,,"[""stage6_llama_behavioural_full_rerun""]"
llama3p1_8b_instruct,CM_B_UM_004,,2,llama3p1_8b_instruct:CM_B_UM_004:2:llama_primary_20260616T085448Z,39594c488668a2e0bc997ecc3e9d95e17ff28017a8559ce2d535e9396d01f650,results/stage6/behavioural_full_rerun/llama_primary_20260616T085448Z.jsonl,1.5 N,14.7 N,,-22.796875,,,"[""stage6_llama_behavioural_full_rerun""]"
llama3p1_8b_instruct,CM_B_UM_004,,3,llama3p1_8b_instruct:CM_B_UM_004:3:llama_primary_20260616T085448Z,ec050b4f904b703d72ecc15e8aaae59b814e6325a8524e894825023c912e17c8,results/stage6/behavioural_full_rerun/llama_primary_20260616T085448Z.jsonl,1.5 N,14.7 N,,-25.203125,,,"[""stage6_llama_behavioural_full_rerun""]"
llama3p1_8b_instruct,CM_B_UM_005,,0,llama3p1_8b_instruct:CM_B_UM_005:0:llama_primary_20260616T085448Z,6a170a0bb219f25e0cac9084666bf14b77d862c3a6a64e52379b2f7d02848bde,results/stage6/behavioural_full_rerun/llama_primary_20260616T085448Z.jsonl,29.4 N,29.4 N,,-22.46875,,,"[""stage6_llama_behavioural_full_rerun""]"
llama3p1_8b_instruct,CM_B_UM_005,,1,llama3p1_8b_instruct:CM_B_UM_005:1:llama_primary_20260616T085448Z,fb7b61602f364da9bc36586785c36872cf57478d008aedf16839c03954884b08,results/stage6/behavioural_full_rerun/llama_primary_20260616T085448Z.jsonl,29.8 N,29.4 N,,-23.5625,,,"[""stage6_llama_behavioural_full_rerun""]"
llama3p1_8b_instruct,CM_B_UM_005,,2,llama3p1_8b_instruct:CM_B_UM_005:2:llama_primary_20260616T085448Z,9ed980841d3937ac2a97f8116c587c84e8609fda8d4f4a311ecb59b0f0b4a352,results/stage6/behavioural_full_rerun/llama_primary_20260616T085448Z.jsonl,29.4 N,29.4 N,,-20.5,,,"[""stage6_llama_behavioural_full_rerun""]"
llama3p1_8b_instruct,CM_B_UM_005,,3,llama3p1_8b_instruct:CM_B_UM_005:3:llama_primary_20260616T085448Z,51672bb273683d6a520615c761f6d155c180bb652c46aba04932d8f07d2150fc,results/stage6/behavioural_full_rerun/llama_primary_20260616T085448Z.jsonl,29.4 N,29.4 N,,-23.84375,,,"[""stage6_llama_behavioural_full_rerun""]"
llama3p1_8b_instruct,CM_B_UM_006,,0,llama3p1_8b_instruct:CM_B_UM_006:0:llama_primary_20260616T085448Z,4125468c3760d0b61f95a7d9d29fbf8e0a482d3b75a69c0443ee6289b3bf9c72,results/stage6/behavioural_full_rerun/llama_primary_20260616T085448Z.jsonl,9.0 N,18 N,,-14.2265625,,,"[""stage6_llama_behavioural_full_rerun""]"
llama3p1_8b_instruct,CM_B_UM_006,,1,llama3p1_8b_instruct:CM_B_UM_006:1:llama_primary_20260616T085448Z,6f51bdf92b85f19863cc38275a8d754d888fb2060c2cb61111dea1892890cec5,results/stage6/behavioural_full_rerun/llama_primary_20260616T085448Z.jsonl,9.0 N,18 N,,-13.8125,,,"[""stage6_llama_behavioural_full_rerun""]"
llama3p1_8b_instruct,CM_B_UM_006,,2,llama3p1_8b_instruct:CM_B_UM_006:2:llama_primary_20260616T085448Z,aa9095b59ba6456a399b6abd052d8e44bf96631febe246cc18f30a3b7e547dcb,results/stage6/behavioural_full_rerun/llama_primary_20260616T085448Z.jsonl,9.0 N,18 N,,-12.609375,,,"[""stage6_llama_behavioural_full_rerun""]"
llama3p1_8b_instruct,CM_B_UM_006,,3,llama3p1_8b_instruct:CM_B_UM_006:3:llama_primary_20260616T085448Z,ff3789649d04f609e84d4f9bae50fc978dfa8de9165fa1fa804ae8745fb5e979,results/stage6/behavioural_full_rerun/llama_primary_20260616T085448Z.jsonl,9.0 N,18 N,,-12.765625,,,"[""stage6_llama_behavioural_full_rerun""]"
llama3p1_8b_instruct,CM_B_UM_007,,0,llama3p1_8b_instruct:CM_B_UM_007:0:llama_primary_20260616T085448Z,9e7c4474716c1483c9d5a5a96c1623c8842af053c3ec5b22e8defe51750aa69d,results/stage6/behavioural_full_rerun/llama_primary_20260616T085448Z.jsonl,17.32 N,9.8 N,,-17.265625,,,"[""stage6_llama_behavioural_full_rerun""]"
llama3p1_8b_instruct,CM_B_UM_007,,1,llama3p1_8b_instruct:CM_B_UM_007:1:llama_primary_20260616T085448Z,c10ede907d156279aab92741d933a45b183a486759a34423b02d956644d7e446,results/stage6/behavioural_full_rerun/llama_primary_20260616T085448Z.jsonl,17.32 N,9.8 N,,-15.421875,,,"[""stage6_llama_behavioural_full_rerun""]"
llama3p1_8b_instruct,CM_B_UM_007,,2,llama3p1_8b_instruct:CM_B_UM_007:2:llama_primary_20260616T085448Z,79ff94df69b39246173ef063db05ad49d298437ca4781bfb4d5118ea015155c5,results/stage6/behavioural_full_rerun/llama_primary_20260616T085448Z.jsonl,17.32 N,9.8 N,,-17.0,,,"[""stage6_llama_behavioural_full_rerun""]"
llama3p1_8b_instruct,CM_B_UM_007,,3,llama3p1_8b_instruct:CM_B_UM_007:3:llama_primary_20260616T085448Z,bedb0af56a8100cca518c113c9e6f71d428ab7055ae294acad5f960336b8484b,results/stage6/behavioural_full_rerun/llama_primary_20260616T085448Z.jsonl,17.32 N,9.8 N,,-15.21875,,,"[""stage6_llama_behavioural_full_rerun""]"
llama3p1_8b_instruct,CM_B_UM_008,,0,llama3p1_8b_instruct:CM_B_UM_008:0:llama_primary_20260616T085448Z,327b29cde840b227cbf1ae571d8d9e238f315cad7b483a5d8959e2d2e1a9e5bc,results/stage6/behavioural_full_rerun/llama_primary_20260616T085448Z.jsonl,9.8 N,19.6 N,,-20.296875,,,"[""stage6_llama_behavioural_full_rerun""]"
llama3p1_8b_instruct,CM_B_UM_008,,1,llama3p1_8b_instruct:CM_B_UM_008:1:llama_primary_20260616T085448Z,2b7800bcb8871109cdcf66a1ad9dd5858c099fdd79069cc3b678ace846cf26f6,results/stage6/behavioural_full_rerun/llama_primary_20260616T085448Z.jsonl,19.6 N,19.6 N,,-20.25,,,"[""stage6_llama_behavioural_full_rerun""]"
llama3p1_8b_instruct,CM_B_UM_008,,2,llama3p1_8b_instruct:CM_B_UM_008:2:llama_primary_20260616T085448Z,50dc94712156d4b9c4c24fd8b7b7bd3bb80d335e1cb4b60a9438a5c6c38fd268,results/stage6/behavioural_full_rerun/llama_primary_20260616T085448Z.jsonl,19.6 N,19.6 N,,-20.296875,,,"[""stage6_llama_behavioural_full_rerun""]"
llama3p1_8b_instruct,CM_B_UM_008,,3,llama3p1_8b_instruct:CM_B_UM_008:3:llama_primary_20260616T085448Z,50793e9f86954d4cc25e875ed3fb0c37936d873ff68333cc6e5914beb50e1aa1,results/stage6/behavioural_full_rerun/llama_primary_20260616T085448Z.jsonl,9.8 N,19.6 N,,-20.265625,,,"[""stage6_llama_behavioural_full_rerun""]"
llama3p1_8b_instruct,CM_B_UM_009,,0,llama3p1_8b_instruct:CM_B_UM_009:0:llama_primary_20260616T085448Z,3b2ee9ac9cef9d9d8a242f807d4023797b30cbd0eb2b06aa79b4e4c696e01793,results/stage6/behavioural_full_rerun/llama_primary_20260616T085448Z.jsonl,11 m/s,11 m/s,,-25.453125,,,"[""stage6_llama_behavioural_full_rerun""]"
llama3p1_8b_instruct,CM_B_UM_009,,1,llama3p1_8b_instruct:CM_B_UM_009:1:llama_primary_20260616T085448Z,47f1bd7b82e8f260022cc6bfe3cd28697bdffdab23a007d4260275483c17f3c4,results/stage6/behavioural_full_rerun/llama_primary_20260616T085448Z.jsonl,11 m/s,11 m/s,,-25.546875,,,"[""stage6_llama_behavioural_full_rerun""]"
llama3p1_8b_instruct,CM_B_UM_009,,2,llama3p1_8b_instruct:CM_B_UM_009:2:llama_primary_20260616T085448Z,5e162822bb83d383f225669463f9a530b11e60de28830c2dd5ee68b28969c19e,results/stage6/behavioural_full_rerun/llama_primary_20260616T085448Z.jsonl,11 m/s,11 m/s,,-25.984375,,,"[""stage6_llama_behavioural_full_rerun""]"
llama3p1_8b_instruct,CM_B_UM_009,,3,llama3p1_8b_instruct:CM_B_UM_009:3:llama_primary_20260616T085448Z,59a5bef7bbd524f6df1fcaaa91a5824ff0bbc74a8ded5d8a53010d986e94d1db,results/stage6/behavioural_full_rerun/llama_primary_20260616T085448Z.jsonl,11 m/s,11 m/s,,-25.84375,,,"[""stage6_llama_behavioural_full_rerun""]"
llama3p1_8b_instruct,CM_B_UM_010,,0,llama3p1_8b_instruct:CM_B_UM_010:0:llama_primary_20260616T085448Z,17057a441276cd13c6b8f0e3e31cdb6135c407d0e50c23215a09ec99cb5ede29,results/stage6/behavioural_full_rerun/llama_primary_20260616T085448Z.jsonl,8.0 m/s,8 m/s,,-21.84375,,,"[""stage6_llama_behavioural_full_rerun""]"
llama3p1_8b_instruct,CM_B_UM_010,,1,llama3p1_8b_instruct:CM_B_UM_010:1:llama_primary_20260616T085448Z,b6744405225dac5801357f780a2b4f183e5f51c316df42ab082370a68f0c5d09,results/stage6/behavioural_full_rerun/llama_primary_20260616T085448Z.jsonl,8.0 m/s,8 m/s,,-21.46875,,,"[""stage6_llama_behavioural_full_rerun""]"
llama3p1_8b_instruct,CM_B_UM_010,,2,llama3p1_8b_instruct:CM_B_UM_010:2:llama_primary_20260616T085448Z,7fd37fd758a574bb8fad5af530790c0d2eceaa6a0121546cfdb197697cf3b16b,results/stage6/behavioural_full_rerun/llama_primary_20260616T085448Z.jsonl,8.0 m/s,8 m/s,,-20.890625,,,"[""stage6_llama_behavioural_full_rerun""]"
llama3p1_8b_instruct,CM_B_UM_010,,3,llama3p1_8b_instruct:CM_B_UM_010:3:llama_primary_20260616T085448Z,8bff42a8f63b4f55f554cc4404785efe6a7a97dceb731a32a2592fa32bcc1a82,results/stage6/behavioural_full_rerun/llama_primary_20260616T085448Z.jsonl,8.0 m/s,8 m/s,,-20.546875,,,"[""stage6_llama_behavioural_full_rerun""]"
llama3p1_8b_instruct,CM_B_UM_011,,0,llama3p1_8b_instruct:CM_B_UM_011:0:llama_primary_20260616T085448Z,6745a3e8795cee0de5c0f4469ae0ac9c4009ba82882e074dfb15595f981bbf19,results/stage6/behavioural_full_rerun/llama_primary_20260616T085448Z.jsonl,14.7 m/s,14.7 m/s,,-24.015625,,,"[""stage6_llama_behavioural_full_rerun""]"
llama3p1_8b_instruct,CM_B_UM_011,,1,llama3p1_8b_instruct:CM_B_UM_011:1:llama_primary_20260616T085448Z,b6c4f8f05fbdb63db549f989a6e3a1be5dcdb4e5b7394d99815d90002a5de646,results/stage6/behavioural_full_rerun/llama_primary_20260616T085448Z.jsonl,14.7 m/s,14.7 m/s,,-24.125,,,"[""stage6_llama_behavioural_full_rerun""]"
llama3p1_8b_instruct,CM_B_UM_011,,2,llama3p1_8b_instruct:CM_B_UM_011:2:llama_primary_20260616T085448Z,414d4251f71625bd7e4a15ef54e69566472ad7b670a9c5c1892736e2fad77759,results/stage6/behavioural_full_rerun/llama_primary_20260616T085448Z.jsonl,14.7 m/s,14.7 m/s,,-26.359375,,,"[""stage6_llama_behavioural_full_rerun""]"
llama3p1_8b_instruct,CM_B_UM_011,,3,llama3p1_8b_instruct:CM_B_UM_011:3:llama_primary_20260616T085448Z,a4ad0b0994e7f10aafcd54f61c9b5d701ee03412bd19172ed1c53a162f3406b5,results/stage6/behavioural_full_rerun/llama_primary_20260616T085448Z.jsonl,14.7 m/s,14.7 m/s,,-24.03125,,,"[""stage6_llama_behavioural_full_rerun""]"
llama3p1_8b_instruct,CM_B_UM_012,,0,llama3p1_8b_instruct:CM_B_UM_012:0:llama_primary_20260616T085448Z,405a0e2d0097e9033a0b9f5ea7c15d0d5f3151e0952d98c80e2df3d9d9d6297a,results/stage6/behavioural_full_rerun/llama_primary_20260616T085448Z.jsonl,1.2 m/s,12 m/s,,-25.0625,,,"[""stage6_llama_behavioural_full_rerun""]"
llama3p1_8b_instruct,CM_B_UM_012,,1,llama3p1_8b_instruct:CM_B_UM_012:1:llama_primary_20260616T085448Z,e527b2f3ccd2a36fbd53a6d66dd736d19c3cb7a7164b5258aef103422453b72a,results/stage6/behavioural_full_rerun/llama_primary_20260616T085448Z.jsonl,1.2 m/s,12 m/s,,-24.734375,,,"[""stage6_llama_behavioural_full_rerun""]"
llama3p1_8b_instruct,CM_B_UM_012,,2,llama3p1_8b_instruct:CM_B_UM_012:2:llama_primary_20260616T085448Z,d235c8cb5e5d3bf9ac57b50c852b873567c0c92243be830322a5d1f42795f38e,results/stage6/behavioural_full_rerun/llama_primary_20260616T085448Z.jsonl,2.4 m/s,12 m/s,,-24.6875,,,"[""stage6_llama_behavioural_full_rerun""]"
llama3p1_8b_instruct,CM_B_UM_012,,3,llama3p1_8b_instruct:CM_B_UM_012:3:llama_primary_20260616T085448Z,327d7e601ba75b263ad2f59f0c7a49305f8f095ce5b2597ea9206f0742267d62,results/stage6/behavioural_full_rerun/llama_primary_20260616T085448Z.jsonl,12 m/s,12 m/s,,-24.71875,,,"[""stage6_llama_behavioural_full_rerun""]"
llama3p1_8b_instruct,CM_B_UM_013,,0,llama3p1_8b_instruct:CM_B_UM_013:0:llama_primary_20260616T085448Z,b7d4c805d7744dead843ce0ad12c5a592f0235d690e037ead2fdccbca6163fb6,results/stage6/behavioural_full_rerun/llama_primary_20260616T085448Z.jsonl,1.0 m/s,3.1416 m/s,,-24.609375,,,"[""stage6_llama_behavioural_full_rerun""]"
llama3p1_8b_instruct,CM_B_UM_013,,1,llama3p1_8b_instruct:CM_B_UM_013:1:llama_primary_20260616T085448Z,ecab877a05a0b73dab0152165bba510310f318e24ed31327955f3e3cacf2d038,results/stage6/behavioural_full_rerun/llama_primary_20260616T085448Z.jsonl,1.0 m/s,3.1416 m/s,,-27.125,,,"[""stage6_llama_behavioural_full_rerun""]"
llama3p1_8b_instruct,CM_B_UM_013,,2,llama3p1_8b_instruct:CM_B_UM_013:2:llama_primary_20260616T085448Z,5a18748d1b658911cc6270b645a09b44e9e80813f62f48ade0c2c56a30a5965f,results/stage6/behavioural_full_rerun/llama_primary_20260616T085448Z.jsonl,,3.1416 m/s,,-24.875,,,"[""stage6_llama_behavioural_full_rerun""]"
llama3p1_8b_instruct,CM_B_UM_013,,3,llama3p1_8b_instruct:CM_B_UM_013:3:llama_primary_20260616T085448Z,8755443ea027715ce9c9a71f20367376b3c16eab8058c77caafa6f139760a78d,results/stage6/behavioural_full_rerun/llama_primary_20260616T085448Z.jsonl,1.0 m/s,3.1416 m/s,,-24.3125,,,"[""stage6_llama_behavioural_full_rerun""]"
llama3p1_8b_instruct,CM_B_UM_014,,0,llama3p1_8b_instruct:CM_B_UM_014:0:llama_primary_20260616T085448Z,cd8bc9538492d95c4ab10d5845d42b88499f52314d59a58aaca10b77a23af7c2,results/stage6/behavioural_full_rerun/llama_primary_20260616T085448Z.jsonl,9.0 m/s,9 m/s,,-20.625,,,"[""stage6_llama_behavioural_full_rerun""]"
llama3p1_8b_instruct,CM_B_UM_014,,1,llama3p1_8b_instruct:CM_B_UM_014:1:llama_primary_20260616T085448Z,635bad7908fe395245ce9a916ec31f6b22f3b77855e2297ef9c13a978f718f3b,results/stage6/behavioural_full_rerun/llama_primary_20260616T085448Z.jsonl,9.0 m/s,9 m/s,,-20.59375,,,"[""stage6_llama_behavioural_full_rerun""]"
llama3p1_8b_instruct,CM_B_UM_014,,2,llama3p1_8b_instruct:CM_B_UM_014:2:llama_primary_20260616T085448Z,e27319ecea74e25ba92d2e299decbdb7eaf7c9af2ccae2b0eb93639781c48e07,results/stage6/behavioural_full_rerun/llama_primary_20260616T085448Z.jsonl,9.0 m/s,9 m/s,,-19.53125,,,"[""stage6_llama_behavioural_full_rerun""]"
llama3p1_8b_instruct,CM_B_UM_014,,3,llama3p1_8b_instruct:CM_B_UM_014:3:llama_primary_20260616T085448Z,b3011881031a6976116a06536730c3251f7191fc540a06139705588dc4def041,results/stage6/behavioural_full_rerun/llama_primary_20260616T085448Z.jsonl,9.0 m/s,9 m/s,,-20.765625,,,"[""stage6_llama_behavioural_full_rerun""]"
llama3p1_8b_instruct,CM_B_UM_015,,0,llama3p1_8b_instruct:CM_B_UM_015:0:llama_primary_20260616T085448Z,2f0cce14cff95a498343ac7e610726c20e83654854ec9cb376d35bbbf17ebdc0,results/stage6/behavioural_full_rerun/llama_primary_20260616T085448Z.jsonl,3.0 A,3.0 A,,-19.703125,,,"[""stage6_llama_behavioural_full_rerun""]"
llama3p1_8b_instruct,CM_B_UM_015,,1,llama3p1_8b_instruct:CM_B_UM_015:1:llama_primary_20260616T085448Z,236bc98c348ed334c62ad2882fd84b784212054ededdcbe1ef79a0751477234e,results/stage6/behavioural_full_rerun/llama_primary_20260616T085448Z.jsonl,3.0 A,3.0 A,,-19.921875,,,"[""stage6_llama_behavioural_full_rerun""]"
llama3p1_8b_instruct,CM_B_UM_015,,2,llama3p1_8b_instruct:CM_B_UM_015:2:llama_primary_20260616T085448Z,b10d17299d133d4945c3fdbde048524cd2176d8fc5444d7b18d326ec7f7e57ab,results/stage6/behavioural_full_rerun/llama_primary_20260616T085448Z.jsonl,3.0 A,3.0 A,,-19.25,,,"[""stage6_llama_behavioural_full_rerun""]"
llama3p1_8b_instruct,CM_B_UM_015,,3,llama3p1_8b_instruct:CM_B_UM_015:3:llama_primary_20260616T085448Z,bc02a87282013207ba359767239c0b3dd6ac22c1ab673d0d265581b3c56d4401,results/stage6/behavioural_full_rerun/llama_primary_20260616T085448Z.jsonl,3.0 A,3.0 A,,-19.78125,,,"[""stage6_llama_behavioural_full_rerun""]"
llama3p1_8b_instruct,CM_B_UM_016,,0,llama3p1_8b_instruct:CM_B_UM_016:0:llama_primary_20260616T085448Z,d5bc6c55fc40abc4dfcb59250e6f4a5666cd79d6b59d1c0102f8d65018170a51,results/stage6/behavioural_full_rerun/llama_primary_20260616T085448Z.jsonl,5.0 A,5.0 A,,-18.234375,,,"[""stage6_llama_behavioural_full_rerun""]"
llama3p1_8b_instruct,CM_B_UM_016,,1,llama3p1_8b_instruct:CM_B_UM_016:1:llama_primary_20260616T085448Z,e72f989c4b16f35fb9fdfcad246d71dfccc578a78bd6b8d6f6222bc46e9d9013,results/stage6/behavioural_full_rerun/llama_primary_20260616T085448Z.jsonl,5.0 A,5.0 A,,-18.140625,,,"[""stage6_llama_behavioural_full_rerun""]"
llama3p1_8b_instruct,CM_B_UM_016,,2,llama3p1_8b_instruct:CM_B_UM_016:2:llama_primary_20260616T085448Z,161114cbb2dcf0ece846de15b05b67b27c931088da41d137b8f1579a2eec1451,results/stage6/behavioural_full_rerun/llama_primary_20260616T085448Z.jsonl,5.0 A,5.0 A,,-17.546875,,,"[""stage6_llama_behavioural_full_rerun""]"
llama3p1_8b_instruct,CM_B_UM_016,,3,llama3p1_8b_instruct:CM_B_UM_016:3:llama_primary_20260616T085448Z,f7de55b77882a5f31fa1bafa4780974269f02eac7f57ff4d32b847158e7f3346,results/stage6/behavioural_full_rerun/llama_primary_20260616T085448Z.jsonl,5.0 A,5.0 A,,-18.359375,,,"[""stage6_llama_behavioural_full_rerun""]"
llama3p1_8b_instruct,CM_B_UM_017,,0,llama3p1_8b_instruct:CM_B_UM_017:0:llama_primary_20260616T085448Z,7c55aed8e8ce3f46a4fd1218163a8560dfb1f068b8adbc22711d0bea4423c651,results/stage6/behavioural_full_rerun/llama_primary_20260616T085448Z.jsonl,3.0 A,3.0 A,,-20.171875,,,"[""stage6_llama_behavioural_full_rerun""]"
llama3p1_8b_instruct,CM_B_UM_017,,1,llama3p1_8b_instruct:CM_B_UM_017:1:llama_primary_20260616T085448Z,ce29a673a8315520202b30bf753d806742b169590dfe2e15358255d3b53b0b27,results/stage6/behavioural_full_rerun/llama_primary_20260616T085448Z.jsonl,3 A,3.0 A,,-20.109375,,,"[""stage6_llama_behavioural_full_rerun""]"
llama3p1_8b_instruct,CM_B_UM_017,,2,llama3p1_8b_instruct:CM_B_UM_017:2:llama_primary_20260616T085448Z,c17a6e5ad8eb7d1b174beb425b4bf4a38dd11f992b2646b6952762dad9eab880,results/stage6/behavioural_full_rerun/llama_primary_20260616T085448Z.jsonl,3.0 A,3.0 A,,-19.390625,,,"[""stage6_llama_behavioural_full_rerun""]"
llama3p1_8b_instruct,CM_B_UM_017,,3,llama3p1_8b_instruct:CM_B_UM_017:3:llama_primary_20260616T085448Z,84b8659ee2f8e26ce9a610630473f2dc935063146ad323551fb60481a04e1bc5,results/stage6/behavioural_full_rerun/llama_primary_20260616T085448Z.jsonl,3 A,3.0 A,,-20.5625,,,"[""stage6_llama_behavioural_full_rerun""]"
llama3p1_8b_instruct,CM_B_UM_018,,0,llama3p1_8b_instruct:CM_B_UM_018:0:llama_primary_20260616T085448Z,e8d7d3639c24ba0ba8b2c9b9599d601802a4304cb160ff97cbad9713a8c5b4d9,results/stage6/behavioural_full_rerun/llama_primary_20260616T085448Z.jsonl,3.0 A,3.0 A,,-20.875,,,"[""stage6_llama_behavioural_full_rerun""]"
llama3p1_8b_instruct,CM_B_UM_018,,1,llama3p1_8b_instruct:CM_B_UM_018:1:llama_primary_20260616T085448Z,ebdc1ee6992f5d8331692b756d29d3ad618b5e1618c49c0ba76e2be83432bc49,results/stage6/behavioural_full_rerun/llama_primary_20260616T085448Z.jsonl,3.0 A,3.0 A,,-21.0625,,,"[""stage6_llama_behavioural_full_rerun""]"
llama3p1_8b_instruct,CM_B_UM_018,,2,llama3p1_8b_instruct:CM_B_UM_018:2:llama_primary_20260616T085448Z,7bb63619f4ca018d6e030958b4f27b7477435f84b41b0bcbb0290ff80307b870,results/stage6/behavioural_full_rerun/llama_primary_20260616T085448Z.jsonl,3.0 A,3.0 A,,-21.609375,,,"[""stage6_llama_behavioural_full_rerun""]"
llama3p1_8b_instruct,CM_B_UM_018,,3,llama3p1_8b_instruct:CM_B_UM_018:3:llama_primary_20260616T085448Z,57625d560908894280787c404d2182b0250873cb5c9cab47eda0e1f5f09d7a1a,results/stage6/behavioural_full_rerun/llama_primary_20260616T085448Z.jsonl,3.0 A,3.0 A,,-20.71875,,,"[""stage6_llama_behavioural_full_rerun""]"
llama3p1_8b_instruct,CM_B_UM_019,,0,llama3p1_8b_instruct:CM_B_UM_019:0:llama_primary_20260616T085448Z,58119c51698e51885b3f4672592908d6960e694143700759adcc593be58fe345,results/stage6/behavioural_full_rerun/llama_primary_20260616T085448Z.jsonl,2.0 A,2.0 A,,-17.828125,,,"[""stage6_llama_behavioural_full_rerun""]"
llama3p1_8b_instruct,CM_B_UM_019,,1,llama3p1_8b_instruct:CM_B_UM_019:1:llama_primary_20260616T085448Z,957f592a76bacec78aebce9879b87207b2154d40c9aff72791f79bad12ceb530,results/stage6/behavioural_full_rerun/llama_primary_20260616T085448Z.jsonl,2.0 A,2.0 A,,-17.234375,,,"[""stage6_llama_behavioural_full_rerun""]"
llama3p1_8b_instruct,CM_B_UM_019,,2,llama3p1_8b_instruct:CM_B_UM_019:2:llama_primary_20260616T085448Z,10f897059fcd860a29c07d242b31fe87eb76b1f670d6549d221bd77a47022caa,results/stage6/behavioural_full_rerun/llama_primary_20260616T085448Z.jsonl,2.0 A,2.0 A,,-16.78125,,,"[""stage6_llama_behavioural_full_rerun""]"
llama3p1_8b_instruct,CM_B_UM_019,,3,llama3p1_8b_instruct:CM_B_UM_019:3:llama_primary_20260616T085448Z,e188b1b51bdc2465ff293fb2178f43e43869de1acab32aca1f04e96cc47eae07,results/stage6/behavioural_full_rerun/llama_primary_20260616T085448Z.jsonl,2.0 A,2.0 A,,-17.125,,,"[""stage6_llama_behavioural_full_rerun""]"
llama3p1_8b_instruct,CM_B_UM_020,,0,llama3p1_8b_instruct:CM_B_UM_020:0:llama_primary_20260616T085448Z,d6690d8ef81f418c8eabf974b1b483afafdaf02b966b56310e1e1f73da9e4da1,results/stage6/behavioural_full_rerun/llama_primary_20260616T085448Z.jsonl,6.0 A,6.0 A,,-18.671875,,,"[""stage6_llama_behavioural_full_rerun""]"
llama3p1_8b_instruct,CM_B_UM_020,,1,llama3p1_8b_instruct:CM_B_UM_020:1:llama_primary_20260616T085448Z,7079d6503a4ac710e03b4131e0a1ebddc52d4355d2d3425b141221c846276a6c,results/stage6/behavioural_full_rerun/llama_primary_20260616T085448Z.jsonl,6.0 A,6.0 A,,-18.21875,,,"[""stage6_llama_behavioural_full_rerun""]"
llama3p1_8b_instruct,CM_B_UM_020,,2,llama3p1_8b_instruct:CM_B_UM_020:2:llama_primary_20260616T085448Z,bba0e3445b806ac60f165b4d1a5a301aecc8f5ede72bc75726b4c33a93801a24,results/stage6/behavioural_full_rerun/llama_primary_20260616T085448Z.jsonl,6.0 A,6.0 A,,-18.5,,,"[""stage6_llama_behavioural_full_rerun""]"
llama3p1_8b_instruct,CM_B_UM_020,,3,llama3p1_8b_instruct:CM_B_UM_020:3:llama_primary_20260616T085448Z,b9fc41ad43fec56881c477a16e53200b6b414441f6113ad06ca72059a9efa311,results/stage6/behavioural_full_rerun/llama_primary_20260616T085448Z.jsonl,6.0 A,6.0 A,,-18.609375,,,"[""stage6_llama_behavioural_full_rerun""]"
llama3p1_8b_instruct,CM_B_UM_021,,0,llama3p1_8b_instruct:CM_B_UM_021:0:llama_primary_20260616T085448Z,556a8724e94a1ccb8a5d0de9f21bb5cc787ec1fb0877483638b6dee06bdc0f03,results/stage6/behavioural_full_rerun/llama_primary_20260616T085448Z.jsonl,12 V,12.0 V,,-15.453125,,,"[""stage6_llama_behavioural_full_rerun""]"
llama3p1_8b_instruct,CM_B_UM_021,,1,llama3p1_8b_instruct:CM_B_UM_021:1:llama_primary_20260616T085448Z,ae0f90ae2c46baea9d44210f8242ae715b53d569534d985ea661d48e9c871b93,results/stage6/behavioural_full_rerun/llama_primary_20260616T085448Z.jsonl,12 V,12.0 V,,-15.484375,,,"[""stage6_llama_behavioural_full_rerun""]"
llama3p1_8b_instruct,CM_B_UM_021,,2,llama3p1_8b_instruct:CM_B_UM_021:2:llama_primary_20260616T085448Z,c6a2efcfdd4e96cdd4dd2a90b693a79b30399ae8f05dc32e315e5888cab1fda2,results/stage6/behavioural_full_rerun/llama_primary_20260616T085448Z.jsonl,12.0 V,12.0 V,,-12.5546875,,,"[""stage6_llama_behavioural_full_rerun""]"
llama3p1_8b_instruct,CM_B_UM_021,,3,llama3p1_8b_instruct:CM_B_UM_021:3:llama_primary_20260616T085448Z,a43b85e060725e09ed44015d55fe2f72ceb95653533620d4b7827331810af994,results/stage6/behavioural_full_rerun/llama_primary_20260616T085448Z.jsonl,12 V,12.0 V,,-14.171875,,,"[""stage6_llama_behavioural_full_rerun""]"
llama3p1_8b_instruct,CM_B_UM_022,,0,llama3p1_8b_instruct:CM_B_UM_022:0:llama_primary_20260616T085448Z,312767ef598eff82767e2e3430c9fd5b76410796922b335b0754086db61cb4f7,results/stage6/behavioural_full_rerun/llama_primary_20260616T085448Z.jsonl,6.0 V,6.0 V,,-16.671875,,,"[""stage6_llama_behavioural_full_rerun""]"
llama3p1_8b_instruct,CM_B_UM_022,,1,llama3p1_8b_instruct:CM_B_UM_022:1:llama_primary_20260616T085448Z,9002dd4206f01cea8178705a65489f08ac1f2807150f96f6db30c075e41bebb6,results/stage6/behavioural_full_rerun/llama_primary_20260616T085448Z.jsonl,6.0 V,6.0 V,,-16.4375,,,"[""stage6_llama_behavioural_full_rerun""]"
llama3p1_8b_instruct,CM_B_UM_022,,2,llama3p1_8b_instruct:CM_B_UM_022:2:llama_primary_20260616T085448Z,d51feaefdbb6300bca13d5818e1731ce12534b8be8e46503075e412d2ec8ce88,results/stage6/behavioural_full_rerun/llama_primary_20260616T085448Z.jsonl,6.0 V,6.0 V,,-16.1875,,,"[""stage6_llama_behavioural_full_rerun""]"
llama3p1_8b_instruct,CM_B_UM_022,,3,llama3p1_8b_instruct:CM_B_UM_022:3:llama_primary_20260616T085448Z,35869f2d96e1ea4fb5d935df5aad4d6d078ecb017be0deb51eea6bc582d6ef1c,results/stage6/behavioural_full_rerun/llama_primary_20260616T085448Z.jsonl,6.0 V,6.0 V,,-16.671875,,,"[""stage6_llama_behavioural_full_rerun""]"
llama3p1_8b_instruct,CM_B_UM_023,,0,llama3p1_8b_instruct:CM_B_UM_023:0:llama_primary_20260616T085448Z,b5ce6b437e124b35bfbdc5862c446069390bb9d21e8a51a81d20071f7e91ffd7,results/stage6/behavioural_full_rerun/llama_primary_20260616T085448Z.jsonl,12 V,8.0 V,,-13.6015625,,,"[""stage6_llama_behavioural_full_rerun""]"
llama3p1_8b_instruct,CM_B_UM_023,,1,llama3p1_8b_instruct:CM_B_UM_023:1:llama_primary_20260616T085448Z,bee31e92a547a411292d8a18360ac35c3d4beccf1bf672fe0611dd68755ee609,results/stage6/behavioural_full_rerun/llama_primary_20260616T085448Z.jsonl,12 V,8.0 V,,-13.3671875,,,"[""stage6_llama_behavioural_full_rerun""]"
llama3p1_8b_instruct,CM_B_UM_023,,2,llama3p1_8b_instruct:CM_B_UM_023:2:llama_primary_20260616T085448Z,52aa765157411eeb94c01ab78a0366a21b97dd62f8edfaaf90efd77342c33d0b,results/stage6/behavioural_full_rerun/llama_primary_20260616T085448Z.jsonl,12.0 V,8.0 V,,-13.3515625,,,"[""stage6_llama_behavioural_full_rerun""]"
llama3p1_8b_instruct,CM_B_UM_023,,3,llama3p1_8b_instruct:CM_B_UM_023:3:llama_primary_20260616T085448Z,6c02dcf9981cbe61102fa8c7ab6d4ae4fa74278ec07ad3d5b50869011d8c5307,results/stage6/behavioural_full_rerun/llama_primary_20260616T085448Z.jsonl,8.0 V,8.0 V,,-13.109375,,,"[""stage6_llama_behavioural_full_rerun""]"
llama3p1_8b_instruct,CM_B_UM_024,,0,llama3p1_8b_instruct:CM_B_UM_024:0:llama_primary_20260616T085448Z,656760668ab9890ab3eb1cff9b72051fbc4f231d758eabafec1dcabf70f54212,results/stage6/behavioural_full_rerun/llama_primary_20260616T085448Z.jsonl,0 V,6.0 V,,-17.21875,,,"[""stage6_llama_behavioural_full_rerun""]"
llama3p1_8b_instruct,CM_B_UM_024,,1,llama3p1_8b_instruct:CM_B_UM_024:1:llama_primary_20260616T085448Z,5acada16bdefeb5894321a8995c4510e92b386aa5efb510e4105d9f5e00ca54e,results/stage6/behavioural_full_rerun/llama_primary_20260616T085448Z.jsonl,0 V,6.0 V,,-16.828125,,,"[""stage6_llama_behavioural_full_rerun""]"
llama3p1_8b_instruct,CM_B_UM_024,,2,llama3p1_8b_instruct:CM_B_UM_024:2:llama_primary_20260616T085448Z,d6347e86ac6c78c64be60dd5e1ed155a365ae70b2c776be45dc170de7b01faa7,results/stage6/behavioural_full_rerun/llama_primary_20260616T085448Z.jsonl,0 V,6.0 V,,-15.171875,,,"[""stage6_llama_behavioural_full_rerun""]"
llama3p1_8b_instruct,CM_B_UM_024,,3,llama3p1_8b_instruct:CM_B_UM_024:3:llama_primary_20260616T085448Z,5a9ad79e1ebe4358ac8dceb979cb3480c7bbe437137150442f6070a323e23121,results/stage6/behavioural_full_rerun/llama_primary_20260616T085448Z.jsonl,0 V,6.0 V,,-16.15625,,,"[""stage6_llama_behavioural_full_rerun""]"
llama3p1_8b_instruct,CM_B_UM_025,,0,llama3p1_8b_instruct:CM_B_UM_025:0:llama_primary_20260616T085448Z,34e0886293bed848ca569bd8a77e11f46bc551b2b380ad0b8aaa5b7134e5ef59,results/stage6/behavioural_full_rerun/llama_primary_20260616T085448Z.jsonl,8.4 V,6.0 V,,-15.2734375,,,"[""stage6_llama_behavioural_full_rerun""]"
llama3p1_8b_instruct,CM_B_UM_025,,1,llama3p1_8b_instruct:CM_B_UM_025:1:llama_primary_20260616T085448Z,52c7ec63855dfa3038c01d23a6fa2dbf744f7cd3550890928f91d5319650dfec,results/stage6/behavioural_full_rerun/llama_primary_20260616T085448Z.jsonl,8.4 V,6.0 V,,-15.0234375,,,"[""stage6_llama_behavioural_full_rerun""]"
llama3p1_8b_instruct,CM_B_UM_025,,2,llama3p1_8b_instruct:CM_B_UM_025:2:llama_primary_20260616T085448Z,a0f9295e87473984d75497c8094e567f91a34f44d298eca54b994e97f28aa258,results/stage6/behavioural_full_rerun/llama_primary_20260616T085448Z.jsonl,9.0 V,6.0 V,,-13.6640625,,,"[""stage6_llama_behavioural_full_rerun""]"
llama3p1_8b_instruct,CM_B_UM_025,,3,llama3p1_8b_instruct:CM_B_UM_025:3:llama_primary_20260616T085448Z,0fd0cbbf7a699d8cebfee928134c490226f8199dc8fe53bc53762cbbc6d548c9,results/stage6/behavioural_full_rerun/llama_primary_20260616T085448Z.jsonl,8.4 V,6.0 V,,-14.59375,,,"[""stage6_llama_behavioural_full_rerun""]"
llama3p1_8b_instruct,CM_B_UM_026,,0,llama3p1_8b_instruct:CM_B_UM_026:0:llama_primary_20260616T085448Z,e29856cdf5cde125edbb3d7a8e174a2d5ff348977df730978c6784469662f874,results/stage6/behavioural_full_rerun/llama_primary_20260616T085448Z.jsonl,8.0 V,5.0 V,,-12.59375,,,"[""stage6_llama_behavioural_full_rerun""]"
llama3p1_8b_instruct,CM_B_UM_026,,1,llama3p1_8b_instruct:CM_B_UM_026:1:llama_primary_20260616T085448Z,59371a59f46d5c377e53a46fa9a2aec29ad55e22dd2fcf4ab417b643969c8fae,results/stage6/behavioural_full_rerun/llama_primary_20260616T085448Z.jsonl,8.0 V,5.0 V,,-12.6484375,,,"[""stage6_llama_behavioural_full_rerun""]"
llama3p1_8b_instruct,CM_B_UM_026,,2,llama3p1_8b_instruct:CM_B_UM_026:2:llama_primary_20260616T085448Z,0f65c60a276f375dc3080254b00901fe0d76be6ef4e9320495cea6e22abfb3dd,results/stage6/behavioural_full_rerun/llama_primary_20260616T085448Z.jsonl,12 V,5.0 V,,-12.3125,,,"[""stage6_llama_behavioural_full_rerun""]"
llama3p1_8b_instruct,CM_B_UM_026,,3,llama3p1_8b_instruct:CM_B_UM_026:3:llama_primary_20260616T085448Z,832e6aefefadef5cd8a64272b0528d7a2691ae06a230755ff0311d239c25f452,results/stage6/behavioural_full_rerun/llama_primary_20260616T085448Z.jsonl,8.0 V,5.0 V,,-12.7578125,,,"[""stage6_llama_behavioural_full_rerun""]"
llama3p1_8b_instruct,CM_B_UM_027,,0,llama3p1_8b_instruct:CM_B_UM_027:0:llama_primary_20260616T085448Z,b0d5ea2ebca6fa5a3eced29c1bac2e8dad71648630b2ccf3b3d49d724f9c058c,results/stage6/behavioural_full_rerun/llama_primary_20260616T085448Z.jsonl,6.0 N*m,6.0 N*m,,-19.78125,,,"[""stage6_llama_behavioural_full_rerun""]"
llama3p1_8b_instruct,CM_B_UM_027,,1,llama3p1_8b_instruct:CM_B_UM_027:1:llama_primary_20260616T085448Z,b6a4aed3b3948e6ebe5929d343d6d93dbc9f364b4c8e14e60d223e6a906984c7,results/stage6/behavioural_full_rerun/llama_primary_20260616T085448Z.jsonl,6.0 N*m,6.0 N*m,,-19.765625,,,"[""stage6_llama_behavioural_full_rerun""]"
llama3p1_8b_instruct,CM_B_UM_027,,2,llama3p1_8b_instruct:CM_B_UM_027:2:llama_primary_20260616T085448Z,73502b2caccaf0dcf10978f6ae32718fbf466184079bc927ce718eedc41d75bb,results/stage6/behavioural_full_rerun/llama_primary_20260616T085448Z.jsonl,6.0 N*m,6.0 N*m,,-18.453125,,,"[""stage6_llama_behavioural_full_rerun""]"
llama3p1_8b_instruct,CM_B_UM_027,,3,llama3p1_8b_instruct:CM_B_UM_027:3:llama_primary_20260616T085448Z,f0e4e80b3c6c6b816b8c42fa7be9ec161f396bbbe85f2b2b51bf675bf71e9145,results/stage6/behavioural_full_rerun/llama_primary_20260616T085448Z.jsonl,6.0 N*m,6.0 N*m,,-19.765625,,,"[""stage6_llama_behavioural_full_rerun""]"
llama3p1_8b_instruct,CM_B_UM_028,,0,llama3p1_8b_instruct:CM_B_UM_028:0:llama_primary_20260616T085448Z,7307d2aa61fb70d85723d9120e172984eaf1c9ec2265e7080e41d4c379ba48f5,results/stage6/behavioural_full_rerun/llama_primary_20260616T085448Z.jsonl,15 N*m,15.0 N*m,,-19.609375,,,"[""stage6_llama_behavioural_full_rerun""]"
llama3p1_8b_instruct,CM_B_UM_028,,1,llama3p1_8b_instruct:CM_B_UM_028:1:llama_primary_20260616T085448Z,c15e4a23521f8f7035069f1486c8f5211d122ac9a030e446b2624d1e966ed8b0,results/stage6/behavioural_full_rerun/llama_primary_20260616T085448Z.jsonl,15 N*m,15.0 N*m,,-19.421875,,,"[""stage6_llama_behavioural_full_rerun""]"
llama3p1_8b_instruct,CM_B_UM_028,,2,llama3p1_8b_instruct:CM_B_UM_028:2:llama_primary_20260616T085448Z,f5dc3c75bfb11a51eec6652ec7b55b7a151e31727ee4921fcc3f915e83622c19,results/stage6/behavioural_full_rerun/llama_primary_20260616T085448Z.jsonl,15.0 N*m,15.0 N*m,,-16.8125,,,"[""stage6_llama_behavioural_full_rerun""]"
llama3p1_8b_instruct,CM_B_UM_028,,3,llama3p1_8b_instruct:CM_B_UM_028:3:llama_primary_20260616T085448Z,4b7055605b56929e5dcd146ec88468669e6a53de436a51320f98fdab62eb7aad,results/stage6/behavioural_full_rerun/llama_primary_20260616T085448Z.jsonl,15 N*m,15.0 N*m,,-19.421875,,,"[""stage6_llama_behavioural_full_rerun""]"
llama3p1_8b_instruct,CM_B_UM_029,,0,llama3p1_8b_instruct:CM_B_UM_029:0:llama_primary_20260616T085448Z,074e9bfb7c66e0ef05a7f23a2233db89bca6221db2d5ebf9732282a1f4efee7c,results/stage6/behavioural_full_rerun/llama_primary_20260616T085448Z.jsonl,10 N*m,10.0 N*m,,-20.40625,,,"[""stage6_llama_behavioural_full_rerun""]"
llama3p1_8b_instruct,CM_B_UM_029,,1,llama3p1_8b_instruct:CM_B_UM_029:1:llama_primary_20260616T085448Z,0c8afb25018292dda5bc387b249cdb13165f1030e23fd0bbb56e1cf903e38442,results/stage6/behavioural_full_rerun/llama_primary_20260616T085448Z.jsonl,10 N*m,10.0 N*m,,-20.546875,,,"[""stage6_llama_behavioural_full_rerun""]"
llama3p1_8b_instruct,CM_B_UM_029,,2,llama3p1_8b_instruct:CM_B_UM_029:2:llama_primary_20260616T085448Z,2106045688a3892d2a4e973957ba1313595a8c848e7f873b6ed7b267c06ffab2,results/stage6/behavioural_full_rerun/llama_primary_20260616T085448Z.jsonl,10.0 N*m,10.0 N*m,,-17.921875,,,"[""stage6_llama_behavioural_full_rerun""]"
llama3p1_8b_instruct,CM_B_UM_029,,3,llama3p1_8b_instruct:CM_B_UM_029:3:llama_primary_20260616T085448Z,589b72574d7f8365eeaa7a56ff58ca996fc7cfef02824dc1583e0cdfb9d8a067,results/stage6/behavioural_full_rerun/llama_primary_20260616T085448Z.jsonl,10 N*m,10.0 N*m,,-19.828125,,,"[""stage6_llama_behavioural_full_rerun""]"
llama3p1_8b_instruct,CM_B_UM_030,,0,llama3p1_8b_instruct:CM_B_UM_030:0:llama_primary_20260616T085448Z,26a3dbfc3cffeb1c36c07501ba921b3edf23bc237945be8d3a1cfd2a87426155,results/stage6/behavioural_full_rerun/llama_primary_20260616T085448Z.jsonl,12 N*m,12.0 N*m,,-20.21875,,,"[""stage6_llama_behavioural_full_rerun""]"
llama3p1_8b_instruct,CM_B_UM_030,,1,llama3p1_8b_instruct:CM_B_UM_030:1:llama_primary_20260616T085448Z,b34b9df4d28354fd1e9055bda0aa36bffdd1e2e31d20c09fce8115eca7fe8ecf,results/stage6/behavioural_full_rerun/llama_primary_20260616T085448Z.jsonl,12 N*m,12.0 N*m,,-20.59375,,,"[""stage6_llama_behavioural_full_rerun""]"
llama3p1_8b_instruct,CM_B_UM_030,,2,llama3p1_8b_instruct:CM_B_UM_030:2:llama_primary_20260616T085448Z,5ef13faa79590a68650a7243ded9667c34f0f951c5b76e1be1ffe96e5f020388,results/stage6/behavioural_full_rerun/llama_primary_20260616T085448Z.jsonl,12.0 N*m,12.0 N*m,,-17.609375,,,"[""stage6_llama_behavioural_full_rerun""]"
llama3p1_8b_instruct,CM_B_UM_030,,3,llama3p1_8b_instruct:CM_B_UM_030:3:llama_primary_20260616T085448Z,c84911b759aa3b74d929285c053e8aafb733b852a47ec4b236b250c58d81090e,results/stage6/behavioural_full_rerun/llama_primary_20260616T085448Z.jsonl,12 N*m,12.0 N*m,,-19.546875,,,"[""stage6_llama_behavioural_full_rerun""]"
llama3p1_8b_instruct,CM_B_UM_031,,0,llama3p1_8b_instruct:CM_B_UM_031:0:llama_primary_20260616T085448Z,e6458b7ba26e9f1ce9d695bb5f902f2158a6ca4a62535a7b572b43aedbf269bb,results/stage6/behavioural_full_rerun/llama_primary_20260616T085448Z.jsonl,10 N*m,10.0 N*m,,-20.3125,,,"[""stage6_llama_behavioural_full_rerun""]"
llama3p1_8b_instruct,CM_B_UM_031,,1,llama3p1_8b_instruct:CM_B_UM_031:1:llama_primary_20260616T085448Z,ccc35c199c6dd0bbcdaa0a1e7a2f44a965d927f67b0dd6648b253d254b391847,results/stage6/behavioural_full_rerun/llama_primary_20260616T085448Z.jsonl,10 N*m,10.0 N*m,,-20.25,,,"[""stage6_llama_behavioural_full_rerun""]"
llama3p1_8b_instruct,CM_B_UM_031,,2,llama3p1_8b_instruct:CM_B_UM_031:2:llama_primary_20260616T085448Z,acd15bfa29a1ed67437d0dc8818b5dd55d97ad724ce051b30482c3b0071e626d,results/stage6/behavioural_full_rerun/llama_primary_20260616T085448Z.jsonl,10.0 N*m,10.0 N*m,,-17.671875,,,"[""stage6_llama_behavioural_full_rerun""]"
llama3p1_8b_instruct,CM_B_UM_031,,3,llama3p1_8b_instruct:CM_B_UM_031:3:llama_primary_20260616T085448Z,ba46822ba9c416506fbbdf9fef47fca2791f887ff637bb7de62ef28ab5921c87,results/stage6/behavioural_full_rerun/llama_primary_20260616T085448Z.jsonl,10 N*m,10.0 N*m,,-19.265625,,,"[""stage6_llama_behavioural_full_rerun""]"
llama3p1_8b_instruct,CM_B_UM_032,,0,llama3p1_8b_instruct:CM_B_UM_032:0:llama_primary_20260616T085448Z,f05d52fcf4d59eac922f4da73b22d305bd0e64a6fde69ef862cc079378df7780,results/stage6/behavioural_full_rerun/llama_primary_20260616T085448Z.jsonl,1.0 Hz,1.592 Hz,,-26.375,,,"[""stage6_llama_behavioural_full_rerun""]"
llama3p1_8b_instruct,CM_B_UM_032,,1,llama3p1_8b_instruct:CM_B_UM_032:1:llama_primary_20260616T085448Z,042818de6aa2e66110f87da79cdbdbddc2c99e0d8d5e832b73540583eca0f426,results/stage6/behavioural_full_rerun/llama_primary_20260616T085448Z.jsonl,1.0 Hz,1.592 Hz,,-28.25,,,"[""stage6_llama_behavioural_full_rerun""]"
llama3p1_8b_instruct,CM_B_UM_032,,2,llama3p1_8b_instruct:CM_B_UM_032:2:llama_primary_20260616T085448Z,4bc67d4139d9325b640b4faa11e886d2cfad83442dd175561163d55b88884ddf,results/stage6/behavioural_full_rerun/llama_primary_20260616T085448Z.jsonl,1.0 Hz,1.592 Hz,,-26.140625,,,"[""stage6_llama_behavioural_full_rerun""]"
llama3p1_8b_instruct,CM_B_UM_032,,3,llama3p1_8b_instruct:CM_B_UM_032:3:llama_primary_20260616T085448Z,87720c978b1b95652f278fded02163ed01b461c1269557893baea6d2099426e2,results/stage6/behavioural_full_rerun/llama_primary_20260616T085448Z.jsonl,1.0 Hz,1.592 Hz,,-25.515625,,,"[""stage6_llama_behavioural_full_rerun""]"
llama3p1_8b_instruct,CM_B_UM_033,,0,llama3p1_8b_instruct:CM_B_UM_033:0:llama_primary_20260616T085448Z,e62ea1c39107665c7b51c87741c55cb6e41e3820fc584a732afab72417a24af5,results/stage6/behavioural_full_rerun/llama_primary_20260616T085448Z.jsonl,0.5 Hz,0.498 Hz,,-19.34375,,,"[""stage6_llama_behavioural_full_rerun""]"
llama3p1_8b_instruct,CM_B_UM_033,,1,llama3p1_8b_instruct:CM_B_UM_033:1:llama_primary_20260616T085448Z,cec11ff53be366be6579bd4efd5186df73a1089bb283ab518082b6822d4c11c3,results/stage6/behavioural_full_rerun/llama_primary_20260616T085448Z.jsonl,0.5 Hz,0.498 Hz,,-18.84375,,,"[""stage6_llama_behavioural_full_rerun""]"
llama3p1_8b_instruct,CM_B_UM_033,,2,llama3p1_8b_instruct:CM_B_UM_033:2:llama_primary_20260616T085448Z,fc85971b53e4c6a2729741aecc79dfe9729ba28b1d80e4fa834adb3a87546292,results/stage6/behavioural_full_rerun/llama_primary_20260616T085448Z.jsonl,0.5 Hz,0.498 Hz,,-19.421875,,,"[""stage6_llama_behavioural_full_rerun""]"
llama3p1_8b_instruct,CM_B_UM_033,,3,llama3p1_8b_instruct:CM_B_UM_033:3:llama_primary_20260616T085448Z,201cb10b5180184616aa796e2b2adc4219cd402245f92e258836aa06683f9846,results/stage6/behavioural_full_rerun/llama_primary_20260616T085448Z.jsonl,0.994 Hz,0.498 Hz,,-19.078125,,,"[""stage6_llama_behavioural_full_rerun""]"
llama3p1_8b_instruct,CM_B_UM_034,,0,llama3p1_8b_instruct:CM_B_UM_034:0:llama_primary_20260616T085448Z,33b0b4de5d077ac8274bfb1a859e01151615316583653489d5fd9676548f555d,results/stage6/behavioural_full_rerun/llama_primary_20260616T085448Z.jsonl,1.0 Hz,1.592 Hz,,-26.484375,,,"[""stage6_llama_behavioural_full_rerun""]"
llama3p1_8b_instruct,CM_B_UM_034,,1,llama3p1_8b_instruct:CM_B_UM_034:1:llama_primary_20260616T085448Z,1316fc9c80b31444893497036af1ac79cf4b7eca6b2f1b3187f7f6ef1021268a,results/stage6/behavioural_full_rerun/llama_primary_20260616T085448Z.jsonl,1.0 Hz,1.592 Hz,,-28.171875,,,"[""stage6_llama_behavioural_full_rerun""]"
llama3p1_8b_instruct,CM_B_UM_034,,2,llama3p1_8b_instruct:CM_B_UM_034:2:llama_primary_20260616T085448Z,8f6086f4f3ab21a928d7bd58c09898d531bcf59ac8f22172469923196c2207e3,results/stage6/behavioural_full_rerun/llama_primary_20260616T085448Z.jsonl,1.0 Hz,1.592 Hz,,-25.59375,,,"[""stage6_llama_behavioural_full_rerun""]"
llama3p1_8b_instruct,CM_B_UM_034,,3,llama3p1_8b_instruct:CM_B_UM_034:3:llama_primary_20260616T085448Z,d0b6e84edd27a8cfe8608b2668563868e7706204ebe8e2903920b7935ac72b01,results/stage6/behavioural_full_rerun/llama_primary_20260616T085448Z.jsonl,1.0 Hz,1.592 Hz,,-26.609375,,,"[""stage6_llama_behavioural_full_rerun""]"
llama3p1_8b_instruct,CM_B_UM_035,,0,llama3p1_8b_instruct:CM_B_UM_035:0:llama_primary_20260616T085448Z,d4eca914dc8405685345ee7236523f3fd445c5c3f7ca70e3564256f513f100c2,results/stage6/behavioural_full_rerun/llama_primary_20260616T085448Z.jsonl,2 rad/s,0.997 Hz,,-21.875,,,"[""stage6_llama_behavioural_full_rerun""]"
llama3p1_8b_instruct,CM_B_UM_035,,1,llama3p1_8b_instruct:CM_B_UM_035:1:llama_primary_20260616T085448Z,347e173755317e65dab933b18d2c4699a67e9a965eddd34e78b26559b975daa4,results/stage6/behavioural_full_rerun/llama_primary_20260616T085448Z.jsonl,4.0 Hz,0.997 Hz,,-21.4375,,,"[""stage6_llama_behavioural_full_rerun""]"
llama3p1_8b_instruct,CM_B_UM_035,,2,llama3p1_8b_instruct:CM_B_UM_035:2:llama_primary_20260616T085448Z,bd665d088530e07c3a9b800e0bdabfcfd95a69e627e79ea51d8d58211fb36d2b,results/stage6/behavioural_full_rerun/llama_primary_20260616T085448Z.jsonl,2 rad/s,0.997 Hz,,-21.15625,,,"[""stage6_llama_behavioural_full_rerun""]"
llama3p1_8b_instruct,CM_B_UM_035,,3,llama3p1_8b_instruct:CM_B_UM_035:3:llama_primary_20260616T085448Z,221903e5805298367b268b6c6050eaea338591edc1a33fae7eab851347e8e33e,results/stage6/behavioural_full_rerun/llama_primary_20260616T085448Z.jsonl,4.0 Hz,0.997 Hz,,-21.625,,,"[""stage6_llama_behavioural_full_rerun""]"
llama3p1_8b_instruct,CM_B_UM_036,,0,llama3p1_8b_instruct:CM_B_UM_036:0:llama_primary_20260616T085448Z,13911d0462128c99cf34e8d8c5ae589ec9b869e5e941effae31a836a769a0ad2,results/stage6/behavioural_full_rerun/llama_primary_20260616T085448Z.jsonl,20 Hz,20.0 Hz,,-22.96875,,,"[""stage6_llama_behavioural_full_rerun""]"
llama3p1_8b_instruct,CM_B_UM_036,,1,llama3p1_8b_instruct:CM_B_UM_036:1:llama_primary_20260616T085448Z,3addb851e98817e1533baf1789afe130d7cb73bd841da510e784410c8ae791c2,results/stage6/behavioural_full_rerun/llama_primary_20260616T085448Z.jsonl,20 Hz,20.0 Hz,,-22.1875,,,"[""stage6_llama_behavioural_full_rerun""]"
llama3p1_8b_instruct,CM_B_UM_036,,2,llama3p1_8b_instruct:CM_B_UM_036:2:llama_primary_20260616T085448Z,6a3aebd37711db4326ba26a7c3b57bcca842282b73a2d207066cf274f69c4144,results/stage6/behavioural_full_rerun/llama_primary_20260616T085448Z.jsonl,20.0 Hz,20.0 Hz,,-19.9375,,,"[""stage6_llama_behavioural_full_rerun""]"
llama3p1_8b_instruct,CM_B_UM_036,,3,llama3p1_8b_instruct:CM_B_UM_036:3:llama_primary_20260616T085448Z,5aea3acb01b481f7c9f7a3ff9453145d436bb8b303cdacfb207401080776fdbb,results/stage6/behavioural_full_rerun/llama_primary_20260616T085448Z.jsonl,20 Hz,20.0 Hz,,-21.765625,,,"[""stage6_llama_behavioural_full_rerun""]"
llama3p1_8b_instruct,CM_B_UM_037,,0,llama3p1_8b_instruct:CM_B_UM_037:0:llama_primary_20260616T085448Z,b38e5e88a07c590ceb9d2db21b995a55f5bbc2d9842c393e2c0af746d623e719,results/stage6/behavioural_full_rerun/llama_primary_20260616T085448Z.jsonl,3e-05 C,3.0e-4 C,,-25.328125,,,"[""stage6_llama_behavioural_full_rerun""]"
llama3p1_8b_instruct,CM_B_UM_037,,1,llama3p1_8b_instruct:CM_B_UM_037:1:llama_primary_20260616T085448Z,06e13fc504f680b720fc5bcaf06292c703cf359f367343afad051f53a84b0271,results/stage6/behavioural_full_rerun/llama_primary_20260616T085448Z.jsonl,3.0e-05 C,3.0e-4 C,,-25.28125,,,"[""stage6_llama_behavioural_full_rerun""]"
llama3p1_8b_instruct,CM_B_UM_037,,2,llama3p1_8b_instruct:CM_B_UM_037:2:llama_primary_20260616T085448Z,5840c33081a04fde3dde50f1175ce032d2d339f6e32780060a6dda5f71034300,results/stage6/behavioural_full_rerun/llama_primary_20260616T085448Z.jsonl,3.0e-05 C,3.0e-4 C,,-24.328125,,,"[""stage6_llama_behavioural_full_rerun""]"
llama3p1_8b_instruct,CM_B_UM_037,,3,llama3p1_8b_instruct:CM_B_UM_037:3:llama_primary_20260616T085448Z,d53ccb4c75c274820b767c8dbb9e77534a317b486f518d63e82f8c3d6d9aa368,results/stage6/behavioural_full_rerun/llama_primary_20260616T085448Z.jsonl,3e-4 C,3.0e-4 C,,-25.453125,,,"[""stage6_llama_behavioural_full_rerun""]"
llama3p1_8b_instruct,CM_B_UM_038,,0,llama3p1_8b_instruct:CM_B_UM_038:0:llama_primary_20260616T085448Z,7f33e7b8815d40ade12b481b1118e7368a3fc29ed0a821aed64311ac514bf792,results/stage6/behavioural_full_rerun/llama_primary_20260616T085448Z.jsonl,9.0e-05 C,9.0e-4 C,,-21.515625,,,"[""stage6_llama_behavioural_full_rerun""]"
llama3p1_8b_instruct,CM_B_UM_038,,1,llama3p1_8b_instruct:CM_B_UM_038:1:llama_primary_20260616T085448Z,4a223f2df1a5cf5282c2954f996be9abd2c59853ea66daf4381ea21550d4c462,results/stage6/behavioural_full_rerun/llama_primary_20260616T085448Z.jsonl,9.0e-04 C,9.0e-4 C,,-21.609375,,,"[""stage6_llama_behavioural_full_rerun""]"
llama3p1_8b_instruct,CM_B_UM_038,,2,llama3p1_8b_instruct:CM_B_UM_038:2:llama_primary_20260616T085448Z,096e9cef9a017f3d5153cfc86ebb025bc8284c69138efb60338143b74d0312f3,results/stage6/behavioural_full_rerun/llama_primary_20260616T085448Z.jsonl,9.0e-05 C,9.0e-4 C,,-20.96875,,,"[""stage6_llama_behavioural_full_rerun""]"
llama3p1_8b_instruct,CM_B_UM_038,,3,llama3p1_8b_instruct:CM_B_UM_038:3:llama_primary_20260616T085448Z,809fd5c9fb5afb9c59cb9ea726ca0837afee91e6bd0cad97c2524b6eb2a54b52,results/stage6/behavioural_full_rerun/llama_primary_20260616T085448Z.jsonl,9.0e-05 C,9.0e-4 C,,-22.5625,,,"[""stage6_llama_behavioural_full_rerun""]"
llama3p1_8b_instruct,CM_B_UM_039,,0,llama3p1_8b_instruct:CM_B_UM_039:0:llama_primary_20260616T085448Z,2b959ff06a8f3e2a74a1ecc84f4817d29a4fbc909d00458ca1234656aa301409,results/stage6/behavioural_full_rerun/llama_primary_20260616T085448Z.jsonl,6.0e-04 C,6.0e-4 C,,-23.4375,,,"[""stage6_llama_behavioural_full_rerun""]"
llama3p1_8b_instruct,CM_B_UM_039,,1,llama3p1_8b_instruct:CM_B_UM_039:1:llama_primary_20260616T085448Z,a8857cccfbdf226e57392c70ad8b678f61e9b04bf509f62dd9622cd2cd9c6098,results/stage6/behavioural_full_rerun/llama_primary_20260616T085448Z.jsonl,6.0e-04 C,6.0e-4 C,,-23.4375,,,"[""stage6_llama_behavioural_full_rerun""]"
llama3p1_8b_instruct,CM_B_UM_039,,2,llama3p1_8b_instruct:CM_B_UM_039:2:llama_primary_20260616T085448Z,d73884c9a02955e366a485a31997c8286d790098223d30c1b55e0429cfd73ff3,results/stage6/behavioural_full_rerun/llama_primary_20260616T085448Z.jsonl,6.0e-04 C,6.0e-4 C,,-23.265625,,,"[""stage6_llama_behavioural_full_rerun""]"
llama3p1_8b_instruct,CM_B_UM_039,,3,llama3p1_8b_instruct:CM_B_UM_039:3:llama_primary_20260616T085448Z,a61519b90e296fc07f3b76acc506fdfb2c76de1304f6b5fd3edcb1cf3d60cd27,results/stage6/behavioural_full_rerun/llama_primary_20260616T085448Z.jsonl,6.0e-04 C,6.0e-4 C,,-22.703125,,,"[""stage6_llama_behavioural_full_rerun""]"
llama3p1_8b_instruct,CM_B_UM_040,,0,llama3p1_8b_instruct:CM_B_UM_040:0:llama_primary_20260616T085448Z,240cdc7118257b7a93d5d0a712cc12d9de878f0becd41aa0fe341a02a4327ec7,results/stage6/behavioural_full_rerun/llama_primary_20260616T085448Z.jsonl,5.0e-05 C,5.0e-5 C,,-21.9375,,,"[""stage6_llama_behavioural_full_rerun""]"
llama3p1_8b_instruct,CM_B_UM_040,,1,llama3p1_8b_instruct:CM_B_UM_040:1:llama_primary_20260616T085448Z,15ebed9592f04a65a08defe7a8c6940ba307e31c99708e5539dbe224e962b7b4,results/stage6/behavioural_full_rerun/llama_primary_20260616T085448Z.jsonl,5.0e-05 C,5.0e-5 C,,-21.859375,,,"[""stage6_llama_behavioural_full_rerun""]"
llama3p1_8b_instruct,CM_B_UM_040,,2,llama3p1_8b_instruct:CM_B_UM_040:2:llama_primary_20260616T085448Z,8291e9154763da53364191fa6044cbb037ad7a414ef9ddfea35634d358955d1d,results/stage6/behavioural_full_rerun/llama_primary_20260616T085448Z.jsonl,5.0e-05 C,5.0e-5 C,,-21.34375,,,"[""stage6_llama_behavioural_full_rerun""]"
llama3p1_8b_instruct,CM_B_UM_040,,3,llama3p1_8b_instruct:CM_B_UM_040:3:llama_primary_20260616T085448Z,442a374a725714613855d97dde5d65ba16bd765162842a7b7e0266cde314636b,results/stage6/behavioural_full_rerun/llama_primary_20260616T085448Z.jsonl,5.0e-05 C,5.0e-5 C,,-21.671875,,,"[""stage6_llama_behavioural_full_rerun""]"
llama3p1_8b_instruct,CM_B_UM_041,,0,llama3p1_8b_instruct:CM_B_UM_041:0:llama_primary_20260616T085448Z,f4653d325b80149932dfe568a9f1c6288a90d214b1abd748422b7abab3084aa8,results/stage6/behavioural_full_rerun/llama_primary_20260616T085448Z.jsonl,10 m/s,10.0 m/s,,-26.109375,,,"[""stage6_llama_behavioural_full_rerun""]"
llama3p1_8b_instruct,CM_B_UM_041,,1,llama3p1_8b_instruct:CM_B_UM_041:1:llama_primary_20260616T085448Z,5865f22898bfe7b2fc3ff83928ad95d4d5b6fd7cb146f9479a881479a81445c0,results/stage6/behavioural_full_rerun/llama_primary_20260616T085448Z.jsonl,10 m/s,10.0 m/s,,-25.84375,,,"[""stage6_llama_behavioural_full_rerun""]"
llama3p1_8b_instruct,CM_B_UM_041,,2,llama3p1_8b_instruct:CM_B_UM_041:2:llama_primary_20260616T085448Z,35955a5ca12bab2b6b91a63271fdddaa4f21db8bd0963039cc5bbbe7a84937bf,results/stage6/behavioural_full_rerun/llama_primary_20260616T085448Z.jsonl,10 m/s,10.0 m/s,,-22.609375,,,"[""stage6_llama_behavioural_full_rerun""]"
llama3p1_8b_instruct,CM_B_UM_041,,3,llama3p1_8b_instruct:CM_B_UM_041:3:llama_primary_20260616T085448Z,450c15d5b5e11f145795f45fa4948249052e2627426ca301f897ea49e745f36b,results/stage6/behavioural_full_rerun/llama_primary_20260616T085448Z.jsonl,10 m/s,10.0 m/s,,-26.078125,,,"[""stage6_llama_behavioural_full_rerun""]"
llama3p1_8b_instruct,CM_B_UM_042,,0,llama3p1_8b_instruct:CM_B_UM_042:0:llama_primary_20260616T085448Z,a9e130134aec9d5184e93dd5961d7681d4caa4c82dfd754331cb6c57ff5a3045,results/stage6/behavioural_full_rerun/llama_primary_20260616T085448Z.jsonl,15.0 m/s,15.0 m/s,,-14.34375,,,"[""stage6_llama_behavioural_full_rerun""]"
llama3p1_8b_instruct,CM_B_UM_042,,1,llama3p1_8b_instruct:CM_B_UM_042:1:llama_primary_20260616T085448Z,a1867d8a2158fe6c7f6b01247b435e2924727b7423f5f0a41cd5239e16580dbc,results/stage6/behavioural_full_rerun/llama_primary_20260616T085448Z.jsonl,15.0 m/s,15.0 m/s,,-14.6328125,,,"[""stage6_llama_behavioural_full_rerun""]"
llama3p1_8b_instruct,CM_B_UM_042,,2,llama3p1_8b_instruct:CM_B_UM_042:2:llama_primary_20260616T085448Z,6f955daa120c3c22324b8adbe482a931c3c38014d9386d327fa9af27e7b153d4,results/stage6/behavioural_full_rerun/llama_primary_20260616T085448Z.jsonl,15.0 m/s,15.0 m/s,,-14.328125,,,"[""stage6_llama_behavioural_full_rerun""]"
llama3p1_8b_instruct,CM_B_UM_042,,3,llama3p1_8b_instruct:CM_B_UM_042:3:llama_primary_20260616T085448Z,0bfb353dbd406cde2e6a2f3ea1e77f541cfd392cd7b04cff898da2905ea276e3,results/stage6/behavioural_full_rerun/llama_primary_20260616T085448Z.jsonl,15.0 m/s,15.0 m/s,,-14.4140625,,,"[""stage6_llama_behavioural_full_rerun""]"
llama3p1_8b_instruct,CM_B_UM_043,,0,llama3p1_8b_instruct:CM_B_UM_043:0:llama_primary_20260616T085448Z,deaea234b9a89ecea66a5d61af08fd690936db24fc1d14009966aa98882f1edb,results/stage6/behavioural_full_rerun/llama_primary_20260616T085448Z.jsonl,2.828 m/s,4.0 m/s,,-20.296875,,,"[""stage6_llama_behavioural_full_rerun""]"
llama3p1_8b_instruct,CM_B_UM_043,,1,llama3p1_8b_instruct:CM_B_UM_043:1:llama_primary_20260616T085448Z,4067df41cb9d5f5e505ffa0f43ec80d837d6b2bb2169cc4ef7ff9d59f78683ba,results/stage6/behavioural_full_rerun/llama_primary_20260616T085448Z.jsonl,2.0 m/s,4.0 m/s,,-21.515625,,,"[""stage6_llama_behavioural_full_rerun""]"
llama3p1_8b_instruct,CM_B_UM_043,,2,llama3p1_8b_instruct:CM_B_UM_043:2:llama_primary_20260616T085448Z,8764ca6cf8ad0d1b6360f1e56701c59646eeebb728f83072d16ce3d7c147bf80,results/stage6/behavioural_full_rerun/llama_primary_20260616T085448Z.jsonl,8.0 m/s,4.0 m/s,,-20.40625,,,"[""stage6_llama_behavioural_full_rerun""]"
llama3p1_8b_instruct,CM_B_UM_043,,3,llama3p1_8b_instruct:CM_B_UM_043:3:llama_primary_20260616T085448Z,1df9d2b7eb1ac1acfec5905921f7d99a28e93630a6d295afbeb46f91cd1780c2,results/stage6/behavioural_full_rerun/llama_primary_20260616T085448Z.jsonl,6.0 m/s,4.0 m/s,,-20.796875,,,"[""stage6_llama_behavioural_full_rerun""]"
llama3p1_8b_instruct,CM_B_UM_044,,0,llama3p1_8b_instruct:CM_B_UM_044:0:llama_primary_20260616T085448Z,7552f1e1f6943f79f68047bb1965cbfd1184764a33b8e96b2eb6250b4054e818,results/stage6/behavioural_full_rerun/llama_primary_20260616T085448Z.jsonl,10.0 m/s,10.0 m/s,,-18.9375,,,"[""stage6_llama_behavioural_full_rerun""]"
llama3p1_8b_instruct,CM_B_UM_044,,1,llama3p1_8b_instruct:CM_B_UM_044:1:llama_primary_20260616T085448Z,9a449b0cd34d616c53710b408bb0c2cfea4b4ffe4ef554dbef291aaef9c7c71f,results/stage6/behavioural_full_rerun/llama_primary_20260616T085448Z.jsonl,10.0 m/s,10.0 m/s,,-18.8125,,,"[""stage6_llama_behavioural_full_rerun""]"
llama3p1_8b_instruct,CM_B_UM_044,,2,llama3p1_8b_instruct:CM_B_UM_044:2:llama_primary_20260616T085448Z,d4b78b18c9279a8130b353147a1515658a425acbe07afde44c074fabe7675f04,results/stage6/behavioural_full_rerun/llama_primary_20260616T085448Z.jsonl,10.0 m/s,10.0 m/s,,-18.234375,,,"[""stage6_llama_behavioural_full_rerun""]"
llama3p1_8b_instruct,CM_B_UM_044,,3,llama3p1_8b_instruct:CM_B_UM_044:3:llama_primary_20260616T085448Z,76fd1299fc9d1873d5f6fefc0baf6166e6a7047bbfb3d9fa9131c62b2121206e,results/stage6/behavioural_full_rerun/llama_primary_20260616T085448Z.jsonl,10.0 m/s,10.0 m/s,,-18.625,,,"[""stage6_llama_behavioural_full_rerun""]"
llama3p1_8b_instruct,CM_B_UM_045,,0,llama3p1_8b_instruct:CM_B_UM_045:0:llama_primary_20260616T085448Z,b533049f6248bfbd6c536608ac773f604414eb5da47386e8597a7580c9c29824,results/stage6/behavioural_full_rerun/llama_primary_20260616T085448Z.jsonl,2.0 m/s,6.0 m/s,,-16.34375,,,"[""stage6_llama_behavioural_full_rerun""]"
llama3p1_8b_instruct,CM_B_UM_045,,1,llama3p1_8b_instruct:CM_B_UM_045:1:llama_primary_20260616T085448Z,03888f5fb4e4969131f560769cbeb2f9dfadf97682482431d7c2950f6e2dbe51,results/stage6/behavioural_full_rerun/llama_primary_20260616T085448Z.jsonl,2.0 m/s,6.0 m/s,,-16.6875,,,"[""stage6_llama_behavioural_full_rerun""]"
llama3p1_8b_instruct,CM_B_UM_045,,2,llama3p1_8b_instruct:CM_B_UM_045:2:llama_primary_20260616T085448Z,a7171b5b84065ba4b08d88b02f4e5ff538dcd66620bfd693fbb1487e13bdd9cd,results/stage6/behavioural_full_rerun/llama_primary_20260616T085448Z.jsonl,0.0 m/s,6.0 m/s,,-16.203125,,,"[""stage6_llama_behavioural_full_rerun""]"
llama3p1_8b_instruct,CM_B_UM_045,,3,llama3p1_8b_instruct:CM_B_UM_045:3:llama_primary_20260616T085448Z,a184854d670898a0669f73042fa8f9e0841e0a981b1920d99beed03652f9f875,results/stage6/behavioural_full_rerun/llama_primary_20260616T085448Z.jsonl,2.0 m/s,6.0 m/s,,-16.71875,,,"[""stage6_llama_behavioural_full_rerun""]"
llama3p1_8b_instruct,CM_B_UM_046,,0,llama3p1_8b_instruct:CM_B_UM_046:0:llama_primary_20260616T085448Z,62d7d48f3d8b127456eeafbd4f21c42ef7264fa0ebc16440b344e7cab8b3e5f6,results/stage6/behavioural_full_rerun/llama_primary_20260616T085448Z.jsonl,3.0 m/s,6.0 m/s,,-17.71875,,,"[""stage6_llama_behavioural_full_rerun""]"
llama3p1_8b_instruct,CM_B_UM_046,,1,llama3p1_8b_instruct:CM_B_UM_046:1:llama_primary_20260616T085448Z,7af4e53c85a792504f57ca8136254eebf9365dace6b3fdbfa0127d7a55939050,results/stage6/behavioural_full_rerun/llama_primary_20260616T085448Z.jsonl,5.0 m/s,6.0 m/s,,-17.640625,,,"[""stage6_llama_behavioural_full_rerun""]"
llama3p1_8b_instruct,CM_B_UM_046,,2,llama3p1_8b_instruct:CM_B_UM_046:2:llama_primary_20260616T085448Z,33d0e3a2afebcdfb3bf4545cd5a63ff072ff4894615b51b6be5ed9ecb2282fb4,results/stage6/behavioural_full_rerun/llama_primary_20260616T085448Z.jsonl,6.0 m/s,6.0 m/s,,-15.9375,,,"[""stage6_llama_behavioural_full_rerun""]"
llama3p1_8b_instruct,CM_B_UM_046,,3,llama3p1_8b_instruct:CM_B_UM_046:3:llama_primary_20260616T085448Z,4c53557c71855b815be667832e75e3bcdda5b979696fa6d4c705f55ac715fe02,results/stage6/behavioural_full_rerun/llama_primary_20260616T085448Z.jsonl,9.0 m/s,6.0 m/s,,-17.3125,,,"[""stage6_llama_behavioural_full_rerun""]"
llama3p1_8b_instruct,CM_B_UM_047,,0,llama3p1_8b_instruct:CM_B_UM_047:0:llama_primary_20260616T085448Z,4270e7f8510f744d85a34f04f88d009166496aeb302b785ed1cec60274315297,results/stage6/behavioural_full_rerun/llama_primary_20260616T085448Z.jsonl,7.0 m/s,9.899 m/s,,-18.84375,,,"[""stage6_llama_behavioural_full_rerun""]"
llama3p1_8b_instruct,CM_B_UM_047,,1,llama3p1_8b_instruct:CM_B_UM_047:1:llama_primary_20260616T085448Z,d5efa25edb149bc79109cfbc463537c624e7250fcf26d7571b460f5f868d5b29,results/stage6/behavioural_full_rerun/llama_primary_20260616T085448Z.jsonl,9.8 m/s,9.899 m/s,,-24.0625,,,"[""stage6_llama_behavioural_full_rerun""]"
llama3p1_8b_instruct,CM_B_UM_047,,2,llama3p1_8b_instruct:CM_B_UM_047:2:llama_primary_20260616T085448Z,b532e8a752d521b856d0f4dcb4c39b26eca4067d18454ab247fa966e19fd9d42,results/stage6/behavioural_full_rerun/llama_primary_20260616T085448Z.jsonl,9.9 m/s,9.899 m/s,,-21.5,,,"[""stage6_llama_behavioural_full_rerun""]"
llama3p1_8b_instruct,CM_B_UM_047,,3,llama3p1_8b_instruct:CM_B_UM_047:3:llama_primary_20260616T085448Z,e37388f5920c2e88f174ef4eb1c7c218eb361caec24f86cfbafb62dfb4017fac,results/stage6/behavioural_full_rerun/llama_primary_20260616T085448Z.jsonl,12.0 m/s,9.899 m/s,,-19.359375,,,"[""stage6_llama_behavioural_full_rerun""]"
llama3p1_8b_instruct,CM_B_UM_048,,0,llama3p1_8b_instruct:CM_B_UM_048:0:llama_primary_20260616T085448Z,56c76544fd59f43de1c47bcef0e63f41ec2e9df1266c04930465231d614a21a9,results/stage6/behavioural_full_rerun/llama_primary_20260616T085448Z.jsonl,2.4 m/s,4.4 m/s,,-19.734375,,,"[""stage6_llama_behavioural_full_rerun""]"
llama3p1_8b_instruct,CM_B_UM_048,,1,llama3p1_8b_instruct:CM_B_UM_048:1:llama_primary_20260616T085448Z,73c303ce80f2003c065c7b869af24bb2eb5808d6acfc8c839b8f31888ee339b4,results/stage6/behavioural_full_rerun/llama_primary_20260616T085448Z.jsonl,2.67 m/s,4.4 m/s,,-19.203125,,,"[""stage6_llama_behavioural_full_rerun""]"
llama3p1_8b_instruct,CM_B_UM_048,,2,llama3p1_8b_instruct:CM_B_UM_048:2:llama_primary_20260616T085448Z,320e0065790d0d31d32d63d1ac419427efe03599ea85c7aa7b66a5f8dcc0958e,results/stage6/behavioural_full_rerun/llama_primary_20260616T085448Z.jsonl,2.67 m/s,4.4 m/s,,-18.96875,,,"[""stage6_llama_behavioural_full_rerun""]"
llama3p1_8b_instruct,CM_B_UM_048,,3,llama3p1_8b_instruct:CM_B_UM_048:3:llama_primary_20260616T085448Z,117e41cbabfaaebd46ef17f0c1734b57dc7a326195d34b010423ec66145d73b9,results/stage6/behavioural_full_rerun/llama_primary_20260616T085448Z.jsonl,4.0 m/s,4.4 m/s,,-19.9375,,,"[""stage6_llama_behavioural_full_rerun""]"
llama3p1_8b_instruct,CM_B_UM_049,,0,llama3p1_8b_instruct:CM_B_UM_049:0:llama_primary_20260616T085448Z,610cfa7055c7328769caecc590ea1a020ddbaee175132c3395d8f8996a32adb1,results/stage6/behavioural_full_rerun/llama_primary_20260616T085448Z.jsonl,2.0 Hz,1.592 Hz,,-26.484375,,,"[""stage6_llama_behavioural_full_rerun""]"
llama3p1_8b_instruct,CM_B_UM_049,,1,llama3p1_8b_instruct:CM_B_UM_049:1:llama_primary_20260616T085448Z,a914b1258d320281d432e910b6064270f10024f2e60e4571f7d30d0d04792aab,results/stage6/behavioural_full_rerun/llama_primary_20260616T085448Z.jsonl,2.0 Hz,1.592 Hz,,-24.375,,,"[""stage6_llama_behavioural_full_rerun""]"
llama3p1_8b_instruct,CM_B_UM_049,,2,llama3p1_8b_instruct:CM_B_UM_049:2:llama_primary_20260616T085448Z,f69228cd18e034af10487f12aa17e24170b7732db4103f5b0b49f776b2f020df,results/stage6/behavioural_full_rerun/llama_primary_20260616T085448Z.jsonl,2.0 Hz,1.592 Hz,,-25.046875,,,"[""stage6_llama_behavioural_full_rerun""]"
llama3p1_8b_instruct,CM_B_UM_049,,3,llama3p1_8b_instruct:CM_B_UM_049:3:llama_primary_20260616T085448Z,ed9a7969d3c4c1aadc9e796b4dfb29dc5259b91b08e4b2afcd140098c1b73faa,results/stage6/behavioural_full_rerun/llama_primary_20260616T085448Z.jsonl,2.0 Hz,1.592 Hz,,-24.75,,,"[""stage6_llama_behavioural_full_rerun""]"
llama3p1_8b_instruct,CM_B_UM_050,,0,llama3p1_8b_instruct:CM_B_UM_050:0:llama_primary_20260616T085448Z,2983f1d45a03acee1abf660f5f9df90dd74a13d7829b193a315930c01421f79f,results/stage6/behavioural_full_rerun/llama_primary_20260616T085448Z.jsonl,1.0 Hz,0.796 Hz,,-25.65625,,,"[""stage6_llama_behavioural_full_rerun""]"
llama3p1_8b_instruct,CM_B_UM_050,,1,llama3p1_8b_instruct:CM_B_UM_050:1:llama_primary_20260616T085448Z,a3eaf11edaf802d58a15b09517e875973069c25c1d95a897f239662fad01411a,results/stage6/behavioural_full_rerun/llama_primary_20260616T085448Z.jsonl,1.0 Hz,0.796 Hz,,-25.046875,,,"[""stage6_llama_behavioural_full_rerun""]"
llama3p1_8b_instruct,CM_B_UM_050,,2,llama3p1_8b_instruct:CM_B_UM_050:2:llama_primary_20260616T085448Z,01a2d93044a697a1e56f3b7a14c88c4fabbb692be13dc31c565b0bbbfe7a335c,results/stage6/behavioural_full_rerun/llama_primary_20260616T085448Z.jsonl,1.0 Hz,0.796 Hz,,-25.09375,,,"[""stage6_llama_behavioural_full_rerun""]"
llama3p1_8b_instruct,CM_B_UM_050,,3,llama3p1_8b_instruct:CM_B_UM_050:3:llama_primary_20260616T085448Z,d27ae87fdc61b054094746b61c86fc5a7a487c3bbb71b4eb42987ddd80005593,results/stage6/behavioural_full_rerun/llama_primary_20260616T085448Z.jsonl,1.0 Hz,0.796 Hz,,-25.234375,,,"[""stage6_llama_behavioural_full_rerun""]"
llama3p1_8b_instruct,CM_B_UM_051,,0,llama3p1_8b_instruct:CM_B_UM_051:0:llama_primary_20260616T085448Z,d1295acfdcd13814027c746d9b1586de3ecc7fea52fea2a74b66c75eb4204b45,results/stage6/behavioural_full_rerun/llama_primary_20260616T085448Z.jsonl,2 rad/s,0.705 Hz,,-26.203125,,,"[""stage6_llama_behavioural_full_rerun""]"
llama3p1_8b_instruct,CM_B_UM_051,,1,llama3p1_8b_instruct:CM_B_UM_051:1:llama_primary_20260616T085448Z,ef8f0dbd0a4adddafdd6d96ce051ac2cfb1cc1c8b38337699e7519362c67cf69,results/stage6/behavioural_full_rerun/llama_primary_20260616T085448Z.jsonl,1.5915 Hz,0.705 Hz,,-25.6875,,,"[""stage6_llama_behavioural_full_rerun""]"
llama3p1_8b_instruct,CM_B_UM_051,,2,llama3p1_8b_instruct:CM_B_UM_051:2:llama_primary_20260616T085448Z,34bd7ecadebc9dbb5eefae7ae6e461eaab7fd90ff52b8d03a7883582f61725a4,results/stage6/behavioural_full_rerun/llama_primary_20260616T085448Z.jsonl,2.01 Hz,0.705 Hz,,-24.390625,,,"[""stage6_llama_behavioural_full_rerun""]"
llama3p1_8b_instruct,CM_B_UM_051,,3,llama3p1_8b_instruct:CM_B_UM_051:3:llama_primary_20260616T085448Z,c7060ff79a4c34b7f5f2d9455922e2224c73269eb9bb5f535a8efe64ccaf4de1,results/stage6/behavioural_full_rerun/llama_primary_20260616T085448Z.jsonl,2 rad/s,0.705 Hz,,-22.71875,,,"[""stage6_llama_behavioural_full_rerun""]"
llama3p1_8b_instruct,CM_B_UM_052,,0,llama3p1_8b_instruct:CM_B_UM_052:0:llama_primary_20260616T085448Z,f62525262b65c07c0495c5b4451c44d6bbac4b24c52f51e63142d28b25e0c7a1,results/stage6/behavioural_full_rerun/llama_primary_20260616T085448Z.jsonl,0.5 Hz,0.352 Hz,,-26.578125,,,"[""stage6_llama_behavioural_full_rerun""]"
llama3p1_8b_instruct,CM_B_UM_052,,1,llama3p1_8b_instruct:CM_B_UM_052:1:llama_primary_20260616T085448Z,a4a273ac612b10334789beb4ad85c9ab375a1daa9639df017b9c16f500b57df2,results/stage6/behavioural_full_rerun/llama_primary_20260616T085448Z.jsonl,0.5 Hz,0.352 Hz,,-26.71875,,,"[""stage6_llama_behavioural_full_rerun""]"
llama3p1_8b_instruct,CM_B_UM_052,,2,llama3p1_8b_instruct:CM_B_UM_052:2:llama_primary_20260616T085448Z,d6a1fd5749e197a6e84af164abb1579eb39ce6dcf9d9aadaca25e797748125d5,results/stage6/behavioural_full_rerun/llama_primary_20260616T085448Z.jsonl,0.5 Hz,0.352 Hz,,-26.75,,,"[""stage6_llama_behavioural_full_rerun""]"
llama3p1_8b_instruct,CM_B_UM_052,,3,llama3p1_8b_instruct:CM_B_UM_052:3:llama_primary_20260616T085448Z,22258d5cdddf01da53bc006bd335129e2b4f430437018ab72fc21d484988168f,results/stage6/behavioural_full_rerun/llama_primary_20260616T085448Z.jsonl,0.502 Hz,0.352 Hz,,-28.75,,,"[""stage6_llama_behavioural_full_rerun""]"
llama3p1_8b_instruct,CM_B_UM_053,,0,llama3p1_8b_instruct:CM_B_UM_053:0:llama_primary_20260616T085448Z,afcb3c2603d0f2fd659f8c00ac2fa62dcc551ea779879e6841647ce8826cc399,results/stage6/behavioural_full_rerun/llama_primary_20260616T085448Z.jsonl,2.0 Hz,1.592 Hz,,-23.984375,,,"[""stage6_llama_behavioural_full_rerun""]"
llama3p1_8b_instruct,CM_B_UM_053,,1,llama3p1_8b_instruct:CM_B_UM_053:1:llama_primary_20260616T085448Z,d5b2a25e13a1d04d380bedcc1a1dad25ae780da18f81381dda96397d64e5a594,results/stage6/behavioural_full_rerun/llama_primary_20260616T085448Z.jsonl,2.0 Hz,1.592 Hz,,-22.75,,,"[""stage6_llama_behavioural_full_rerun""]"
llama3p1_8b_instruct,CM_B_UM_053,,2,llama3p1_8b_instruct:CM_B_UM_053:2:llama_primary_20260616T085448Z,d282c0a0b27e528ddc5584946fea3ff5f87ba52d9f12208c44ff44d71d0a4441,results/stage6/behavioural_full_rerun/llama_primary_20260616T085448Z.jsonl,2.0 Hz,1.592 Hz,,-24.09375,,,"[""stage6_llama_behavioural_full_rerun""]"
llama3p1_8b_instruct,CM_B_UM_053,,3,llama3p1_8b_instruct:CM_B_UM_053:3:llama_primary_20260616T085448Z,308cb8db06ac9750e66d97fe432c50d092c48b16535bb5288b9ef5264dfdb9f1,results/stage6/behavioural_full_rerun/llama_primary_20260616T085448Z.jsonl,2.0 Hz,1.592 Hz,,-23.734375,,,"[""stage6_llama_behavioural_full_rerun""]"
llama3p1_8b_instruct,CM_B_UM_054,,0,llama3p1_8b_instruct:CM_B_UM_054:0:llama_primary_20260616T085448Z,c27754ae240b7e0f65867e30c17a725db297b16805af625ea6f3d3e5b882ebc3,results/stage6/behavioural_full_rerun/llama_primary_20260616T085448Z.jsonl,1000 Hz,159.155 Hz,,-22.65625,,,"[""stage6_llama_behavioural_full_rerun""]"
llama3p1_8b_instruct,CM_B_UM_054,,1,llama3p1_8b_instruct:CM_B_UM_054:1:llama_primary_20260616T085448Z,a121fd114a8821b72b7782096e4f64fd21e416ae06e0e7011b4773e8b914e785,results/stage6/behavioural_full_rerun/llama_primary_20260616T085448Z.jsonl,159 Hz,159.155 Hz,,-21.625,,,"[""stage6_llama_behavioural_full_rerun""]"
llama3p1_8b_instruct,CM_B_UM_054,,2,llama3p1_8b_instruct:CM_B_UM_054:2:llama_primary_20260616T085448Z,bf6c48d5fb46a1d2f03f39d342325976bc869e6b65e69dd7d2f2e82b36074391,results/stage6/behavioural_full_rerun/llama_primary_20260616T085448Z.jsonl,1591.55 Hz,159.155 Hz,,-22.375,,,"[""stage6_llama_behavioural_full_rerun""]"
llama3p1_8b_instruct,CM_B_UM_054,,3,llama3p1_8b_instruct:CM_B_UM_054:3:llama_primary_20260616T085448Z,a7f10655671c22722721332ba7ba39c54b47de3dc3206ff3d7f01c8bc9fb2438,results/stage6/behavioural_full_rerun/llama_primary_20260616T085448Z.jsonl,1591.55 Hz,159.155 Hz,,-21.9375,,,"[""stage6_llama_behavioural_full_rerun""]"
llama3p1_8b_instruct,CM_B_UM_055,,0,llama3p1_8b_instruct:CM_B_UM_055:0:llama_primary_20260616T085448Z,8c92c8707f12b7fbaff37603013a9b2b4b2acb9ade8c35f8744e0ee87c17fd67,results/stage6/behavioural_full_rerun/llama_primary_20260616T085448Z.jsonl,0.25 Hz,0.249 Hz,,-17.640625,,,"[""stage6_llama_behavioural_full_rerun""]"
llama3p1_8b_instruct,CM_B_UM_055,,1,llama3p1_8b_instruct:CM_B_UM_055:1:llama_primary_20260616T085448Z,90331fcd1d77414818738d2638fcb6987a0b0e591141d78c501f6de747b68be0,results/stage6/behavioural_full_rerun/llama_primary_20260616T085448Z.jsonl,0.25 Hz,0.249 Hz,,-18.15625,,,"[""stage6_llama_behavioural_full_rerun""]"
llama3p1_8b_instruct,CM_B_UM_055,,2,llama3p1_8b_instruct:CM_B_UM_055:2:llama_primary_20260616T085448Z,b2d418efe6b5e7797bfbb0595dd76d997722a7acbbb9c542de5f83c117a38b39,results/stage6/behavioural_full_rerun/llama_primary_20260616T085448Z.jsonl,0.25 Hz,0.249 Hz,,-17.96875,,,"[""stage6_llama_behavioural_full_rerun""]"
llama3p1_8b_instruct,CM_B_UM_055,,3,llama3p1_8b_instruct:CM_B_UM_055:3:llama_primary_20260616T085448Z,2a7f97834d909d65b5470fb83b9fc2f58eea1a4a5c2f1813e0f4b52165c00670,results/stage6/behavioural_full_rerun/llama_primary_20260616T085448Z.jsonl,0.79 Hz,0.249 Hz,,-18.1875,,,"[""stage6_llama_behavioural_full_rerun""]"
llama3p1_8b_instruct,CM_B_UM_056,,0,llama3p1_8b_instruct:CM_B_UM_056:0:llama_primary_20260616T085448Z,65aa7889d699f6a3bcc62da7630b19aec38f42e6b91ef3e152d0763678a6e017,results/stage6/behavioural_full_rerun/llama_primary_20260616T085448Z.jsonl,160 Hz,80.0 Hz,,-21.5,,,"[""stage6_llama_behavioural_full_rerun""]"
llama3p1_8b_instruct,CM_B_UM_056,,1,llama3p1_8b_instruct:CM_B_UM_056:1:llama_primary_20260616T085448Z,67d3a48b3dc02be75bde55b51484a18c37776bec75dba74f015003d39f475351,results/stage6/behavioural_full_rerun/llama_primary_20260616T085448Z.jsonl,160 Hz,80.0 Hz,,-20.921875,,,"[""stage6_llama_behavioural_full_rerun""]"
llama3p1_8b_instruct,CM_B_UM_056,,2,llama3p1_8b_instruct:CM_B_UM_056:2:llama_primary_20260616T085448Z,4376d9dd8c588c2ddbbb8f123efd7a492142fb335d5b00a0abad1701d8ce7327,results/stage6/behavioural_full_rerun/llama_primary_20260616T085448Z.jsonl,160 Hz,80.0 Hz,,-20.90625,,,"[""stage6_llama_behavioural_full_rerun""]"
llama3p1_8b_instruct,CM_B_UM_056,,3,llama3p1_8b_instruct:CM_B_UM_056:3:llama_primary_20260616T085448Z,ac1132f31205a24eded850effec33adefc2d488197e7f89a260a9f64bf45fb2a,results/stage6/behavioural_full_rerun/llama_primary_20260616T085448Z.jsonl,0 Hz,80.0 Hz,,-21.078125,,,"[""stage6_llama_behavioural_full_rerun""]"
llama3p1_8b_instruct,CM_B_UM_057,,0,llama3p1_8b_instruct:CM_B_UM_057:0:llama_primary_20260616T085448Z,72b250598da840bcda49617636042bb9bd37d79c981f30c1dcef0dde91ce35d5,results/stage6/behavioural_full_rerun/llama_primary_20260616T085448Z.jsonl,12 N*m,12 N*m,,-28.421875,,,"[""stage6_llama_behavioural_full_rerun""]"
llama3p1_8b_instruct,CM_B_UM_057,,1,llama3p1_8b_instruct:CM_B_UM_057:1:llama_primary_20260616T085448Z,aa6c24d8f176cfe23632538b4df70ccd909af3e6f24587a5409b1e3e938a74c8,results/stage6/behavioural_full_rerun/llama_primary_20260616T085448Z.jsonl,12 N*m,12 N*m,,-27.890625,,,"[""stage6_llama_behavioural_full_rerun""]"
llama3p1_8b_instruct,CM_B_UM_057,,2,llama3p1_8b_instruct:CM_B_UM_057:2:llama_primary_20260616T085448Z,e8bc82e846ae1e117f5d26da64fc739eddc4c58c1926116035dc957609852090,results/stage6/behavioural_full_rerun/llama_primary_20260616T085448Z.jsonl,12.0 N*m,12 N*m,,-26.375,,,"[""stage6_llama_behavioural_full_rerun""]"
llama3p1_8b_instruct,CM_B_UM_057,,3,llama3p1_8b_instruct:CM_B_UM_057:3:llama_primary_20260616T085448Z,d9c453880aae031be1adb983917502e8ab19cf129de6e97426528fc0df3ba940,results/stage6/behavioural_full_rerun/llama_primary_20260616T085448Z.jsonl,12 N*m,12 N*m,,-27.75,,,"[""stage6_llama_behavioural_full_rerun""]"
llama3p1_8b_instruct,CM_B_UM_058,,0,llama3p1_8b_instruct:CM_B_UM_058:0:llama_primary_20260616T085448Z,1216835c2602c3f3c641e3728c12a00244422f4f32a8db99ccb0c70544685966,results/stage6/behavioural_full_rerun/llama_primary_20260616T085448Z.jsonl,15 N*m,15 N*m,,-27.859375,,,"[""stage6_llama_behavioural_full_rerun""]"
llama3p1_8b_instruct,CM_B_UM_058,,1,llama3p1_8b_instruct:CM_B_UM_058:1:llama_primary_20260616T085448Z,b05272da84049a25b12777d2b3ef9d6aeb2752e52356897f59f2f73d433595ed,results/stage6/behavioural_full_rerun/llama_primary_20260616T085448Z.jsonl,15 N*m,15 N*m,,-26.515625,,,"[""stage6_llama_behavioural_full_rerun""]"
llama3p1_8b_instruct,CM_B_UM_058,,2,llama3p1_8b_instruct:CM_B_UM_058:2:llama_primary_20260616T085448Z,a71d23e4e4e50802db6e977766a3cad3549b1baa9a667d6571c3cfe621be92ad,results/stage6/behavioural_full_rerun/llama_primary_20260616T085448Z.jsonl,15.0 N*m,15 N*m,,-25.703125,,,"[""stage6_llama_behavioural_full_rerun""]"
llama3p1_8b_instruct,CM_B_UM_058,,3,llama3p1_8b_instruct:CM_B_UM_058:3:llama_primary_20260616T085448Z,71b6d4e107bdb0f78c19a1b8cd714ea810e3d6e9f07d763d3be88493aff23fb6,results/stage6/behavioural_full_rerun/llama_primary_20260616T085448Z.jsonl,15 N*m,15 N*m,,-26.953125,,,"[""stage6_llama_behavioural_full_rerun""]"
llama3p1_8b_instruct,CM_B_UM_059,,0,llama3p1_8b_instruct:CM_B_UM_059:0:llama_primary_20260616T085448Z,8f4723b478c4da702daac642829e15ebc2d9fda029934a43c14f10c473af2ce0,results/stage6/behavioural_full_rerun/llama_primary_20260616T085448Z.jsonl,8 N*m,6.928 N*m,,-32.9375,,,"[""stage6_llama_behavioural_full_rerun""]"
llama3p1_8b_instruct,CM_B_UM_059,,1,llama3p1_8b_instruct:CM_B_UM_059:1:llama_primary_20260616T085448Z,07f276c722730edabb33083b40a61613a0a418568392d5f24c2576b272a0f5e2,results/stage6/behavioural_full_rerun/llama_primary_20260616T085448Z.jsonl,8 N*m,6.928 N*m,,-34.9375,,,"[""stage6_llama_behavioural_full_rerun""]"
llama3p1_8b_instruct,CM_B_UM_059,,2,llama3p1_8b_instruct:CM_B_UM_059:2:llama_primary_20260616T085448Z,d9866bbd71d4fa14fdbd8e9fd75cd4c014e7aefdad7a39b89e40f1309bc8afd7,results/stage6/behavioural_full_rerun/llama_primary_20260616T085448Z.jsonl,8 N*m,6.928 N*m,,-32.15625,,,"[""stage6_llama_behavioural_full_rerun""]"
llama3p1_8b_instruct,CM_B_UM_059,,3,llama3p1_8b_instruct:CM_B_UM_059:3:llama_primary_20260616T085448Z,e27e5311cefb18b0c031f331c24e4ad4f8a7fd57eaeb635607088514d043905b,results/stage6/behavioural_full_rerun/llama_primary_20260616T085448Z.jsonl,8.0 N*m,6.928 N*m,,-33.125,,,"[""stage6_llama_behavioural_full_rerun""]"
llama3p1_8b_instruct,CM_B_UM_060,,0,llama3p1_8b_instruct:CM_B_UM_060:0:llama_primary_20260616T085448Z,55edae5b80ffb1ddff14d6dbf20a1de0ee50f735104082bea5b5b1d690b2677f,results/stage6/behavioural_full_rerun/llama_primary_20260616T085448Z.jsonl,8.0 N*m,8 N*m,,-23.375,,,"[""stage6_llama_behavioural_full_rerun""]"
llama3p1_8b_instruct,CM_B_UM_060,,1,llama3p1_8b_instruct:CM_B_UM_060:1:llama_primary_20260616T085448Z,479cada41cfd67d3085dac08b2dbf678f4b73dc8469a641c7073c56b1448d89f,results/stage6/behavioural_full_rerun/llama_primary_20260616T085448Z.jsonl,8.0 N*m,8 N*m,,-21.640625,,,"[""stage6_llama_behavioural_full_rerun""]"
llama3p1_8b_instruct,CM_B_UM_060,,2,llama3p1_8b_instruct:CM_B_UM_060:2:llama_primary_20260616T085448Z,b3f1f3358079482794b2ab77adfa4343c78989809eb1d13978780f883efe0075,results/stage6/behavioural_full_rerun/llama_primary_20260616T085448Z.jsonl,8.0 N*m,8 N*m,,-21.1875,,,"[""stage6_llama_behavioural_full_rerun""]"
llama3p1_8b_instruct,CM_B_UM_060,,3,llama3p1_8b_instruct:CM_B_UM_060:3:llama_primary_20260616T085448Z,920c89c550f3bdf9261507162fe129cd11015959b68430d979715d756d4b037e,results/stage6/behavioural_full_rerun/llama_primary_20260616T085448Z.jsonl,8.0 N*m,8 N*m,,-22.203125,,,"[""stage6_llama_behavioural_full_rerun""]"
llama3p1_8b_instruct,CM_C_001,,0,llama3p1_8b_instruct:CM_C_001:0:llama_primary_20260616T085448Z,bd24edd261c5f6a40dc56d4b29f7ec29f6cdd8d74dc803d0dcf1122126fdb62e,results/stage6/behavioural_full_rerun/llama_primary_20260616T085448Z.jsonl,30 m/s,30.0 m/s,,-20.40625,,,"[""stage6_llama_behavioural_full_rerun""]"
llama3p1_8b_instruct,CM_C_001,,1,llama3p1_8b_instruct:CM_C_001:1:llama_primary_20260616T085448Z,50ea3e0695378835341dc17f2c3367e1a834e1ddcdd2dd6e55fd2c4f016ae186,results/stage6/behavioural_full_rerun/llama_primary_20260616T085448Z.jsonl,30 m/s,30.0 m/s,,-20.875,,,"[""stage6_llama_behavioural_full_rerun""]"
llama3p1_8b_instruct,CM_C_001,,2,llama3p1_8b_instruct:CM_C_001:2:llama_primary_20260616T085448Z,22239c12d23e9b5c06af765bf7abb3c2d88ff6a634f2b97f27b1d346c31e14d8,results/stage6/behavioural_full_rerun/llama_primary_20260616T085448Z.jsonl,30 m/s,30.0 m/s,,-20.8125,,,"[""stage6_llama_behavioural_full_rerun""]"
llama3p1_8b_instruct,CM_C_001,,3,llama3p1_8b_instruct:CM_C_001:3:llama_primary_20260616T085448Z,f05b1cbd62adaf5944eb59af9c02f0411d6e79c6c213bfbaf1d3565454c9286a,results/stage6/behavioural_full_rerun/llama_primary_20260616T085448Z.jsonl,30 m/s,30.0 m/s,,-20.71875,,,"[""stage6_llama_behavioural_full_rerun""]"
llama3p1_8b_instruct,CM_C_002,,0,llama3p1_8b_instruct:CM_C_002:0:llama_primary_20260616T085448Z,b1d6e94436e33209cf46661c34a7dd862e90a15bcab101e595db65bf2a200704,results/stage6/behavioural_full_rerun/llama_primary_20260616T085448Z.jsonl,50 N,50.0 N,,-23.078125,,,"[""stage6_llama_behavioural_full_rerun""]"
llama3p1_8b_instruct,CM_C_002,,1,llama3p1_8b_instruct:CM_C_002:1:llama_primary_20260616T085448Z,0d46b581a29758733350f7a0e7691e73734d888d1cf740ce7c55c26f66dde810,results/stage6/behavioural_full_rerun/llama_primary_20260616T085448Z.jsonl,50 N,50.0 N,,-26.609375,,,"[""stage6_llama_behavioural_full_rerun""]"
llama3p1_8b_instruct,CM_C_002,,2,llama3p1_8b_instruct:CM_C_002:2:llama_primary_20260616T085448Z,7b7dae08ece59b58f0b12228345be96916bf699ae9b5a62b7610b350ec76435c,results/stage6/behavioural_full_rerun/llama_primary_20260616T085448Z.jsonl,50 N,50.0 N,,-21.953125,,,"[""stage6_llama_behavioural_full_rerun""]"
llama3p1_8b_instruct,CM_C_002,,3,llama3p1_8b_instruct:CM_C_002:3:llama_primary_20260616T085448Z,6fbd0ab7dc15d3855fe355dd3e97f45562c583c9437717e15da701f51afbc823,results/stage6/behavioural_full_rerun/llama_primary_20260616T085448Z.jsonl,5 N,50.0 N,,-28.15625,,,"[""stage6_llama_behavioural_full_rerun""]"
llama3p1_8b_instruct,CM_C_003,,0,llama3p1_8b_instruct:CM_C_003:0:llama_primary_20260616T085448Z,b628d866ccad03f84d820469f52828e1888eb33c01760c0f68551781a211efc2,results/stage6/behavioural_full_rerun/llama_primary_20260616T085448Z.jsonl,1000 J,1000 J,,-18.515625,,,"[""stage6_llama_behavioural_full_rerun""]"
llama3p1_8b_instruct,CM_C_003,,1,llama3p1_8b_instruct:CM_C_003:1:llama_primary_20260616T085448Z,951130d05c4b5a2258c3ae34380cdcedbf8a31eec8e8097132be80ff31558fb9,results/stage6/behavioural_full_rerun/llama_primary_20260616T085448Z.jsonl,1000 J,1000 J,,-15.9765625,,,"[""stage6_llama_behavioural_full_rerun""]"
llama3p1_8b_instruct,CM_C_003,,2,llama3p1_8b_instruct:CM_C_003:2:llama_primary_20260616T085448Z,c52228174a81e956fd851f2fff8971e845e0c6175f2bcb2f4575e43d79ad99ea,results/stage6/behavioural_full_rerun/llama_primary_20260616T085448Z.jsonl,1000 J,1000 J,,-11.3515625,,,"[""stage6_llama_behavioural_full_rerun""]"
llama3p1_8b_instruct,CM_C_003,,3,llama3p1_8b_instruct:CM_C_003:3:llama_primary_20260616T085448Z,e8534e38f14ea8dec4aad13589aaf0371cee9474379c51770c97ad2d6cec74ef,results/stage6/behavioural_full_rerun/llama_primary_20260616T085448Z.jsonl,1000 J,1000 J,,-14.2421875,,,"[""stage6_llama_behavioural_full_rerun""]"
llama3p1_8b_instruct,CM_C_004,,0,llama3p1_8b_instruct:CM_C_004:0:llama_primary_20260616T085448Z,afff9b6d32eb88c12bcaea40ef3362e0cf3dd1012244d1a4b4fc9fd8a6075e2b,results/stage6/behavioural_full_rerun/llama_primary_20260616T085448Z.jsonl,200 W,200 W,,-12.078125,,,"[""stage6_llama_behavioural_full_rerun""]"
llama3p1_8b_instruct,CM_C_004,,1,llama3p1_8b_instruct:CM_C_004:1:llama_primary_20260616T085448Z,c204fc5e7102dee8195375c27984a3c5e7db1da82fcfa6177a1b5e981a0c496e,results/stage6/behavioural_full_rerun/llama_primary_20260616T085448Z.jsonl,200 W,200 W,,-15.328125,,,"[""stage6_llama_behavioural_full_rerun""]"
llama3p1_8b_instruct,CM_C_004,,2,llama3p1_8b_instruct:CM_C_004:2:llama_primary_20260616T085448Z,d827c5623d205e3f2eca23be154dc60e9289c610b65cb3b9df909634c4e1c909,results/stage6/behavioural_full_rerun/llama_primary_20260616T085448Z.jsonl,200 W,200 W,,-14.0703125,,,"[""stage6_llama_behavioural_full_rerun""]"
llama3p1_8b_instruct,CM_C_004,,3,llama3p1_8b_instruct:CM_C_004:3:llama_primary_20260616T085448Z,b46439ce45c175b790bc05a9facb70dc15e749ba5431c5ef60c12deffe82e4f3,results/stage6/behavioural_full_rerun/llama_primary_20260616T085448Z.jsonl,200 W,200 W,,-11.3984375,,,"[""stage6_llama_behavioural_full_rerun""]"
llama3p1_8b_instruct,CM_C_005,,0,llama3p1_8b_instruct:CM_C_005:0:llama_primary_20260616T085448Z,2bd560424a2a5d49d7d3200c6353afe3b800d33b8c342d9b8914cc998848928e,results/stage6/behavioural_full_rerun/llama_primary_20260616T085448Z.jsonl,50 Hz,50 Hz,,-18.34375,,,"[""stage6_llama_behavioural_full_rerun""]"
llama3p1_8b_instruct,CM_C_005,,1,llama3p1_8b_instruct:CM_C_005:1:llama_primary_20260616T085448Z,7d8ebe846b5d420ff04887b6b7de1395d6d02d261db3b6ccc499ac5c29b009d4,results/stage6/behavioural_full_rerun/llama_primary_20260616T085448Z.jsonl,50 Hz,50 Hz,,-14.0625,,,"[""stage6_llama_behavioural_full_rerun""]"
llama3p1_8b_instruct,CM_C_005,,2,llama3p1_8b_instruct:CM_C_005:2:llama_primary_20260616T085448Z,f6a6c5e191891dd4ccb18103c7cbcffaaf86262fbbdf89094c74d326157c667e,results/stage6/behavioural_full_rerun/llama_primary_20260616T085448Z.jsonl,50 Hz,50 Hz,,-17.40625,,,"[""stage6_llama_behavioural_full_rerun""]"
llama3p1_8b_instruct,CM_C_005,,3,llama3p1_8b_instruct:CM_C_005:3:llama_primary_20260616T085448Z,6ec4cb8c8584520fb5af63fbb2155dfc12552d80df5ac07b6efc1be084c65c15,results/stage6/behavioural_full_rerun/llama_primary_20260616T085448Z.jsonl,50 Hz,50 Hz,,-20.234375,,,"[""stage6_llama_behavioural_full_rerun""]"
llama3p1_8b_instruct,EL_A_001,,0,llama3p1_8b_instruct:EL_A_001:0:llama_primary_20260616T085448Z,6614c8fa62cc8eafef5551780e88c57e01224e380550ef8a948bc50088f5c326,results/stage6/behavioural_full_rerun/llama_primary_20260616T085448Z.jsonl,40.0 V,40.0 V,,-23.265625,,,"[""stage6_llama_behavioural_full_rerun""]"
llama3p1_8b_instruct,EL_A_001,,1,llama3p1_8b_instruct:EL_A_001:1:llama_primary_20260616T085448Z,f9627588e5c160eb04e09244aa5c6856226df0b350053af551f25b219af903b4,results/stage6/behavioural_full_rerun/llama_primary_20260616T085448Z.jsonl,40.0 V,40.0 V,,-23.0625,,,"[""stage6_llama_behavioural_full_rerun""]"
llama3p1_8b_instruct,EL_A_001,,2,llama3p1_8b_instruct:EL_A_001:2:llama_primary_20260616T085448Z,a248875f6162c6f536999d2477c83b0a7dc4238ae776d3b20497572233b477a8,results/stage6/behavioural_full_rerun/llama_primary_20260616T085448Z.jsonl,40.0 V,40.0 V,,-23.875,,,"[""stage6_llama_behavioural_full_rerun""]"
llama3p1_8b_instruct,EL_A_001,,3,llama3p1_8b_instruct:EL_A_001:3:llama_primary_20260616T085448Z,a94d1e12e25640b432e7e944cbb3435643f627e70bf7d05dccb9f28840777713,results/stage6/behavioural_full_rerun/llama_primary_20260616T085448Z.jsonl,40.0 V,40.0 V,,-23.625,,,"[""stage6_llama_behavioural_full_rerun""]"
llama3p1_8b_instruct,EL_A_002,,0,llama3p1_8b_instruct:EL_A_002:0:llama_primary_20260616T085448Z,fc14220aa651daef563563e6c5e460716b47753750bab1ecb2a8ef6181437604,results/stage6/behavioural_full_rerun/llama_primary_20260616T085448Z.jsonl,10 W,20.0 W,,-26.671875,,,"[""stage6_llama_behavioural_full_rerun""]"
llama3p1_8b_instruct,EL_A_002,,1,llama3p1_8b_instruct:EL_A_002:1:llama_primary_20260616T085448Z,8135a5d7658bd507743afb6c7f205868365d6f44cf3fa83ca54c5e8e2e744664,results/stage6/behavioural_full_rerun/llama_primary_20260616T085448Z.jsonl,10 W,20.0 W,,-26.34375,,,"[""stage6_llama_behavioural_full_rerun""]"
llama3p1_8b_instruct,EL_A_002,,2,llama3p1_8b_instruct:EL_A_002:2:llama_primary_20260616T085448Z,afcdd70022757f4e17e42343b49108b84e7bb7762b9801f955653d146be331d1,results/stage6/behavioural_full_rerun/llama_primary_20260616T085448Z.jsonl,10 W,20.0 W,,-26.40625,,,"[""stage6_llama_behavioural_full_rerun""]"
llama3p1_8b_instruct,EL_A_002,,3,llama3p1_8b_instruct:EL_A_002:3:llama_primary_20260616T085448Z,b0a18cc744bf29bec4970d65c179a5f3d78c35988fd8df37b91561864af77720,results/stage6/behavioural_full_rerun/llama_primary_20260616T085448Z.jsonl,10 W,20.0 W,,-26.171875,,,"[""stage6_llama_behavioural_full_rerun""]"
llama3p1_8b_instruct,EL_A_003,,0,llama3p1_8b_instruct:EL_A_003:0:llama_primary_20260616T085448Z,5eb60c79385d90a6f07c89d4e1ab162fd312657ec0a1a43b2d3b9b04fbf2d5aa,results/stage6/behavioural_full_rerun/llama_primary_20260616T085448Z.jsonl,0.0016 C,1.2e-3 C,,-29.03125,,,"[""stage6_llama_behavioural_full_rerun""]"
llama3p1_8b_instruct,EL_A_003,,1,llama3p1_8b_instruct:EL_A_003:1:llama_primary_20260616T085448Z,e2459df0fc8e534023ae00c0ba471bdf3adc361b07075c039eba72e61508b649,results/stage6/behavioural_full_rerun/llama_primary_20260616T085448Z.jsonl,0.0016 C,1.2e-3 C,,-29.171875,,,"[""stage6_llama_behavioural_full_rerun""]"
llama3p1_8b_instruct,EL_A_003,,2,llama3p1_8b_instruct:EL_A_003:2:llama_primary_20260616T085448Z,7d5a87df2f98569d301fbfeec42c6d7da89de9f4cbe4733f8bfb8fcf1cd353ca,results/stage6/behavioural_full_rerun/llama_primary_20260616T085448Z.jsonl,0.0016 C,1.2e-3 C,,-29.21875,,,"[""stage6_llama_behavioural_full_rerun""]"
llama3p1_8b_instruct,EL_A_003,,3,llama3p1_8b_instruct:EL_A_003:3:llama_primary_20260616T085448Z,b274a51c8d78892e90793c594cce0492ec9f67d29551d5c28887adef5189535e,results/stage6/behavioural_full_rerun/llama_primary_20260616T085448Z.jsonl,0.0012 C,1.2e-3 C,,-29.0,,,"[""stage6_llama_behavioural_full_rerun""]"
llama3p1_8b_instruct,EL_A_004,,0,llama3p1_8b_instruct:EL_A_004:0:llama_primary_20260616T085448Z,f43a7f56b4acedfbbfac92070d9f4c2c9d84f80830b260b4cb9b66a6808bf20f,results/stage6/behavioural_full_rerun/llama_primary_20260616T085448Z.jsonl,18000 N/m2,5.394 N,,-26.109375,,,"[""stage6_llama_behavioural_full_rerun""]"
llama3p1_8b_instruct,EL_A_004,,1,llama3p1_8b_instruct:EL_A_004:1:llama_primary_20260616T085448Z,d0d27899b8452c71fee914b1dbef392d815aa1e8bc6f36be0c343e579a6348da,results/stage6/behavioural_full_rerun/llama_primary_20260616T085448Z.jsonl,18000 N/m2,5.394 N,,-26.328125,,,"[""stage6_llama_behavioural_full_rerun""]"
llama3p1_8b_instruct,EL_A_004,,2,llama3p1_8b_instruct:EL_A_004:2:llama_primary_20260616T085448Z,181de6138c94ead7a8ec9d0edfaf77cceabdc850529dc5b8b72401c59eb80d51,results/stage6/behavioural_full_rerun/llama_primary_20260616T085448Z.jsonl,18000 N/m2,5.394 N,,-26.3125,,,"[""stage6_llama_behavioural_full_rerun""]"
llama3p1_8b_instruct,EL_A_004,,3,llama3p1_8b_instruct:EL_A_004:3:llama_primary_20260616T085448Z,428042e7cab19f4805ced0a92ad5a5b72b9762d456e6030df7c8689a0d5b077a,results/stage6/behavioural_full_rerun/llama_primary_20260616T085448Z.jsonl,1.799e+03 N,5.394 N,,-26.59375,,,"[""stage6_llama_behavioural_full_rerun""]"
llama3p1_8b_instruct,EL_A_005,,0,llama3p1_8b_instruct:EL_A_005:0:llama_primary_20260616T085448Z,700621f05b7d8186427feb00489c9d3cb763b2420edaa242eddbd695c6e24cf5,results/stage6/behavioural_full_rerun/llama_primary_20260616T085448Z.jsonl,179000 N/C,1.124e6 N/C,,-24.796875,,,"[""stage6_llama_behavioural_full_rerun""]"
llama3p1_8b_instruct,EL_A_005,,1,llama3p1_8b_instruct:EL_A_005:1:llama_primary_20260616T085448Z,856438f2ed80249028f6331018ba09c1df8ccecbed9949a3d66f755ca1c16718,results/stage6/behavioural_full_rerun/llama_primary_20260616T085448Z.jsonl,179000 N/C,1.124e6 N/C,,-24.71875,,,"[""stage6_llama_behavioural_full_rerun""]"
llama3p1_8b_instruct,EL_A_005,,2,llama3p1_8b_instruct:EL_A_005:2:llama_primary_20260616T085448Z,85ea51d997f63870c8c5d6ad0bc2ad93f172c21321701aaab3f0db58e25522ea,results/stage6/behavioural_full_rerun/llama_primary_20260616T085448Z.jsonl,179000 N/C,1.124e6 N/C,,-24.59375,,,"[""stage6_llama_behavioural_full_rerun""]"
llama3p1_8b_instruct,EL_A_005,,3,llama3p1_8b_instruct:EL_A_005:3:llama_primary_20260616T085448Z,c7ffa2fe47768fca484b8ae315032accb40cfd45d68ee3883882705efe6d39ba,results/stage6/behavioural_full_rerun/llama_primary_20260616T085448Z.jsonl,179000 N/C,1.124e6 N/C,,-24.609375,,,"[""stage6_llama_behavioural_full_rerun""]"
llama3p1_8b_instruct,EL_B_001,,0,llama3p1_8b_instruct:EL_B_001:0:llama_primary_20260616T085448Z,30acd0c86eb615eed032b104196ce992f1b5f95735da38bf66acc87cdedc25c7,results/stage6/behavioural_full_rerun/llama_primary_20260616T085448Z.jsonl,30.0 V,30.0 V,,-22.203125,,,"[""stage6_llama_behavioural_full_rerun""]"
llama3p1_8b_instruct,EL_B_001,,1,llama3p1_8b_instruct:EL_B_001:1:llama_primary_20260616T085448Z,de9cee24f2a7560db05798f49c7c34825a27bfd8830f9f4d0c23b9e55ea16ba5,results/stage6/behavioural_full_rerun/llama_primary_20260616T085448Z.jsonl,30.0 V,30.0 V,,-22.359375,,,"[""stage6_llama_behavioural_full_rerun""]"
llama3p1_8b_instruct,EL_B_001,,2,llama3p1_8b_instruct:EL_B_001:2:llama_primary_20260616T085448Z,ff1af60bd6f76091c158678768eeb98dddcd61eef671ac926c6130c2ab63e168,results/stage6/behavioural_full_rerun/llama_primary_20260616T085448Z.jsonl,30.0 V,30.0 V,,-22.28125,,,"[""stage6_llama_behavioural_full_rerun""]"
llama3p1_8b_instruct,EL_B_001,,3,llama3p1_8b_instruct:EL_B_001:3:llama_primary_20260616T085448Z,b5b5ab05a73dedb097f1e1d8119221f6634badb0340896bf2d4bebbd39c0b496,results/stage6/behavioural_full_rerun/llama_primary_20260616T085448Z.jsonl,30.0 V,30.0 V,,-22.921875,,,"[""stage6_llama_behavioural_full_rerun""]"
llama3p1_8b_instruct,EL_B_002,,0,llama3p1_8b_instruct:EL_B_002:0:llama_primary_20260616T085448Z,b7875bd4fd24f31a6fdf8691fd823ed103b00274c6190f66b453e9e1415f35ad,results/stage6/behavioural_full_rerun/llama_primary_20260616T085448Z.jsonl,72 W,24.0 W,,-20.546875,,,"[""stage6_llama_behavioural_full_rerun""]"
llama3p1_8b_instruct,EL_B_002,,1,llama3p1_8b_instruct:EL_B_002:1:llama_primary_20260616T085448Z,58e91c76b01ca2ef4c6259aa2e8a81faf06ed0f2ac69ddb08f97830a36fb746b,results/stage6/behavioural_full_rerun/llama_primary_20260616T085448Z.jsonl,72.0 W,24.0 W,,-20.609375,,,"[""stage6_llama_behavioural_full_rerun""]"
llama3p1_8b_instruct,EL_B_002,,2,llama3p1_8b_instruct:EL_B_002:2:llama_primary_20260616T085448Z,11e0b68a3bb7a0c23cb661ffc188105f127d5822abedd448c2f4f52a4ecb5a69,results/stage6/behavioural_full_rerun/llama_primary_20260616T085448Z.jsonl,72.0 W,24.0 W,,-19.796875,,,"[""stage6_llama_behavioural_full_rerun""]"
llama3p1_8b_instruct,EL_B_002,,3,llama3p1_8b_instruct:EL_B_002:3:llama_primary_20260616T085448Z,4ed542b31637acbd6e871a91a376d0ead18f891feaa252b787688f38fda04830,results/stage6/behavioural_full_rerun/llama_primary_20260616T085448Z.jsonl,72.0 W,24.0 W,,-19.96875,,,"[""stage6_llama_behavioural_full_rerun""]"
llama3p1_8b_instruct,EL_B_003,,0,llama3p1_8b_instruct:EL_B_003:0:llama_primary_20260616T085448Z,5720da096f6f32c2183dba2c16eec073a45e3ef57c6ced75dababef9e7b3d55d,results/stage6/behavioural_full_rerun/llama_primary_20260616T085448Z.jsonl,4.5e-5 C,4.5e-4 C,,-26.671875,,,"[""stage6_llama_behavioural_full_rerun""]"
llama3p1_8b_instruct,EL_B_003,,1,llama3p1_8b_instruct:EL_B_003:1:llama_primary_20260616T085448Z,40a03e2334851a04814a6b334197078d293b42cd53c1fe1abc6da937f1c72224,results/stage6/behavioural_full_rerun/llama_primary_20260616T085448Z.jsonl,4.5e-5 C,4.5e-4 C,,-25.390625,,,"[""stage6_llama_behavioural_full_rerun""]"
llama3p1_8b_instruct,EL_B_003,,2,llama3p1_8b_instruct:EL_B_003:2:llama_primary_20260616T085448Z,85f8fb7e0304776398403a3aeabc04c78c278cf0b266fa8bb49fa30fb846f4f6,results/stage6/behavioural_full_rerun/llama_primary_20260616T085448Z.jsonl,4.5e-4 C,4.5e-4 C,,-25.984375,,,"[""stage6_llama_behavioural_full_rerun""]"
llama3p1_8b_instruct,EL_B_003,,3,llama3p1_8b_instruct:EL_B_003:3:llama_primary_20260616T085448Z,d4da4c715b6bfc04b86d2dbf01584f04a5f97fa239b0f90af37c115d57542c0f,results/stage6/behavioural_full_rerun/llama_primary_20260616T085448Z.jsonl,4.5e-4 C,4.5e-4 C,,-25.8125,,,"[""stage6_llama_behavioural_full_rerun""]"
llama3p1_8b_instruct,EL_B_004,,0,llama3p1_8b_instruct:EL_B_004:0:llama_primary_20260616T085448Z,cd71df986773d87e175f6eec978bab4891e46be6691e21efa6a6c1a476aca253,results/stage6/behavioural_full_rerun/llama_primary_20260616T085448Z.jsonl,5.99e-3 N,0.8991 N,,-32.9375,,,"[""stage6_llama_behavioural_full_rerun""]"
llama3p1_8b_instruct,EL_B_004,,1,llama3p1_8b_instruct:EL_B_004:1:llama_primary_20260616T085448Z,95af5040501c0a8e1061a7563ef0f1334e2288f4f59f1eda59cb58f4a8b33e8f,results/stage6/behavioural_full_rerun/llama_primary_20260616T085448Z.jsonl,5.98e-3 N,0.8991 N,,-33.0625,,,"[""stage6_llama_behavioural_full_rerun""]"
llama3p1_8b_instruct,EL_B_004,,2,llama3p1_8b_instruct:EL_B_004:2:llama_primary_20260616T085448Z,2f6002e7f50a05bb1a37a8fdace0536fde70d7f33a0efad293cf84296ccd807e,results/stage6/behavioural_full_rerun/llama_primary_20260616T085448Z.jsonl,5.98e-3 N,0.8991 N,,-32.5625,,,"[""stage6_llama_behavioural_full_rerun""]"
llama3p1_8b_instruct,EL_B_004,,3,llama3p1_8b_instruct:EL_B_004:3:llama_primary_20260616T085448Z,9efcb058e096fc7a405236322343667c53b2574a0a69f76d9dde11a30ae139eb,results/stage6/behavioural_full_rerun/llama_primary_20260616T085448Z.jsonl,5.64e-3 N,0.8991 N,,-32.3125,,,"[""stage6_llama_behavioural_full_rerun""]"
llama3p1_8b_instruct,EL_B_005,,0,llama3p1_8b_instruct:EL_B_005:0:llama_primary_20260616T085448Z,8b0c9125a145fee513dd06814178bf245455524ea400475b39934aef3a7451f4,results/stage6/behavioural_full_rerun/llama_primary_20260616T085448Z.jsonl,8.97e3 N/C,3.0e5 N/C,,-27.25,,,"[""stage6_llama_behavioural_full_rerun""]"
llama3p1_8b_instruct,EL_B_005,,1,llama3p1_8b_instruct:EL_B_005:1:llama_primary_20260616T085448Z,73ee156fdf8877754897451c811adbbf6b23f807fa93135945306f7325921267,results/stage6/behavioural_full_rerun/llama_primary_20260616T085448Z.jsonl,1.33e5 N/C,3.0e5 N/C,,-25.90625,,,"[""stage6_llama_behavioural_full_rerun""]"
llama3p1_8b_instruct,EL_B_005,,2,llama3p1_8b_instruct:EL_B_005:2:llama_primary_20260616T085448Z,561b96152e36c57c466eaa8344e033e956015fc3054da38c2c3ba1034ae8e539,results/stage6/behavioural_full_rerun/llama_primary_20260616T085448Z.jsonl,8.97e4 N/C,3.0e5 N/C,,-26.4375,,,"[""stage6_llama_behavioural_full_rerun""]"
llama3p1_8b_instruct,EL_B_005,,3,llama3p1_8b_instruct:EL_B_005:3:llama_primary_20260616T085448Z,12414a4808fd3a18d87ad43b260c5722a9d69c4b9f251e3036ff0a026fad4d85,results/stage6/behavioural_full_rerun/llama_primary_20260616T085448Z.jsonl,1.33e5 N/C,3.0e5 N/C,,-25.203125,,,"[""stage6_llama_behavioural_full_rerun""]"
llama3p1_8b_instruct,TH_B_UM_001,,0,llama3p1_8b_instruct:TH_B_UM_001:0:llama_primary_20260616T085448Z,64db8461c54a8dd2b23545fbd9fd017b252e05ca4dc7ca1f7d5f1a06293b7a9b,results/stage6/behavioural_full_rerun/llama_primary_20260616T085448Z.jsonl,83600 J,41860 J,,-18.890625,,,"[""stage6_llama_behavioural_full_rerun""]"
llama3p1_8b_instruct,TH_B_UM_001,,1,llama3p1_8b_instruct:TH_B_UM_001:1:llama_primary_20260616T085448Z,797484a42c66d81461ca58898ee6aa04f83cb06ca277d8e3e81c0c38ff351808,results/stage6/behavioural_full_rerun/llama_primary_20260616T085448Z.jsonl,83600 J,41860 J,,-18.984375,,,"[""stage6_llama_behavioural_full_rerun""]"
llama3p1_8b_instruct,TH_B_UM_001,,2,llama3p1_8b_instruct:TH_B_UM_001:2:llama_primary_20260616T085448Z,3e66478e5dc119466968e7f8f79c66c22a964cb98659acc317b97bfd9ec12c64,results/stage6/behavioural_full_rerun/llama_primary_20260616T085448Z.jsonl,8360 J,41860 J,,-15.4140625,,,"[""stage6_llama_behavioural_full_rerun""]"
llama3p1_8b_instruct,TH_B_UM_001,,3,llama3p1_8b_instruct:TH_B_UM_001:3:llama_primary_20260616T085448Z,3e786f7b459a0dfe5a6984331364300f56a31e4465e265233bf77011e6d3697d,results/stage6/behavioural_full_rerun/llama_primary_20260616T085448Z.jsonl,83600 J,41860 J,,-18.609375,,,"[""stage6_llama_behavioural_full_rerun""]"
llama3p1_8b_instruct,TH_B_UM_002,,0,llama3p1_8b_instruct:TH_B_UM_002:0:llama_primary_20260616T085448Z,f0c2803fe622e48eb0e15f3e2b23f0d05844ebd522def863fc106fe6151392cb,results/stage6/behavioural_full_rerun/llama_primary_20260616T085448Z.jsonl,41860 J,41860 J,,-16.734375,,,"[""stage6_llama_behavioural_full_rerun""]"
llama3p1_8b_instruct,TH_B_UM_002,,1,llama3p1_8b_instruct:TH_B_UM_002:1:llama_primary_20260616T085448Z,f74e5f5cd275be7694b286e72094ddd182fe949fb9e2a3ee2e61ed87c56d3998,results/stage6/behavioural_full_rerun/llama_primary_20260616T085448Z.jsonl,41860 J,41860 J,,-16.515625,,,"[""stage6_llama_behavioural_full_rerun""]"
llama3p1_8b_instruct,TH_B_UM_002,,2,llama3p1_8b_instruct:TH_B_UM_002:2:llama_primary_20260616T085448Z,c5be9c4e84da64c993803376368c5b5ff3759b3ed078b19e1800be361dda92f8,results/stage6/behavioural_full_rerun/llama_primary_20260616T085448Z.jsonl,41860 J,41860 J,,-16.453125,,,"[""stage6_llama_behavioural_full_rerun""]"
llama3p1_8b_instruct,TH_B_UM_002,,3,llama3p1_8b_instruct:TH_B_UM_002:3:llama_primary_20260616T085448Z,b174ad17d274bfd2b5335bfa2fdfbbe7edfc7706ee09a04a6a49ed54fd2daa5a,results/stage6/behavioural_full_rerun/llama_primary_20260616T085448Z.jsonl,41860 J,41860 J,,-17.65625,,,"[""stage6_llama_behavioural_full_rerun""]"
llama3p1_8b_instruct,TH_B_UM_003,,0,llama3p1_8b_instruct:TH_B_UM_003:0:llama_primary_20260616T085448Z,a13b20ca1cf8b56e8654b791076b48dc71f620111546a52a6115da3e23255f52,results/stage6/behavioural_full_rerun/llama_primary_20260616T085448Z.jsonl,208200 J,41860 J,,-19.0625,,,"[""stage6_llama_behavioural_full_rerun""]"
llama3p1_8b_instruct,TH_B_UM_003,,1,llama3p1_8b_instruct:TH_B_UM_003:1:llama_primary_20260616T085448Z,bfc46a4ae7d80ea26fadf4856d6029eb415ecb1f10928ee27e880f8b5f1436f4,results/stage6/behavioural_full_rerun/llama_primary_20260616T085448Z.jsonl,208200 J,41860 J,,-20.8125,,,"[""stage6_llama_behavioural_full_rerun""]"
llama3p1_8b_instruct,TH_B_UM_003,,2,llama3p1_8b_instruct:TH_B_UM_003:2:llama_primary_20260616T085448Z,7cb1972994050f7dca97c186b11f5670e753204d69841f4980d7113c961a4e3a,results/stage6/behavioural_full_rerun/llama_primary_20260616T085448Z.jsonl,20930 J,41860 J,,-15.1484375,,,"[""stage6_llama_behavioural_full_rerun""]"
llama3p1_8b_instruct,TH_B_UM_003,,3,llama3p1_8b_instruct:TH_B_UM_003:3:llama_primary_20260616T085448Z,48c2fa4fe95253dce1da968eaab8def322dfb17a1dfeac92d0d37aa40a2cbf12,results/stage6/behavioural_full_rerun/llama_primary_20260616T085448Z.jsonl,209200 J,41860 J,,-20.203125,,,"[""stage6_llama_behavioural_full_rerun""]"
llama3p1_8b_instruct,TH_B_UM_004,,0,llama3p1_8b_instruct:TH_B_UM_004:0:llama_primary_20260616T085448Z,b723b2a0caee2c513aa5ed8cd6c5b25a202651f096146cd74f29c92face3cb49,results/stage6/behavioural_full_rerun/llama_primary_20260616T085448Z.jsonl,42000 J,42000 J,,-22.21875,,,"[""stage6_llama_behavioural_full_rerun""]"
llama3p1_8b_instruct,TH_B_UM_004,,1,llama3p1_8b_instruct:TH_B_UM_004:1:llama_primary_20260616T085448Z,549e56956f0b313b6e80d405304a73e058c533097e882b82c9a04d1d754d981d,results/stage6/behavioural_full_rerun/llama_primary_20260616T085448Z.jsonl,42000 J,42000 J,,-21.375,,,"[""stage6_llama_behavioural_full_rerun""]"
llama3p1_8b_instruct,TH_B_UM_004,,2,llama3p1_8b_instruct:TH_B_UM_004:2:llama_primary_20260616T085448Z,df44663bd01d7f923142cc0a38ea9176169f9ee7e33bd8a16ada8353308ad339,results/stage6/behavioural_full_rerun/llama_primary_20260616T085448Z.jsonl,42000 J,42000 J,,-21.0625,,,"[""stage6_llama_behavioural_full_rerun""]"
llama3p1_8b_instruct,TH_B_UM_004,,3,llama3p1_8b_instruct:TH_B_UM_004:3:llama_primary_20260616T085448Z,2d3d8ae33bcdcf3c66c275f761a36e1f23172517d9d5b054fc81ab46006e780f,results/stage6/behavioural_full_rerun/llama_primary_20260616T085448Z.jsonl,42000 J,42000 J,,-21.5625,,,"[""stage6_llama_behavioural_full_rerun""]"
llama3p1_8b_instruct,TH_B_UM_005,,0,llama3p1_8b_instruct:TH_B_UM_005:0:llama_primary_20260616T085448Z,04c1ddb22511f08531ceb36151eeec8552f212e78dbb587e7c511be6832d667d,results/stage6/behavioural_full_rerun/llama_primary_20260616T085448Z.jsonl,42000 J,42000 J,,-20.96875,,,"[""stage6_llama_behavioural_full_rerun""]"
llama3p1_8b_instruct,TH_B_UM_005,,1,llama3p1_8b_instruct:TH_B_UM_005:1:llama_primary_20260616T085448Z,78ca79ccb1002543bfdc56037673080009343c63961fe30c17d5cda27876b3e6,results/stage6/behavioural_full_rerun/llama_primary_20260616T085448Z.jsonl,42000 J,42000 J,,-20.765625,,,"[""stage6_llama_behavioural_full_rerun""]"
llama3p1_8b_instruct,TH_B_UM_005,,2,llama3p1_8b_instruct:TH_B_UM_005:2:llama_primary_20260616T085448Z,dd173aa85ff9aeeb69fde5c9a6ee74854298108a08a3539b9f0b779e97a43ecf,results/stage6/behavioural_full_rerun/llama_primary_20260616T085448Z.jsonl,42000 J,42000 J,,-20.09375,,,"[""stage6_llama_behavioural_full_rerun""]"
llama3p1_8b_instruct,TH_B_UM_005,,3,llama3p1_8b_instruct:TH_B_UM_005:3:llama_primary_20260616T085448Z,126d71b7e652b785618dccb288c8552700ea7363308b94732b4cd0d3c12ffbd5,results/stage6/behavioural_full_rerun/llama_primary_20260616T085448Z.jsonl,42000 J,42000 J,,-20.609375,,,"[""stage6_llama_behavioural_full_rerun""]"
llama3p1_8b_instruct,TH_B_UM_006,,0,llama3p1_8b_instruct:TH_B_UM_006:0:llama_primary_20260616T085448Z,3f075e8fd4e9495b616319133f037540102249e13ff847d7969d8b554b6616d2,results/stage6/behavioural_full_rerun/llama_primary_20260616T085448Z.jsonl,20000 Pa,100000 Pa,,-17.34375,,,"[""stage6_llama_behavioural_full_rerun""]"
llama3p1_8b_instruct,TH_B_UM_006,,1,llama3p1_8b_instruct:TH_B_UM_006:1:llama_primary_20260616T085448Z,51cd5e0ae0a51ccdb4a16bcba61b71146967fa1f34c74d663faf58fa4ad5ef00,results/stage6/behavioural_full_rerun/llama_primary_20260616T085448Z.jsonl,3921 Pa,100000 Pa,,-17.296875,,,"[""stage6_llama_behavioural_full_rerun""]"
llama3p1_8b_instruct,TH_B_UM_006,,2,llama3p1_8b_instruct:TH_B_UM_006:2:llama_primary_20260616T085448Z,736d380a806bd078e16fabc2c8117d9bf0c03087b37b291018ca9e014976b08a,results/stage6/behavioural_full_rerun/llama_primary_20260616T085448Z.jsonl,40000 Pa,100000 Pa,,-17.03125,,,"[""stage6_llama_behavioural_full_rerun""]"
llama3p1_8b_instruct,TH_B_UM_006,,3,llama3p1_8b_instruct:TH_B_UM_006:3:llama_primary_20260616T085448Z,4c2b6c7b2e46d60da94b1dd78ac6d4caaa776b932c870c5597d527a4e324ab6e,results/stage6/behavioural_full_rerun/llama_primary_20260616T085448Z.jsonl,60000 Pa,100000 Pa,,-16.921875,,,"[""stage6_llama_behavioural_full_rerun""]"
llama3p1_8b_instruct,TH_B_UM_007,,0,llama3p1_8b_instruct:TH_B_UM_007:0:llama_primary_20260616T085448Z,bcd78d1bf0011ce5ca442489af8ffdba2d745ac15006fedd11932d03abb89d08,results/stage6/behavioural_full_rerun/llama_primary_20260616T085448Z.jsonl,80000 Pa,100000 Pa,,-17.984375,,,"[""stage6_llama_behavioural_full_rerun""]"
llama3p1_8b_instruct,TH_B_UM_007,,1,llama3p1_8b_instruct:TH_B_UM_007:1:llama_primary_20260616T085448Z,d36a7223f4e583df195928e2c57facfcbdb3b128dd31865090f82c96ad2b52d3,results/stage6/behavioural_full_rerun/llama_primary_20260616T085448Z.jsonl,99000 Pa,100000 Pa,,-18.25,,,"[""stage6_llama_behavioural_full_rerun""]"
llama3p1_8b_instruct,TH_B_UM_007,,2,llama3p1_8b_instruct:TH_B_UM_007:2:llama_primary_20260616T085448Z,f378e652e8322ef91ac6b4d0378cfe456b4700839de723510b2d8f1ff3d94891,results/stage6/behavioural_full_rerun/llama_primary_20260616T085448Z.jsonl,20000 Pa,100000 Pa,,-17.84375,,,"[""stage6_llama_behavioural_full_rerun""]"
llama3p1_8b_instruct,TH_B_UM_007,,3,llama3p1_8b_instruct:TH_B_UM_007:3:llama_primary_20260616T085448Z,34b697538230888771a0c9963e55ef6fe67cd8925a017b1de763ff5f9c52dee0,results/stage6/behavioural_full_rerun/llama_primary_20260616T085448Z.jsonl,56000 Pa,100000 Pa,,-17.875,,,"[""stage6_llama_behavioural_full_rerun""]"
llama3p1_8b_instruct,TH_B_UM_008,,0,llama3p1_8b_instruct:TH_B_UM_008:0:llama_primary_20260616T085448Z,16d10c2025a2de607cf9844f359b7f304c0acc6b7a6c4df3cfc968f1638a1ed4,results/stage6/behavioural_full_rerun/llama_primary_20260616T085448Z.jsonl,22500 Pa,100000 Pa,,-19.046875,,,"[""stage6_llama_behavioural_full_rerun""]"
llama3p1_8b_instruct,TH_B_UM_008,,1,llama3p1_8b_instruct:TH_B_UM_008:1:llama_primary_20260616T085448Z,c1b39f48ff570728c3ea3beaf6d980c7fb57fac9e6c8532832ae4133c11338ca,results/stage6/behavioural_full_rerun/llama_primary_20260616T085448Z.jsonl,4845 Pa,100000 Pa,,-20.03125,,,"[""stage6_llama_behavioural_full_rerun""]"
llama3p1_8b_instruct,TH_B_UM_008,,2,llama3p1_8b_instruct:TH_B_UM_008:2:llama_primary_20260616T085448Z,39d95fc0c6b14c9bfdb8ae34400ff9ce28f2af4e20d703a2f35fba511858cdf9,results/stage6/behavioural_full_rerun/llama_primary_20260616T085448Z.jsonl,2500 Pa,100000 Pa,,-18.625,,,"[""stage6_llama_behavioural_full_rerun""]"
llama3p1_8b_instruct,TH_B_UM_008,,3,llama3p1_8b_instruct:TH_B_UM_008:3:llama_primary_20260616T085448Z,1c047ce5b64371fb554fcc0f2855535aff9a14a3205d06ca9d6d86d766b136f6,results/stage6/behavioural_full_rerun/llama_primary_20260616T085448Z.jsonl,6500 Pa,100000 Pa,,-19.140625,,,"[""stage6_llama_behavioural_full_rerun""]"
llama3p1_8b_instruct,TH_B_UM_009,,0,llama3p1_8b_instruct:TH_B_UM_009:0:llama_primary_20260616T085448Z,29d24afb1ef5a79e62cc0dd49308328c75c24077891069718a64156a6d29045b,results/stage6/behavioural_full_rerun/llama_primary_20260616T085448Z.jsonl,0.001 m,0.010 m,,-21.515625,,,"[""stage6_llama_behavioural_full_rerun""]"
llama3p1_8b_instruct,TH_B_UM_009,,1,llama3p1_8b_instruct:TH_B_UM_009:1:llama_primary_20260616T085448Z,81f1c23eaa662eb607bb614ba128fa819183a67e6cbec6f6cb62b789b74b1268,results/stage6/behavioural_full_rerun/llama_primary_20260616T085448Z.jsonl,0.001 m,0.010 m,,-21.609375,,,"[""stage6_llama_behavioural_full_rerun""]"
llama3p1_8b_instruct,TH_B_UM_009,,2,llama3p1_8b_instruct:TH_B_UM_009:2:llama_primary_20260616T085448Z,b9517027e33d43837a760c01a737eec14bf7bed0b69109cbbb5502ec70d45dba,results/stage6/behavioural_full_rerun/llama_primary_20260616T085448Z.jsonl,0.001 m,0.010 m,,-20.5,,,"[""stage6_llama_behavioural_full_rerun""]"
llama3p1_8b_instruct,TH_B_UM_009,,3,llama3p1_8b_instruct:TH_B_UM_009:3:llama_primary_20260616T085448Z,7c42fc4cbdfa93721314b1b63c45f06a31b2d9a70308e200c608196f8514c041,results/stage6/behavioural_full_rerun/llama_primary_20260616T085448Z.jsonl,0.001 m,0.010 m,,-21.5,,,"[""stage6_llama_behavioural_full_rerun""]"
llama3p1_8b_instruct,TH_B_UM_010,,0,llama3p1_8b_instruct:TH_B_UM_010:0:llama_primary_20260616T085448Z,5165a44f79b343d83a090ab30532a07503fa4f81e8053124608236657a02f462,results/stage6/behavioural_full_rerun/llama_primary_20260616T085448Z.jsonl,0.008 m,0.012 m,,-22.296875,,,"[""stage6_llama_behavioural_full_rerun""]"
llama3p1_8b_instruct,TH_B_UM_010,,1,llama3p1_8b_instruct:TH_B_UM_010:1:llama_primary_20260616T085448Z,51c97ad7821cc4c481f4c98c476645e5024437ea9f90ebc863a0410086138e00,results/stage6/behavioural_full_rerun/llama_primary_20260616T085448Z.jsonl,0.008 m,0.012 m,,-19.6875,,,"[""stage6_llama_behavioural_full_rerun""]"
llama3p1_8b_instruct,TH_B_UM_010,,2,llama3p1_8b_instruct:TH_B_UM_010:2:llama_primary_20260616T085448Z,f995cb7c25a44b29631b5abd76cfd15abfaf0d093383b39ff137d9c2588895ae,results/stage6/behavioural_full_rerun/llama_primary_20260616T085448Z.jsonl,0.008 m,0.012 m,,-21.890625,,,"[""stage6_llama_behavioural_full_rerun""]"
llama3p1_8b_instruct,TH_B_UM_010,,3,llama3p1_8b_instruct:TH_B_UM_010:3:llama_primary_20260616T085448Z,76c2e9a74d091154d5da672ac2b9b2b68431cf2a99548294ad02b11092a3a121,results/stage6/behavioural_full_rerun/llama_primary_20260616T085448Z.jsonl,0.008 m,0.012 m,,-19.109375,,,"[""stage6_llama_behavioural_full_rerun""]"
qwen2p5_7b_instruct,CM_A_001,,0,qwen2p5_7b_instruct:CM_A_001:0:qwen_primary_20260616T091228Z,4a6b80c13575db33d49acde56b1d007e6d406b2aa8a07a2b939792d74f8effa9,results/stage6/behavioural_full_rerun/qwen_primary_20260616T091228Z.jsonl,11 m/s,11.0 m/s,,-22.96875,,,"[""stage6_qwen_behavioural_full_rerun""]"
qwen2p5_7b_instruct,CM_A_001,,1,qwen2p5_7b_instruct:CM_A_001:1:qwen_primary_20260616T091228Z,9fa42818bb88f9095b5b300020ba40232f6c50c8ecc7057803db1ea1c4fcf29a,results/stage6/behavioural_full_rerun/qwen_primary_20260616T091228Z.jsonl,11 m/s,11.0 m/s,,-22.71875,,,"[""stage6_qwen_behavioural_full_rerun""]"
qwen2p5_7b_instruct,CM_A_001,,2,qwen2p5_7b_instruct:CM_A_001:2:qwen_primary_20260616T091228Z,45471d3e541c5b8975b931a4b75c91a11a0e2b49646f978d9db5f1b971c774bd,results/stage6/behavioural_full_rerun/qwen_primary_20260616T091228Z.jsonl,11 m/s,11.0 m/s,,-22.53125,,,"[""stage6_qwen_behavioural_full_rerun""]"
qwen2p5_7b_instruct,CM_A_001,,3,qwen2p5_7b_instruct:CM_A_001:3:qwen_primary_20260616T091228Z,5d24c27894c26858cf92df00662c8abe76852a73f89366f672d5bc03f18c7e4c,results/stage6/behavioural_full_rerun/qwen_primary_20260616T091228Z.jsonl,11 m/s,11.0 m/s,,-22.046875,,,"[""stage6_qwen_behavioural_full_rerun""]"
qwen2p5_7b_instruct,CM_A_002,,0,qwen2p5_7b_instruct:CM_A_002:0:qwen_primary_20260616T091228Z,bfd61c43140ee7499bae8455824462f7e6bea07175fe2030ae8406910d54c88c,results/stage6/behavioural_full_rerun/qwen_primary_20260616T091228Z.jsonl,14 m,14.0 m,,-21.484375,,,"[""stage6_qwen_behavioural_full_rerun""]"
qwen2p5_7b_instruct,CM_A_002,,1,qwen2p5_7b_instruct:CM_A_002:1:qwen_primary_20260616T091228Z,4f86160ca7dbf38a651e838825770290c5a368380148c31d34201bddd893f70b,results/stage6/behavioural_full_rerun/qwen_primary_20260616T091228Z.jsonl,,14.0 m,,-23.265625,,,"[""stage6_qwen_behavioural_full_rerun""]"
qwen2p5_7b_instruct,CM_A_002,,2,qwen2p5_7b_instruct:CM_A_002:2:qwen_primary_20260616T091228Z,b06d72e77618ee4a6d000f8c2014dd850c32700101d6df1bf96df48e16235503,results/stage6/behavioural_full_rerun/qwen_primary_20260616T091228Z.jsonl,14 m,14.0 m,,-22.171875,,,"[""stage6_qwen_behavioural_full_rerun""]"
qwen2p5_7b_instruct,CM_A_002,,3,qwen2p5_7b_instruct:CM_A_002:3:qwen_primary_20260616T091228Z,31cb1edb9efeb576d08e3ac110c71b30a8021192f7d7bb59a57837a11052657e,results/stage6/behavioural_full_rerun/qwen_primary_20260616T091228Z.jsonl,,14.0 m,,-23.390625,,,"[""stage6_qwen_behavioural_full_rerun""]"
qwen2p5_7b_instruct,CM_A_003,,0,qwen2p5_7b_instruct:CM_A_003:0:qwen_primary_20260616T091228Z,b9969321ca802d37b184af493c8fcf7594a5186745065efa274560516381a199,results/stage6/behavioural_full_rerun/qwen_primary_20260616T091228Z.jsonl,24 J,24.0 J,,-32.40625,,,"[""stage6_qwen_behavioural_full_rerun""]"
qwen2p5_7b_instruct,CM_A_003,,1,qwen2p5_7b_instruct:CM_A_003:1:qwen_primary_20260616T091228Z,67d4a0678961aa5a511326114a7b838b698b1ac9e5941c9ee746a5c87ade921a,results/stage6/behavioural_full_rerun/qwen_primary_20260616T091228Z.jsonl,24 J,24.0 J,,-32.75,,,"[""stage6_qwen_behavioural_full_rerun""]"
qwen2p5_7b_instruct,CM_A_003,,2,qwen2p5_7b_instruct:CM_A_003:2:qwen_primary_20260616T091228Z,5e0d427eaee801011f2b7fb291f06b53ecf26257bf7f76efa02fcfb774d0f97d,results/stage6/behavioural_full_rerun/qwen_primary_20260616T091228Z.jsonl,24 J,24.0 J,,-32.6875,,,"[""stage6_qwen_behavioural_full_rerun""]"
qwen2p5_7b_instruct,CM_A_003,,3,qwen2p5_7b_instruct:CM_A_003:3:qwen_primary_20260616T091228Z,f95fd5fb68a1c516ac046d51050b6a962fef17c7509e6a99f20b66aa9168d06b,results/stage6/behavioural_full_rerun/qwen_primary_20260616T091228Z.jsonl,24 J,24.0 J,,-32.53125,,,"[""stage6_qwen_behavioural_full_rerun""]"
qwen2p5_7b_instruct,CM_A_004,,0,qwen2p5_7b_instruct:CM_A_004:0:qwen_primary_20260616T091228Z,c023adbd580a7cdfb365aedc88ffcfd8d700365b31a109647336dfbb2f3e2587,results/stage6/behavioural_full_rerun/qwen_primary_20260616T091228Z.jsonl,5.0 m/s^2,5.0 m/s^2,,-33.4375,,,"[""stage6_qwen_behavioural_full_rerun""]"
qwen2p5_7b_instruct,CM_A_004,,1,qwen2p5_7b_instruct:CM_A_004:1:qwen_primary_20260616T091228Z,187265e01cab7776708678c617897b147f1a1853b238cc34245d4b2357d0f7b3,results/stage6/behavioural_full_rerun/qwen_primary_20260616T091228Z.jsonl,5.0 m/s^2,5.0 m/s^2,,-33.8125,,,"[""stage6_qwen_behavioural_full_rerun""]"
qwen2p5_7b_instruct,CM_A_004,,2,qwen2p5_7b_instruct:CM_A_004:2:qwen_primary_20260616T091228Z,417c4d1d60027edfa00a31d1840bb4f5026cc504f6cdd162120ec27189813ea7,results/stage6/behavioural_full_rerun/qwen_primary_20260616T091228Z.jsonl,5.0 m/s^2,5.0 m/s^2,,-33.71875,,,"[""stage6_qwen_behavioural_full_rerun""]"
qwen2p5_7b_instruct,CM_A_004,,3,qwen2p5_7b_instruct:CM_A_004:3:qwen_primary_20260616T091228Z,16af91cf54584c3812eae59da56a94d59037859dc3a32b4b6d57d5bafbf83842,results/stage6/behavioural_full_rerun/qwen_primary_20260616T091228Z.jsonl,5.0 m/s^2,5.0 m/s^2,,-33.8125,,,"[""stage6_qwen_behavioural_full_rerun""]"
qwen2p5_7b_instruct,CM_A_005,,0,qwen2p5_7b_instruct:CM_A_005:0:qwen_primary_20260616T091228Z,aa57171f91d4283f62b0dcd73df040711849235f6dae756ff8f3f795387ab78e,results/stage6/behavioural_full_rerun/qwen_primary_20260616T091228Z.jsonl,98.0 J,98.0 J,,-31.703125,,,"[""stage6_qwen_behavioural_full_rerun""]"
qwen2p5_7b_instruct,CM_A_005,,1,qwen2p5_7b_instruct:CM_A_005:1:qwen_primary_20260616T091228Z,73f557752790b53511efc620dfbe43b1e48afb503b8b7e49f76b152f75ad280c,results/stage6/behavioural_full_rerun/qwen_primary_20260616T091228Z.jsonl,98 J,98.0 J,,-31.640625,,,"[""stage6_qwen_behavioural_full_rerun""]"
qwen2p5_7b_instruct,CM_A_005,,2,qwen2p5_7b_instruct:CM_A_005:2:qwen_primary_20260616T091228Z,19bf49005a4be9b14e8c42450b67e9af155f540fd5cf615e3e6fd7b7b3cff1e1,results/stage6/behavioural_full_rerun/qwen_primary_20260616T091228Z.jsonl,98 J,98.0 J,,-32.3125,,,"[""stage6_qwen_behavioural_full_rerun""]"
qwen2p5_7b_instruct,CM_A_005,,3,qwen2p5_7b_instruct:CM_A_005:3:qwen_primary_20260616T091228Z,d767b2327d603cf9fc60116d683ccca0a4d967b01e60a4db41770d0073130500,results/stage6/behavioural_full_rerun/qwen_primary_20260616T091228Z.jsonl,98 J,98.0 J,,-32.34375,,,"[""stage6_qwen_behavioural_full_rerun""]"
qwen2p5_7b_instruct,CM_A_006,,0,qwen2p5_7b_instruct:CM_A_006:0:qwen_primary_20260616T091228Z,3f85e34a0c7b66826b00ad0aa7ddd779c6a67efd61bd5e2641bd1e238e7f3b8e,results/stage6/behavioural_full_rerun/qwen_primary_20260616T091228Z.jsonl,10.0 N,10.0 N,,-28.734375,,,"[""stage6_qwen_behavioural_full_rerun""]"
qwen2p5_7b_instruct,CM_A_006,,1,qwen2p5_7b_instruct:CM_A_006:1:qwen_primary_20260616T091228Z,da0a2c11645c751cc069eb864d2f822e9a13ee7c3b9f53b1af4985dbce56b925,results/stage6/behavioural_full_rerun/qwen_primary_20260616T091228Z.jsonl,10.0 N,10.0 N,,-28.859375,,,"[""stage6_qwen_behavioural_full_rerun""]"
qwen2p5_7b_instruct,CM_A_006,,2,qwen2p5_7b_instruct:CM_A_006:2:qwen_primary_20260616T091228Z,f0906ba178b44ffb66e6e4a08d9335418bf7b9d9f6a4bc88be56bec2939a58f7,results/stage6/behavioural_full_rerun/qwen_primary_20260616T091228Z.jsonl,10.0 N,10.0 N,,-29.03125,,,"[""stage6_qwen_behavioural_full_rerun""]"
qwen2p5_7b_instruct,CM_A_006,,3,qwen2p5_7b_instruct:CM_A_006:3:qwen_primary_20260616T091228Z,ba2514a80897251beb73299ad6ac383dfcbc2d36a51673745089d820cb7f0fd2,results/stage6/behavioural_full_rerun/qwen_primary_20260616T091228Z.jsonl,10.0 N,10.0 N,,-28.859375,,,"[""stage6_qwen_behavioural_full_rerun""]"
qwen2p5_7b_instruct,CM_A_007,,0,qwen2p5_7b_instruct:CM_A_007:0:qwen_primary_20260616T091228Z,17b9fd0ca386509dc72909401cba03c5793d50b29a0c7238c3fc6bd96fa5b38f,results/stage6/behavioural_full_rerun/qwen_primary_20260616T091228Z.jsonl,4.5 N,3.0 N,,-29.484375,,,"[""stage6_qwen_behavioural_full_rerun""]"
qwen2p5_7b_instruct,CM_A_007,,1,qwen2p5_7b_instruct:CM_A_007:1:qwen_primary_20260616T091228Z,44c6954ee09d1941906639cb1e2b7382b36263ef9c9f9280195ed689293948a1,results/stage6/behavioural_full_rerun/qwen_primary_20260616T091228Z.jsonl,4.5 N,3.0 N,,-29.984375,,,"[""stage6_qwen_behavioural_full_rerun""]"
qwen2p5_7b_instruct,CM_A_007,,2,qwen2p5_7b_instruct:CM_A_007:2:qwen_primary_20260616T091228Z,d887cf4e1a34a3742352bff1e7e9f041817d58d066ae65a9e390c9ecf6ba3ac1,results/stage6/behavioural_full_rerun/qwen_primary_20260616T091228Z.jsonl,4.5 N,3.0 N,,-29.359375,,,"[""stage6_qwen_behavioural_full_rerun""]"
qwen2p5_7b_instruct,CM_A_007,,3,qwen2p5_7b_instruct:CM_A_007:3:qwen_primary_20260616T091228Z,d2cffe5a19ac65faf6e283a5c49434aae404b2b0761f117f21f95db95ba2ae5d,results/stage6/behavioural_full_rerun/qwen_primary_20260616T091228Z.jsonl,4.5 N,3.0 N,,-29.265625,,,"[""stage6_qwen_behavioural_full_rerun""]"
qwen2p5_7b_instruct,CM_A_008,,0,qwen2p5_7b_instruct:CM_A_008:0:qwen_primary_20260616T091228Z,32e10723dc5cc460851cf0e9436cd3974d60e89cf9e647880a9cf7f6debb4010,results/stage6/behavioural_full_rerun/qwen_primary_20260616T091228Z.jsonl,2.0 m/s,2.4 m/s,,-19.109375,,,"[""stage6_qwen_behavioural_full_rerun""]"
qwen2p5_7b_instruct,CM_A_008,,1,qwen2p5_7b_instruct:CM_A_008:1:qwen_primary_20260616T091228Z,63779d6fa7f20c5489be444ca57d20b69cd125d1076e97f480955ab24c18b630,results/stage6/behavioural_full_rerun/qwen_primary_20260616T091228Z.jsonl,2.0 m/s,2.4 m/s,,-17.875,,,"[""stage6_qwen_behavioural_full_rerun""]"
qwen2p5_7b_instruct,CM_A_008,,2,qwen2p5_7b_instruct:CM_A_008:2:qwen_primary_20260616T091228Z,a528c8b680f40e767eaccb50031f7b24c598c66664c8d807d8f33d85a86f6519,results/stage6/behavioural_full_rerun/qwen_primary_20260616T091228Z.jsonl,2.0 m/s,2.4 m/s,,-20.03125,,,"[""stage6_qwen_behavioural_full_rerun""]"
qwen2p5_7b_instruct,CM_A_008,,3,qwen2p5_7b_instruct:CM_A_008:3:qwen_primary_20260616T091228Z,e0dff28204da8cafad42a43b78cc458df76669d6c6e4ff01f1e325c95b743c87,results/stage6/behavioural_full_rerun/qwen_primary_20260616T091228Z.jsonl,2.0 m/s,2.4 m/s,,-18.109375,,,"[""stage6_qwen_behavioural_full_rerun""]"
qwen2p5_7b_instruct,CM_A_009,,0,qwen2p5_7b_instruct:CM_A_009:0:qwen_primary_20260616T091228Z,0a96e929a8521c456ea40815522fa4e06cd16c82746ca02666a7ba53a8acf25a,results/stage6/behavioural_full_rerun/qwen_primary_20260616T091228Z.jsonl,10.0 Nm,10.0 N*m,,-32.0,,,"[""stage6_qwen_behavioural_full_rerun""]"
qwen2p5_7b_instruct,CM_A_009,,1,qwen2p5_7b_instruct:CM_A_009:1:qwen_primary_20260616T091228Z,cc975621bbad6f685c003ab01d6323aed392fbeb3b66827b1f21b3989b6a829a,results/stage6/behavioural_full_rerun/qwen_primary_20260616T091228Z.jsonl,10.0 Nm,10.0 N*m,,-31.734375,,,"[""stage6_qwen_behavioural_full_rerun""]"
qwen2p5_7b_instruct,CM_A_009,,2,qwen2p5_7b_instruct:CM_A_009:2:qwen_primary_20260616T091228Z,3e6c547de703d630901a602d558491fc1aed8601f991486c825fa5b5c2ea5f29,results/stage6/behavioural_full_rerun/qwen_primary_20260616T091228Z.jsonl,10.0 Nm,10.0 N*m,,-31.90625,,,"[""stage6_qwen_behavioural_full_rerun""]"
qwen2p5_7b_instruct,CM_A_009,,3,qwen2p5_7b_instruct:CM_A_009:3:qwen_primary_20260616T091228Z,654b9b1fc93c766ed6352bda48780e3a09b7ba7045911b94c14809152fe3a7b2,results/stage6/behavioural_full_rerun/qwen_primary_20260616T091228Z.jsonl,10.0 Nm,10.0 N*m,,-32.0625,,,"[""stage6_qwen_behavioural_full_rerun""]"
qwen2p5_7b_instruct,CM_A_010,,0,qwen2p5_7b_instruct:CM_A_010:0:qwen_primary_20260616T091228Z,a0b98903ff5e3175d0d906dd6027d84d87298ac0fc567d64caddd8c1ebc694b5,results/stage6/behavioural_full_rerun/qwen_primary_20260616T091228Z.jsonl,60.0 J,60.0 J,,-30.59375,,,"[""stage6_qwen_behavioural_full_rerun""]"
qwen2p5_7b_instruct,CM_A_010,,1,qwen2p5_7b_instruct:CM_A_010:1:qwen_primary_20260616T091228Z,8eaf2197f94d774ef42b6366a2996a94a84ef9a5cb957d75be29bc86a41098fa,results/stage6/behavioural_full_rerun/qwen_primary_20260616T091228Z.jsonl,60.0 J,60.0 J,,-30.3125,,,"[""stage6_qwen_behavioural_full_rerun""]"
qwen2p5_7b_instruct,CM_A_010,,2,qwen2p5_7b_instruct:CM_A_010:2:qwen_primary_20260616T091228Z,b74a6cda0e3e04a82b3fb49da6c49581d0645823385298e01effe7f23d6cc05c,results/stage6/behavioural_full_rerun/qwen_primary_20260616T091228Z.jsonl,60.0 J,60.0 J,,-30.421875,,,"[""stage6_qwen_behavioural_full_rerun""]"
qwen2p5_7b_instruct,CM_A_010,,3,qwen2p5_7b_instruct:CM_A_010:3:qwen_primary_20260616T091228Z,be61fc861a409fbabd8f827a22a467b556873e5bc490812b99b75cad7eeb07df,results/stage6/behavioural_full_rerun/qwen_primary_20260616T091228Z.jsonl,60.0 J,60.0 J,,-31.0625,,,"[""stage6_qwen_behavioural_full_rerun""]"
qwen2p5_7b_instruct,CM_A_STD_001,,0,qwen2p5_7b_instruct:CM_A_STD_001:0:qwen_primary_20260616T091228Z,65ef63fa184ee26717a303917d2b70047070dd10a37ce10f79e7d21f8a70adaf,results/stage6/behavioural_full_rerun/qwen_primary_20260616T091228Z.jsonl,12 m/s,12.0 m/s,,-23.1875,,,"[""stage6_qwen_behavioural_full_rerun""]"
qwen2p5_7b_instruct,CM_A_STD_001,,1,qwen2p5_7b_instruct:CM_A_STD_001:1:qwen_primary_20260616T091228Z,1b1fe8df297537129df32b5a00fd57b21d7c7ed10175beafcd6b924cf1aed9a3,results/stage6/behavioural_full_rerun/qwen_primary_20260616T091228Z.jsonl,12 m/s,12.0 m/s,,-22.75,,,"[""stage6_qwen_behavioural_full_rerun""]"
qwen2p5_7b_instruct,CM_A_STD_001,,2,qwen2p5_7b_instruct:CM_A_STD_001:2:qwen_primary_20260616T091228Z,539a57b7b13416e29504bc5c3162e889e1b114b4804649db01eceadf268d53b4,results/stage6/behavioural_full_rerun/qwen_primary_20260616T091228Z.jsonl,12 m/s,12.0 m/s,,-22.640625,,,"[""stage6_qwen_behavioural_full_rerun""]"
qwen2p5_7b_instruct,CM_A_STD_001,,3,qwen2p5_7b_instruct:CM_A_STD_001:3:qwen_primary_20260616T091228Z,c80a392cc67bdb281f2a3484f6d2012fa792f61222bb7a91d959f6369c08a393,results/stage6/behavioural_full_rerun/qwen_primary_20260616T091228Z.jsonl,12.0 m/s,12.0 m/s,,-22.59375,,,"[""stage6_qwen_behavioural_full_rerun""]"
qwen2p5_7b_instruct,CM_A_STD_002,,0,qwen2p5_7b_instruct:CM_A_STD_002:0:qwen_primary_20260616T091228Z,037df50a9156505aa56889cd8cf2a81e2082db5c525396ca1b4a28e3790d49ca,results/stage6/behavioural_full_rerun/qwen_primary_20260616T091228Z.jsonl,18.0 m,18.0 m,,-21.234375,,,"[""stage6_qwen_behavioural_full_rerun""]"
qwen2p5_7b_instruct,CM_A_STD_002,,1,qwen2p5_7b_instruct:CM_A_STD_002:1:qwen_primary_20260616T091228Z,aecc3c09e68d72e7372cceb056e0817ad90f2ea7194eaf396a65e403ffe16ce7,results/stage6/behavioural_full_rerun/qwen_primary_20260616T091228Z.jsonl,18.0 m,18.0 m,,-21.75,,,"[""stage6_qwen_behavioural_full_rerun""]"
qwen2p5_7b_instruct,CM_A_STD_002,,2,qwen2p5_7b_instruct:CM_A_STD_002:2:qwen_primary_20260616T091228Z,f7d6d641f559601f691c95f5316d62d46e995e3e152eae90fe08c2c1f3435f62,results/stage6/behavioural_full_rerun/qwen_primary_20260616T091228Z.jsonl,18.0 m,18.0 m,,-22.546875,,,"[""stage6_qwen_behavioural_full_rerun""]"
qwen2p5_7b_instruct,CM_A_STD_002,,3,qwen2p5_7b_instruct:CM_A_STD_002:3:qwen_primary_20260616T091228Z,c657a68af6cfd4a3b02335f3786f601ff7edc2fc24f297ea950fbde483985b5d,results/stage6/behavioural_full_rerun/qwen_primary_20260616T091228Z.jsonl,18.0 m,18.0 m,,-22.65625,,,"[""stage6_qwen_behavioural_full_rerun""]"
qwen2p5_7b_instruct,CM_A_STD_003,,0,qwen2p5_7b_instruct:CM_A_STD_003:0:qwen_primary_20260616T091228Z,84421190c1b41a9497048caaaf7b5c7534cd5323664a83db1928d0038c95c1ff,results/stage6/behavioural_full_rerun/qwen_primary_20260616T091228Z.jsonl,36 J,36.0 J,,-32.09375,,,"[""stage6_qwen_behavioural_full_rerun""]"
qwen2p5_7b_instruct,CM_A_STD_003,,1,qwen2p5_7b_instruct:CM_A_STD_003:1:qwen_primary_20260616T091228Z,16cda092fb36c6da1bb593dfff84f6f6606901ee5ed83dcb40548a878d78d042,results/stage6/behavioural_full_rerun/qwen_primary_20260616T091228Z.jsonl,36 J,36.0 J,,-32.28125,,,"[""stage6_qwen_behavioural_full_rerun""]"
qwen2p5_7b_instruct,CM_A_STD_003,,2,qwen2p5_7b_instruct:CM_A_STD_003:2:qwen_primary_20260616T091228Z,f8e1fcd2ec6d9999cc345c3fe3b4abc86102cfdbca12a3184a963a896c5ae043,results/stage6/behavioural_full_rerun/qwen_primary_20260616T091228Z.jsonl,36 J,36.0 J,,-32.28125,,,"[""stage6_qwen_behavioural_full_rerun""]"
qwen2p5_7b_instruct,CM_A_STD_003,,3,qwen2p5_7b_instruct:CM_A_STD_003:3:qwen_primary_20260616T091228Z,87767a37e77609e413e5dee27f7015a4a271bb8215690f03b1d1670cc97dc94d,results/stage6/behavioural_full_rerun/qwen_primary_20260616T091228Z.jsonl,36 J,36.0 J,,-33.125,,,"[""stage6_qwen_behavioural_full_rerun""]"
qwen2p5_7b_instruct,CM_A_STD_004,,0,qwen2p5_7b_instruct:CM_A_STD_004:0:qwen_primary_20260616T091228Z,74a93a24dd2d3607012b24a15b61ac366eb2b972eab00d7a329b928bb83be7c2,results/stage6/behavioural_full_rerun/qwen_primary_20260616T091228Z.jsonl,14.0 N,14.0 N,,-31.78125,,,"[""stage6_qwen_behavioural_full_rerun""]"
qwen2p5_7b_instruct,CM_A_STD_004,,1,qwen2p5_7b_instruct:CM_A_STD_004:1:qwen_primary_20260616T091228Z,875242a00162099387d5cf03eefe67c21ab6296b46858df89e2b826af234aa84,results/stage6/behavioural_full_rerun/qwen_primary_20260616T091228Z.jsonl,14.0 N,14.0 N,,-31.765625,,,"[""stage6_qwen_behavioural_full_rerun""]"
qwen2p5_7b_instruct,CM_A_STD_004,,2,qwen2p5_7b_instruct:CM_A_STD_004:2:qwen_primary_20260616T091228Z,bce4d450a5b1b923ca88fad668d9c8fbc9189cda10ca6c56a60d4eac48d3259c,results/stage6/behavioural_full_rerun/qwen_primary_20260616T091228Z.jsonl,14 N,14.0 N,,-32.875,,,"[""stage6_qwen_behavioural_full_rerun""]"
qwen2p5_7b_instruct,CM_A_STD_004,,3,qwen2p5_7b_instruct:CM_A_STD_004:3:qwen_primary_20260616T091228Z,f3698756bfccccb1ebf528ffa2ab0affe69ccedc21b9188749ed0797ddea3802,results/stage6/behavioural_full_rerun/qwen_primary_20260616T091228Z.jsonl,14.0 N,14.0 N,,-32.03125,,,"[""stage6_qwen_behavioural_full_rerun""]"
qwen2p5_7b_instruct,CM_A_STD_005,,0,qwen2p5_7b_instruct:CM_A_STD_005:0:qwen_primary_20260616T091228Z,5504905a5238110224d646aa425af37c8f7e5c69b6b9752203b441d96e74a36a,results/stage6/behavioural_full_rerun/qwen_primary_20260616T091228Z.jsonl,6.0 N,18.0 N,,-31.390625,,,"[""stage6_qwen_behavioural_full_rerun""]"
qwen2p5_7b_instruct,CM_A_STD_005,,1,qwen2p5_7b_instruct:CM_A_STD_005:1:qwen_primary_20260616T091228Z,63fee8e5eec4c48f7fc42869b5cf48dba90599fa81b598c0786f79aad3d7956d,results/stage6/behavioural_full_rerun/qwen_primary_20260616T091228Z.jsonl,6.0 N,18.0 N,,-33.6875,,,"[""stage6_qwen_behavioural_full_rerun""]"
qwen2p5_7b_instruct,CM_A_STD_005,,2,qwen2p5_7b_instruct:CM_A_STD_005:2:qwen_primary_20260616T091228Z,5d158df10a83899b469b68e345db635bb8fc899b37a7a5151c6a513b1acdb2cb,results/stage6/behavioural_full_rerun/qwen_primary_20260616T091228Z.jsonl,6.0 N,18.0 N,,-31.765625,,,"[""stage6_qwen_behavioural_full_rerun""]"
qwen2p5_7b_instruct,CM_A_STD_005,,3,qwen2p5_7b_instruct:CM_A_STD_005:3:qwen_primary_20260616T091228Z,99c91382a16ef108c11dd0dbd65893eba5aa4a41dedc447905229d9ca21ad38e,results/stage6/behavioural_full_rerun/qwen_primary_20260616T091228Z.jsonl,6.0 N,18.0 N,,-31.890625,,,"[""stage6_qwen_behavioural_full_rerun""]"
qwen2p5_7b_instruct,CM_A_STD_006,,0,qwen2p5_7b_instruct:CM_A_STD_006:0:qwen_primary_20260616T091228Z,8e70d00994e783a790e3532e42f5d75644a107373eb1f214af33e250a00cea9f,results/stage6/behavioural_full_rerun/qwen_primary_20260616T091228Z.jsonl,12 kg*m/s,12.0 kg*m/s,,-34.5625,,,"[""stage6_qwen_behavioural_full_rerun""]"
qwen2p5_7b_instruct,CM_A_STD_006,,1,qwen2p5_7b_instruct:CM_A_STD_006:1:qwen_primary_20260616T091228Z,19278fdcadbc06c2377d1de6285aac24312bb9a535eb4247d2b3bf2b47a25df3,results/stage6/behavioural_full_rerun/qwen_primary_20260616T091228Z.jsonl,12.0 kg*m/s,12.0 kg*m/s,,-34.59375,,,"[""stage6_qwen_behavioural_full_rerun""]"
qwen2p5_7b_instruct,CM_A_STD_006,,2,qwen2p5_7b_instruct:CM_A_STD_006:2:qwen_primary_20260616T091228Z,281652e58447b29af74fc6865c103341377aef16fcc51e4d2feb16eda2677211,results/stage6/behavioural_full_rerun/qwen_primary_20260616T091228Z.jsonl,12 kg*m/s,12.0 kg*m/s,,-34.5,,,"[""stage6_qwen_behavioural_full_rerun""]"
qwen2p5_7b_instruct,CM_A_STD_006,,3,qwen2p5_7b_instruct:CM_A_STD_006:3:qwen_primary_20260616T091228Z,d1a7fd01fa39d66cdbbb55ac96ab4b1b142e9ffe9836719ebe74bd5934db3408,results/stage6/behavioural_full_rerun/qwen_primary_20260616T091228Z.jsonl,12 kg*m/s,12.0 kg*m/s,,-34.1875,,,"[""stage6_qwen_behavioural_full_rerun""]"
qwen2p5_7b_instruct,CM_A_STD_007,,0,qwen2p5_7b_instruct:CM_A_STD_007:0:qwen_primary_20260616T091228Z,3497b08a64409b3b79ccbb962a951f3fb640f8039d9363028defc7c8473879ce,results/stage6/behavioural_full_rerun/qwen_primary_20260616T091228Z.jsonl,98.0 J,98.0 J,,-30.15625,,,"[""stage6_qwen_behavioural_full_rerun""]"
qwen2p5_7b_instruct,CM_A_STD_007,,1,qwen2p5_7b_instruct:CM_A_STD_007:1:qwen_primary_20260616T091228Z,f6631c18ad7be9edb7dd65ac93f77e54cbdacc17fa0f278573f792c2d4de6efe,results/stage6/behavioural_full_rerun/qwen_primary_20260616T091228Z.jsonl,98.0 J,98.0 J,,-30.3125,,,"[""stage6_qwen_behavioural_full_rerun""]"
qwen2p5_7b_instruct,CM_A_STD_007,,2,qwen2p5_7b_instruct:CM_A_STD_007:2:qwen_primary_20260616T091228Z,0b1025ba82022263fc1a42d52e8c0c534dc8faab8d87d9725db641edab609ff8,results/stage6/behavioural_full_rerun/qwen_primary_20260616T091228Z.jsonl,98.0 J,98.0 J,,-30.34375,,,"[""stage6_qwen_behavioural_full_rerun""]"
qwen2p5_7b_instruct,CM_A_STD_007,,3,qwen2p5_7b_instruct:CM_A_STD_007:3:qwen_primary_20260616T091228Z,769a954c61a57d15645302675f84d416683ce5f31db65cb6bf8fb263b2cc00de,results/stage6/behavioural_full_rerun/qwen_primary_20260616T091228Z.jsonl,98.0 J,98.0 J,,-30.40625,,,"[""stage6_qwen_behavioural_full_rerun""]"
qwen2p5_7b_instruct,CM_A_STD_008,,0,qwen2p5_7b_instruct:CM_A_STD_008:0:qwen_primary_20260616T091228Z,52269d08fbea4c2aa3aaf80d2f465dd8a2a7b58384d28014445e59ed05dfa2fc,results/stage6/behavioural_full_rerun/qwen_primary_20260616T091228Z.jsonl,42 J,42.0 J,,-30.625,,,"[""stage6_qwen_behavioural_full_rerun""]"
qwen2p5_7b_instruct,CM_A_STD_008,,1,qwen2p5_7b_instruct:CM_A_STD_008:1:qwen_primary_20260616T091228Z,f6723505004dd75bb82dda1c16294e77b702e428462bd1e05cdbddd60e61d717,results/stage6/behavioural_full_rerun/qwen_primary_20260616T091228Z.jsonl,42 J,42.0 J,,-29.703125,,,"[""stage6_qwen_behavioural_full_rerun""]"
qwen2p5_7b_instruct,CM_A_STD_008,,2,qwen2p5_7b_instruct:CM_A_STD_008:2:qwen_primary_20260616T091228Z,e4dd2ff2ea1be60decad972aef36d3fa530afaac6660523ab4a2c9795a30a52e,results/stage6/behavioural_full_rerun/qwen_primary_20260616T091228Z.jsonl,42 J,42.0 J,,-30.703125,,,"[""stage6_qwen_behavioural_full_rerun""]"
qwen2p5_7b_instruct,CM_A_STD_008,,3,qwen2p5_7b_instruct:CM_A_STD_008:3:qwen_primary_20260616T091228Z,0c5dcda39f56bfc12924dfb605c49a4d00b4dbfd3c97cca90b62353b03093e87,results/stage6/behavioural_full_rerun/qwen_primary_20260616T091228Z.jsonl,42 J,42.0 J,,-30.0,,,"[""stage6_qwen_behavioural_full_rerun""]"
qwen2p5_7b_instruct,CM_A_STD_009,,0,qwen2p5_7b_instruct:CM_A_STD_009:0:qwen_primary_20260616T091228Z,1251202471e154a94365e72274638888d1c49073e1f186dc0a7e0cd5e18b14f1,results/stage6/behavioural_full_rerun/qwen_primary_20260616T091228Z.jsonl,12.0 Nm,12.0 N*m,,-29.6875,,,"[""stage6_qwen_behavioural_full_rerun""]"
qwen2p5_7b_instruct,CM_A_STD_009,,1,qwen2p5_7b_instruct:CM_A_STD_009:1:qwen_primary_20260616T091228Z,8e5fc014388a813d76429c16b76f7a60b02ce7200dd50c140e2c8c3c64154f52,results/stage6/behavioural_full_rerun/qwen_primary_20260616T091228Z.jsonl,12.0 N*m,12.0 N*m,,-28.625,,,"[""stage6_qwen_behavioural_full_rerun""]"
qwen2p5_7b_instruct,CM_A_STD_009,,2,qwen2p5_7b_instruct:CM_A_STD_009:2:qwen_primary_20260616T091228Z,c7917616b044d3e327a946c845e4307243b5d5144821ff01707912f2ba39d310,results/stage6/behavioural_full_rerun/qwen_primary_20260616T091228Z.jsonl,12.0 N*m,12.0 N*m,,-28.359375,,,"[""stage6_qwen_behavioural_full_rerun""]"
qwen2p5_7b_instruct,CM_A_STD_009,,3,qwen2p5_7b_instruct:CM_A_STD_009:3:qwen_primary_20260616T091228Z,5a1e33da4acff4503412fd8ca79f4c6ee0780d073b326dd65e594639d3aedea5,results/stage6/behavioural_full_rerun/qwen_primary_20260616T091228Z.jsonl,12.0 N*m,12.0 N*m,,-28.0625,,,"[""stage6_qwen_behavioural_full_rerun""]"
qwen2p5_7b_instruct,CM_A_STD_010,,0,qwen2p5_7b_instruct:CM_A_STD_010:0:qwen_primary_20260616T091228Z,ae5401c1f4683cbc7d994d4870a2ffbf126f05c5a1e22a02399fa00ae9168557,results/stage6/behavioural_full_rerun/qwen_primary_20260616T091228Z.jsonl,18.0 m/s,18.0 m/s,,-28.71875,,,"[""stage6_qwen_behavioural_full_rerun""]"
qwen2p5_7b_instruct,CM_A_STD_010,,1,qwen2p5_7b_instruct:CM_A_STD_010:1:qwen_primary_20260616T091228Z,ea785686b23be1a46abe62b9b056692c43815d952a479d8bcc11a2a40138e1ce,results/stage6/behavioural_full_rerun/qwen_primary_20260616T091228Z.jsonl,18.0 m/s,18.0 m/s,,-29.5,,,"[""stage6_qwen_behavioural_full_rerun""]"
qwen2p5_7b_instruct,CM_A_STD_010,,2,qwen2p5_7b_instruct:CM_A_STD_010:2:qwen_primary_20260616T091228Z,64566db7600d9e6568cb76a0b01d091aea5c6602fdb2d490293152981c5adbb0,results/stage6/behavioural_full_rerun/qwen_primary_20260616T091228Z.jsonl,18.0 m/s,18.0 m/s,,-29.09375,,,"[""stage6_qwen_behavioural_full_rerun""]"
qwen2p5_7b_instruct,CM_A_STD_010,,3,qwen2p5_7b_instruct:CM_A_STD_010:3:qwen_primary_20260616T091228Z,a7cab7b4349ca074f7bd184e56e54e381b020b794b168600f6388f52a0660bfa,results/stage6/behavioural_full_rerun/qwen_primary_20260616T091228Z.jsonl,18.0 m/s,18.0 m/s,,-29.21875,,,"[""stage6_qwen_behavioural_full_rerun""]"
qwen2p5_7b_instruct,CM_A_STD_011,,0,qwen2p5_7b_instruct:CM_A_STD_011:0:qwen_primary_20260616T091228Z,9a5ec8ec49dbd7844eaaed688c9e1885648e38d0ba5a1768423acfec4930cf56,results/stage6/behavioural_full_rerun/qwen_primary_20260616T091228Z.jsonl,12 V,12.0 V,,-24.859375,,,"[""stage6_qwen_behavioural_full_rerun""]"
qwen2p5_7b_instruct,CM_A_STD_011,,1,qwen2p5_7b_instruct:CM_A_STD_011:1:qwen_primary_20260616T091228Z,d988cb6bb556b4ac13affd5c8ab0a5f8dcf2c3d7e6863aef5d0c0b05f67e13a2,results/stage6/behavioural_full_rerun/qwen_primary_20260616T091228Z.jsonl,12 V,12.0 V,,-23.296875,,,"[""stage6_qwen_behavioural_full_rerun""]"
qwen2p5_7b_instruct,CM_A_STD_011,,2,qwen2p5_7b_instruct:CM_A_STD_011:2:qwen_primary_20260616T091228Z,782cc542f70225d3b4c6f3054dc39a0f6db98d8ff81a1d66b2ce21fd5fd37a6e,results/stage6/behavioural_full_rerun/qwen_primary_20260616T091228Z.jsonl,12.0 V,12.0 V,,-25.0,,,"[""stage6_qwen_behavioural_full_rerun""]"
qwen2p5_7b_instruct,CM_A_STD_011,,3,qwen2p5_7b_instruct:CM_A_STD_011:3:qwen_primary_20260616T091228Z,fdaa655b22f1a4ebd9e99c7ce19e485942d95bde2b86a521d6fba90dc28638df,results/stage6/behavioural_full_rerun/qwen_primary_20260616T091228Z.jsonl,12 V,12.0 V,,-24.609375,,,"[""stage6_qwen_behavioural_full_rerun""]"
qwen2p5_7b_instruct,CM_A_STD_012,,0,qwen2p5_7b_instruct:CM_A_STD_012:0:qwen_primary_20260616T091228Z,ef765775a80a2cae624c5cbae4cb3ca7134eba9a83abf83fc4a1f1e0dbee7b3c,results/stage6/behavioural_full_rerun/qwen_primary_20260616T091228Z.jsonl,18.0 W,18.0 W,,-25.828125,,,"[""stage6_qwen_behavioural_full_rerun""]"
qwen2p5_7b_instruct,CM_A_STD_012,,1,qwen2p5_7b_instruct:CM_A_STD_012:1:qwen_primary_20260616T091228Z,3317e143e2a388c785b64894897b7361489f2e5e3847ed241b6655f0767b7a6b,results/stage6/behavioural_full_rerun/qwen_primary_20260616T091228Z.jsonl,18.0 W,18.0 W,,-24.765625,,,"[""stage6_qwen_behavioural_full_rerun""]"
qwen2p5_7b_instruct,CM_A_STD_012,,2,qwen2p5_7b_instruct:CM_A_STD_012:2:qwen_primary_20260616T091228Z,a391a3185400bbb10415366ee0ae16e364c9a1486da0589873403591e5be4a54,results/stage6/behavioural_full_rerun/qwen_primary_20260616T091228Z.jsonl,18.0 W,18.0 W,,-24.5625,,,"[""stage6_qwen_behavioural_full_rerun""]"
qwen2p5_7b_instruct,CM_A_STD_012,,3,qwen2p5_7b_instruct:CM_A_STD_012:3:qwen_primary_20260616T091228Z,4367c972d926f6e9dec7615e1413321779c539184da1169d2e184350b55bacd8,results/stage6/behavioural_full_rerun/qwen_primary_20260616T091228Z.jsonl,18.0 W,18.0 W,,-23.984375,,,"[""stage6_qwen_behavioural_full_rerun""]"
qwen2p5_7b_instruct,CM_A_STD_013,,0,qwen2p5_7b_instruct:CM_A_STD_013:0:qwen_primary_20260616T091228Z,9e8fec9ab5b3e2e3a7758ed67d9fdc485a1962cf91d1a4240c41a17dbc87e300,results/stage6/behavioural_full_rerun/qwen_primary_20260616T091228Z.jsonl,0.0003 C,3.0e-4 C,,-40.375,,,"[""stage6_qwen_behavioural_full_rerun""]"
qwen2p5_7b_instruct,CM_A_STD_013,,1,qwen2p5_7b_instruct:CM_A_STD_013:1:qwen_primary_20260616T091228Z,a2d83ae28043518cefe46cf77a318b3a83cf3c118f284ff56c6bb98000e106a0,results/stage6/behavioural_full_rerun/qwen_primary_20260616T091228Z.jsonl,0.0003 C,3.0e-4 C,,-38.4375,,,"[""stage6_qwen_behavioural_full_rerun""]"
qwen2p5_7b_instruct,CM_A_STD_013,,2,qwen2p5_7b_instruct:CM_A_STD_013:2:qwen_primary_20260616T091228Z,ea0ce66507c84d0fdd9b9b7499563e37b4b186544e9bc64a2acfa7217e619a0e,results/stage6/behavioural_full_rerun/qwen_primary_20260616T091228Z.jsonl,0.0003 C,3.0e-4 C,,-38.46875,,,"[""stage6_qwen_behavioural_full_rerun""]"
qwen2p5_7b_instruct,CM_A_STD_013,,3,qwen2p5_7b_instruct:CM_A_STD_013:3:qwen_primary_20260616T091228Z,3cde3e2190b20044e0ab1b9a0591dba7f123858348f1b8c994ffc372861940dd,results/stage6/behavioural_full_rerun/qwen_primary_20260616T091228Z.jsonl,0.0003 C,3.0e-4 C,,-39.125,,,"[""stage6_qwen_behavioural_full_rerun""]"
qwen2p5_7b_instruct,CM_A_STD_014,,0,qwen2p5_7b_instruct:CM_A_STD_014:0:qwen_primary_20260616T091228Z,1e286afd729ce8c3aa593cfc94b96b3433d25eaa54c6ea4359b5fd83be51300f,results/stage6/behavioural_full_rerun/qwen_primary_20260616T091228Z.jsonl,2.0 A,2.0 A,,-20.6875,,,"[""stage6_qwen_behavioural_full_rerun""]"
qwen2p5_7b_instruct,CM_A_STD_014,,1,qwen2p5_7b_instruct:CM_A_STD_014:1:qwen_primary_20260616T091228Z,c3403572dc9d045d85150701402b85a05e5be8abfb0e0dc2be78b5e7006c41cb,results/stage6/behavioural_full_rerun/qwen_primary_20260616T091228Z.jsonl,2.0 A,2.0 A,,-20.5625,,,"[""stage6_qwen_behavioural_full_rerun""]"
qwen2p5_7b_instruct,CM_A_STD_014,,2,qwen2p5_7b_instruct:CM_A_STD_014:2:qwen_primary_20260616T091228Z,800ce129a78b34a40a99b77c5e7f9a071dcb2da52722cad1222c68ef348c40dc,results/stage6/behavioural_full_rerun/qwen_primary_20260616T091228Z.jsonl,2.0 A,2.0 A,,-20.796875,,,"[""stage6_qwen_behavioural_full_rerun""]"
qwen2p5_7b_instruct,CM_A_STD_014,,3,qwen2p5_7b_instruct:CM_A_STD_014:3:qwen_primary_20260616T091228Z,2b2995aaaed83e3b46638be0ab8d08215b563c3157085ff679a4d685b53f8325,results/stage6/behavioural_full_rerun/qwen_primary_20260616T091228Z.jsonl,2.0 A,2.0 A,,-20.546875,,,"[""stage6_qwen_behavioural_full_rerun""]"
qwen2p5_7b_instruct,CM_A_STD_015,,0,qwen2p5_7b_instruct:CM_A_STD_015:0:qwen_primary_20260616T091228Z,4ca8907255d7c53e80b9b340133ae1b23cf2b13dd59ac71962f917199ee1015b,results/stage6/behavioural_full_rerun/qwen_primary_20260616T091228Z.jsonl,400.0 N,0.4495 N,,-29.453125,,,"[""stage6_qwen_behavioural_full_rerun""]"
qwen2p5_7b_instruct,CM_A_STD_015,,1,qwen2p5_7b_instruct:CM_A_STD_015:1:qwen_primary_20260616T091228Z,bacc7c30156b306819effb0db70f7b3a23f1981a103e0a85edfa29afc15a0830,results/stage6/behavioural_full_rerun/qwen_primary_20260616T091228Z.jsonl,0.4 N,0.4495 N,,-28.453125,,,"[""stage6_qwen_behavioural_full_rerun""]"
qwen2p5_7b_instruct,CM_A_STD_015,,2,qwen2p5_7b_instruct:CM_A_STD_015:2:qwen_primary_20260616T091228Z,fa57804fc4536b90d081d7945f9e733aee80d1b5daa933ee59fc1445ed43824f,results/stage6/behavioural_full_rerun/qwen_primary_20260616T091228Z.jsonl,4000.0 N,0.4495 N,,-28.875,,,"[""stage6_qwen_behavioural_full_rerun""]"
qwen2p5_7b_instruct,CM_A_STD_015,,3,qwen2p5_7b_instruct:CM_A_STD_015:3:qwen_primary_20260616T091228Z,3b7f7ea300ab40814f248034d2ee20bb729686b0fa066655df8f6caecc24bfe7,results/stage6/behavioural_full_rerun/qwen_primary_20260616T091228Z.jsonl,4000.0 N,0.4495 N,,-29.09375,,,"[""stage6_qwen_behavioural_full_rerun""]"
qwen2p5_7b_instruct,CM_A_STD_016,,0,qwen2p5_7b_instruct:CM_A_STD_016:0:qwen_primary_20260616T091228Z,57807734c4fc47512b5d542d910eadd9c8946e513751153696d4c52ec451ac40,results/stage6/behavioural_full_rerun/qwen_primary_20260616T091228Z.jsonl,19980000.0 N/C,143840 N/C,,-46.25,,,"[""stage6_qwen_behavioural_full_rerun""]"
qwen2p5_7b_instruct,CM_A_STD_016,,1,qwen2p5_7b_instruct:CM_A_STD_016:1:qwen_primary_20260616T091228Z,c88b3bdb6d93ef80b9e30d9ce1aaeac083ab88cc0558baff5ecbc1bc40f83de0,results/stage6/behavioural_full_rerun/qwen_primary_20260616T091228Z.jsonl,19980000.0 N/C,143840 N/C,,-47.03125,,,"[""stage6_qwen_behavioural_full_rerun""]"
qwen2p5_7b_instruct,CM_A_STD_016,,2,qwen2p5_7b_instruct:CM_A_STD_016:2:qwen_primary_20260616T091228Z,49dacd0e608d5d04859e7044460da3e0700f47d48e342652caf65edd548d015b,results/stage6/behavioural_full_rerun/qwen_primary_20260616T091228Z.jsonl,19980000.0 N/C,143840 N/C,,-46.96875,,,"[""stage6_qwen_behavioural_full_rerun""]"
qwen2p5_7b_instruct,CM_A_STD_016,,3,qwen2p5_7b_instruct:CM_A_STD_016:3:qwen_primary_20260616T091228Z,67346ece6381be2d9503ab61fe3c218935f20b5a981a64b0a90238d95a899522,results/stage6/behavioural_full_rerun/qwen_primary_20260616T091228Z.jsonl,17980000.0 N/C,143840 N/C,,-46.6875,,,"[""stage6_qwen_behavioural_full_rerun""]"
qwen2p5_7b_instruct,CM_A_STD_017,,0,qwen2p5_7b_instruct:CM_A_STD_017:0:qwen_primary_20260616T091228Z,6fd48a0082ae0aecf597c36b1abc01a705550759ab22bb67f20afc8a21a28422,results/stage6/behavioural_full_rerun/qwen_primary_20260616T091228Z.jsonl,41860.0 J,41860 J,,-26.34375,,,"[""stage6_qwen_behavioural_full_rerun""]"
qwen2p5_7b_instruct,CM_A_STD_017,,1,qwen2p5_7b_instruct:CM_A_STD_017:1:qwen_primary_20260616T091228Z,9e1e2a7b2c69d2a57fffcfac95b8c0ae8797fddf18be4cb8c13811cab2c43ed2,results/stage6/behavioural_full_rerun/qwen_primary_20260616T091228Z.jsonl,41860.0 J,41860 J,,-24.125,,,"[""stage6_qwen_behavioural_full_rerun""]"
qwen2p5_7b_instruct,CM_A_STD_017,,2,qwen2p5_7b_instruct:CM_A_STD_017:2:qwen_primary_20260616T091228Z,3ac2b9005171f70ee48a532cde92548c62c3fefdee21fe055ce95c46f730e95d,results/stage6/behavioural_full_rerun/qwen_primary_20260616T091228Z.jsonl,41860.0 J,41860 J,,-25.203125,,,"[""stage6_qwen_behavioural_full_rerun""]"
qwen2p5_7b_instruct,CM_A_STD_017,,3,qwen2p5_7b_instruct:CM_A_STD_017:3:qwen_primary_20260616T091228Z,0367ff3acf9dc276c7ee8d25419a3a9bf71cf5fde922fe4437cba1143bbbdf34,results/stage6/behavioural_full_rerun/qwen_primary_20260616T091228Z.jsonl,41860.0 J,41860 J,,-27.140625,,,"[""stage6_qwen_behavioural_full_rerun""]"
qwen2p5_7b_instruct,CM_A_STD_018,,0,qwen2p5_7b_instruct:CM_A_STD_018:0:qwen_primary_20260616T091228Z,0108c4f51bb35c0dd5aef4eb151ea90831c1ce0fed1cb38006f425540fd59227,results/stage6/behavioural_full_rerun/qwen_primary_20260616T091228Z.jsonl,9976.24 Pa,99768 Pa,,-46.59375,,,"[""stage6_qwen_behavioural_full_rerun""]"
qwen2p5_7b_instruct,CM_A_STD_018,,1,qwen2p5_7b_instruct:CM_A_STD_018:1:qwen_primary_20260616T091228Z,c4c41a235070788103ffe1083a40db2a90def5afd1b52fde3d0d8fc835fdf6b3,results/stage6/behavioural_full_rerun/qwen_primary_20260616T091228Z.jsonl,9976.24 Pa,99768 Pa,,-47.0625,,,"[""stage6_qwen_behavioural_full_rerun""]"
qwen2p5_7b_instruct,CM_A_STD_018,,2,qwen2p5_7b_instruct:CM_A_STD_018:2:qwen_primary_20260616T091228Z,decc95714c1b3a7c7bacd30c79ddfccd40424f8b317b5401c23176fa66eae76e,results/stage6/behavioural_full_rerun/qwen_primary_20260616T091228Z.jsonl,9976.24 Pa,99768 Pa,,-46.28125,,,"[""stage6_qwen_behavioural_full_rerun""]"
qwen2p5_7b_instruct,CM_A_STD_018,,3,qwen2p5_7b_instruct:CM_A_STD_018:3:qwen_primary_20260616T091228Z,d0dfa17619c6f7ca38cf4185f5432dc8288deb303144896ea93016bdf1b6932c,results/stage6/behavioural_full_rerun/qwen_primary_20260616T091228Z.jsonl,,99768 Pa,,-46.15625,,,"[""stage6_qwen_behavioural_full_rerun""]"
qwen2p5_7b_instruct,CM_A_STD_019,,0,qwen2p5_7b_instruct:CM_A_STD_019:0:qwen_primary_20260616T091228Z,1fe50cd2ef47609f78ed0b84bf2dddf04c22af20800c4775cdc12fdf956758af,results/stage6/behavioural_full_rerun/qwen_primary_20260616T091228Z.jsonl,0.1 m,0.01 m,,-29.9375,,,"[""stage6_qwen_behavioural_full_rerun""]"
qwen2p5_7b_instruct,CM_A_STD_019,,1,qwen2p5_7b_instruct:CM_A_STD_019:1:qwen_primary_20260616T091228Z,c9d6b1e39fb365e585980f010ecaa15b569b931a4dc36e484cd472a604f7916c,results/stage6/behavioural_full_rerun/qwen_primary_20260616T091228Z.jsonl,0.1 m,0.01 m,,-30.9375,,,"[""stage6_qwen_behavioural_full_rerun""]"
qwen2p5_7b_instruct,CM_A_STD_019,,2,qwen2p5_7b_instruct:CM_A_STD_019:2:qwen_primary_20260616T091228Z,5d18861bc99d6eef79c040924505955cbaf15e57ce8cb416eb87deccba20b54c,results/stage6/behavioural_full_rerun/qwen_primary_20260616T091228Z.jsonl,,0.01 m,,-32.0625,,,"[""stage6_qwen_behavioural_full_rerun""]"
qwen2p5_7b_instruct,CM_A_STD_019,,3,qwen2p5_7b_instruct:CM_A_STD_019:3:qwen_primary_20260616T091228Z,41f61a5cfa1f9438ef907e9831c97fdf7969dda0490572b7e00d2f25b9d8207d,results/stage6/behavioural_full_rerun/qwen_primary_20260616T091228Z.jsonl,0.1 m,0.01 m,,-33.09375,,,"[""stage6_qwen_behavioural_full_rerun""]"
qwen2p5_7b_instruct,CM_A_STD_020,,0,qwen2p5_7b_instruct:CM_A_STD_020:0:qwen_primary_20260616T091228Z,5c90f90fb744ddafc2c28e607f8b64f6c22920e3d0a140969bd1ca1d7f423801,results/stage6/behavioural_full_rerun/qwen_primary_20260616T091228Z.jsonl,2000 J,2000 J,,-30.953125,,,"[""stage6_qwen_behavioural_full_rerun""]"
qwen2p5_7b_instruct,CM_A_STD_020,,1,qwen2p5_7b_instruct:CM_A_STD_020:1:qwen_primary_20260616T091228Z,125dc81494a98b1bfa3ea2e00ae24cf42051567e718544cd148b104d6aa4da0f,results/stage6/behavioural_full_rerun/qwen_primary_20260616T091228Z.jsonl,2000 J,2000 J,,-30.515625,,,"[""stage6_qwen_behavioural_full_rerun""]"
qwen2p5_7b_instruct,CM_A_STD_020,,2,qwen2p5_7b_instruct:CM_A_STD_020:2:qwen_primary_20260616T091228Z,9bf9193e7a544ea2deab1c1d4740e4f0723f9a73321fe7ab2b5b5c25019f2449,results/stage6/behavioural_full_rerun/qwen_primary_20260616T091228Z.jsonl,2000 J,2000 J,,-30.84375,,,"[""stage6_qwen_behavioural_full_rerun""]"
qwen2p5_7b_instruct,CM_A_STD_020,,3,qwen2p5_7b_instruct:CM_A_STD_020:3:qwen_primary_20260616T091228Z,fda98f6a43b2c9a21605149cc7360f14e7c9b1ac6c0152c82ff6ebd285195954,results/stage6/behavioural_full_rerun/qwen_primary_20260616T091228Z.jsonl,2000 J,2000 J,,-30.796875,,,"[""stage6_qwen_behavioural_full_rerun""]"
qwen2p5_7b_instruct,CM_B_001,,0,qwen2p5_7b_instruct:CM_B_001:0:qwen_primary_20260616T091228Z,3be57340e473ac83b9fe7876b1c9efc3bb7f9ea0e3f850d4fe862463634c9ae6,results/stage6/behavioural_full_rerun/qwen_primary_20260616T091228Z.jsonl,5.0 m/s^2,5.0 m/s^2,,-29.265625,,,"[""stage6_qwen_behavioural_full_rerun""]"
qwen2p5_7b_instruct,CM_B_001,,1,qwen2p5_7b_instruct:CM_B_001:1:qwen_primary_20260616T091228Z,309fc2be964f287fe160e877add1da00930138a1357383e7a922d8b23e3db71b,results/stage6/behavioural_full_rerun/qwen_primary_20260616T091228Z.jsonl,5.0 m/s^2,5.0 m/s^2,,-30.84375,,,"[""stage6_qwen_behavioural_full_rerun""]"
qwen2p5_7b_instruct,CM_B_001,,2,qwen2p5_7b_instruct:CM_B_001:2:qwen_primary_20260616T091228Z,1964d0e0bfc0b16a0d5d74aeac06edc2f01441c0724d9c3da9a61f38c4b71bd4,results/stage6/behavioural_full_rerun/qwen_primary_20260616T091228Z.jsonl,5.0 m/s^2,5.0 m/s^2,,-28.796875,,,"[""stage6_qwen_behavioural_full_rerun""]"
qwen2p5_7b_instruct,CM_B_001,,3,qwen2p5_7b_instruct:CM_B_001:3:qwen_primary_20260616T091228Z,bfae69ede923d1df6b4d572b7b55d2f5e6e36033709d3f63e465c9787d523951,results/stage6/behavioural_full_rerun/qwen_primary_20260616T091228Z.jsonl,5.0 m/s^2,5.0 m/s^2,,-31.265625,,,"[""stage6_qwen_behavioural_full_rerun""]"
qwen2p5_7b_instruct,CM_B_002,,0,qwen2p5_7b_instruct:CM_B_002:0:qwen_primary_20260616T091228Z,1606a15e49c9941850a5e6a86e1c0fea2ac96a5d6fae018ed2db2ebe832aa567,results/stage6/behavioural_full_rerun/qwen_primary_20260616T091228Z.jsonl,10.0 m/s,10.0 m/s,,-30.890625,,,"[""stage6_qwen_behavioural_full_rerun""]"
qwen2p5_7b_instruct,CM_B_002,,1,qwen2p5_7b_instruct:CM_B_002:1:qwen_primary_20260616T091228Z,4aceb0993d6b727b9c2a93b50c3387d822b5c9a56b50010b4a4d5e1288fddb3e,results/stage6/behavioural_full_rerun/qwen_primary_20260616T091228Z.jsonl,10.0 m/s,10.0 m/s,,-29.609375,,,"[""stage6_qwen_behavioural_full_rerun""]"
qwen2p5_7b_instruct,CM_B_002,,2,qwen2p5_7b_instruct:CM_B_002:2:qwen_primary_20260616T091228Z,fdfc39353e221ab71a4cdc364c5c0dbaf9bce1a16aa5b4d266a3e72e52ea89cd,results/stage6/behavioural_full_rerun/qwen_primary_20260616T091228Z.jsonl,10.0 m/s,10.0 m/s,,-30.34375,,,"[""stage6_qwen_behavioural_full_rerun""]"
qwen2p5_7b_instruct,CM_B_002,,3,qwen2p5_7b_instruct:CM_B_002:3:qwen_primary_20260616T091228Z,05d375feea95d0f1c31969a1c0eb984cd5010d5947bedacd6a8b810f56b4ca28,results/stage6/behavioural_full_rerun/qwen_primary_20260616T091228Z.jsonl,10.0 m/s,10.0 m/s,,-29.8125,,,"[""stage6_qwen_behavioural_full_rerun""]"
qwen2p5_7b_instruct,CM_B_003,,0,qwen2p5_7b_instruct:CM_B_003:0:qwen_primary_20260616T091228Z,9641d2418b13b7c22c8d8c3d1f1d221fe5045e55eb65b69f5c270c51ad55da9d,results/stage6/behavioural_full_rerun/qwen_primary_20260616T091228Z.jsonl,,50.0 J,,-32.0,,,"[""stage6_qwen_behavioural_full_rerun""]"
qwen2p5_7b_instruct,CM_B_003,,1,qwen2p5_7b_instruct:CM_B_003:1:qwen_primary_20260616T091228Z,82e7135479f05b3202ee5488a6fe0ed73242b409bfdbfa740f362456e5b2a355,results/stage6/behavioural_full_rerun/qwen_primary_20260616T091228Z.jsonl,10.0 J,50.0 J,,-31.546875,,,"[""stage6_qwen_behavioural_full_rerun""]"
qwen2p5_7b_instruct,CM_B_003,,2,qwen2p5_7b_instruct:CM_B_003:2:qwen_primary_20260616T091228Z,344a1643303f54bf256ec01e8d746508912293fc7f55e0e85eda309487d3c272,results/stage6/behavioural_full_rerun/qwen_primary_20260616T091228Z.jsonl,10.0 J,50.0 J,,-31.625,,,"[""stage6_qwen_behavioural_full_rerun""]"
qwen2p5_7b_instruct,CM_B_003,,3,qwen2p5_7b_instruct:CM_B_003:3:qwen_primary_20260616T091228Z,17dbf74b82693057d1cd18cb0d993db5f28522d9e7351b6cef58f50d8a92db5f,results/stage6/behavioural_full_rerun/qwen_primary_20260616T091228Z.jsonl,10.0 J,50.0 J,,-31.6875,,,"[""stage6_qwen_behavioural_full_rerun""]"
qwen2p5_7b_instruct,CM_B_004,,0,qwen2p5_7b_instruct:CM_B_004:0:qwen_primary_20260616T091228Z,63f3a85ac071cd9d2e3cbd07b19f6699a5c65e7f97ba6656af581a547411020c,results/stage6/behavioural_full_rerun/qwen_primary_20260616T091228Z.jsonl,117.6 J,117.6 J,,-29.15625,,,"[""stage6_qwen_behavioural_full_rerun""]"
qwen2p5_7b_instruct,CM_B_004,,1,qwen2p5_7b_instruct:CM_B_004:1:qwen_primary_20260616T091228Z,2938619fe888011a256c8b489bf4886858753bdd5c034e2089f6403baf99b1d8,results/stage6/behavioural_full_rerun/qwen_primary_20260616T091228Z.jsonl,117.6 J,117.6 J,,-31.828125,,,"[""stage6_qwen_behavioural_full_rerun""]"
qwen2p5_7b_instruct,CM_B_004,,2,qwen2p5_7b_instruct:CM_B_004:2:qwen_primary_20260616T091228Z,9e9f744a54f85dc9e24578e858fcd18dbadbd81d1939d95c828dbe60f5d9485d,results/stage6/behavioural_full_rerun/qwen_primary_20260616T091228Z.jsonl,117.6 J,117.6 J,,-30.390625,,,"[""stage6_qwen_behavioural_full_rerun""]"
qwen2p5_7b_instruct,CM_B_004,,3,qwen2p5_7b_instruct:CM_B_004:3:qwen_primary_20260616T091228Z,e8a357370e52cab781aac210217057e029f0e7b12496d2a3549903138750ff9a,results/stage6/behavioural_full_rerun/qwen_primary_20260616T091228Z.jsonl,117.6 J,117.6 J,,-30.171875,,,"[""stage6_qwen_behavioural_full_rerun""]"
qwen2p5_7b_instruct,CM_B_005,,0,qwen2p5_7b_instruct:CM_B_005:0:qwen_primary_20260616T091228Z,273093960a64455cc907fb0aef30c162fee5447fddd40284847aefff924a8cb2,results/stage6/behavioural_full_rerun/qwen_primary_20260616T091228Z.jsonl,12.0 N,12.0 N,,-27.84375,,,"[""stage6_qwen_behavioural_full_rerun""]"
qwen2p5_7b_instruct,CM_B_005,,1,qwen2p5_7b_instruct:CM_B_005:1:qwen_primary_20260616T091228Z,6ef46b8f7d2bff8796c956a986a456ceeabc4b445f6900131901cc641eb01cb2,results/stage6/behavioural_full_rerun/qwen_primary_20260616T091228Z.jsonl,12.0 N,12.0 N,,-28.375,,,"[""stage6_qwen_behavioural_full_rerun""]"
qwen2p5_7b_instruct,CM_B_005,,2,qwen2p5_7b_instruct:CM_B_005:2:qwen_primary_20260616T091228Z,2456ad4773d49589bd3b590cd3ef52c15cbdfb8465a664f8b6dc4670849ac6f8,results/stage6/behavioural_full_rerun/qwen_primary_20260616T091228Z.jsonl,12.0 N,12.0 N,,-28.3125,,,"[""stage6_qwen_behavioural_full_rerun""]"
qwen2p5_7b_instruct,CM_B_005,,3,qwen2p5_7b_instruct:CM_B_005:3:qwen_primary_20260616T091228Z,1dc7452261a66d2a8dba4a03545415bd831ff1c8e3b548f67c7541edcd4db1b0,results/stage6/behavioural_full_rerun/qwen_primary_20260616T091228Z.jsonl,12.0 N,12.0 N,,-28.3125,,,"[""stage6_qwen_behavioural_full_rerun""]"
qwen2p5_7b_instruct,CM_B_006,,0,qwen2p5_7b_instruct:CM_B_006:0:qwen_primary_20260616T091228Z,a71551d8cfaf3ec296f3baad13814502da05f0599778e706588432142cccf67f,results/stage6/behavioural_full_rerun/qwen_primary_20260616T091228Z.jsonl,14 kg*m/s,14.0 kg*m/s,,-27.71875,,,"[""stage6_qwen_behavioural_full_rerun""]"
qwen2p5_7b_instruct,CM_B_006,,1,qwen2p5_7b_instruct:CM_B_006:1:qwen_primary_20260616T091228Z,4b9fc55a6a0a20df6467809ebf6f94eabcbf8bf0544dcb7f9623f2feee6a4217,results/stage6/behavioural_full_rerun/qwen_primary_20260616T091228Z.jsonl,14 kg*m/s,14.0 kg*m/s,,-27.78125,,,"[""stage6_qwen_behavioural_full_rerun""]"
qwen2p5_7b_instruct,CM_B_006,,2,qwen2p5_7b_instruct:CM_B_006:2:qwen_primary_20260616T091228Z,90b099b47e45795467af7e8ee05ceafd4dfc50ca59b2bccb7748bd71908917d1,results/stage6/behavioural_full_rerun/qwen_primary_20260616T091228Z.jsonl,14.0 kg*m/s,14.0 kg*m/s,,-26.34375,,,"[""stage6_qwen_behavioural_full_rerun""]"
qwen2p5_7b_instruct,CM_B_006,,3,qwen2p5_7b_instruct:CM_B_006:3:qwen_primary_20260616T091228Z,a6c70dc1342b17a9f4731134dd20ed1d4ec8476202f1c613320558e47b29f536,results/stage6/behavioural_full_rerun/qwen_primary_20260616T091228Z.jsonl,14.0 kg*m/s,14.0 kg*m/s,,-25.90625,,,"[""stage6_qwen_behavioural_full_rerun""]"
qwen2p5_7b_instruct,CM_B_007,,0,qwen2p5_7b_instruct:CM_B_007:0:qwen_primary_20260616T091228Z,364d36253945fdefb5cd2234fe41a36870b5ad681e997bae113a68b609f54890,results/stage6/behavioural_full_rerun/qwen_primary_20260616T091228Z.jsonl,8.0 N,8.0 N,,-14.359375,,,"[""stage6_qwen_behavioural_full_rerun""]"
qwen2p5_7b_instruct,CM_B_007,,1,qwen2p5_7b_instruct:CM_B_007:1:qwen_primary_20260616T091228Z,8ce81768cd18fb96d13d95f9e21e6d41c9249b0aac057deb818b361da48e0c11,results/stage6/behavioural_full_rerun/qwen_primary_20260616T091228Z.jsonl,4.0 N,8.0 N,,-13.859375,,,"[""stage6_qwen_behavioural_full_rerun""]"
qwen2p5_7b_instruct,CM_B_007,,2,qwen2p5_7b_instruct:CM_B_007:2:qwen_primary_20260616T091228Z,c3303665b308680de8305221c966cada89e992a2426ecb103e09257654e38e9d,results/stage6/behavioural_full_rerun/qwen_primary_20260616T091228Z.jsonl,8.0 N,8.0 N,,-11.4375,,,"[""stage6_qwen_behavioural_full_rerun""]"
qwen2p5_7b_instruct,CM_B_007,,3,qwen2p5_7b_instruct:CM_B_007:3:qwen_primary_20260616T091228Z,28540f715231f56353ca950ae6718693af3159ba81d71b3096d63439f254ce08,results/stage6/behavioural_full_rerun/qwen_primary_20260616T091228Z.jsonl,8.0 N,8.0 N,,-13.078125,,,"[""stage6_qwen_behavioural_full_rerun""]"
qwen2p5_7b_instruct,CM_B_008,,0,qwen2p5_7b_instruct:CM_B_008:0:qwen_primary_20260616T091228Z,6da233182432fd1b85bbd8d2f00c82d89f7715da11a2ebf35bfc7ffd672d2afb,results/stage6/behavioural_full_rerun/qwen_primary_20260616T091228Z.jsonl,160 J,160.0 J,,-29.546875,,,"[""stage6_qwen_behavioural_full_rerun""]"
qwen2p5_7b_instruct,CM_B_008,,1,qwen2p5_7b_instruct:CM_B_008:1:qwen_primary_20260616T091228Z,eefffff6e3bbc9766ed2cf1852c5403c2ee107aa56192dc0d7055801848c71cb,results/stage6/behavioural_full_rerun/qwen_primary_20260616T091228Z.jsonl,160.0 J,160.0 J,,-27.84375,,,"[""stage6_qwen_behavioural_full_rerun""]"
qwen2p5_7b_instruct,CM_B_008,,2,qwen2p5_7b_instruct:CM_B_008:2:qwen_primary_20260616T091228Z,348998cf1ff147be7503818182cb6aa932392e106b0f757a8390ad15b84ebe51,results/stage6/behavioural_full_rerun/qwen_primary_20260616T091228Z.jsonl,160.0 J,160.0 J,,-27.875,,,"[""stage6_qwen_behavioural_full_rerun""]"
qwen2p5_7b_instruct,CM_B_008,,3,qwen2p5_7b_instruct:CM_B_008:3:qwen_primary_20260616T091228Z,6527facd8fe2aad8cf3b57daf292f68f6e4f4e08daffbec733db6f0cd6aa8361,results/stage6/behavioural_full_rerun/qwen_primary_20260616T091228Z.jsonl,160 J,160.0 J,,-29.421875,,,"[""stage6_qwen_behavioural_full_rerun""]"
qwen2p5_7b_instruct,CM_B_009,,0,qwen2p5_7b_instruct:CM_B_009:0:qwen_primary_20260616T091228Z,c507a9024115dfc0c16cc6b5e6174f9da75671aa5dcff9f746aa32ba03f74132,results/stage6/behavioural_full_rerun/qwen_primary_20260616T091228Z.jsonl,2.5 m/s,3.0 m/s,,-4.5859375,,,"[""stage6_qwen_behavioural_full_rerun""]"
qwen2p5_7b_instruct,CM_B_009,,1,qwen2p5_7b_instruct:CM_B_009:1:qwen_primary_20260616T091228Z,a3c33efbf99ce1e09755898fd85741700413fc18efffc312a6ba819633d2da35,results/stage6/behavioural_full_rerun/qwen_primary_20260616T091228Z.jsonl,2.5 m/s,3.0 m/s,,-4.44921875,,,"[""stage6_qwen_behavioural_full_rerun""]"
qwen2p5_7b_instruct,CM_B_009,,2,qwen2p5_7b_instruct:CM_B_009:2:qwen_primary_20260616T091228Z,01231dc9e3ff47e6789bbcc97066a8557b386583085916a1de71d5eec98fdbb5,results/stage6/behavioural_full_rerun/qwen_primary_20260616T091228Z.jsonl,2.5 m/s,3.0 m/s,,-5.1328125,,,"[""stage6_qwen_behavioural_full_rerun""]"
qwen2p5_7b_instruct,CM_B_009,,3,qwen2p5_7b_instruct:CM_B_009:3:qwen_primary_20260616T091228Z,05e38cf2663b236c75722b22b4551031943a31b7dc3a64574e797c0defa35763,results/stage6/behavioural_full_rerun/qwen_primary_20260616T091228Z.jsonl,2.5 m/s,3.0 m/s,,-5.00390625,,,"[""stage6_qwen_behavioural_full_rerun""]"
qwen2p5_7b_instruct,CM_B_010,,0,qwen2p5_7b_instruct:CM_B_010:0:qwen_primary_20260616T091228Z,3925263f67094f160d065da027b087195a535784f9a42e6dc4ada8fb130f1e8d,results/stage6/behavioural_full_rerun/qwen_primary_20260616T091228Z.jsonl,15.0 N*m,15.0 N*m,,-26.765625,,,"[""stage6_qwen_behavioural_full_rerun""]"
qwen2p5_7b_instruct,CM_B_010,,1,qwen2p5_7b_instruct:CM_B_010:1:qwen_primary_20260616T091228Z,98f5c9c24fec1c196bd1d4d32a59b06b1c0bb0b596cd742ee52f71660253d0ff,results/stage6/behavioural_full_rerun/qwen_primary_20260616T091228Z.jsonl,15.0 N*m,15.0 N*m,,-26.25,,,"[""stage6_qwen_behavioural_full_rerun""]"
qwen2p5_7b_instruct,CM_B_010,,2,qwen2p5_7b_instruct:CM_B_010:2:qwen_primary_20260616T091228Z,8e61842631fc52ddd4f3ccd67e7771847e905afbbe3b473be9ec788354436979,results/stage6/behavioural_full_rerun/qwen_primary_20260616T091228Z.jsonl,15.0 N*m,15.0 N*m,,-25.9375,,,"[""stage6_qwen_behavioural_full_rerun""]"
qwen2p5_7b_instruct,CM_B_010,,3,qwen2p5_7b_instruct:CM_B_010:3:qwen_primary_20260616T091228Z,041ed060f106bc81f117d131c4c0237d60933e572f00998d87bcd1fb5df603d6,results/stage6/behavioural_full_rerun/qwen_primary_20260616T091228Z.jsonl,15.0 N*m,15.0 N*m,,-26.0625,,,"[""stage6_qwen_behavioural_full_rerun""]"
qwen2p5_7b_instruct,CM_B_STD_001,,0,qwen2p5_7b_instruct:CM_B_STD_001:0:qwen_primary_20260616T091228Z,31997da4e3cfda72412c83780efe3964cfa001d0a6934fc60305675dc4cfdd75,results/stage6/behavioural_full_rerun/qwen_primary_20260616T091228Z.jsonl,4.0 rad/s^2,4.0 rad/s^2,,-40.34375,,,"[""stage6_qwen_behavioural_full_rerun""]"
qwen2p5_7b_instruct,CM_B_STD_001,,1,qwen2p5_7b_instruct:CM_B_STD_001:1:qwen_primary_20260616T091228Z,f3324cc4eda5261db6d7426d83f6e19d21bb49d8457b1add1f186ea9f142a789,results/stage6/behavioural_full_rerun/qwen_primary_20260616T091228Z.jsonl,4.0 rad/s^2,4.0 rad/s^2,,-40.21875,,,"[""stage6_qwen_behavioural_full_rerun""]"
qwen2p5_7b_instruct,CM_B_STD_001,,2,qwen2p5_7b_instruct:CM_B_STD_001:2:qwen_primary_20260616T091228Z,cd5053ea600a6ca1e3cbec8d18c6f3590d01006290edcfdd83cac7e708956784,results/stage6/behavioural_full_rerun/qwen_primary_20260616T091228Z.jsonl,4.0 rad/s^2,4.0 rad/s^2,,-40.25,,,"[""stage6_qwen_behavioural_full_rerun""]"
qwen2p5_7b_instruct,CM_B_STD_001,,3,qwen2p5_7b_instruct:CM_B_STD_001:3:qwen_primary_20260616T091228Z,3687596a101b7749c5701e6431b5b242f8029ef0d4fece6c25c69880809604fb,results/stage6/behavioural_full_rerun/qwen_primary_20260616T091228Z.jsonl,4.0 rad/s^2,4.0 rad/s^2,,-40.34375,,,"[""stage6_qwen_behavioural_full_rerun""]"
qwen2p5_7b_instruct,CM_B_STD_002,,0,qwen2p5_7b_instruct:CM_B_STD_002:0:qwen_primary_20260616T091228Z,376fde46047422ee8b083ca461827681bdf34baab29b8560eb8c797c3608b9fd,results/stage6/behavioural_full_rerun/qwen_primary_20260616T091228Z.jsonl,8.0 rad/s^2,4.0 rad/s^2,,-33.375,,,"[""stage6_qwen_behavioural_full_rerun""]"
qwen2p5_7b_instruct,CM_B_STD_002,,1,qwen2p5_7b_instruct:CM_B_STD_002:1:qwen_primary_20260616T091228Z,08b3763a8f6515bcc8386f7c9f07da04ee071e0db49f41b54e4b68d2e878ca04,results/stage6/behavioural_full_rerun/qwen_primary_20260616T091228Z.jsonl,8.0 rad/s^2,4.0 rad/s^2,,-33.84375,,,"[""stage6_qwen_behavioural_full_rerun""]"
qwen2p5_7b_instruct,CM_B_STD_002,,2,qwen2p5_7b_instruct:CM_B_STD_002:2:qwen_primary_20260616T091228Z,38d51229ef3e0cef890af8685319f9208913eea22514cc497a2a019f37d46301,results/stage6/behavioural_full_rerun/qwen_primary_20260616T091228Z.jsonl,16.0 rad/s^2,4.0 rad/s^2,,-35.0,,,"[""stage6_qwen_behavioural_full_rerun""]"
qwen2p5_7b_instruct,CM_B_STD_002,,3,qwen2p5_7b_instruct:CM_B_STD_002:3:qwen_primary_20260616T091228Z,89d7358a405dc74c51799d421a1f8c346f8490881912146086b3cddf16573e13,results/stage6/behavioural_full_rerun/qwen_primary_20260616T091228Z.jsonl,8.0 rad/s^2,4.0 rad/s^2,,-32.4375,,,"[""stage6_qwen_behavioural_full_rerun""]"
qwen2p5_7b_instruct,CM_B_STD_003,,0,qwen2p5_7b_instruct:CM_B_STD_003:0:qwen_primary_20260616T091228Z,42d2c22f6dc2f9dd2c2472a521036d8a877839a6921d42186858b8b8f2caf288,results/stage6/behavioural_full_rerun/qwen_primary_20260616T091228Z.jsonl,6.0 rad/s^2,6.0 rad/s^2,,-43.21875,,,"[""stage6_qwen_behavioural_full_rerun""]"
qwen2p5_7b_instruct,CM_B_STD_003,,1,qwen2p5_7b_instruct:CM_B_STD_003:1:qwen_primary_20260616T091228Z,f540874ed2614d20cd588e2c00a489f75bbbabf0ab128e2c8af2253cea2dc6b2,results/stage6/behavioural_full_rerun/qwen_primary_20260616T091228Z.jsonl,6.0 rad/s^2,6.0 rad/s^2,,-44.375,,,"[""stage6_qwen_behavioural_full_rerun""]"
qwen2p5_7b_instruct,CM_B_STD_003,,2,qwen2p5_7b_instruct:CM_B_STD_003:2:qwen_primary_20260616T091228Z,8e4c9db17d8ea9904b35ee70e1ba3c16e62b3c7fa2d82f5e136230ea3ba54a5a,results/stage6/behavioural_full_rerun/qwen_primary_20260616T091228Z.jsonl,6.0 rad/s^2,6.0 rad/s^2,,-43.34375,,,"[""stage6_qwen_behavioural_full_rerun""]"
qwen2p5_7b_instruct,CM_B_STD_003,,3,qwen2p5_7b_instruct:CM_B_STD_003:3:qwen_primary_20260616T091228Z,e55ee72c62da0f83d8223fea1e58fb148362982afecb2c1962433b76f033d969,results/stage6/behavioural_full_rerun/qwen_primary_20260616T091228Z.jsonl,6.0 rad/s^2,6.0 rad/s^2,,-43.65625,,,"[""stage6_qwen_behavioural_full_rerun""]"
qwen2p5_7b_instruct,CM_B_STD_004,,0,qwen2p5_7b_instruct:CM_B_STD_004:0:qwen_primary_20260616T091228Z,9bd6a0c254df7b0c984178bb30273dbecc8b937ce7e16d0c664d9a93ce82c2e0,results/stage6/behavioural_full_rerun/qwen_primary_20260616T091228Z.jsonl,19618.0 Pa,19600 Pa,,-29.09375,,,"[""stage6_qwen_behavioural_full_rerun""]"
qwen2p5_7b_instruct,CM_B_STD_004,,1,qwen2p5_7b_instruct:CM_B_STD_004:1:qwen_primary_20260616T091228Z,948a351e059ca5b40330131fe2651ba7b67cd8d60a88274560f41e7cf5fae74c,results/stage6/behavioural_full_rerun/qwen_primary_20260616T091228Z.jsonl,19618.0 Pa,19600 Pa,,-29.390625,,,"[""stage6_qwen_behavioural_full_rerun""]"
qwen2p5_7b_instruct,CM_B_STD_004,,2,qwen2p5_7b_instruct:CM_B_STD_004:2:qwen_primary_20260616T091228Z,bf8cf61bc7d7a189215586c53ce1a563afa011acdbeb02ec19157f723d4690a2,results/stage6/behavioural_full_rerun/qwen_primary_20260616T091228Z.jsonl,19618.0 Pa,19600 Pa,,-29.25,,,"[""stage6_qwen_behavioural_full_rerun""]"
qwen2p5_7b_instruct,CM_B_STD_004,,3,qwen2p5_7b_instruct:CM_B_STD_004:3:qwen_primary_20260616T091228Z,b576a67e2faddbf92db3c3420e02fb71e51c2d3199d67531f72e08746ab4abea,results/stage6/behavioural_full_rerun/qwen_primary_20260616T091228Z.jsonl,19618.0 Pa,19600 Pa,,-28.65625,,,"[""stage6_qwen_behavioural_full_rerun""]"
qwen2p5_7b_instruct,CM_B_STD_005,,0,qwen2p5_7b_instruct:CM_B_STD_005:0:qwen_primary_20260616T091228Z,901b088fbfd89b488c89fe9a346d808a75bde2adffb17c7dcf8f473f74533a94,results/stage6/behavioural_full_rerun/qwen_primary_20260616T091228Z.jsonl,39200 Pa,39200 Pa,,-32.46875,,,"[""stage6_qwen_behavioural_full_rerun""]"
qwen2p5_7b_instruct,CM_B_STD_005,,1,qwen2p5_7b_instruct:CM_B_STD_005:1:qwen_primary_20260616T091228Z,80ca3cd22837d8eb55c062e37189f9ce342f3b4c4ff1516c3c622b50dca3c823,results/stage6/behavioural_full_rerun/qwen_primary_20260616T091228Z.jsonl,39200 Pa,39200 Pa,,-33.15625,,,"[""stage6_qwen_behavioural_full_rerun""]"
qwen2p5_7b_instruct,CM_B_STD_005,,2,qwen2p5_7b_instruct:CM_B_STD_005:2:qwen_primary_20260616T091228Z,0507faf2ada3c10b2e1c3df4cfe69fa169f34a80c6e37f7fe22339be1e1688b7,results/stage6/behavioural_full_rerun/qwen_primary_20260616T091228Z.jsonl,40000 Pa,39200 Pa,,-31.375,,,"[""stage6_qwen_behavioural_full_rerun""]"
qwen2p5_7b_instruct,CM_B_STD_005,,3,qwen2p5_7b_instruct:CM_B_STD_005:3:qwen_primary_20260616T091228Z,cf7791d5e1f85aef4fdfc60edef0f390d9ddba48ca34911957fb86f538ab76ae,results/stage6/behavioural_full_rerun/qwen_primary_20260616T091228Z.jsonl,4000.0 Pa,39200 Pa,,-31.609375,,,"[""stage6_qwen_behavioural_full_rerun""]"
qwen2p5_7b_instruct,CM_B_STD_006,,0,qwen2p5_7b_instruct:CM_B_STD_006:0:qwen_primary_20260616T091228Z,d0f6bba33b431818ca5395f5e256a247da63ad1133e4d9d78984c9eb7530c069,results/stage6/behavioural_full_rerun/qwen_primary_20260616T091228Z.jsonl,1360.0 Pa,13328 Pa,,-39.5625,,,"[""stage6_qwen_behavioural_full_rerun""]"
qwen2p5_7b_instruct,CM_B_STD_006,,1,qwen2p5_7b_instruct:CM_B_STD_006:1:qwen_primary_20260616T091228Z,5136ec0c38f67763db4a46146566b229535349f846a43e75af6ad1956688798b,results/stage6/behavioural_full_rerun/qwen_primary_20260616T091228Z.jsonl,1360.0 Pa,13328 Pa,,-37.15625,,,"[""stage6_qwen_behavioural_full_rerun""]"
qwen2p5_7b_instruct,CM_B_STD_006,,2,qwen2p5_7b_instruct:CM_B_STD_006:2:qwen_primary_20260616T091228Z,61f1484f2160d81de89b4dbd6e3c5bab055893dfa5ef0aa42195ee76ae22a0b5,results/stage6/behavioural_full_rerun/qwen_primary_20260616T091228Z.jsonl,1360.0 Pa,13328 Pa,,-45.0,,,"[""stage6_qwen_behavioural_full_rerun""]"
qwen2p5_7b_instruct,CM_B_STD_006,,3,qwen2p5_7b_instruct:CM_B_STD_006:3:qwen_primary_20260616T091228Z,4a35e7694f9a3a949f4cd3780c0d1ae83980c79310b45f9e217697fb3b79a1a0,results/stage6/behavioural_full_rerun/qwen_primary_20260616T091228Z.jsonl,1360.0 Pa,13328 Pa,,-40.75,,,"[""stage6_qwen_behavioural_full_rerun""]"
qwen2p5_7b_instruct,CM_B_STD_007,,0,qwen2p5_7b_instruct:CM_B_STD_007:0:qwen_primary_20260616T091228Z,858d5f31882f51a21951796f1d12e01cd3195803e50a237d764bb9c262e3a3e8,results/stage6/behavioural_full_rerun/qwen_primary_20260616T091228Z.jsonl,42000 J,42000 J,,-26.484375,,,"[""stage6_qwen_behavioural_full_rerun""]"
qwen2p5_7b_instruct,CM_B_STD_007,,1,qwen2p5_7b_instruct:CM_B_STD_007:1:qwen_primary_20260616T091228Z,e5a5c7f2c14aec3921a84bf352cecb4c0511b6a74e6d45c7ecd70b5066f371f3,results/stage6/behavioural_full_rerun/qwen_primary_20260616T091228Z.jsonl,4200 J,42000 J,,-28.375,,,"[""stage6_qwen_behavioural_full_rerun""]"
qwen2p5_7b_instruct,CM_B_STD_007,,2,qwen2p5_7b_instruct:CM_B_STD_007:2:qwen_primary_20260616T091228Z,ccd5e24acb93e1f0f44b586aaa8529419361de7dad1abdb6506a1c456be887e1,results/stage6/behavioural_full_rerun/qwen_primary_20260616T091228Z.jsonl,42000 J,42000 J,,-27.90625,,,"[""stage6_qwen_behavioural_full_rerun""]"
qwen2p5_7b_instruct,CM_B_STD_007,,3,qwen2p5_7b_instruct:CM_B_STD_007:3:qwen_primary_20260616T091228Z,471bea829edd207dcf18337a311ac16d9c37501b8f687a2261dcc12ad9faf5db,results/stage6/behavioural_full_rerun/qwen_primary_20260616T091228Z.jsonl,42000 J,42000 J,,-24.234375,,,"[""stage6_qwen_behavioural_full_rerun""]"
qwen2p5_7b_instruct,CM_B_STD_008,,0,qwen2p5_7b_instruct:CM_B_STD_008:0:qwen_primary_20260616T091228Z,87f2a7fc41b514f606b19cb6536bfe20cc8eaabd3f2927f9f1e38d4b25744845,results/stage6/behavioural_full_rerun/qwen_primary_20260616T091228Z.jsonl,27000 J,27000 J,,-32.28125,,,"[""stage6_qwen_behavioural_full_rerun""]"
qwen2p5_7b_instruct,CM_B_STD_008,,1,qwen2p5_7b_instruct:CM_B_STD_008:1:qwen_primary_20260616T091228Z,7e1ab64a37c09e6af12069c13216746a42e1716f9706545ba007bc09a86150aa,results/stage6/behavioural_full_rerun/qwen_primary_20260616T091228Z.jsonl,27000 J,27000 J,,-31.34375,,,"[""stage6_qwen_behavioural_full_rerun""]"
qwen2p5_7b_instruct,CM_B_STD_008,,2,qwen2p5_7b_instruct:CM_B_STD_008:2:qwen_primary_20260616T091228Z,3781673ecbe33956a102626e20f91f4f174567583f0d4949b1e01fc3d8062564,results/stage6/behavioural_full_rerun/qwen_primary_20260616T091228Z.jsonl,27000 J,27000 J,,-32.0,,,"[""stage6_qwen_behavioural_full_rerun""]"
qwen2p5_7b_instruct,CM_B_STD_008,,3,qwen2p5_7b_instruct:CM_B_STD_008:3:qwen_primary_20260616T091228Z,6ebfdbd2a1a5f0326fe9b916d8dabb37f28be4441f2681214a30f0aa3b4da955,results/stage6/behavioural_full_rerun/qwen_primary_20260616T091228Z.jsonl,27000 J,27000 J,,-31.53125,,,"[""stage6_qwen_behavioural_full_rerun""]"
qwen2p5_7b_instruct,CM_B_STD_009,,0,qwen2p5_7b_instruct:CM_B_STD_009:0:qwen_primary_20260616T091228Z,bf0c34663cdcc582215e099be033ac75b3a877a221910a6b58030fff5cef963d,results/stage6/behavioural_full_rerun/qwen_primary_20260616T091228Z.jsonl,60000 J,60000 J,,-30.109375,,,"[""stage6_qwen_behavioural_full_rerun""]"
qwen2p5_7b_instruct,CM_B_STD_009,,1,qwen2p5_7b_instruct:CM_B_STD_009:1:qwen_primary_20260616T091228Z,500a5813b2384b7f377ef21ca496eefae03e120138437e6a2c7ead07293f2f9f,results/stage6/behavioural_full_rerun/qwen_primary_20260616T091228Z.jsonl,60000 J,60000 J,,-29.5,,,"[""stage6_qwen_behavioural_full_rerun""]"
qwen2p5_7b_instruct,CM_B_STD_009,,2,qwen2p5_7b_instruct:CM_B_STD_009:2:qwen_primary_20260616T091228Z,ac2b19fb816b84878b348d3db87e5fa2cafa3514e1be5026bc0b55373cb0a98f,results/stage6/behavioural_full_rerun/qwen_primary_20260616T091228Z.jsonl,60000 J,60000 J,,-32.375,,,"[""stage6_qwen_behavioural_full_rerun""]"
qwen2p5_7b_instruct,CM_B_STD_009,,3,qwen2p5_7b_instruct:CM_B_STD_009:3:qwen_primary_20260616T091228Z,6b29a2369a45d295cbabb1b2b5d0f6e4d29b313f3ec680c079d20ca169e43184,results/stage6/behavioural_full_rerun/qwen_primary_20260616T091228Z.jsonl,60000 J,60000 J,,-28.859375,,,"[""stage6_qwen_behavioural_full_rerun""]"
qwen2p5_7b_instruct,CM_B_STD_010,,0,qwen2p5_7b_instruct:CM_B_STD_010:0:qwen_primary_20260616T091228Z,78909a7e4731b840b519778e3ce873537e04e01d78dffd635e2061d99eaed8ba,results/stage6/behavioural_full_rerun/qwen_primary_20260616T091228Z.jsonl,100000.0 N/C,399555.6 N/C,,-48.96875,,,"[""stage6_qwen_behavioural_full_rerun""]"
qwen2p5_7b_instruct,CM_B_STD_010,,1,qwen2p5_7b_instruct:CM_B_STD_010:1:qwen_primary_20260616T091228Z,f44f55a3f2a7a20c39f77142382eb675a5c32ecb7edd294436adc50547003da1,results/stage6/behavioural_full_rerun/qwen_primary_20260616T091228Z.jsonl,10000000.0 N/C,399555.6 N/C,,-47.90625,,,"[""stage6_qwen_behavioural_full_rerun""]"
qwen2p5_7b_instruct,CM_B_STD_010,,2,qwen2p5_7b_instruct:CM_B_STD_010:2:qwen_primary_20260616T091228Z,46b44d3e6b773123dff30fd603affa1536ee7b8c71cbeb1408e48f901b143b00,results/stage6/behavioural_full_rerun/qwen_primary_20260616T091228Z.jsonl,10000000.0 N/C,399555.6 N/C,,-53.8125,,,"[""stage6_qwen_behavioural_full_rerun""]"
qwen2p5_7b_instruct,CM_B_STD_010,,3,qwen2p5_7b_instruct:CM_B_STD_010:3:qwen_primary_20260616T091228Z,f353b233daba94b6a5190da4210bf790c7f42dd958e6e7a4aec1862413f82464,results/stage6/behavioural_full_rerun/qwen_primary_20260616T091228Z.jsonl,10000000.0 N/C,399555.6 N/C,,-47.90625,,,"[""stage6_qwen_behavioural_full_rerun""]"
qwen2p5_7b_instruct,CM_B_STD_011,,0,qwen2p5_7b_instruct:CM_B_STD_011:0:qwen_primary_20260616T091228Z,fa439c7adf98fdac9062c1edddc48030a327958a4e1a47e228a2ac23a0562cc0,results/stage6/behavioural_full_rerun/qwen_primary_20260616T091228Z.jsonl,4000000.0 N/C,449500 N/C,,-35.8125,,,"[""stage6_qwen_behavioural_full_rerun""]"
qwen2p5_7b_instruct,CM_B_STD_011,,1,qwen2p5_7b_instruct:CM_B_STD_011:1:qwen_primary_20260616T091228Z,12982157df7a027eb480fd82546e21afec8140c2642adc4d28a9fdbc8e621227,results/stage6/behavioural_full_rerun/qwen_primary_20260616T091228Z.jsonl,45954.5 N/C,449500 N/C,,-40.625,,,"[""stage6_qwen_behavioural_full_rerun""]"
qwen2p5_7b_instruct,CM_B_STD_011,,2,qwen2p5_7b_instruct:CM_B_STD_011:2:qwen_primary_20260616T091228Z,fed35a7f708e770b6a6d06dc65f68a1b88c3d7dd6665630eae8307dd0a207857,results/stage6/behavioural_full_rerun/qwen_primary_20260616T091228Z.jsonl,4495000.0 N/C,449500 N/C,,-37.34375,,,"[""stage6_qwen_behavioural_full_rerun""]"
qwen2p5_7b_instruct,CM_B_STD_011,,3,qwen2p5_7b_instruct:CM_B_STD_011:3:qwen_primary_20260616T091228Z,92706ccb82407a0d342e7478e3049a59dcdc4b03ae3b6600715d24fbf22c7fbf,results/stage6/behavioural_full_rerun/qwen_primary_20260616T091228Z.jsonl,4000000.0 N/C,449500 N/C,,-38.59375,,,"[""stage6_qwen_behavioural_full_rerun""]"
qwen2p5_7b_instruct,CM_B_STD_012,,0,qwen2p5_7b_instruct:CM_B_STD_012:0:qwen_primary_20260616T091228Z,4daaa42d6fd76b21e05780f82723945cb6898f54506c1d39d3142e2ea5641684,results/stage6/behavioural_full_rerun/qwen_primary_20260616T091228Z.jsonl,15.0 N/C,149833.3 N/C,,-36.8125,,,"[""stage6_qwen_behavioural_full_rerun""]"
qwen2p5_7b_instruct,CM_B_STD_012,,1,qwen2p5_7b_instruct:CM_B_STD_012:1:qwen_primary_20260616T091228Z,6af96b540c6d973f602d9a85f27e5f052ea48d7e2a9a23bb997e6c318287e351,results/stage6/behavioural_full_rerun/qwen_primary_20260616T091228Z.jsonl,15.98 N/C,149833.3 N/C,,-35.8125,,,"[""stage6_qwen_behavioural_full_rerun""]"
qwen2p5_7b_instruct,CM_B_STD_012,,2,qwen2p5_7b_instruct:CM_B_STD_012:2:qwen_primary_20260616T091228Z,7e2214ff6102f1798b404d144071996110a3a8d135555be29f068f5a36aea064,results/stage6/behavioural_full_rerun/qwen_primary_20260616T091228Z.jsonl,15.0 N/C,149833.3 N/C,,-38.625,,,"[""stage6_qwen_behavioural_full_rerun""]"
qwen2p5_7b_instruct,CM_B_STD_012,,3,qwen2p5_7b_instruct:CM_B_STD_012:3:qwen_primary_20260616T091228Z,679a483db98a3ec2831ad1906d9373bb392a03160635ed741d9873e60cf0a070,results/stage6/behavioural_full_rerun/qwen_primary_20260616T091228Z.jsonl,15.983333333333332 N/C,149833.3 N/C,,-34.9375,,,"[""stage6_qwen_behavioural_full_rerun""]"
qwen2p5_7b_instruct,CM_B_STD_013,,0,qwen2p5_7b_instruct:CM_B_STD_013:0:qwen_primary_20260616T091228Z,bd37428091546e9a9f43a255a484541ce308c47e7bf5e631441210b9b7f35a84,results/stage6/behavioural_full_rerun/qwen_primary_20260616T091228Z.jsonl,3.335e-09 N,10.005 N,,-45.6875,,,"[""stage6_qwen_behavioural_full_rerun""]"
qwen2p5_7b_instruct,CM_B_STD_013,,1,qwen2p5_7b_instruct:CM_B_STD_013:1:qwen_primary_20260616T091228Z,f27e7495df193700a979c7107cfbf20cdca9c427a7c2154166ba86cce633bb95,results/stage6/behavioural_full_rerun/qwen_primary_20260616T091228Z.jsonl,3.335e-05 N,10.005 N,,-43.78125,,,"[""stage6_qwen_behavioural_full_rerun""]"
qwen2p5_7b_instruct,CM_B_STD_013,,2,qwen2p5_7b_instruct:CM_B_STD_013:2:qwen_primary_20260616T091228Z,ab85497ece39c8fc645b894c1d3b25fee2cb0449f686344500ac1c58f858babf,results/stage6/behavioural_full_rerun/qwen_primary_20260616T091228Z.jsonl,1.997e-05 N,10.005 N,,-50.65625,,,"[""stage6_qwen_behavioural_full_rerun""]"
qwen2p5_7b_instruct,CM_B_STD_013,,3,qwen2p5_7b_instruct:CM_B_STD_013:3:qwen_primary_20260616T091228Z,366276aee9feb463a94a0f8e1df07c64bab2de8a43313432c6e6f63c341d6a1d,results/stage6/behavioural_full_rerun/qwen_primary_20260616T091228Z.jsonl,3.335e-09 N,10.005 N,,-43.9375,,,"[""stage6_qwen_behavioural_full_rerun""]"
qwen2p5_7b_instruct,CM_B_STD_014,,0,qwen2p5_7b_instruct:CM_B_STD_014:0:qwen_primary_20260616T091228Z,e6c0cbe406e403ae9f17315d1be26b120ec5b550695959c7ef06ed13d27b7902,results/stage6/behavioural_full_rerun/qwen_primary_20260616T091228Z.jsonl,8.34e-02 N,1.334 N,,-47.25,,,"[""stage6_qwen_behavioural_full_rerun""]"
qwen2p5_7b_instruct,CM_B_STD_014,,1,qwen2p5_7b_instruct:CM_B_STD_014:1:qwen_primary_20260616T091228Z,fd900e07472d39c43498bb4b42540091321b5da3786e9863c8f5f6732bd333d8,results/stage6/behavioural_full_rerun/qwen_primary_20260616T091228Z.jsonl,3.335e-05 N,1.334 N,,-46.5625,,,"[""stage6_qwen_behavioural_full_rerun""]"
qwen2p5_7b_instruct,CM_B_STD_014,,2,qwen2p5_7b_instruct:CM_B_STD_014:2:qwen_primary_20260616T091228Z,97eeebc7f47dd797afebb2d4e7244f5db3cf5874acd1db258584e9393dd30284,results/stage6/behavioural_full_rerun/qwen_primary_20260616T091228Z.jsonl,4.00e-05 N,1.334 N,,-48.1875,,,"[""stage6_qwen_behavioural_full_rerun""]"
qwen2p5_7b_instruct,CM_B_STD_014,,3,qwen2p5_7b_instruct:CM_B_STD_014:3:qwen_primary_20260616T091228Z,12aa8e3fd3122a4943a089081a01b53ccce020848f97ca06bf1c8a7e8dd8552f,results/stage6/behavioural_full_rerun/qwen_primary_20260616T091228Z.jsonl,4.44e-05 N,1.334 N,,-49.65625,,,"[""stage6_qwen_behavioural_full_rerun""]"
qwen2p5_7b_instruct,CM_B_STD_015,,0,qwen2p5_7b_instruct:CM_B_STD_015:0:qwen_primary_20260616T091228Z,68558be0db1e7abf8a1cbac0c5b2af080bd2f36bdee717cd2bdc8cab5a0823f2,results/stage6/behavioural_full_rerun/qwen_primary_20260616T091228Z.jsonl,4.995e-05 N,4.002 N,,-52.0625,,,"[""stage6_qwen_behavioural_full_rerun""]"
qwen2p5_7b_instruct,CM_B_STD_015,,1,qwen2p5_7b_instruct:CM_B_STD_015:1:qwen_primary_20260616T091228Z,b777a824a935fe103ca6a854be6a2220e3b28f9f1df6ded11e39f3b415e4abb3,results/stage6/behavioural_full_rerun/qwen_primary_20260616T091228Z.jsonl,4.9995e-05 N,4.002 N,,-52.3125,,,"[""stage6_qwen_behavioural_full_rerun""]"
qwen2p5_7b_instruct,CM_B_STD_015,,2,qwen2p5_7b_instruct:CM_B_STD_015:2:qwen_primary_20260616T091228Z,20c295353233d719c1ead475cbed39e6584065a04905796b3be01906878d55c0,results/stage6/behavioural_full_rerun/qwen_primary_20260616T091228Z.jsonl,4.996e-05 N,4.002 N,,-51.09375,,,"[""stage6_qwen_behavioural_full_rerun""]"
qwen2p5_7b_instruct,CM_B_STD_015,,3,qwen2p5_7b_instruct:CM_B_STD_015:3:qwen_primary_20260616T091228Z,e461e76f1297d1d4fa166629da761d1c6634be52f2326f1218467989d988b509,results/stage6/behavioural_full_rerun/qwen_primary_20260616T091228Z.jsonl,5.336e-05 N,4.002 N,,-54.6875,,,"[""stage6_qwen_behavioural_full_rerun""]"
qwen2p5_7b_instruct,CM_B_UM_001,,0,qwen2p5_7b_instruct:CM_B_UM_001:0:qwen_primary_20260616T091228Z,e875b337cd458a3a4d24f2141d9adbd85a25dd5ca234e9b82d31d46e8a1a03e7,results/stage6/behavioural_full_rerun/qwen_primary_20260616T091228Z.jsonl,18.0 N,18 N,,-34.40625,,,"[""stage6_qwen_behavioural_full_rerun""]"
qwen2p5_7b_instruct,CM_B_UM_001,,1,qwen2p5_7b_instruct:CM_B_UM_001:1:qwen_primary_20260616T091228Z,79825e9f804917df3216504193dbe92a7fa13728b2a1c4fb8fb4cf68742c1f8e,results/stage6/behavioural_full_rerun/qwen_primary_20260616T091228Z.jsonl,18.0 N,18 N,,-36.46875,,,"[""stage6_qwen_behavioural_full_rerun""]"
qwen2p5_7b_instruct,CM_B_UM_001,,2,qwen2p5_7b_instruct:CM_B_UM_001:2:qwen_primary_20260616T091228Z,775ddade4b707dc15f9bf9535d04fc169cc9ce8023049ba2b5341597d06d7fd4,results/stage6/behavioural_full_rerun/qwen_primary_20260616T091228Z.jsonl,18.0 N,18 N,,-36.875,,,"[""stage6_qwen_behavioural_full_rerun""]"
qwen2p5_7b_instruct,CM_B_UM_001,,3,qwen2p5_7b_instruct:CM_B_UM_001:3:qwen_primary_20260616T091228Z,8e50190b6e9f23b71815903ad3b706902126ff6972b8e829610cac3a8b83c440,results/stage6/behavioural_full_rerun/qwen_primary_20260616T091228Z.jsonl,18.0 N,18 N,,-35.78125,,,"[""stage6_qwen_behavioural_full_rerun""]"
qwen2p5_7b_instruct,CM_B_UM_002,,0,qwen2p5_7b_instruct:CM_B_UM_002:0:qwen_primary_20260616T091228Z,492626984673312002725da63f4929ff79ec894737a37250755d12414680d166,results/stage6/behavioural_full_rerun/qwen_primary_20260616T091228Z.jsonl,12.0 N,12 N,,-27.203125,,,"[""stage6_qwen_behavioural_full_rerun""]"
qwen2p5_7b_instruct,CM_B_UM_002,,1,qwen2p5_7b_instruct:CM_B_UM_002:1:qwen_primary_20260616T091228Z,28a91090716a841f1816091a3941ca60bae07d19311ac9f9423bf13ece6735d0,results/stage6/behavioural_full_rerun/qwen_primary_20260616T091228Z.jsonl,12.0 N,12 N,,-28.40625,,,"[""stage6_qwen_behavioural_full_rerun""]"
qwen2p5_7b_instruct,CM_B_UM_002,,2,qwen2p5_7b_instruct:CM_B_UM_002:2:qwen_primary_20260616T091228Z,97c1d5b11a55d365a3254c595758b7ffcc8e3daa4460d253ec11baa158e63957,results/stage6/behavioural_full_rerun/qwen_primary_20260616T091228Z.jsonl,12.0 N,12 N,,-28.34375,,,"[""stage6_qwen_behavioural_full_rerun""]"
qwen2p5_7b_instruct,CM_B_UM_002,,3,qwen2p5_7b_instruct:CM_B_UM_002:3:qwen_primary_20260616T091228Z,89eee0358b295ce40b9f9b009bffce39d513649c30c3df34a93ebec91e1f74a3,results/stage6/behavioural_full_rerun/qwen_primary_20260616T091228Z.jsonl,12.0 N,12 N,,-28.921875,,,"[""stage6_qwen_behavioural_full_rerun""]"
qwen2p5_7b_instruct,CM_B_UM_003,,0,qwen2p5_7b_instruct:CM_B_UM_003:0:qwen_primary_20260616T091228Z,9c6c96f4e1a20faafdc6d5440b814c497f4196aef7dbf397a99c62c3ba765e7b,results/stage6/behavioural_full_rerun/qwen_primary_20260616T091228Z.jsonl,24.5 N,24.5 N,,-29.625,,,"[""stage6_qwen_behavioural_full_rerun""]"
qwen2p5_7b_instruct,CM_B_UM_003,,1,qwen2p5_7b_instruct:CM_B_UM_003:1:qwen_primary_20260616T091228Z,b524c4f3bf22c9ba5f17a1e71411813f67044f6c2ec9582db4c8d53ebbd1540a,results/stage6/behavioural_full_rerun/qwen_primary_20260616T091228Z.jsonl,24.5 N,24.5 N,,-29.640625,,,"[""stage6_qwen_behavioural_full_rerun""]"
qwen2p5_7b_instruct,CM_B_UM_003,,2,qwen2p5_7b_instruct:CM_B_UM_003:2:qwen_primary_20260616T091228Z,92a36ff08aa7bc997b0f41c4f2b1867a3fa2159ff565d2774091efb35b617920,results/stage6/behavioural_full_rerun/qwen_primary_20260616T091228Z.jsonl,24.5 N,24.5 N,,-29.046875,,,"[""stage6_qwen_behavioural_full_rerun""]"
qwen2p5_7b_instruct,CM_B_UM_003,,3,qwen2p5_7b_instruct:CM_B_UM_003:3:qwen_primary_20260616T091228Z,751b8b43175c22cadfb65f4a3cd25a91cb5175e63ef075955e578a471e74919f,results/stage6/behavioural_full_rerun/qwen_primary_20260616T091228Z.jsonl,24.5 N,24.5 N,,-29.84375,,,"[""stage6_qwen_behavioural_full_rerun""]"
qwen2p5_7b_instruct,CM_B_UM_004,,0,qwen2p5_7b_instruct:CM_B_UM_004:0:qwen_primary_20260616T091228Z,57fdcc84e2921bf65bd51f13a83aaa5d40605da4111530a9455e804790057462,results/stage6/behavioural_full_rerun/qwen_primary_20260616T091228Z.jsonl,14.7 N,14.7 N,,-31.9375,,,"[""stage6_qwen_behavioural_full_rerun""]"
qwen2p5_7b_instruct,CM_B_UM_004,,1,qwen2p5_7b_instruct:CM_B_UM_004:1:qwen_primary_20260616T091228Z,eb0f3654a27112dab7932272ac0d2785f3dbc3be8f3e746602296bd3d427b69f,results/stage6/behavioural_full_rerun/qwen_primary_20260616T091228Z.jsonl,14.7 N,14.7 N,,-31.53125,,,"[""stage6_qwen_behavioural_full_rerun""]"
qwen2p5_7b_instruct,CM_B_UM_004,,2,qwen2p5_7b_instruct:CM_B_UM_004:2:qwen_primary_20260616T091228Z,39594c488668a2e0bc997ecc3e9d95e17ff28017a8559ce2d535e9396d01f650,results/stage6/behavioural_full_rerun/qwen_primary_20260616T091228Z.jsonl,14.7 N,14.7 N,,-31.1875,,,"[""stage6_qwen_behavioural_full_rerun""]"
qwen2p5_7b_instruct,CM_B_UM_004,,3,qwen2p5_7b_instruct:CM_B_UM_004:3:qwen_primary_20260616T091228Z,ec050b4f904b703d72ecc15e8aaae59b814e6325a8524e894825023c912e17c8,results/stage6/behavioural_full_rerun/qwen_primary_20260616T091228Z.jsonl,14.7 N,14.7 N,,-31.46875,,,"[""stage6_qwen_behavioural_full_rerun""]"
qwen2p5_7b_instruct,CM_B_UM_005,,0,qwen2p5_7b_instruct:CM_B_UM_005:0:qwen_primary_20260616T091228Z,6a170a0bb219f25e0cac9084666bf14b77d862c3a6a64e52379b2f7d02848bde,results/stage6/behavioural_full_rerun/qwen_primary_20260616T091228Z.jsonl,29.4 N,29.4 N,,-26.90625,,,"[""stage6_qwen_behavioural_full_rerun""]"
qwen2p5_7b_instruct,CM_B_UM_005,,1,qwen2p5_7b_instruct:CM_B_UM_005:1:qwen_primary_20260616T091228Z,fb7b61602f364da9bc36586785c36872cf57478d008aedf16839c03954884b08,results/stage6/behavioural_full_rerun/qwen_primary_20260616T091228Z.jsonl,29.4 N,29.4 N,,-26.03125,,,"[""stage6_qwen_behavioural_full_rerun""]"
qwen2p5_7b_instruct,CM_B_UM_005,,2,qwen2p5_7b_instruct:CM_B_UM_005:2:qwen_primary_20260616T091228Z,9ed980841d3937ac2a97f8116c587c84e8609fda8d4f4a311ecb59b0f0b4a352,results/stage6/behavioural_full_rerun/qwen_primary_20260616T091228Z.jsonl,29.4 N,29.4 N,,-25.125,,,"[""stage6_qwen_behavioural_full_rerun""]"
qwen2p5_7b_instruct,CM_B_UM_005,,3,qwen2p5_7b_instruct:CM_B_UM_005:3:qwen_primary_20260616T091228Z,51672bb273683d6a520615c761f6d155c180bb652c46aba04932d8f07d2150fc,results/stage6/behavioural_full_rerun/qwen_primary_20260616T091228Z.jsonl,29.4 N,29.4 N,,-26.59375,,,"[""stage6_qwen_behavioural_full_rerun""]"
qwen2p5_7b_instruct,CM_B_UM_006,,0,qwen2p5_7b_instruct:CM_B_UM_006:0:qwen_primary_20260616T091228Z,4125468c3760d0b61f95a7d9d29fbf8e0a482d3b75a69c0443ee6289b3bf9c72,results/stage6/behavioural_full_rerun/qwen_primary_20260616T091228Z.jsonl,9.0 N,18 N,,-29.796875,,,"[""stage6_qwen_behavioural_full_rerun""]"
qwen2p5_7b_instruct,CM_B_UM_006,,1,qwen2p5_7b_instruct:CM_B_UM_006:1:qwen_primary_20260616T091228Z,6f51bdf92b85f19863cc38275a8d754d888fb2060c2cb61111dea1892890cec5,results/stage6/behavioural_full_rerun/qwen_primary_20260616T091228Z.jsonl,9.0 N,18 N,,-30.109375,,,"[""stage6_qwen_behavioural_full_rerun""]"
qwen2p5_7b_instruct,CM_B_UM_006,,2,qwen2p5_7b_instruct:CM_B_UM_006:2:qwen_primary_20260616T091228Z,aa9095b59ba6456a399b6abd052d8e44bf96631febe246cc18f30a3b7e547dcb,results/stage6/behavioural_full_rerun/qwen_primary_20260616T091228Z.jsonl,9.0 N,18 N,,-32.9375,,,"[""stage6_qwen_behavioural_full_rerun""]"
qwen2p5_7b_instruct,CM_B_UM_006,,3,qwen2p5_7b_instruct:CM_B_UM_006:3:qwen_primary_20260616T091228Z,ff3789649d04f609e84d4f9bae50fc978dfa8de9165fa1fa804ae8745fb5e979,results/stage6/behavioural_full_rerun/qwen_primary_20260616T091228Z.jsonl,9.0 N,18 N,,-31.71875,,,"[""stage6_qwen_behavioural_full_rerun""]"
qwen2p5_7b_instruct,CM_B_UM_007,,0,qwen2p5_7b_instruct:CM_B_UM_007:0:qwen_primary_20260616T091228Z,9e7c4474716c1483c9d5a5a96c1623c8842af053c3ec5b22e8defe51750aa69d,results/stage6/behavioural_full_rerun/qwen_primary_20260616T091228Z.jsonl,16.97 N,9.8 N,,-31.625,,,"[""stage6_qwen_behavioural_full_rerun""]"
qwen2p5_7b_instruct,CM_B_UM_007,,1,qwen2p5_7b_instruct:CM_B_UM_007:1:qwen_primary_20260616T091228Z,c10ede907d156279aab92741d933a45b183a486759a34423b02d956644d7e446,results/stage6/behavioural_full_rerun/qwen_primary_20260616T091228Z.jsonl,16.97 N,9.8 N,,-30.3125,,,"[""stage6_qwen_behavioural_full_rerun""]"
qwen2p5_7b_instruct,CM_B_UM_007,,2,qwen2p5_7b_instruct:CM_B_UM_007:2:qwen_primary_20260616T091228Z,79ff94df69b39246173ef063db05ad49d298437ca4781bfb4d5118ea015155c5,results/stage6/behavioural_full_rerun/qwen_primary_20260616T091228Z.jsonl,9.8 N,9.8 N,,-31.078125,,,"[""stage6_qwen_behavioural_full_rerun""]"
qwen2p5_7b_instruct,CM_B_UM_007,,3,qwen2p5_7b_instruct:CM_B_UM_007:3:qwen_primary_20260616T091228Z,bedb0af56a8100cca518c113c9e6f71d428ab7055ae294acad5f960336b8484b,results/stage6/behavioural_full_rerun/qwen_primary_20260616T091228Z.jsonl,9.8 N,9.8 N,,-31.15625,,,"[""stage6_qwen_behavioural_full_rerun""]"
qwen2p5_7b_instruct,CM_B_UM_008,,0,qwen2p5_7b_instruct:CM_B_UM_008:0:qwen_primary_20260616T091228Z,327b29cde840b227cbf1ae571d8d9e238f315cad7b483a5d8959e2d2e1a9e5bc,results/stage6/behavioural_full_rerun/qwen_primary_20260616T091228Z.jsonl,19.6 N,19.6 N,,-28.5,,,"[""stage6_qwen_behavioural_full_rerun""]"
qwen2p5_7b_instruct,CM_B_UM_008,,1,qwen2p5_7b_instruct:CM_B_UM_008:1:qwen_primary_20260616T091228Z,2b7800bcb8871109cdcf66a1ad9dd5858c099fdd79069cc3b678ace846cf26f6,results/stage6/behavioural_full_rerun/qwen_primary_20260616T091228Z.jsonl,19.6 N,19.6 N,,-26.59375,,,"[""stage6_qwen_behavioural_full_rerun""]"
qwen2p5_7b_instruct,CM_B_UM_008,,2,qwen2p5_7b_instruct:CM_B_UM_008:2:qwen_primary_20260616T091228Z,50dc94712156d4b9c4c24fd8b7b7bd3bb80d335e1cb4b60a9438a5c6c38fd268,results/stage6/behavioural_full_rerun/qwen_primary_20260616T091228Z.jsonl,19.6 N,19.6 N,,-26.015625,,,"[""stage6_qwen_behavioural_full_rerun""]"
qwen2p5_7b_instruct,CM_B_UM_008,,3,qwen2p5_7b_instruct:CM_B_UM_008:3:qwen_primary_20260616T091228Z,50793e9f86954d4cc25e875ed3fb0c37936d873ff68333cc6e5914beb50e1aa1,results/stage6/behavioural_full_rerun/qwen_primary_20260616T091228Z.jsonl,19.6 N,19.6 N,,-27.53125,,,"[""stage6_qwen_behavioural_full_rerun""]"
qwen2p5_7b_instruct,CM_B_UM_009,,0,qwen2p5_7b_instruct:CM_B_UM_009:0:qwen_primary_20260616T091228Z,3b2ee9ac9cef9d9d8a242f807d4023797b30cbd0eb2b06aa79b4e4c696e01793,results/stage6/behavioural_full_rerun/qwen_primary_20260616T091228Z.jsonl,11 m/s,11 m/s,,-35.8125,,,"[""stage6_qwen_behavioural_full_rerun""]"
qwen2p5_7b_instruct,CM_B_UM_009,,1,qwen2p5_7b_instruct:CM_B_UM_009:1:qwen_primary_20260616T091228Z,47f1bd7b82e8f260022cc6bfe3cd28697bdffdab23a007d4260275483c17f3c4,results/stage6/behavioural_full_rerun/qwen_primary_20260616T091228Z.jsonl,11 m/s,11 m/s,,-40.1875,,,"[""stage6_qwen_behavioural_full_rerun""]"
qwen2p5_7b_instruct,CM_B_UM_009,,2,qwen2p5_7b_instruct:CM_B_UM_009:2:qwen_primary_20260616T091228Z,5e162822bb83d383f225669463f9a530b11e60de28830c2dd5ee68b28969c19e,results/stage6/behavioural_full_rerun/qwen_primary_20260616T091228Z.jsonl,11.0 m/s,11 m/s,,-33.4375,,,"[""stage6_qwen_behavioural_full_rerun""]"
qwen2p5_7b_instruct,CM_B_UM_009,,3,qwen2p5_7b_instruct:CM_B_UM_009:3:qwen_primary_20260616T091228Z,59a5bef7bbd524f6df1fcaaa91a5824ff0bbc74a8ded5d8a53010d986e94d1db,results/stage6/behavioural_full_rerun/qwen_primary_20260616T091228Z.jsonl,11.0 m/s,11 m/s,,-38.65625,,,"[""stage6_qwen_behavioural_full_rerun""]"
qwen2p5_7b_instruct,CM_B_UM_010,,0,qwen2p5_7b_instruct:CM_B_UM_010:0:qwen_primary_20260616T091228Z,17057a441276cd13c6b8f0e3e31cdb6135c407d0e50c23215a09ec99cb5ede29,results/stage6/behavioural_full_rerun/qwen_primary_20260616T091228Z.jsonl,8.0 m/s,8 m/s,,-22.765625,,,"[""stage6_qwen_behavioural_full_rerun""]"
qwen2p5_7b_instruct,CM_B_UM_010,,1,qwen2p5_7b_instruct:CM_B_UM_010:1:qwen_primary_20260616T091228Z,b6744405225dac5801357f780a2b4f183e5f51c316df42ab082370a68f0c5d09,results/stage6/behavioural_full_rerun/qwen_primary_20260616T091228Z.jsonl,8.0 m/s,8 m/s,,-24.015625,,,"[""stage6_qwen_behavioural_full_rerun""]"
qwen2p5_7b_instruct,CM_B_UM_010,,2,qwen2p5_7b_instruct:CM_B_UM_010:2:qwen_primary_20260616T091228Z,7fd37fd758a574bb8fad5af530790c0d2eceaa6a0121546cfdb197697cf3b16b,results/stage6/behavioural_full_rerun/qwen_primary_20260616T091228Z.jsonl,8.0 m/s,8 m/s,,-22.984375,,,"[""stage6_qwen_behavioural_full_rerun""]"
qwen2p5_7b_instruct,CM_B_UM_010,,3,qwen2p5_7b_instruct:CM_B_UM_010:3:qwen_primary_20260616T091228Z,8bff42a8f63b4f55f554cc4404785efe6a7a97dceb731a32a2592fa32bcc1a82,results/stage6/behavioural_full_rerun/qwen_primary_20260616T091228Z.jsonl,8.0 m/s,8 m/s,,-23.453125,,,"[""stage6_qwen_behavioural_full_rerun""]"
qwen2p5_7b_instruct,CM_B_UM_011,,0,qwen2p5_7b_instruct:CM_B_UM_011:0:qwen_primary_20260616T091228Z,6745a3e8795cee0de5c0f4469ae0ac9c4009ba82882e074dfb15595f981bbf19,results/stage6/behavioural_full_rerun/qwen_primary_20260616T091228Z.jsonl,14.7 m/s,14.7 m/s,,-31.96875,,,"[""stage6_qwen_behavioural_full_rerun""]"
qwen2p5_7b_instruct,CM_B_UM_011,,1,qwen2p5_7b_instruct:CM_B_UM_011:1:qwen_primary_20260616T091228Z,b6c4f8f05fbdb63db549f989a6e3a1be5dcdb4e5b7394d99815d90002a5de646,results/stage6/behavioural_full_rerun/qwen_primary_20260616T091228Z.jsonl,14.7 m/s,14.7 m/s,,-31.46875,,,"[""stage6_qwen_behavioural_full_rerun""]"
qwen2p5_7b_instruct,CM_B_UM_011,,2,qwen2p5_7b_instruct:CM_B_UM_011:2:qwen_primary_20260616T091228Z,414d4251f71625bd7e4a15ef54e69566472ad7b670a9c5c1892736e2fad77759,results/stage6/behavioural_full_rerun/qwen_primary_20260616T091228Z.jsonl,14.7 m/s,14.7 m/s,,-31.09375,,,"[""stage6_qwen_behavioural_full_rerun""]"
qwen2p5_7b_instruct,CM_B_UM_011,,3,qwen2p5_7b_instruct:CM_B_UM_011:3:qwen_primary_20260616T091228Z,a4ad0b0994e7f10aafcd54f61c9b5d701ee03412bd19172ed1c53a162f3406b5,results/stage6/behavioural_full_rerun/qwen_primary_20260616T091228Z.jsonl,14.7 m/s,14.7 m/s,,-31.359375,,,"[""stage6_qwen_behavioural_full_rerun""]"
qwen2p5_7b_instruct,CM_B_UM_012,,0,qwen2p5_7b_instruct:CM_B_UM_012:0:qwen_primary_20260616T091228Z,405a0e2d0097e9033a0b9f5ea7c15d0d5f3151e0952d98c80e2df3d9d9d6297a,results/stage6/behavioural_full_rerun/qwen_primary_20260616T091228Z.jsonl,12.0 m/s,12 m/s,,-22.71875,,,"[""stage6_qwen_behavioural_full_rerun""]"
qwen2p5_7b_instruct,CM_B_UM_012,,1,qwen2p5_7b_instruct:CM_B_UM_012:1:qwen_primary_20260616T091228Z,e527b2f3ccd2a36fbd53a6d66dd736d19c3cb7a7164b5258aef103422453b72a,results/stage6/behavioural_full_rerun/qwen_primary_20260616T091228Z.jsonl,12.0 m/s,12 m/s,,-20.96875,,,"[""stage6_qwen_behavioural_full_rerun""]"
qwen2p5_7b_instruct,CM_B_UM_012,,2,qwen2p5_7b_instruct:CM_B_UM_012:2:qwen_primary_20260616T091228Z,d235c8cb5e5d3bf9ac57b50c852b873567c0c92243be830322a5d1f42795f38e,results/stage6/behavioural_full_rerun/qwen_primary_20260616T091228Z.jsonl,12.0 m/s,12 m/s,,-25.46875,,,"[""stage6_qwen_behavioural_full_rerun""]"
qwen2p5_7b_instruct,CM_B_UM_012,,3,qwen2p5_7b_instruct:CM_B_UM_012:3:qwen_primary_20260616T091228Z,327d7e601ba75b263ad2f59f0c7a49305f8f095ce5b2597ea9206f0742267d62,results/stage6/behavioural_full_rerun/qwen_primary_20260616T091228Z.jsonl,12.0 m/s,12 m/s,,-22.953125,,,"[""stage6_qwen_behavioural_full_rerun""]"
qwen2p5_7b_instruct,CM_B_UM_013,,0,qwen2p5_7b_instruct:CM_B_UM_013:0:qwen_primary_20260616T091228Z,b7d4c805d7744dead843ce0ad12c5a592f0235d690e037ead2fdccbca6163fb6,results/stage6/behavioural_full_rerun/qwen_primary_20260616T091228Z.jsonl,3.0 m/s,3.1416 m/s,,-29.109375,,,"[""stage6_qwen_behavioural_full_rerun""]"
qwen2p5_7b_instruct,CM_B_UM_013,,1,qwen2p5_7b_instruct:CM_B_UM_013:1:qwen_primary_20260616T091228Z,ecab877a05a0b73dab0152165bba510310f318e24ed31327955f3e3cacf2d038,results/stage6/behavioural_full_rerun/qwen_primary_20260616T091228Z.jsonl,3.14 m/s,3.1416 m/s,,-32.5625,,,"[""stage6_qwen_behavioural_full_rerun""]"
qwen2p5_7b_instruct,CM_B_UM_013,,2,qwen2p5_7b_instruct:CM_B_UM_013:2:qwen_primary_20260616T091228Z,5a18748d1b658911cc6270b645a09b44e9e80813f62f48ade0c2c56a30a5965f,results/stage6/behavioural_full_rerun/qwen_primary_20260616T091228Z.jsonl,3.0 m/s,3.1416 m/s,,-29.390625,,,"[""stage6_qwen_behavioural_full_rerun""]"
qwen2p5_7b_instruct,CM_B_UM_013,,3,qwen2p5_7b_instruct:CM_B_UM_013:3:qwen_primary_20260616T091228Z,8755443ea027715ce9c9a71f20367376b3c16eab8058c77caafa6f139760a78d,results/stage6/behavioural_full_rerun/qwen_primary_20260616T091228Z.jsonl,3.14 m/s,3.1416 m/s,,-28.40625,,,"[""stage6_qwen_behavioural_full_rerun""]"
qwen2p5_7b_instruct,CM_B_UM_014,,0,qwen2p5_7b_instruct:CM_B_UM_014:0:qwen_primary_20260616T091228Z,cd8bc9538492d95c4ab10d5845d42b88499f52314d59a58aaca10b77a23af7c2,results/stage6/behavioural_full_rerun/qwen_primary_20260616T091228Z.jsonl,9.0 m/s,9 m/s,,-27.859375,,,"[""stage6_qwen_behavioural_full_rerun""]"
qwen2p5_7b_instruct,CM_B_UM_014,,1,qwen2p5_7b_instruct:CM_B_UM_014:1:qwen_primary_20260616T091228Z,635bad7908fe395245ce9a916ec31f6b22f3b77855e2297ef9c13a978f718f3b,results/stage6/behavioural_full_rerun/qwen_primary_20260616T091228Z.jsonl,9.0 m/s,9 m/s,,-29.046875,,,"[""stage6_qwen_behavioural_full_rerun""]"
qwen2p5_7b_instruct,CM_B_UM_014,,2,qwen2p5_7b_instruct:CM_B_UM_014:2:qwen_primary_20260616T091228Z,e27319ecea74e25ba92d2e299decbdb7eaf7c9af2ccae2b0eb93639781c48e07,results/stage6/behavioural_full_rerun/qwen_primary_20260616T091228Z.jsonl,9.0 m/s,9 m/s,,-26.625,,,"[""stage6_qwen_behavioural_full_rerun""]"
qwen2p5_7b_instruct,CM_B_UM_014,,3,qwen2p5_7b_instruct:CM_B_UM_014:3:qwen_primary_20260616T091228Z,b3011881031a6976116a06536730c3251f7191fc540a06139705588dc4def041,results/stage6/behavioural_full_rerun/qwen_primary_20260616T091228Z.jsonl,9.0 m/s,9 m/s,,-29.703125,,,"[""stage6_qwen_behavioural_full_rerun""]"
qwen2p5_7b_instruct,CM_B_UM_015,,0,qwen2p5_7b_instruct:CM_B_UM_015:0:qwen_primary_20260616T091228Z,2f0cce14cff95a498343ac7e610726c20e83654854ec9cb376d35bbbf17ebdc0,results/stage6/behavioural_full_rerun/qwen_primary_20260616T091228Z.jsonl,3.0 A,3.0 A,,-17.6875,,,"[""stage6_qwen_behavioural_full_rerun""]"
qwen2p5_7b_instruct,CM_B_UM_015,,1,qwen2p5_7b_instruct:CM_B_UM_015:1:qwen_primary_20260616T091228Z,236bc98c348ed334c62ad2882fd84b784212054ededdcbe1ef79a0751477234e,results/stage6/behavioural_full_rerun/qwen_primary_20260616T091228Z.jsonl,3.0 A,3.0 A,,-18.265625,,,"[""stage6_qwen_behavioural_full_rerun""]"
qwen2p5_7b_instruct,CM_B_UM_015,,2,qwen2p5_7b_instruct:CM_B_UM_015:2:qwen_primary_20260616T091228Z,b10d17299d133d4945c3fdbde048524cd2176d8fc5444d7b18d326ec7f7e57ab,results/stage6/behavioural_full_rerun/qwen_primary_20260616T091228Z.jsonl,3.0 A,3.0 A,,-17.859375,,,"[""stage6_qwen_behavioural_full_rerun""]"
qwen2p5_7b_instruct,CM_B_UM_015,,3,qwen2p5_7b_instruct:CM_B_UM_015:3:qwen_primary_20260616T091228Z,bc02a87282013207ba359767239c0b3dd6ac22c1ab673d0d265581b3c56d4401,results/stage6/behavioural_full_rerun/qwen_primary_20260616T091228Z.jsonl,3.0 A,3.0 A,,-17.75,,,"[""stage6_qwen_behavioural_full_rerun""]"
qwen2p5_7b_instruct,CM_B_UM_016,,0,qwen2p5_7b_instruct:CM_B_UM_016:0:qwen_primary_20260616T091228Z,d5bc6c55fc40abc4dfcb59250e6f4a5666cd79d6b59d1c0102f8d65018170a51,results/stage6/behavioural_full_rerun/qwen_primary_20260616T091228Z.jsonl,5.0 A,5.0 A,,-9.6875,,,"[""stage6_qwen_behavioural_full_rerun""]"
qwen2p5_7b_instruct,CM_B_UM_016,,1,qwen2p5_7b_instruct:CM_B_UM_016:1:qwen_primary_20260616T091228Z,e72f989c4b16f35fb9fdfcad246d71dfccc578a78bd6b8d6f6222bc46e9d9013,results/stage6/behavioural_full_rerun/qwen_primary_20260616T091228Z.jsonl,5.0 A,5.0 A,,-9.71875,,,"[""stage6_qwen_behavioural_full_rerun""]"
qwen2p5_7b_instruct,CM_B_UM_016,,2,qwen2p5_7b_instruct:CM_B_UM_016:2:qwen_primary_20260616T091228Z,161114cbb2dcf0ece846de15b05b67b27c931088da41d137b8f1579a2eec1451,results/stage6/behavioural_full_rerun/qwen_primary_20260616T091228Z.jsonl,5.0 A,5.0 A,,-10.8515625,,,"[""stage6_qwen_behavioural_full_rerun""]"
qwen2p5_7b_instruct,CM_B_UM_016,,3,qwen2p5_7b_instruct:CM_B_UM_016:3:qwen_primary_20260616T091228Z,f7de55b77882a5f31fa1bafa4780974269f02eac7f57ff4d32b847158e7f3346,results/stage6/behavioural_full_rerun/qwen_primary_20260616T091228Z.jsonl,5.0 A,5.0 A,,-10.53125,,,"[""stage6_qwen_behavioural_full_rerun""]"
qwen2p5_7b_instruct,CM_B_UM_017,,0,qwen2p5_7b_instruct:CM_B_UM_017:0:qwen_primary_20260616T091228Z,7c55aed8e8ce3f46a4fd1218163a8560dfb1f068b8adbc22711d0bea4423c651,results/stage6/behavioural_full_rerun/qwen_primary_20260616T091228Z.jsonl,3.0 A,3.0 A,,-22.140625,,,"[""stage6_qwen_behavioural_full_rerun""]"
qwen2p5_7b_instruct,CM_B_UM_017,,1,qwen2p5_7b_instruct:CM_B_UM_017:1:qwen_primary_20260616T091228Z,ce29a673a8315520202b30bf753d806742b169590dfe2e15358255d3b53b0b27,results/stage6/behavioural_full_rerun/qwen_primary_20260616T091228Z.jsonl,3.0 A,3.0 A,,-22.0625,,,"[""stage6_qwen_behavioural_full_rerun""]"
qwen2p5_7b_instruct,CM_B_UM_017,,2,qwen2p5_7b_instruct:CM_B_UM_017:2:qwen_primary_20260616T091228Z,c17a6e5ad8eb7d1b174beb425b4bf4a38dd11f992b2646b6952762dad9eab880,results/stage6/behavioural_full_rerun/qwen_primary_20260616T091228Z.jsonl,3.0 A,3.0 A,,-21.640625,,,"[""stage6_qwen_behavioural_full_rerun""]"
qwen2p5_7b_instruct,CM_B_UM_017,,3,qwen2p5_7b_instruct:CM_B_UM_017:3:qwen_primary_20260616T091228Z,84b8659ee2f8e26ce9a610630473f2dc935063146ad323551fb60481a04e1bc5,results/stage6/behavioural_full_rerun/qwen_primary_20260616T091228Z.jsonl,3.0 A,3.0 A,,-21.328125,,,"[""stage6_qwen_behavioural_full_rerun""]"
qwen2p5_7b_instruct,CM_B_UM_018,,0,qwen2p5_7b_instruct:CM_B_UM_018:0:qwen_primary_20260616T091228Z,e8d7d3639c24ba0ba8b2c9b9599d601802a4304cb160ff97cbad9713a8c5b4d9,results/stage6/behavioural_full_rerun/qwen_primary_20260616T091228Z.jsonl,3.0 A,3.0 A,,-16.65625,,,"[""stage6_qwen_behavioural_full_rerun""]"
qwen2p5_7b_instruct,CM_B_UM_018,,1,qwen2p5_7b_instruct:CM_B_UM_018:1:qwen_primary_20260616T091228Z,ebdc1ee6992f5d8331692b756d29d3ad618b5e1618c49c0ba76e2be83432bc49,results/stage6/behavioural_full_rerun/qwen_primary_20260616T091228Z.jsonl,3.0 A,3.0 A,,-16.25,,,"[""stage6_qwen_behavioural_full_rerun""]"
qwen2p5_7b_instruct,CM_B_UM_018,,2,qwen2p5_7b_instruct:CM_B_UM_018:2:qwen_primary_20260616T091228Z,7bb63619f4ca018d6e030958b4f27b7477435f84b41b0bcbb0290ff80307b870,results/stage6/behavioural_full_rerun/qwen_primary_20260616T091228Z.jsonl,3.0 A,3.0 A,,-15.4609375,,,"[""stage6_qwen_behavioural_full_rerun""]"
qwen2p5_7b_instruct,CM_B_UM_018,,3,qwen2p5_7b_instruct:CM_B_UM_018:3:qwen_primary_20260616T091228Z,57625d560908894280787c404d2182b0250873cb5c9cab47eda0e1f5f09d7a1a,results/stage6/behavioural_full_rerun/qwen_primary_20260616T091228Z.jsonl,3.0 A,3.0 A,,-14.828125,,,"[""stage6_qwen_behavioural_full_rerun""]"
qwen2p5_7b_instruct,CM_B_UM_019,,0,qwen2p5_7b_instruct:CM_B_UM_019:0:qwen_primary_20260616T091228Z,58119c51698e51885b3f4672592908d6960e694143700759adcc593be58fe345,results/stage6/behavioural_full_rerun/qwen_primary_20260616T091228Z.jsonl,2.0 A,2.0 A,,-15.125,,,"[""stage6_qwen_behavioural_full_rerun""]"
qwen2p5_7b_instruct,CM_B_UM_019,,1,qwen2p5_7b_instruct:CM_B_UM_019:1:qwen_primary_20260616T091228Z,957f592a76bacec78aebce9879b87207b2154d40c9aff72791f79bad12ceb530,results/stage6/behavioural_full_rerun/qwen_primary_20260616T091228Z.jsonl,2.0 A,2.0 A,,-14.65625,,,"[""stage6_qwen_behavioural_full_rerun""]"
qwen2p5_7b_instruct,CM_B_UM_019,,2,qwen2p5_7b_instruct:CM_B_UM_019:2:qwen_primary_20260616T091228Z,10f897059fcd860a29c07d242b31fe87eb76b1f670d6549d221bd77a47022caa,results/stage6/behavioural_full_rerun/qwen_primary_20260616T091228Z.jsonl,2.0 A,2.0 A,,-13.625,,,"[""stage6_qwen_behavioural_full_rerun""]"
qwen2p5_7b_instruct,CM_B_UM_019,,3,qwen2p5_7b_instruct:CM_B_UM_019:3:qwen_primary_20260616T091228Z,e188b1b51bdc2465ff293fb2178f43e43869de1acab32aca1f04e96cc47eae07,results/stage6/behavioural_full_rerun/qwen_primary_20260616T091228Z.jsonl,2.0 A,2.0 A,,-12.125,,,"[""stage6_qwen_behavioural_full_rerun""]"
qwen2p5_7b_instruct,CM_B_UM_020,,0,qwen2p5_7b_instruct:CM_B_UM_020:0:qwen_primary_20260616T091228Z,d6690d8ef81f418c8eabf974b1b483afafdaf02b966b56310e1e1f73da9e4da1,results/stage6/behavioural_full_rerun/qwen_primary_20260616T091228Z.jsonl,6.0 A,6.0 A,,-16.046875,,,"[""stage6_qwen_behavioural_full_rerun""]"
qwen2p5_7b_instruct,CM_B_UM_020,,1,qwen2p5_7b_instruct:CM_B_UM_020:1:qwen_primary_20260616T091228Z,7079d6503a4ac710e03b4131e0a1ebddc52d4355d2d3425b141221c846276a6c,results/stage6/behavioural_full_rerun/qwen_primary_20260616T091228Z.jsonl,6.0 A,6.0 A,,-16.390625,,,"[""stage6_qwen_behavioural_full_rerun""]"
qwen2p5_7b_instruct,CM_B_UM_020,,2,qwen2p5_7b_instruct:CM_B_UM_020:2:qwen_primary_20260616T091228Z,bba0e3445b806ac60f165b4d1a5a301aecc8f5ede72bc75726b4c33a93801a24,results/stage6/behavioural_full_rerun/qwen_primary_20260616T091228Z.jsonl,6.0 A,6.0 A,,-15.671875,,,"[""stage6_qwen_behavioural_full_rerun""]"
qwen2p5_7b_instruct,CM_B_UM_020,,3,qwen2p5_7b_instruct:CM_B_UM_020:3:qwen_primary_20260616T091228Z,b9fc41ad43fec56881c477a16e53200b6b414441f6113ad06ca72059a9efa311,results/stage6/behavioural_full_rerun/qwen_primary_20260616T091228Z.jsonl,6.0 A,6.0 A,,-16.078125,,,"[""stage6_qwen_behavioural_full_rerun""]"
qwen2p5_7b_instruct,CM_B_UM_021,,0,qwen2p5_7b_instruct:CM_B_UM_021:0:qwen_primary_20260616T091228Z,556a8724e94a1ccb8a5d0de9f21bb5cc787ec1fb0877483638b6dee06bdc0f03,results/stage6/behavioural_full_rerun/qwen_primary_20260616T091228Z.jsonl,12 V,12.0 V,,-13.4609375,,,"[""stage6_qwen_behavioural_full_rerun""]"
qwen2p5_7b_instruct,CM_B_UM_021,,1,qwen2p5_7b_instruct:CM_B_UM_021:1:qwen_primary_20260616T091228Z,ae0f90ae2c46baea9d44210f8242ae715b53d569534d985ea661d48e9c871b93,results/stage6/behavioural_full_rerun/qwen_primary_20260616T091228Z.jsonl,12 V,12.0 V,,-12.5078125,,,"[""stage6_qwen_behavioural_full_rerun""]"
qwen2p5_7b_instruct,CM_B_UM_021,,2,qwen2p5_7b_instruct:CM_B_UM_021:2:qwen_primary_20260616T091228Z,c6a2efcfdd4e96cdd4dd2a90b693a79b30399ae8f05dc32e315e5888cab1fda2,results/stage6/behavioural_full_rerun/qwen_primary_20260616T091228Z.jsonl,12.0 V,12.0 V,,-8.375,,,"[""stage6_qwen_behavioural_full_rerun""]"
qwen2p5_7b_instruct,CM_B_UM_021,,3,qwen2p5_7b_instruct:CM_B_UM_021:3:qwen_primary_20260616T091228Z,a43b85e060725e09ed44015d55fe2f72ceb95653533620d4b7827331810af994,results/stage6/behavioural_full_rerun/qwen_primary_20260616T091228Z.jsonl,12.0 V,12.0 V,,-7.46875,,,"[""stage6_qwen_behavioural_full_rerun""]"
qwen2p5_7b_instruct,CM_B_UM_022,,0,qwen2p5_7b_instruct:CM_B_UM_022:0:qwen_primary_20260616T091228Z,312767ef598eff82767e2e3430c9fd5b76410796922b335b0754086db61cb4f7,results/stage6/behavioural_full_rerun/qwen_primary_20260616T091228Z.jsonl,6.0 V,6.0 V,,-14.546875,,,"[""stage6_qwen_behavioural_full_rerun""]"
qwen2p5_7b_instruct,CM_B_UM_022,,1,qwen2p5_7b_instruct:CM_B_UM_022:1:qwen_primary_20260616T091228Z,9002dd4206f01cea8178705a65489f08ac1f2807150f96f6db30c075e41bebb6,results/stage6/behavioural_full_rerun/qwen_primary_20260616T091228Z.jsonl,4.0 V,6.0 V,,-16.625,,,"[""stage6_qwen_behavioural_full_rerun""]"
qwen2p5_7b_instruct,CM_B_UM_022,,2,qwen2p5_7b_instruct:CM_B_UM_022:2:qwen_primary_20260616T091228Z,d51feaefdbb6300bca13d5818e1731ce12534b8be8e46503075e412d2ec8ce88,results/stage6/behavioural_full_rerun/qwen_primary_20260616T091228Z.jsonl,6.0 V,6.0 V,,-15.8046875,,,"[""stage6_qwen_behavioural_full_rerun""]"
qwen2p5_7b_instruct,CM_B_UM_022,,3,qwen2p5_7b_instruct:CM_B_UM_022:3:qwen_primary_20260616T091228Z,35869f2d96e1ea4fb5d935df5aad4d6d078ecb017be0deb51eea6bc582d6ef1c,results/stage6/behavioural_full_rerun/qwen_primary_20260616T091228Z.jsonl,10.0 V,6.0 V,,-15.859375,,,"[""stage6_qwen_behavioural_full_rerun""]"
qwen2p5_7b_instruct,CM_B_UM_023,,0,qwen2p5_7b_instruct:CM_B_UM_023:0:qwen_primary_20260616T091228Z,b5ce6b437e124b35bfbdc5862c446069390bb9d21e8a51a81d20071f7e91ffd7,results/stage6/behavioural_full_rerun/qwen_primary_20260616T091228Z.jsonl,16.0 V,8.0 V,,-10.609375,,,"[""stage6_qwen_behavioural_full_rerun""]"
qwen2p5_7b_instruct,CM_B_UM_023,,1,qwen2p5_7b_instruct:CM_B_UM_023:1:qwen_primary_20260616T091228Z,bee31e92a547a411292d8a18360ac35c3d4beccf1bf672fe0611dd68755ee609,results/stage6/behavioural_full_rerun/qwen_primary_20260616T091228Z.jsonl,16.0 V,8.0 V,,-9.65625,,,"[""stage6_qwen_behavioural_full_rerun""]"
qwen2p5_7b_instruct,CM_B_UM_023,,2,qwen2p5_7b_instruct:CM_B_UM_023:2:qwen_primary_20260616T091228Z,52aa765157411eeb94c01ab78a0366a21b97dd62f8edfaaf90efd77342c33d0b,results/stage6/behavioural_full_rerun/qwen_primary_20260616T091228Z.jsonl,16.0 V,8.0 V,,-9.140625,,,"[""stage6_qwen_behavioural_full_rerun""]"
qwen2p5_7b_instruct,CM_B_UM_023,,3,qwen2p5_7b_instruct:CM_B_UM_023:3:qwen_primary_20260616T091228Z,6c02dcf9981cbe61102fa8c7ab6d4ae4fa74278ec07ad3d5b50869011d8c5307,results/stage6/behavioural_full_rerun/qwen_primary_20260616T091228Z.jsonl,16.0 V,8.0 V,,-8.46875,,,"[""stage6_qwen_behavioural_full_rerun""]"
qwen2p5_7b_instruct,CM_B_UM_024,,0,qwen2p5_7b_instruct:CM_B_UM_024:0:qwen_primary_20260616T091228Z,656760668ab9890ab3eb1cff9b72051fbc4f231d758eabafec1dcabf70f54212,results/stage6/behavioural_full_rerun/qwen_primary_20260616T091228Z.jsonl,6.0 V,6.0 V,,-23.125,,,"[""stage6_qwen_behavioural_full_rerun""]"
qwen2p5_7b_instruct,CM_B_UM_024,,1,qwen2p5_7b_instruct:CM_B_UM_024:1:qwen_primary_20260616T091228Z,5acada16bdefeb5894321a8995c4510e92b386aa5efb510e4105d9f5e00ca54e,results/stage6/behavioural_full_rerun/qwen_primary_20260616T091228Z.jsonl,4.0 V,6.0 V,,-23.65625,,,"[""stage6_qwen_behavioural_full_rerun""]"
qwen2p5_7b_instruct,CM_B_UM_024,,2,qwen2p5_7b_instruct:CM_B_UM_024:2:qwen_primary_20260616T091228Z,d6347e86ac6c78c64be60dd5e1ed155a365ae70b2c776be45dc170de7b01faa7,results/stage6/behavioural_full_rerun/qwen_primary_20260616T091228Z.jsonl,6.0 V,6.0 V,,-21.75,,,"[""stage6_qwen_behavioural_full_rerun""]"
qwen2p5_7b_instruct,CM_B_UM_024,,3,qwen2p5_7b_instruct:CM_B_UM_024:3:qwen_primary_20260616T091228Z,5a9ad79e1ebe4358ac8dceb979cb3480c7bbe437137150442f6070a323e23121,results/stage6/behavioural_full_rerun/qwen_primary_20260616T091228Z.jsonl,9.0 V,6.0 V,,-23.265625,,,"[""stage6_qwen_behavioural_full_rerun""]"
qwen2p5_7b_instruct,CM_B_UM_025,,0,qwen2p5_7b_instruct:CM_B_UM_025:0:qwen_primary_20260616T091228Z,34e0886293bed848ca569bd8a77e11f46bc551b2b380ad0b8aaa5b7134e5ef59,results/stage6/behavioural_full_rerun/qwen_primary_20260616T091228Z.jsonl,7.0 V,6.0 V,,-20.59375,,,"[""stage6_qwen_behavioural_full_rerun""]"
qwen2p5_7b_instruct,CM_B_UM_025,,1,qwen2p5_7b_instruct:CM_B_UM_025:1:qwen_primary_20260616T091228Z,52c7ec63855dfa3038c01d23a6fa2dbf744f7cd3550890928f91d5319650dfec,results/stage6/behavioural_full_rerun/qwen_primary_20260616T091228Z.jsonl,7.0 V,6.0 V,,-20.09375,,,"[""stage6_qwen_behavioural_full_rerun""]"
qwen2p5_7b_instruct,CM_B_UM_025,,2,qwen2p5_7b_instruct:CM_B_UM_025:2:qwen_primary_20260616T091228Z,a0f9295e87473984d75497c8094e567f91a34f44d298eca54b994e97f28aa258,results/stage6/behavioural_full_rerun/qwen_primary_20260616T091228Z.jsonl,7.5 V,6.0 V,,-22.25,,,"[""stage6_qwen_behavioural_full_rerun""]"
qwen2p5_7b_instruct,CM_B_UM_025,,3,qwen2p5_7b_instruct:CM_B_UM_025:3:qwen_primary_20260616T091228Z,0fd0cbbf7a699d8cebfee928134c490226f8199dc8fe53bc53762cbbc6d548c9,results/stage6/behavioural_full_rerun/qwen_primary_20260616T091228Z.jsonl,7.0 V,6.0 V,,-19.421875,,,"[""stage6_qwen_behavioural_full_rerun""]"
qwen2p5_7b_instruct,CM_B_UM_026,,0,qwen2p5_7b_instruct:CM_B_UM_026:0:qwen_primary_20260616T091228Z,e29856cdf5cde125edbb3d7a8e174a2d5ff348977df730978c6784469662f874,results/stage6/behavioural_full_rerun/qwen_primary_20260616T091228Z.jsonl,6.0 V,5.0 V,,-13.3359375,,,"[""stage6_qwen_behavioural_full_rerun""]"
qwen2p5_7b_instruct,CM_B_UM_026,,1,qwen2p5_7b_instruct:CM_B_UM_026:1:qwen_primary_20260616T091228Z,59371a59f46d5c377e53a46fa9a2aec29ad55e22dd2fcf4ab417b643969c8fae,results/stage6/behavioural_full_rerun/qwen_primary_20260616T091228Z.jsonl,6.0 V,5.0 V,,-12.515625,,,"[""stage6_qwen_behavioural_full_rerun""]"
qwen2p5_7b_instruct,CM_B_UM_026,,2,qwen2p5_7b_instruct:CM_B_UM_026:2:qwen_primary_20260616T091228Z,0f65c60a276f375dc3080254b00901fe0d76be6ef4e9320495cea6e22abfb3dd,results/stage6/behavioural_full_rerun/qwen_primary_20260616T091228Z.jsonl,10.0 V,5.0 V,,-11.578125,,,"[""stage6_qwen_behavioural_full_rerun""]"
qwen2p5_7b_instruct,CM_B_UM_026,,3,qwen2p5_7b_instruct:CM_B_UM_026:3:qwen_primary_20260616T091228Z,832e6aefefadef5cd8a64272b0528d7a2691ae06a230755ff0311d239c25f452,results/stage6/behavioural_full_rerun/qwen_primary_20260616T091228Z.jsonl,6.0 V,5.0 V,,-11.46875,,,"[""stage6_qwen_behavioural_full_rerun""]"
qwen2p5_7b_instruct,CM_B_UM_027,,0,qwen2p5_7b_instruct:CM_B_UM_027:0:qwen_primary_20260616T091228Z,b0d5ea2ebca6fa5a3eced29c1bac2e8dad71648630b2ccf3b3d49d724f9c058c,results/stage6/behavioural_full_rerun/qwen_primary_20260616T091228Z.jsonl,6.0 N*m,6.0 N*m,,-27.03125,,,"[""stage6_qwen_behavioural_full_rerun""]"
qwen2p5_7b_instruct,CM_B_UM_027,,1,qwen2p5_7b_instruct:CM_B_UM_027:1:qwen_primary_20260616T091228Z,b6a4aed3b3948e6ebe5929d343d6d93dbc9f364b4c8e14e60d223e6a906984c7,results/stage6/behavioural_full_rerun/qwen_primary_20260616T091228Z.jsonl,6.0 N*m,6.0 N*m,,-27.75,,,"[""stage6_qwen_behavioural_full_rerun""]"
qwen2p5_7b_instruct,CM_B_UM_027,,2,qwen2p5_7b_instruct:CM_B_UM_027:2:qwen_primary_20260616T091228Z,73502b2caccaf0dcf10978f6ae32718fbf466184079bc927ce718eedc41d75bb,results/stage6/behavioural_full_rerun/qwen_primary_20260616T091228Z.jsonl,6.0 N*m,6.0 N*m,,-27.5,,,"[""stage6_qwen_behavioural_full_rerun""]"
qwen2p5_7b_instruct,CM_B_UM_027,,3,qwen2p5_7b_instruct:CM_B_UM_027:3:qwen_primary_20260616T091228Z,f0e4e80b3c6c6b816b8c42fa7be9ec161f396bbbe85f2b2b51bf675bf71e9145,results/stage6/behavioural_full_rerun/qwen_primary_20260616T091228Z.jsonl,6.0 N*m,6.0 N*m,,-26.453125,,,"[""stage6_qwen_behavioural_full_rerun""]"
qwen2p5_7b_instruct,CM_B_UM_028,,0,qwen2p5_7b_instruct:CM_B_UM_028:0:qwen_primary_20260616T091228Z,7307d2aa61fb70d85723d9120e172984eaf1c9ec2265e7080e41d4c379ba48f5,results/stage6/behavioural_full_rerun/qwen_primary_20260616T091228Z.jsonl,15.0 N*m,15.0 N*m,,-26.8125,,,"[""stage6_qwen_behavioural_full_rerun""]"
qwen2p5_7b_instruct,CM_B_UM_028,,1,qwen2p5_7b_instruct:CM_B_UM_028:1:qwen_primary_20260616T091228Z,c15e4a23521f8f7035069f1486c8f5211d122ac9a030e446b2624d1e966ed8b0,results/stage6/behavioural_full_rerun/qwen_primary_20260616T091228Z.jsonl,15.0 N*m,15.0 N*m,,-26.125,,,"[""stage6_qwen_behavioural_full_rerun""]"
qwen2p5_7b_instruct,CM_B_UM_028,,2,qwen2p5_7b_instruct:CM_B_UM_028:2:qwen_primary_20260616T091228Z,f5dc3c75bfb11a51eec6652ec7b55b7a151e31727ee4921fcc3f915e83622c19,results/stage6/behavioural_full_rerun/qwen_primary_20260616T091228Z.jsonl,15.0 N*m,15.0 N*m,,-26.21875,,,"[""stage6_qwen_behavioural_full_rerun""]"
qwen2p5_7b_instruct,CM_B_UM_028,,3,qwen2p5_7b_instruct:CM_B_UM_028:3:qwen_primary_20260616T091228Z,4b7055605b56929e5dcd146ec88468669e6a53de436a51320f98fdab62eb7aad,results/stage6/behavioural_full_rerun/qwen_primary_20260616T091228Z.jsonl,15.0 N*m,15.0 N*m,,-25.84375,,,"[""stage6_qwen_behavioural_full_rerun""]"
qwen2p5_7b_instruct,CM_B_UM_029,,0,qwen2p5_7b_instruct:CM_B_UM_029:0:qwen_primary_20260616T091228Z,074e9bfb7c66e0ef05a7f23a2233db89bca6221db2d5ebf9732282a1f4efee7c,results/stage6/behavioural_full_rerun/qwen_primary_20260616T091228Z.jsonl,10.0 N*m,10.0 N*m,,-26.109375,,,"[""stage6_qwen_behavioural_full_rerun""]"
qwen2p5_7b_instruct,CM_B_UM_029,,1,qwen2p5_7b_instruct:CM_B_UM_029:1:qwen_primary_20260616T091228Z,0c8afb25018292dda5bc387b249cdb13165f1030e23fd0bbb56e1cf903e38442,results/stage6/behavioural_full_rerun/qwen_primary_20260616T091228Z.jsonl,10.0 N*m,10.0 N*m,,-25.9375,,,"[""stage6_qwen_behavioural_full_rerun""]"
qwen2p5_7b_instruct,CM_B_UM_029,,2,qwen2p5_7b_instruct:CM_B_UM_029:2:qwen_primary_20260616T091228Z,2106045688a3892d2a4e973957ba1313595a8c848e7f873b6ed7b267c06ffab2,results/stage6/behavioural_full_rerun/qwen_primary_20260616T091228Z.jsonl,10.0 N*m,10.0 N*m,,-25.40625,,,"[""stage6_qwen_behavioural_full_rerun""]"
qwen2p5_7b_instruct,CM_B_UM_029,,3,qwen2p5_7b_instruct:CM_B_UM_029:3:qwen_primary_20260616T091228Z,589b72574d7f8365eeaa7a56ff58ca996fc7cfef02824dc1583e0cdfb9d8a067,results/stage6/behavioural_full_rerun/qwen_primary_20260616T091228Z.jsonl,10.0 N*m,10.0 N*m,,-24.890625,,,"[""stage6_qwen_behavioural_full_rerun""]"
qwen2p5_7b_instruct,CM_B_UM_030,,0,qwen2p5_7b_instruct:CM_B_UM_030:0:qwen_primary_20260616T091228Z,26a3dbfc3cffeb1c36c07501ba921b3edf23bc237945be8d3a1cfd2a87426155,results/stage6/behavioural_full_rerun/qwen_primary_20260616T091228Z.jsonl,12.0 N*m,12.0 N*m,,-25.703125,,,"[""stage6_qwen_behavioural_full_rerun""]"
qwen2p5_7b_instruct,CM_B_UM_030,,1,qwen2p5_7b_instruct:CM_B_UM_030:1:qwen_primary_20260616T091228Z,b34b9df4d28354fd1e9055bda0aa36bffdd1e2e31d20c09fce8115eca7fe8ecf,results/stage6/behavioural_full_rerun/qwen_primary_20260616T091228Z.jsonl,12.0 N*m,12.0 N*m,,-26.015625,,,"[""stage6_qwen_behavioural_full_rerun""]"
qwen2p5_7b_instruct,CM_B_UM_030,,2,qwen2p5_7b_instruct:CM_B_UM_030:2:qwen_primary_20260616T091228Z,5ef13faa79590a68650a7243ded9667c34f0f951c5b76e1be1ffe96e5f020388,results/stage6/behavioural_full_rerun/qwen_primary_20260616T091228Z.jsonl,12.0 N*m,12.0 N*m,,-25.046875,,,"[""stage6_qwen_behavioural_full_rerun""]"
qwen2p5_7b_instruct,CM_B_UM_030,,3,qwen2p5_7b_instruct:CM_B_UM_030:3:qwen_primary_20260616T091228Z,c84911b759aa3b74d929285c053e8aafb733b852a47ec4b236b250c58d81090e,results/stage6/behavioural_full_rerun/qwen_primary_20260616T091228Z.jsonl,12.0 N*m,12.0 N*m,,-25.125,,,"[""stage6_qwen_behavioural_full_rerun""]"
qwen2p5_7b_instruct,CM_B_UM_031,,0,qwen2p5_7b_instruct:CM_B_UM_031:0:qwen_primary_20260616T091228Z,e6458b7ba26e9f1ce9d695bb5f902f2158a6ca4a62535a7b572b43aedbf269bb,results/stage6/behavioural_full_rerun/qwen_primary_20260616T091228Z.jsonl,10.0 N*m,10.0 N*m,,-33.8125,,,"[""stage6_qwen_behavioural_full_rerun""]"
qwen2p5_7b_instruct,CM_B_UM_031,,1,qwen2p5_7b_instruct:CM_B_UM_031:1:qwen_primary_20260616T091228Z,ccc35c199c6dd0bbcdaa0a1e7a2f44a965d927f67b0dd6648b253d254b391847,results/stage6/behavioural_full_rerun/qwen_primary_20260616T091228Z.jsonl,10.0 N*m,10.0 N*m,,-30.9375,,,"[""stage6_qwen_behavioural_full_rerun""]"
qwen2p5_7b_instruct,CM_B_UM_031,,2,qwen2p5_7b_instruct:CM_B_UM_031:2:qwen_primary_20260616T091228Z,acd15bfa29a1ed67437d0dc8818b5dd55d97ad724ce051b30482c3b0071e626d,results/stage6/behavioural_full_rerun/qwen_primary_20260616T091228Z.jsonl,10.0 N*m,10.0 N*m,,-26.296875,,,"[""stage6_qwen_behavioural_full_rerun""]"
qwen2p5_7b_instruct,CM_B_UM_031,,3,qwen2p5_7b_instruct:CM_B_UM_031:3:qwen_primary_20260616T091228Z,ba46822ba9c416506fbbdf9fef47fca2791f887ff637bb7de62ef28ab5921c87,results/stage6/behavioural_full_rerun/qwen_primary_20260616T091228Z.jsonl,10.0 N*m,10.0 N*m,,-26.03125,,,"[""stage6_qwen_behavioural_full_rerun""]"
qwen2p5_7b_instruct,CM_B_UM_032,,0,qwen2p5_7b_instruct:CM_B_UM_032:0:qwen_primary_20260616T091228Z,f05d52fcf4d59eac922f4da73b22d305bd0e64a6fde69ef862cc079378df7780,results/stage6/behavioural_full_rerun/qwen_primary_20260616T091228Z.jsonl,2.236 Hz,1.592 Hz,,-47.34375,,,"[""stage6_qwen_behavioural_full_rerun""]"
qwen2p5_7b_instruct,CM_B_UM_032,,1,qwen2p5_7b_instruct:CM_B_UM_032:1:qwen_primary_20260616T091228Z,042818de6aa2e66110f87da79cdbdbddc2c99e0d8d5e832b73540583eca0f426,results/stage6/behavioural_full_rerun/qwen_primary_20260616T091228Z.jsonl,1.0 s^-1,1.592 Hz,,-52.90625,,,"[""stage6_qwen_behavioural_full_rerun""]"
qwen2p5_7b_instruct,CM_B_UM_032,,2,qwen2p5_7b_instruct:CM_B_UM_032:2:qwen_primary_20260616T091228Z,4bc67d4139d9325b640b4faa11e886d2cfad83442dd175561163d55b88884ddf,results/stage6/behavioural_full_rerun/qwen_primary_20260616T091228Z.jsonl,2.24 Hz,1.592 Hz,,-46.3125,,,"[""stage6_qwen_behavioural_full_rerun""]"
qwen2p5_7b_instruct,CM_B_UM_032,,3,qwen2p5_7b_instruct:CM_B_UM_032:3:qwen_primary_20260616T091228Z,87720c978b1b95652f278fded02163ed01b461c1269557893baea6d2099426e2,results/stage6/behavioural_full_rerun/qwen_primary_20260616T091228Z.jsonl,1.0 Hz,1.592 Hz,,-46.1875,,,"[""stage6_qwen_behavioural_full_rerun""]"
qwen2p5_7b_instruct,CM_B_UM_033,,0,qwen2p5_7b_instruct:CM_B_UM_033:0:qwen_primary_20260616T091228Z,e62ea1c39107665c7b51c87741c55cb6e41e3820fc584a732afab72417a24af5,results/stage6/behavioural_full_rerun/qwen_primary_20260616T091228Z.jsonl,0.5 Hz,0.498 Hz,,-26.234375,,,"[""stage6_qwen_behavioural_full_rerun""]"
qwen2p5_7b_instruct,CM_B_UM_033,,1,qwen2p5_7b_instruct:CM_B_UM_033:1:qwen_primary_20260616T091228Z,cec11ff53be366be6579bd4efd5186df73a1089bb283ab518082b6822d4c11c3,results/stage6/behavioural_full_rerun/qwen_primary_20260616T091228Z.jsonl,0.5 Hz,0.498 Hz,,-30.765625,,,"[""stage6_qwen_behavioural_full_rerun""]"
qwen2p5_7b_instruct,CM_B_UM_033,,2,qwen2p5_7b_instruct:CM_B_UM_033:2:qwen_primary_20260616T091228Z,fc85971b53e4c6a2729741aecc79dfe9729ba28b1d80e4fa834adb3a87546292,results/stage6/behavioural_full_rerun/qwen_primary_20260616T091228Z.jsonl,0.75 Hz,0.498 Hz,,-28.375,,,"[""stage6_qwen_behavioural_full_rerun""]"
qwen2p5_7b_instruct,CM_B_UM_033,,3,qwen2p5_7b_instruct:CM_B_UM_033:3:qwen_primary_20260616T091228Z,201cb10b5180184616aa796e2b2adc4219cd402245f92e258836aa06683f9846,results/stage6/behavioural_full_rerun/qwen_primary_20260616T091228Z.jsonl,0.5 Hz,0.498 Hz,,-28.84375,,,"[""stage6_qwen_behavioural_full_rerun""]"
qwen2p5_7b_instruct,CM_B_UM_034,,0,qwen2p5_7b_instruct:CM_B_UM_034:0:qwen_primary_20260616T091228Z,33b0b4de5d077ac8274bfb1a859e01151615316583653489d5fd9676548f555d,results/stage6/behavioural_full_rerun/qwen_primary_20260616T091228Z.jsonl,1.26 Hz,1.592 Hz,,-47.8125,,,"[""stage6_qwen_behavioural_full_rerun""]"
qwen2p5_7b_instruct,CM_B_UM_034,,1,qwen2p5_7b_instruct:CM_B_UM_034:1:qwen_primary_20260616T091228Z,1316fc9c80b31444893497036af1ac79cf4b7eca6b2f1b3187f7f6ef1021268a,results/stage6/behavioural_full_rerun/qwen_primary_20260616T091228Z.jsonl,1.4 Hz,1.592 Hz,,-49.96875,,,"[""stage6_qwen_behavioural_full_rerun""]"
qwen2p5_7b_instruct,CM_B_UM_034,,2,qwen2p5_7b_instruct:CM_B_UM_034:2:qwen_primary_20260616T091228Z,8f6086f4f3ab21a928d7bd58c09898d531bcf59ac8f22172469923196c2207e3,results/stage6/behavioural_full_rerun/qwen_primary_20260616T091228Z.jsonl,1.4 Hz,1.592 Hz,,-47.4375,,,"[""stage6_qwen_behavioural_full_rerun""]"
qwen2p5_7b_instruct,CM_B_UM_034,,3,qwen2p5_7b_instruct:CM_B_UM_034:3:qwen_primary_20260616T091228Z,d0b6e84edd27a8cfe8608b2668563868e7706204ebe8e2903920b7935ac72b01,results/stage6/behavioural_full_rerun/qwen_primary_20260616T091228Z.jsonl,1.4 Hz,1.592 Hz,,-39.5625,,,"[""stage6_qwen_behavioural_full_rerun""]"
qwen2p5_7b_instruct,CM_B_UM_035,,0,qwen2p5_7b_instruct:CM_B_UM_035:0:qwen_primary_20260616T091228Z,d4eca914dc8405685345ee7236523f3fd445c5c3f7ca70e3564256f513f100c2,results/stage6/behavioural_full_rerun/qwen_primary_20260616T091228Z.jsonl,1.4 Hz,0.997 Hz,,-30.984375,,,"[""stage6_qwen_behavioural_full_rerun""]"
qwen2p5_7b_instruct,CM_B_UM_035,,1,qwen2p5_7b_instruct:CM_B_UM_035:1:qwen_primary_20260616T091228Z,347e173755317e65dab933b18d2c4699a67e9a965eddd34e78b26559b975daa4,results/stage6/behavioural_full_rerun/qwen_primary_20260616T091228Z.jsonl,1.43 Hz,0.997 Hz,,-26.28125,,,"[""stage6_qwen_behavioural_full_rerun""]"
qwen2p5_7b_instruct,CM_B_UM_035,,2,qwen2p5_7b_instruct:CM_B_UM_035:2:qwen_primary_20260616T091228Z,bd665d088530e07c3a9b800e0bdabfcfd95a69e627e79ea51d8d58211fb36d2b,results/stage6/behavioural_full_rerun/qwen_primary_20260616T091228Z.jsonl,1.4 Hz,0.997 Hz,,-28.5625,,,"[""stage6_qwen_behavioural_full_rerun""]"
qwen2p5_7b_instruct,CM_B_UM_035,,3,qwen2p5_7b_instruct:CM_B_UM_035:3:qwen_primary_20260616T091228Z,221903e5805298367b268b6c6050eaea338591edc1a33fae7eab851347e8e33e,results/stage6/behavioural_full_rerun/qwen_primary_20260616T091228Z.jsonl,1.43 Hz,0.997 Hz,,-29.4375,,,"[""stage6_qwen_behavioural_full_rerun""]"
qwen2p5_7b_instruct,CM_B_UM_036,,0,qwen2p5_7b_instruct:CM_B_UM_036:0:qwen_primary_20260616T091228Z,13911d0462128c99cf34e8d8c5ae589ec9b869e5e941effae31a836a769a0ad2,results/stage6/behavioural_full_rerun/qwen_primary_20260616T091228Z.jsonl,2.0 Hz,20.0 Hz,,-4.30078125,,,"[""stage6_qwen_behavioural_full_rerun""]"
qwen2p5_7b_instruct,CM_B_UM_036,,1,qwen2p5_7b_instruct:CM_B_UM_036:1:qwen_primary_20260616T091228Z,3addb851e98817e1533baf1789afe130d7cb73bd841da510e784410c8ae791c2,results/stage6/behavioural_full_rerun/qwen_primary_20260616T091228Z.jsonl,20.0 Hz,20.0 Hz,,-2.779296875,,,"[""stage6_qwen_behavioural_full_rerun""]"
qwen2p5_7b_instruct,CM_B_UM_036,,2,qwen2p5_7b_instruct:CM_B_UM_036:2:qwen_primary_20260616T091228Z,6a3aebd37711db4326ba26a7c3b57bcca842282b73a2d207066cf274f69c4144,results/stage6/behavioural_full_rerun/qwen_primary_20260616T091228Z.jsonl,20.0 Hz,20.0 Hz,,-3.171875,,,"[""stage6_qwen_behavioural_full_rerun""]"
qwen2p5_7b_instruct,CM_B_UM_036,,3,qwen2p5_7b_instruct:CM_B_UM_036:3:qwen_primary_20260616T091228Z,5aea3acb01b481f7c9f7a3ff9453145d436bb8b303cdacfb207401080776fdbb,results/stage6/behavioural_full_rerun/qwen_primary_20260616T091228Z.jsonl,20.0 Hz,20.0 Hz,,-2.30078125,,,"[""stage6_qwen_behavioural_full_rerun""]"
qwen2p5_7b_instruct,CM_B_UM_037,,0,qwen2p5_7b_instruct:CM_B_UM_037:0:qwen_primary_20260616T091228Z,b38e5e88a07c590ceb9d2db21b995a55f5bbc2d9842c393e2c0af746d623e719,results/stage6/behavioural_full_rerun/qwen_primary_20260616T091228Z.jsonl,3.0e-06 C,3.0e-4 C,,-41.53125,,,"[""stage6_qwen_behavioural_full_rerun""]"
qwen2p5_7b_instruct,CM_B_UM_037,,1,qwen2p5_7b_instruct:CM_B_UM_037:1:qwen_primary_20260616T091228Z,06e13fc504f680b720fc5bcaf06292c703cf359f367343afad051f53a84b0271,results/stage6/behavioural_full_rerun/qwen_primary_20260616T091228Z.jsonl,3.0e-06 C,3.0e-4 C,,-39.8125,,,"[""stage6_qwen_behavioural_full_rerun""]"
qwen2p5_7b_instruct,CM_B_UM_037,,2,qwen2p5_7b_instruct:CM_B_UM_037:2:qwen_primary_20260616T091228Z,5840c33081a04fde3dde50f1175ce032d2d339f6e32780060a6dda5f71034300,results/stage6/behavioural_full_rerun/qwen_primary_20260616T091228Z.jsonl,3e-06 C,3.0e-4 C,,-40.5,,,"[""stage6_qwen_behavioural_full_rerun""]"
qwen2p5_7b_instruct,CM_B_UM_037,,3,qwen2p5_7b_instruct:CM_B_UM_037:3:qwen_primary_20260616T091228Z,d53ccb4c75c274820b767c8dbb9e77534a317b486f518d63e82f8c3d6d9aa368,results/stage6/behavioural_full_rerun/qwen_primary_20260616T091228Z.jsonl,3.0e-06 C,3.0e-4 C,,-39.5,,,"[""stage6_qwen_behavioural_full_rerun""]"
qwen2p5_7b_instruct,CM_B_UM_038,,0,qwen2p5_7b_instruct:CM_B_UM_038:0:qwen_primary_20260616T091228Z,7f33e7b8815d40ade12b481b1118e7368a3fc29ed0a821aed64311ac514bf792,results/stage6/behavioural_full_rerun/qwen_primary_20260616T091228Z.jsonl,9.0e-04 C,9.0e-4 C,,-36.46875,,,"[""stage6_qwen_behavioural_full_rerun""]"
qwen2p5_7b_instruct,CM_B_UM_038,,1,qwen2p5_7b_instruct:CM_B_UM_038:1:qwen_primary_20260616T091228Z,4a223f2df1a5cf5282c2954f996be9abd2c59853ea66daf4381ea21550d4c462,results/stage6/behavioural_full_rerun/qwen_primary_20260616T091228Z.jsonl,9.0e-04 C,9.0e-4 C,,-36.90625,,,"[""stage6_qwen_behavioural_full_rerun""]"
qwen2p5_7b_instruct,CM_B_UM_038,,2,qwen2p5_7b_instruct:CM_B_UM_038:2:qwen_primary_20260616T091228Z,096e9cef9a017f3d5153cfc86ebb025bc8284c69138efb60338143b74d0312f3,results/stage6/behavioural_full_rerun/qwen_primary_20260616T091228Z.jsonl,9e-06 C,9.0e-4 C,,-36.375,,,"[""stage6_qwen_behavioural_full_rerun""]"
qwen2p5_7b_instruct,CM_B_UM_038,,3,qwen2p5_7b_instruct:CM_B_UM_038:3:qwen_primary_20260616T091228Z,809fd5c9fb5afb9c59cb9ea726ca0837afee91e6bd0cad97c2524b6eb2a54b52,results/stage6/behavioural_full_rerun/qwen_primary_20260616T091228Z.jsonl,9.0e-04 C,9.0e-4 C,,-38.28125,,,"[""stage6_qwen_behavioural_full_rerun""]"
qwen2p5_7b_instruct,CM_B_UM_039,,0,qwen2p5_7b_instruct:CM_B_UM_039:0:qwen_primary_20260616T091228Z,2b959ff06a8f3e2a74a1ecc84f4817d29a4fbc909d00458ca1234656aa301409,results/stage6/behavioural_full_rerun/qwen_primary_20260616T091228Z.jsonl,6.0e-05 C,6.0e-4 C,,-37.71875,,,"[""stage6_qwen_behavioural_full_rerun""]"
qwen2p5_7b_instruct,CM_B_UM_039,,1,qwen2p5_7b_instruct:CM_B_UM_039:1:qwen_primary_20260616T091228Z,a8857cccfbdf226e57392c70ad8b678f61e9b04bf509f62dd9622cd2cd9c6098,results/stage6/behavioural_full_rerun/qwen_primary_20260616T091228Z.jsonl,6.0e-04 C,6.0e-4 C,,-35.46875,,,"[""stage6_qwen_behavioural_full_rerun""]"
qwen2p5_7b_instruct,CM_B_UM_039,,2,qwen2p5_7b_instruct:CM_B_UM_039:2:qwen_primary_20260616T091228Z,d73884c9a02955e366a485a31997c8286d790098223d30c1b55e0429cfd73ff3,results/stage6/behavioural_full_rerun/qwen_primary_20260616T091228Z.jsonl,6e-04 C,6.0e-4 C,,-38.09375,,,"[""stage6_qwen_behavioural_full_rerun""]"
qwen2p5_7b_instruct,CM_B_UM_039,,3,qwen2p5_7b_instruct:CM_B_UM_039:3:qwen_primary_20260616T091228Z,a61519b90e296fc07f3b76acc506fdfb2c76de1304f6b5fd3edcb1cf3d60cd27,results/stage6/behavioural_full_rerun/qwen_primary_20260616T091228Z.jsonl,6.0e-04 C,6.0e-4 C,,-35.53125,,,"[""stage6_qwen_behavioural_full_rerun""]"
qwen2p5_7b_instruct,CM_B_UM_040,,0,qwen2p5_7b_instruct:CM_B_UM_040:0:qwen_primary_20260616T091228Z,240cdc7118257b7a93d5d0a712cc12d9de878f0becd41aa0fe341a02a4327ec7,results/stage6/behavioural_full_rerun/qwen_primary_20260616T091228Z.jsonl,5.0e-07 C,5.0e-5 C,,-39.125,,,"[""stage6_qwen_behavioural_full_rerun""]"
qwen2p5_7b_instruct,CM_B_UM_040,,1,qwen2p5_7b_instruct:CM_B_UM_040:1:qwen_primary_20260616T091228Z,15ebed9592f04a65a08defe7a8c6940ba307e31c99708e5539dbe224e962b7b4,results/stage6/behavioural_full_rerun/qwen_primary_20260616T091228Z.jsonl,5.0e-07 C,5.0e-5 C,,-39.6875,,,"[""stage6_qwen_behavioural_full_rerun""]"
qwen2p5_7b_instruct,CM_B_UM_040,,2,qwen2p5_7b_instruct:CM_B_UM_040:2:qwen_primary_20260616T091228Z,8291e9154763da53364191fa6044cbb037ad7a414ef9ddfea35634d358955d1d,results/stage6/behavioural_full_rerun/qwen_primary_20260616T091228Z.jsonl,5.0e-07 C,5.0e-5 C,,-39.125,,,"[""stage6_qwen_behavioural_full_rerun""]"
qwen2p5_7b_instruct,CM_B_UM_040,,3,qwen2p5_7b_instruct:CM_B_UM_040:3:qwen_primary_20260616T091228Z,442a374a725714613855d97dde5d65ba16bd765162842a7b7e0266cde314636b,results/stage6/behavioural_full_rerun/qwen_primary_20260616T091228Z.jsonl,5.0e-07 C,5.0e-5 C,,-39.875,,,"[""stage6_qwen_behavioural_full_rerun""]"
qwen2p5_7b_instruct,CM_B_UM_041,,0,qwen2p5_7b_instruct:CM_B_UM_041:0:qwen_primary_20260616T091228Z,f4653d325b80149932dfe568a9f1c6288a90d214b1abd748422b7abab3084aa8,results/stage6/behavioural_full_rerun/qwen_primary_20260616T091228Z.jsonl,10 m/s,10.0 m/s,,-11.109375,,,"[""stage6_qwen_behavioural_full_rerun""]"
qwen2p5_7b_instruct,CM_B_UM_041,,1,qwen2p5_7b_instruct:CM_B_UM_041:1:qwen_primary_20260616T091228Z,5865f22898bfe7b2fc3ff83928ad95d4d5b6fd7cb146f9479a881479a81445c0,results/stage6/behavioural_full_rerun/qwen_primary_20260616T091228Z.jsonl,10 m/s,10.0 m/s,,-11.3125,,,"[""stage6_qwen_behavioural_full_rerun""]"
qwen2p5_7b_instruct,CM_B_UM_041,,2,qwen2p5_7b_instruct:CM_B_UM_041:2:qwen_primary_20260616T091228Z,35955a5ca12bab2b6b91a63271fdddaa4f21db8bd0963039cc5bbbe7a84937bf,results/stage6/behavioural_full_rerun/qwen_primary_20260616T091228Z.jsonl,10.0 m/s,10.0 m/s,,-11.0703125,,,"[""stage6_qwen_behavioural_full_rerun""]"
qwen2p5_7b_instruct,CM_B_UM_041,,3,qwen2p5_7b_instruct:CM_B_UM_041:3:qwen_primary_20260616T091228Z,450c15d5b5e11f145795f45fa4948249052e2627426ca301f897ea49e745f36b,results/stage6/behavioural_full_rerun/qwen_primary_20260616T091228Z.jsonl,10.0 m/s,10.0 m/s,,-10.34375,,,"[""stage6_qwen_behavioural_full_rerun""]"
qwen2p5_7b_instruct,CM_B_UM_042,,0,qwen2p5_7b_instruct:CM_B_UM_042:0:qwen_primary_20260616T091228Z,a9e130134aec9d5184e93dd5961d7681d4caa4c82dfd754331cb6c57ff5a3045,results/stage6/behavioural_full_rerun/qwen_primary_20260616T091228Z.jsonl,15.0 m/s,15.0 m/s,,-27.984375,,,"[""stage6_qwen_behavioural_full_rerun""]"
qwen2p5_7b_instruct,CM_B_UM_042,,1,qwen2p5_7b_instruct:CM_B_UM_042:1:qwen_primary_20260616T091228Z,a1867d8a2158fe6c7f6b01247b435e2924727b7423f5f0a41cd5239e16580dbc,results/stage6/behavioural_full_rerun/qwen_primary_20260616T091228Z.jsonl,15.0 m/s,15.0 m/s,,-26.59375,,,"[""stage6_qwen_behavioural_full_rerun""]"
qwen2p5_7b_instruct,CM_B_UM_042,,2,qwen2p5_7b_instruct:CM_B_UM_042:2:qwen_primary_20260616T091228Z,6f955daa120c3c22324b8adbe482a931c3c38014d9386d327fa9af27e7b153d4,results/stage6/behavioural_full_rerun/qwen_primary_20260616T091228Z.jsonl,15.0 m/s,15.0 m/s,,-27.0,,,"[""stage6_qwen_behavioural_full_rerun""]"
qwen2p5_7b_instruct,CM_B_UM_042,,3,qwen2p5_7b_instruct:CM_B_UM_042:3:qwen_primary_20260616T091228Z,0bfb353dbd406cde2e6a2f3ea1e77f541cfd392cd7b04cff898da2905ea276e3,results/stage6/behavioural_full_rerun/qwen_primary_20260616T091228Z.jsonl,15.0 m/s,15.0 m/s,,-26.96875,,,"[""stage6_qwen_behavioural_full_rerun""]"
qwen2p5_7b_instruct,CM_B_UM_043,,0,qwen2p5_7b_instruct:CM_B_UM_043:0:qwen_primary_20260616T091228Z,deaea234b9a89ecea66a5d61af08fd690936db24fc1d14009966aa98882f1edb,results/stage6/behavioural_full_rerun/qwen_primary_20260616T091228Z.jsonl,2.83 m/s,4.0 m/s,,-20.390625,,,"[""stage6_qwen_behavioural_full_rerun""]"
qwen2p5_7b_instruct,CM_B_UM_043,,1,qwen2p5_7b_instruct:CM_B_UM_043:1:qwen_primary_20260616T091228Z,4067df41cb9d5f5e505ffa0f43ec80d837d6b2bb2169cc4ef7ff9d59f78683ba,results/stage6/behavioural_full_rerun/qwen_primary_20260616T091228Z.jsonl,2.8 m/s,4.0 m/s,,-22.109375,,,"[""stage6_qwen_behavioural_full_rerun""]"
qwen2p5_7b_instruct,CM_B_UM_043,,2,qwen2p5_7b_instruct:CM_B_UM_043:2:qwen_primary_20260616T091228Z,8764ca6cf8ad0d1b6360f1e56701c59646eeebb728f83072d16ce3d7c147bf80,results/stage6/behavioural_full_rerun/qwen_primary_20260616T091228Z.jsonl,2.83 m/s,4.0 m/s,,-20.34375,,,"[""stage6_qwen_behavioural_full_rerun""]"
qwen2p5_7b_instruct,CM_B_UM_043,,3,qwen2p5_7b_instruct:CM_B_UM_043:3:qwen_primary_20260616T091228Z,1df9d2b7eb1ac1acfec5905921f7d99a28e93630a6d295afbeb46f91cd1780c2,results/stage6/behavioural_full_rerun/qwen_primary_20260616T091228Z.jsonl,4.0 m/s,4.0 m/s,,-20.9375,,,"[""stage6_qwen_behavioural_full_rerun""]"
qwen2p5_7b_instruct,CM_B_UM_044,,0,qwen2p5_7b_instruct:CM_B_UM_044:0:qwen_primary_20260616T091228Z,7552f1e1f6943f79f68047bb1965cbfd1184764a33b8e96b2eb6250b4054e818,results/stage6/behavioural_full_rerun/qwen_primary_20260616T091228Z.jsonl,10.0 m/s,10.0 m/s,,-31.21875,,,"[""stage6_qwen_behavioural_full_rerun""]"
qwen2p5_7b_instruct,CM_B_UM_044,,1,qwen2p5_7b_instruct:CM_B_UM_044:1:qwen_primary_20260616T091228Z,9a449b0cd34d616c53710b408bb0c2cfea4b4ffe4ef554dbef291aaef9c7c71f,results/stage6/behavioural_full_rerun/qwen_primary_20260616T091228Z.jsonl,10.0 m/s,10.0 m/s,,-31.359375,,,"[""stage6_qwen_behavioural_full_rerun""]"
qwen2p5_7b_instruct,CM_B_UM_044,,2,qwen2p5_7b_instruct:CM_B_UM_044:2:qwen_primary_20260616T091228Z,d4b78b18c9279a8130b353147a1515658a425acbe07afde44c074fabe7675f04,results/stage6/behavioural_full_rerun/qwen_primary_20260616T091228Z.jsonl,10.0 m/s,10.0 m/s,,-31.0625,,,"[""stage6_qwen_behavioural_full_rerun""]"
qwen2p5_7b_instruct,CM_B_UM_044,,3,qwen2p5_7b_instruct:CM_B_UM_044:3:qwen_primary_20260616T091228Z,76fd1299fc9d1873d5f6fefc0baf6166e6a7047bbfb3d9fa9131c62b2121206e,results/stage6/behavioural_full_rerun/qwen_primary_20260616T091228Z.jsonl,10.0 m/s,10.0 m/s,,-31.203125,,,"[""stage6_qwen_behavioural_full_rerun""]"
qwen2p5_7b_instruct,CM_B_UM_045,,0,qwen2p5_7b_instruct:CM_B_UM_045:0:qwen_primary_20260616T091228Z,b533049f6248bfbd6c536608ac773f604414eb5da47386e8597a7580c9c29824,results/stage6/behavioural_full_rerun/qwen_primary_20260616T091228Z.jsonl,6.0 m/s,6.0 m/s,,-7.796875,,,"[""stage6_qwen_behavioural_full_rerun""]"
qwen2p5_7b_instruct,CM_B_UM_045,,1,qwen2p5_7b_instruct:CM_B_UM_045:1:qwen_primary_20260616T091228Z,03888f5fb4e4969131f560769cbeb2f9dfadf97682482431d7c2950f6e2dbe51,results/stage6/behavioural_full_rerun/qwen_primary_20260616T091228Z.jsonl,6.0 m/s,6.0 m/s,,-7.78515625,,,"[""stage6_qwen_behavioural_full_rerun""]"
qwen2p5_7b_instruct,CM_B_UM_045,,2,qwen2p5_7b_instruct:CM_B_UM_045:2:qwen_primary_20260616T091228Z,a7171b5b84065ba4b08d88b02f4e5ff538dcd66620bfd693fbb1487e13bdd9cd,results/stage6/behavioural_full_rerun/qwen_primary_20260616T091228Z.jsonl,6.0 m/s,6.0 m/s,,-9.453125,,,"[""stage6_qwen_behavioural_full_rerun""]"
qwen2p5_7b_instruct,CM_B_UM_045,,3,qwen2p5_7b_instruct:CM_B_UM_045:3:qwen_primary_20260616T091228Z,a184854d670898a0669f73042fa8f9e0841e0a981b1920d99beed03652f9f875,results/stage6/behavioural_full_rerun/qwen_primary_20260616T091228Z.jsonl,6.0 m/s,6.0 m/s,,-8.03125,,,"[""stage6_qwen_behavioural_full_rerun""]"
qwen2p5_7b_instruct,CM_B_UM_046,,0,qwen2p5_7b_instruct:CM_B_UM_046:0:qwen_primary_20260616T091228Z,62d7d48f3d8b127456eeafbd4f21c42ef7264fa0ebc16440b344e7cab8b3e5f6,results/stage6/behavioural_full_rerun/qwen_primary_20260616T091228Z.jsonl,6.0 m/s,6.0 m/s,,-31.921875,,,"[""stage6_qwen_behavioural_full_rerun""]"
qwen2p5_7b_instruct,CM_B_UM_046,,1,qwen2p5_7b_instruct:CM_B_UM_046:1:qwen_primary_20260616T091228Z,7af4e53c85a792504f57ca8136254eebf9365dace6b3fdbfa0127d7a55939050,results/stage6/behavioural_full_rerun/qwen_primary_20260616T091228Z.jsonl,6.0 m/s,6.0 m/s,,-32.3125,,,"[""stage6_qwen_behavioural_full_rerun""]"
qwen2p5_7b_instruct,CM_B_UM_046,,2,qwen2p5_7b_instruct:CM_B_UM_046:2:qwen_primary_20260616T091228Z,33d0e3a2afebcdfb3bf4545cd5a63ff072ff4894615b51b6be5ed9ecb2282fb4,results/stage6/behavioural_full_rerun/qwen_primary_20260616T091228Z.jsonl,6.0 m/s,6.0 m/s,,-31.15625,,,"[""stage6_qwen_behavioural_full_rerun""]"
qwen2p5_7b_instruct,CM_B_UM_046,,3,qwen2p5_7b_instruct:CM_B_UM_046:3:qwen_primary_20260616T091228Z,4c53557c71855b815be667832e75e3bcdda5b979696fa6d4c705f55ac715fe02,results/stage6/behavioural_full_rerun/qwen_primary_20260616T091228Z.jsonl,6.0 m/s,6.0 m/s,,-32.1875,,,"[""stage6_qwen_behavioural_full_rerun""]"
qwen2p5_7b_instruct,CM_B_UM_047,,0,qwen2p5_7b_instruct:CM_B_UM_047:0:qwen_primary_20260616T091228Z,4270e7f8510f744d85a34f04f88d009166496aeb302b785ed1cec60274315297,results/stage6/behavioural_full_rerun/qwen_primary_20260616T091228Z.jsonl,9.9 m/s,9.899 m/s,,-41.4375,,,"[""stage6_qwen_behavioural_full_rerun""]"
qwen2p5_7b_instruct,CM_B_UM_047,,1,qwen2p5_7b_instruct:CM_B_UM_047:1:qwen_primary_20260616T091228Z,d5efa25edb149bc79109cfbc463537c624e7250fcf26d7571b460f5f868d5b29,results/stage6/behavioural_full_rerun/qwen_primary_20260616T091228Z.jsonl,9.9 m/s,9.899 m/s,,-40.125,,,"[""stage6_qwen_behavioural_full_rerun""]"
qwen2p5_7b_instruct,CM_B_UM_047,,2,qwen2p5_7b_instruct:CM_B_UM_047:2:qwen_primary_20260616T091228Z,b532e8a752d521b856d0f4dcb4c39b26eca4067d18454ab247fa966e19fd9d42,results/stage6/behavioural_full_rerun/qwen_primary_20260616T091228Z.jsonl,9.8 m/s,9.899 m/s,,-41.40625,,,"[""stage6_qwen_behavioural_full_rerun""]"
qwen2p5_7b_instruct,CM_B_UM_047,,3,qwen2p5_7b_instruct:CM_B_UM_047:3:qwen_primary_20260616T091228Z,e37388f5920c2e88f174ef4eb1c7c218eb361caec24f86cfbafb62dfb4017fac,results/stage6/behavioural_full_rerun/qwen_primary_20260616T091228Z.jsonl,9.9 m/s,9.899 m/s,,-43.4375,,,"[""stage6_qwen_behavioural_full_rerun""]"
qwen2p5_7b_instruct,CM_B_UM_048,,0,qwen2p5_7b_instruct:CM_B_UM_048:0:qwen_primary_20260616T091228Z,56c76544fd59f43de1c47bcef0e63f41ec2e9df1266c04930465231d614a21a9,results/stage6/behavioural_full_rerun/qwen_primary_20260616T091228Z.jsonl,4.0 m/s,4.4 m/s,,-17.1875,,,"[""stage6_qwen_behavioural_full_rerun""]"
qwen2p5_7b_instruct,CM_B_UM_048,,1,qwen2p5_7b_instruct:CM_B_UM_048:1:qwen_primary_20260616T091228Z,73c303ce80f2003c065c7b869af24bb2eb5808d6acfc8c839b8f31888ee339b4,results/stage6/behavioural_full_rerun/qwen_primary_20260616T091228Z.jsonl,4.0 m/s,4.4 m/s,,-14.953125,,,"[""stage6_qwen_behavioural_full_rerun""]"
qwen2p5_7b_instruct,CM_B_UM_048,,2,qwen2p5_7b_instruct:CM_B_UM_048:2:qwen_primary_20260616T091228Z,320e0065790d0d31d32d63d1ac419427efe03599ea85c7aa7b66a5f8dcc0958e,results/stage6/behavioural_full_rerun/qwen_primary_20260616T091228Z.jsonl,4.0 m/s,4.4 m/s,,-14.1015625,,,"[""stage6_qwen_behavioural_full_rerun""]"
qwen2p5_7b_instruct,CM_B_UM_048,,3,qwen2p5_7b_instruct:CM_B_UM_048:3:qwen_primary_20260616T091228Z,117e41cbabfaaebd46ef17f0c1734b57dc7a326195d34b010423ec66145d73b9,results/stage6/behavioural_full_rerun/qwen_primary_20260616T091228Z.jsonl,4.0 m/s,4.4 m/s,,-15.7265625,,,"[""stage6_qwen_behavioural_full_rerun""]"
qwen2p5_7b_instruct,CM_B_UM_049,,0,qwen2p5_7b_instruct:CM_B_UM_049:0:qwen_primary_20260616T091228Z,610cfa7055c7328769caecc590ea1a020ddbaee175132c3395d8f8996a32adb1,results/stage6/behavioural_full_rerun/qwen_primary_20260616T091228Z.jsonl,2.0 Hz,1.592 Hz,,-42.0625,,,"[""stage6_qwen_behavioural_full_rerun""]"
qwen2p5_7b_instruct,CM_B_UM_049,,1,qwen2p5_7b_instruct:CM_B_UM_049:1:qwen_primary_20260616T091228Z,a914b1258d320281d432e910b6064270f10024f2e60e4571f7d30d0d04792aab,results/stage6/behavioural_full_rerun/qwen_primary_20260616T091228Z.jsonl,2.0 Hz,1.592 Hz,,-40.6875,,,"[""stage6_qwen_behavioural_full_rerun""]"
qwen2p5_7b_instruct,CM_B_UM_049,,2,qwen2p5_7b_instruct:CM_B_UM_049:2:qwen_primary_20260616T091228Z,f69228cd18e034af10487f12aa17e24170b7732db4103f5b0b49f776b2f020df,results/stage6/behavioural_full_rerun/qwen_primary_20260616T091228Z.jsonl,2.0 Hz,1.592 Hz,,-43.96875,,,"[""stage6_qwen_behavioural_full_rerun""]"
qwen2p5_7b_instruct,CM_B_UM_049,,3,qwen2p5_7b_instruct:CM_B_UM_049:3:qwen_primary_20260616T091228Z,ed9a7969d3c4c1aadc9e796b4dfb29dc5259b91b08e4b2afcd140098c1b73faa,results/stage6/behavioural_full_rerun/qwen_primary_20260616T091228Z.jsonl,2.0 Hz,1.592 Hz,,-39.28125,,,"[""stage6_qwen_behavioural_full_rerun""]"
qwen2p5_7b_instruct,CM_B_UM_050,,0,qwen2p5_7b_instruct:CM_B_UM_050:0:qwen_primary_20260616T091228Z,2983f1d45a03acee1abf660f5f9df90dd74a13d7829b193a315930c01421f79f,results/stage6/behavioural_full_rerun/qwen_primary_20260616T091228Z.jsonl,0.707 Hz,0.796 Hz,,-21.671875,,,"[""stage6_qwen_behavioural_full_rerun""]"
qwen2p5_7b_instruct,CM_B_UM_050,,1,qwen2p5_7b_instruct:CM_B_UM_050:1:qwen_primary_20260616T091228Z,a3eaf11edaf802d58a15b09517e875973069c25c1d95a897f239662fad01411a,results/stage6/behavioural_full_rerun/qwen_primary_20260616T091228Z.jsonl,1.26 Hz,0.796 Hz,,-23.765625,,,"[""stage6_qwen_behavioural_full_rerun""]"
qwen2p5_7b_instruct,CM_B_UM_050,,2,qwen2p5_7b_instruct:CM_B_UM_050:2:qwen_primary_20260616T091228Z,01a2d93044a697a1e56f3b7a14c88c4fabbb692be13dc31c565b0bbbfe7a335c,results/stage6/behavioural_full_rerun/qwen_primary_20260616T091228Z.jsonl,1.23 Hz,0.796 Hz,,-22.21875,,,"[""stage6_qwen_behavioural_full_rerun""]"
qwen2p5_7b_instruct,CM_B_UM_050,,3,qwen2p5_7b_instruct:CM_B_UM_050:3:qwen_primary_20260616T091228Z,d27ae87fdc61b054094746b61c86fc5a7a487c3bbb71b4eb42987ddd80005593,results/stage6/behavioural_full_rerun/qwen_primary_20260616T091228Z.jsonl,1.0 Hz,0.796 Hz,,-20.4375,,,"[""stage6_qwen_behavioural_full_rerun""]"
qwen2p5_7b_instruct,CM_B_UM_051,,0,qwen2p5_7b_instruct:CM_B_UM_051:0:qwen_primary_20260616T091228Z,d1295acfdcd13814027c746d9b1586de3ecc7fea52fea2a74b66c75eb4204b45,results/stage6/behavioural_full_rerun/qwen_primary_20260616T091228Z.jsonl,0.7071 Hz,0.705 Hz,,-28.390625,,,"[""stage6_qwen_behavioural_full_rerun""]"
qwen2p5_7b_instruct,CM_B_UM_051,,1,qwen2p5_7b_instruct:CM_B_UM_051:1:qwen_primary_20260616T091228Z,ef8f0dbd0a4adddafdd6d96ce051ac2cfb1cc1c8b38337699e7519362c67cf69,results/stage6/behavioural_full_rerun/qwen_primary_20260616T091228Z.jsonl,0.313 Hz,0.705 Hz,,-24.0,,,"[""stage6_qwen_behavioural_full_rerun""]"
qwen2p5_7b_instruct,CM_B_UM_051,,2,qwen2p5_7b_instruct:CM_B_UM_051:2:qwen_primary_20260616T091228Z,34bd7ecadebc9dbb5eefae7ae6e461eaab7fd90ff52b8d03a7883582f61725a4,results/stage6/behavioural_full_rerun/qwen_primary_20260616T091228Z.jsonl,,0.705 Hz,,-27.0625,,,"[""stage6_qwen_behavioural_full_rerun""]"
qwen2p5_7b_instruct,CM_B_UM_051,,3,qwen2p5_7b_instruct:CM_B_UM_051:3:qwen_primary_20260616T091228Z,c7060ff79a4c34b7f5f2d9455922e2224c73269eb9bb5f535a8efe64ccaf4de1,results/stage6/behavioural_full_rerun/qwen_primary_20260616T091228Z.jsonl,,0.705 Hz,,-26.71875,,,"[""stage6_qwen_behavioural_full_rerun""]"
qwen2p5_7b_instruct,CM_B_UM_052,,0,qwen2p5_7b_instruct:CM_B_UM_052:0:qwen_primary_20260616T091228Z,f62525262b65c07c0495c5b4451c44d6bbac4b24c52f51e63142d28b25e0c7a1,results/stage6/behavioural_full_rerun/qwen_primary_20260616T091228Z.jsonl,,0.352 Hz,,-30.734375,,,"[""stage6_qwen_behavioural_full_rerun""]"
qwen2p5_7b_instruct,CM_B_UM_052,,1,qwen2p5_7b_instruct:CM_B_UM_052:1:qwen_primary_20260616T091228Z,a4a273ac612b10334789beb4ad85c9ab375a1daa9639df017b9c16f500b57df2,results/stage6/behavioural_full_rerun/qwen_primary_20260616T091228Z.jsonl,0.707 Hz,0.352 Hz,,-35.65625,,,"[""stage6_qwen_behavioural_full_rerun""]"
qwen2p5_7b_instruct,CM_B_UM_052,,2,qwen2p5_7b_instruct:CM_B_UM_052:2:qwen_primary_20260616T091228Z,d6a1fd5749e197a6e84af164abb1579eb39ce6dcf9d9aadaca25e797748125d5,results/stage6/behavioural_full_rerun/qwen_primary_20260616T091228Z.jsonl,0.707 Hz,0.352 Hz,,-31.90625,,,"[""stage6_qwen_behavioural_full_rerun""]"
qwen2p5_7b_instruct,CM_B_UM_052,,3,qwen2p5_7b_instruct:CM_B_UM_052:3:qwen_primary_20260616T091228Z,22258d5cdddf01da53bc006bd335129e2b4f430437018ab72fc21d484988168f,results/stage6/behavioural_full_rerun/qwen_primary_20260616T091228Z.jsonl,0.96 Hz,0.352 Hz,,-34.59375,,,"[""stage6_qwen_behavioural_full_rerun""]"
qwen2p5_7b_instruct,CM_B_UM_053,,0,qwen2p5_7b_instruct:CM_B_UM_053:0:qwen_primary_20260616T091228Z,afcb3c2603d0f2fd659f8c00ac2fa62dcc551ea779879e6841647ce8826cc399,results/stage6/behavioural_full_rerun/qwen_primary_20260616T091228Z.jsonl,1.26 Hz,1.592 Hz,,-40.25,,,"[""stage6_qwen_behavioural_full_rerun""]"
qwen2p5_7b_instruct,CM_B_UM_053,,1,qwen2p5_7b_instruct:CM_B_UM_053:1:qwen_primary_20260616T091228Z,d5b2a25e13a1d04d380bedcc1a1dad25ae780da18f81381dda96397d64e5a594,results/stage6/behavioural_full_rerun/qwen_primary_20260616T091228Z.jsonl,1.25 Hz,1.592 Hz,,-38.8125,,,"[""stage6_qwen_behavioural_full_rerun""]"
qwen2p5_7b_instruct,CM_B_UM_053,,2,qwen2p5_7b_instruct:CM_B_UM_053:2:qwen_primary_20260616T091228Z,d282c0a0b27e528ddc5584946fea3ff5f87ba52d9f12208c44ff44d71d0a4441,results/stage6/behavioural_full_rerun/qwen_primary_20260616T091228Z.jsonl,1.57 Hz,1.592 Hz,,-38.34375,,,"[""stage6_qwen_behavioural_full_rerun""]"
qwen2p5_7b_instruct,CM_B_UM_053,,3,qwen2p5_7b_instruct:CM_B_UM_053:3:qwen_primary_20260616T091228Z,308cb8db06ac9750e66d97fe432c50d092c48b16535bb5288b9ef5264dfdb9f1,results/stage6/behavioural_full_rerun/qwen_primary_20260616T091228Z.jsonl,1.26 Hz,1.592 Hz,,-38.0625,,,"[""stage6_qwen_behavioural_full_rerun""]"
qwen2p5_7b_instruct,CM_B_UM_054,,0,qwen2p5_7b_instruct:CM_B_UM_054:0:qwen_primary_20260616T091228Z,c27754ae240b7e0f65867e30c17a725db297b16805af625ea6f3d3e5b882ebc3,results/stage6/behavioural_full_rerun/qwen_primary_20260616T091228Z.jsonl,159.155 Hz,159.155 Hz,,-35.125,,,"[""stage6_qwen_behavioural_full_rerun""]"
qwen2p5_7b_instruct,CM_B_UM_054,,1,qwen2p5_7b_instruct:CM_B_UM_054:1:qwen_primary_20260616T091228Z,a121fd114a8821b72b7782096e4f64fd21e416ae06e0e7011b4773e8b914e785,results/stage6/behavioural_full_rerun/qwen_primary_20260616T091228Z.jsonl,159 Hz,159.155 Hz,,-25.28125,,,"[""stage6_qwen_behavioural_full_rerun""]"
qwen2p5_7b_instruct,CM_B_UM_054,,2,qwen2p5_7b_instruct:CM_B_UM_054:2:qwen_primary_20260616T091228Z,bf6c48d5fb46a1d2f03f39d342325976bc869e6b65e69dd7d2f2e82b36074391,results/stage6/behavioural_full_rerun/qwen_primary_20260616T091228Z.jsonl,1591.55 Hz,159.155 Hz,,-36.0,,,"[""stage6_qwen_behavioural_full_rerun""]"
qwen2p5_7b_instruct,CM_B_UM_054,,3,qwen2p5_7b_instruct:CM_B_UM_054:3:qwen_primary_20260616T091228Z,a7f10655671c22722721332ba7ba39c54b47de3dc3206ff3d7f01c8bc9fb2438,results/stage6/behavioural_full_rerun/qwen_primary_20260616T091228Z.jsonl,159.155 Hz,159.155 Hz,,-33.34375,,,"[""stage6_qwen_behavioural_full_rerun""]"
qwen2p5_7b_instruct,CM_B_UM_055,,0,qwen2p5_7b_instruct:CM_B_UM_055:0:qwen_primary_20260616T091228Z,8c92c8707f12b7fbaff37603013a9b2b4b2acb9ade8c35f8744e0ee87c17fd67,results/stage6/behavioural_full_rerun/qwen_primary_20260616T091228Z.jsonl,0.707 Hz,0.249 Hz,,-30.484375,,,"[""stage6_qwen_behavioural_full_rerun""]"
qwen2p5_7b_instruct,CM_B_UM_055,,1,qwen2p5_7b_instruct:CM_B_UM_055:1:qwen_primary_20260616T091228Z,90331fcd1d77414818738d2638fcb6987a0b0e591141d78c501f6de747b68be0,results/stage6/behavioural_full_rerun/qwen_primary_20260616T091228Z.jsonl,0.71 Hz,0.249 Hz,,-34.1875,,,"[""stage6_qwen_behavioural_full_rerun""]"
qwen2p5_7b_instruct,CM_B_UM_055,,2,qwen2p5_7b_instruct:CM_B_UM_055:2:qwen_primary_20260616T091228Z,b2d418efe6b5e7797bfbb0595dd76d997722a7acbbb9c542de5f83c117a38b39,results/stage6/behavioural_full_rerun/qwen_primary_20260616T091228Z.jsonl,0.72 Hz,0.249 Hz,,-35.65625,,,"[""stage6_qwen_behavioural_full_rerun""]"
qwen2p5_7b_instruct,CM_B_UM_055,,3,qwen2p5_7b_instruct:CM_B_UM_055:3:qwen_primary_20260616T091228Z,2a7f97834d909d65b5470fb83b9fc2f58eea1a4a5c2f1813e0f4b52165c00670,results/stage6/behavioural_full_rerun/qwen_primary_20260616T091228Z.jsonl,0.72 Hz,0.249 Hz,,-35.46875,,,"[""stage6_qwen_behavioural_full_rerun""]"
qwen2p5_7b_instruct,CM_B_UM_056,,0,qwen2p5_7b_instruct:CM_B_UM_056:0:qwen_primary_20260616T091228Z,65aa7889d699f6a3bcc62da7630b19aec38f42e6b91ef3e152d0763678a6e017,results/stage6/behavioural_full_rerun/qwen_primary_20260616T091228Z.jsonl,60.0 Hz,80.0 Hz,,-9.5390625,,,"[""stage6_qwen_behavioural_full_rerun""]"
qwen2p5_7b_instruct,CM_B_UM_056,,1,qwen2p5_7b_instruct:CM_B_UM_056:1:qwen_primary_20260616T091228Z,67d3a48b3dc02be75bde55b51484a18c37776bec75dba74f015003d39f475351,results/stage6/behavioural_full_rerun/qwen_primary_20260616T091228Z.jsonl,60.0 Hz,80.0 Hz,,-9.1171875,,,"[""stage6_qwen_behavioural_full_rerun""]"
qwen2p5_7b_instruct,CM_B_UM_056,,2,qwen2p5_7b_instruct:CM_B_UM_056:2:qwen_primary_20260616T091228Z,4376d9dd8c588c2ddbbb8f123efd7a492142fb335d5b00a0abad1701d8ce7327,results/stage6/behavioural_full_rerun/qwen_primary_20260616T091228Z.jsonl,60.0 Hz,80.0 Hz,,-10.203125,,,"[""stage6_qwen_behavioural_full_rerun""]"
qwen2p5_7b_instruct,CM_B_UM_056,,3,qwen2p5_7b_instruct:CM_B_UM_056:3:qwen_primary_20260616T091228Z,ac1132f31205a24eded850effec33adefc2d488197e7f89a260a9f64bf45fb2a,results/stage6/behavioural_full_rerun/qwen_primary_20260616T091228Z.jsonl,80 Hz,80.0 Hz,,-8.21875,,,"[""stage6_qwen_behavioural_full_rerun""]"
qwen2p5_7b_instruct,CM_B_UM_057,,0,qwen2p5_7b_instruct:CM_B_UM_057:0:qwen_primary_20260616T091228Z,72b250598da840bcda49617636042bb9bd37d79c981f30c1dcef0dde91ce35d5,results/stage6/behavioural_full_rerun/qwen_primary_20260616T091228Z.jsonl,12.0 N*m,12 N*m,,-43.53125,,,"[""stage6_qwen_behavioural_full_rerun""]"
qwen2p5_7b_instruct,CM_B_UM_057,,1,qwen2p5_7b_instruct:CM_B_UM_057:1:qwen_primary_20260616T091228Z,aa6c24d8f176cfe23632538b4df70ccd909af3e6f24587a5409b1e3e938a74c8,results/stage6/behavioural_full_rerun/qwen_primary_20260616T091228Z.jsonl,12.0 N*m,12 N*m,,-42.3125,,,"[""stage6_qwen_behavioural_full_rerun""]"
qwen2p5_7b_instruct,CM_B_UM_057,,2,qwen2p5_7b_instruct:CM_B_UM_057:2:qwen_primary_20260616T091228Z,e8bc82e846ae1e117f5d26da64fc739eddc4c58c1926116035dc957609852090,results/stage6/behavioural_full_rerun/qwen_primary_20260616T091228Z.jsonl,12.0 N*m,12 N*m,,-39.75,,,"[""stage6_qwen_behavioural_full_rerun""]"
qwen2p5_7b_instruct,CM_B_UM_057,,3,qwen2p5_7b_instruct:CM_B_UM_057:3:qwen_primary_20260616T091228Z,d9c453880aae031be1adb983917502e8ab19cf129de6e97426528fc0df3ba940,results/stage6/behavioural_full_rerun/qwen_primary_20260616T091228Z.jsonl,12.0 N*m,12 N*m,,-43.125,,,"[""stage6_qwen_behavioural_full_rerun""]"
qwen2p5_7b_instruct,CM_B_UM_058,,0,qwen2p5_7b_instruct:CM_B_UM_058:0:qwen_primary_20260616T091228Z,1216835c2602c3f3c641e3728c12a00244422f4f32a8db99ccb0c70544685966,results/stage6/behavioural_full_rerun/qwen_primary_20260616T091228Z.jsonl,15.0 N*m,15 N*m,,-43.9375,,,"[""stage6_qwen_behavioural_full_rerun""]"
qwen2p5_7b_instruct,CM_B_UM_058,,1,qwen2p5_7b_instruct:CM_B_UM_058:1:qwen_primary_20260616T091228Z,b05272da84049a25b12777d2b3ef9d6aeb2752e52356897f59f2f73d433595ed,results/stage6/behavioural_full_rerun/qwen_primary_20260616T091228Z.jsonl,15.0 N*m,15 N*m,,-44.46875,,,"[""stage6_qwen_behavioural_full_rerun""]"
qwen2p5_7b_instruct,CM_B_UM_058,,2,qwen2p5_7b_instruct:CM_B_UM_058:2:qwen_primary_20260616T091228Z,a71d23e4e4e50802db6e977766a3cad3549b1baa9a667d6571c3cfe621be92ad,results/stage6/behavioural_full_rerun/qwen_primary_20260616T091228Z.jsonl,15.0 N*m,15 N*m,,-42.0625,,,"[""stage6_qwen_behavioural_full_rerun""]"
qwen2p5_7b_instruct,CM_B_UM_058,,3,qwen2p5_7b_instruct:CM_B_UM_058:3:qwen_primary_20260616T091228Z,71b6d4e107bdb0f78c19a1b8cd714ea810e3d6e9f07d763d3be88493aff23fb6,results/stage6/behavioural_full_rerun/qwen_primary_20260616T091228Z.jsonl,15.0 N*m,15 N*m,,-44.03125,,,"[""stage6_qwen_behavioural_full_rerun""]"
qwen2p5_7b_instruct,CM_B_UM_059,,0,qwen2p5_7b_instruct:CM_B_UM_059:0:qwen_primary_20260616T091228Z,8f4723b478c4da702daac642829e15ebc2d9fda029934a43c14f10c473af2ce0,results/stage6/behavioural_full_rerun/qwen_primary_20260616T091228Z.jsonl,13.86 N*m,6.928 N*m,,-45.53125,,,"[""stage6_qwen_behavioural_full_rerun""]"
qwen2p5_7b_instruct,CM_B_UM_059,,1,qwen2p5_7b_instruct:CM_B_UM_059:1:qwen_primary_20260616T091228Z,07f276c722730edabb33083b40a61613a0a418568392d5f24c2576b272a0f5e2,results/stage6/behavioural_full_rerun/qwen_primary_20260616T091228Z.jsonl,6.84 N*m,6.928 N*m,,-55.5625,,,"[""stage6_qwen_behavioural_full_rerun""]"
qwen2p5_7b_instruct,CM_B_UM_059,,2,qwen2p5_7b_instruct:CM_B_UM_059:2:qwen_primary_20260616T091228Z,d9866bbd71d4fa14fdbd8e9fd75cd4c014e7aefdad7a39b89e40f1309bc8afd7,results/stage6/behavioural_full_rerun/qwen_primary_20260616T091228Z.jsonl,8.0 N*m,6.928 N*m,,-45.0,,,"[""stage6_qwen_behavioural_full_rerun""]"
qwen2p5_7b_instruct,CM_B_UM_059,,3,qwen2p5_7b_instruct:CM_B_UM_059:3:qwen_primary_20260616T091228Z,e27e5311cefb18b0c031f331c24e4ad4f8a7fd57eaeb635607088514d043905b,results/stage6/behavioural_full_rerun/qwen_primary_20260616T091228Z.jsonl,8.0 N*m,6.928 N*m,,-46.46875,,,"[""stage6_qwen_behavioural_full_rerun""]"
qwen2p5_7b_instruct,CM_B_UM_060,,0,qwen2p5_7b_instruct:CM_B_UM_060:0:qwen_primary_20260616T091228Z,55edae5b80ffb1ddff14d6dbf20a1de0ee50f735104082bea5b5b1d690b2677f,results/stage6/behavioural_full_rerun/qwen_primary_20260616T091228Z.jsonl,8.0 N*m,8 N*m,,-45.9375,,,"[""stage6_qwen_behavioural_full_rerun""]"
qwen2p5_7b_instruct,CM_B_UM_060,,1,qwen2p5_7b_instruct:CM_B_UM_060:1:qwen_primary_20260616T091228Z,479cada41cfd67d3085dac08b2dbf678f4b73dc8469a641c7073c56b1448d89f,results/stage6/behavioural_full_rerun/qwen_primary_20260616T091228Z.jsonl,8.0 N*m,8 N*m,,-43.1875,,,"[""stage6_qwen_behavioural_full_rerun""]"
qwen2p5_7b_instruct,CM_B_UM_060,,2,qwen2p5_7b_instruct:CM_B_UM_060:2:qwen_primary_20260616T091228Z,b3f1f3358079482794b2ab77adfa4343c78989809eb1d13978780f883efe0075,results/stage6/behavioural_full_rerun/qwen_primary_20260616T091228Z.jsonl,8.0 N*m,8 N*m,,-46.40625,,,"[""stage6_qwen_behavioural_full_rerun""]"
qwen2p5_7b_instruct,CM_B_UM_060,,3,qwen2p5_7b_instruct:CM_B_UM_060:3:qwen_primary_20260616T091228Z,920c89c550f3bdf9261507162fe129cd11015959b68430d979715d756d4b037e,results/stage6/behavioural_full_rerun/qwen_primary_20260616T091228Z.jsonl,8.0 N*m,8 N*m,,-45.875,,,"[""stage6_qwen_behavioural_full_rerun""]"
qwen2p5_7b_instruct,CM_B_UM_061,,0,qwen2p5_7b_instruct:CM_B_UM_061:0:qwen_primary_20260620T084819Z,b9520c795c82d1fb7a85edf927f8454773faeb0e76d8661bf44c61792bc5d0c2,results/stage11/behavioural_expansion/qwen_primary_20260620T084819Z.jsonl,6.93 N*m,6.928 N*m,,-37.03125,,,"[""stage11_expansion_behavioural_qwen""]"
qwen2p5_7b_instruct,CM_B_UM_061,,1,qwen2p5_7b_instruct:CM_B_UM_061:1:qwen_primary_20260620T084819Z,8a65e0d18eeb6b2fe21c6f753ad378108ee67fdebaeeaae59978c4cd3ba13065,results/stage11/behavioural_expansion/qwen_primary_20260620T084819Z.jsonl,6.93 N*m,6.928 N*m,,-37.84375,,,"[""stage11_expansion_behavioural_qwen""]"
qwen2p5_7b_instruct,CM_B_UM_061,,2,qwen2p5_7b_instruct:CM_B_UM_061:2:qwen_primary_20260620T084819Z,a1af61821fd010deb5c7a8d03d302d51bda4f0e201f398b6ef50320fa9e38070,results/stage11/behavioural_expansion/qwen_primary_20260620T084819Z.jsonl,6.93 N*m,6.928 N*m,,-40.90625,,,"[""stage11_expansion_behavioural_qwen""]"
qwen2p5_7b_instruct,CM_B_UM_061,,3,qwen2p5_7b_instruct:CM_B_UM_061:3:qwen_primary_20260620T084819Z,f12b7531f6e7059b5b0b2d1fcc63a0063304cbf1084ac29745401cbb154114fa,results/stage11/behavioural_expansion/qwen_primary_20260620T084819Z.jsonl,6.93 N*m,6.928 N*m,,-40.21875,,,"[""stage11_expansion_behavioural_qwen""]"
qwen2p5_7b_instruct,CM_B_UM_062,,0,qwen2p5_7b_instruct:CM_B_UM_062:0:qwen_primary_20260620T084819Z,665caadfbc695322b44b3549df3a6e46a7d4e3419106adafddd8fde9686454cb,results/stage11/behavioural_expansion/qwen_primary_20260620T084819Z.jsonl,24.48 N,24.48 N,,-28.125,,,"[""stage11_expansion_behavioural_qwen""]"
qwen2p5_7b_instruct,CM_B_UM_062,,1,qwen2p5_7b_instruct:CM_B_UM_062:1:qwen_primary_20260620T084819Z,71294a59015042d86d18628f990d48f1696ad84ed0aff25364f8f575e3d5f346,results/stage11/behavioural_expansion/qwen_primary_20260620T084819Z.jsonl,24.48 N,24.48 N,,-28.203125,,,"[""stage11_expansion_behavioural_qwen""]"
qwen2p5_7b_instruct,CM_B_UM_062,,2,qwen2p5_7b_instruct:CM_B_UM_062:2:qwen_primary_20260620T084819Z,79b7c5dd01ddd6a3e20de1233a50ef294f5db1bfba5871a4046bb67e8b1aaf41,results/stage11/behavioural_expansion/qwen_primary_20260620T084819Z.jsonl,24.48 N,24.48 N,,-27.828125,,,"[""stage11_expansion_behavioural_qwen""]"
qwen2p5_7b_instruct,CM_B_UM_062,,3,qwen2p5_7b_instruct:CM_B_UM_062:3:qwen_primary_20260620T084819Z,74b97841d9885043382bbaca58a552b75b4460fa6dbe6d27d697b0b594478cda,results/stage11/behavioural_expansion/qwen_primary_20260620T084819Z.jsonl,24.48 N,24.48 N,,-27.984375,,,"[""stage11_expansion_behavioural_qwen""]"
qwen2p5_7b_instruct,CM_B_UM_063,,0,qwen2p5_7b_instruct:CM_B_UM_063:0:qwen_primary_20260620T084819Z,d9b99d3c9f9ee5b1e4aa92dd6c7ff59cecc4c28383b4e15d405a7ebe5f2e395a,results/stage11/behavioural_expansion/qwen_primary_20260620T084819Z.jsonl,18.72 J,18.72 J,,-24.953125,,,"[""stage11_expansion_behavioural_qwen""]"
qwen2p5_7b_instruct,CM_B_UM_063,,1,qwen2p5_7b_instruct:CM_B_UM_063:1:qwen_primary_20260620T084819Z,06714acae5e3a627c045f0b25340017bc9c9df77320b3b0fa42db2ceacb8fb85,results/stage11/behavioural_expansion/qwen_primary_20260620T084819Z.jsonl,18.72 J,18.72 J,,-24.609375,,,"[""stage11_expansion_behavioural_qwen""]"
qwen2p5_7b_instruct,CM_B_UM_063,,2,qwen2p5_7b_instruct:CM_B_UM_063:2:qwen_primary_20260620T084819Z,e870b9628085ea6160cb64645075e92e5308addd8cef65420ad2d28f2b8f6028,results/stage11/behavioural_expansion/qwen_primary_20260620T084819Z.jsonl,18.72 J,18.72 J,,-24.1875,,,"[""stage11_expansion_behavioural_qwen""]"
qwen2p5_7b_instruct,CM_B_UM_063,,3,qwen2p5_7b_instruct:CM_B_UM_063:3:qwen_primary_20260620T084819Z,272bacb73aa69264155430db7e8be47bb573241ad7ef2f973af22c4c800fe1cb,results/stage11/behavioural_expansion/qwen_primary_20260620T084819Z.jsonl,18.72 J,18.72 J,,-24.421875,,,"[""stage11_expansion_behavioural_qwen""]"
qwen2p5_7b_instruct,CM_C_001,,0,qwen2p5_7b_instruct:CM_C_001:0:qwen_primary_20260616T091228Z,bd24edd261c5f6a40dc56d4b29f7ec29f6cdd8d74dc803d0dcf1122126fdb62e,results/stage6/behavioural_full_rerun/qwen_primary_20260616T091228Z.jsonl,30 m/s,30.0 m/s,,-36.03125,,,"[""stage6_qwen_behavioural_full_rerun""]"
qwen2p5_7b_instruct,CM_C_001,,1,qwen2p5_7b_instruct:CM_C_001:1:qwen_primary_20260616T091228Z,50ea3e0695378835341dc17f2c3367e1a834e1ddcdd2dd6e55fd2c4f016ae186,results/stage6/behavioural_full_rerun/qwen_primary_20260616T091228Z.jsonl,30 m/s,30.0 m/s,,-38.8125,,,"[""stage6_qwen_behavioural_full_rerun""]"
qwen2p5_7b_instruct,CM_C_001,,2,qwen2p5_7b_instruct:CM_C_001:2:qwen_primary_20260616T091228Z,22239c12d23e9b5c06af765bf7abb3c2d88ff6a634f2b97f27b1d346c31e14d8,results/stage6/behavioural_full_rerun/qwen_primary_20260616T091228Z.jsonl,30 m/s,30.0 m/s,,-33.65625,,,"[""stage6_qwen_behavioural_full_rerun""]"
qwen2p5_7b_instruct,CM_C_001,,3,qwen2p5_7b_instruct:CM_C_001:3:qwen_primary_20260616T091228Z,f05b1cbd62adaf5944eb59af9c02f0411d6e79c6c213bfbaf1d3565454c9286a,results/stage6/behavioural_full_rerun/qwen_primary_20260616T091228Z.jsonl,30 m/s,30.0 m/s,,-40.4375,,,"[""stage6_qwen_behavioural_full_rerun""]"
qwen2p5_7b_instruct,CM_C_002,,0,qwen2p5_7b_instruct:CM_C_002:0:qwen_primary_20260616T091228Z,b1d6e94436e33209cf46661c34a7dd862e90a15bcab101e595db65bf2a200704,results/stage6/behavioural_full_rerun/qwen_primary_20260616T091228Z.jsonl,,50.0 N,,-37.90625,,,"[""stage6_qwen_behavioural_full_rerun""]"
qwen2p5_7b_instruct,CM_C_002,,1,qwen2p5_7b_instruct:CM_C_002:1:qwen_primary_20260616T091228Z,0d46b581a29758733350f7a0e7691e73734d888d1cf740ce7c55c26f66dde810,results/stage6/behavioural_full_rerun/qwen_primary_20260616T091228Z.jsonl,50 N,50.0 N,,-41.5625,,,"[""stage6_qwen_behavioural_full_rerun""]"
qwen2p5_7b_instruct,CM_C_002,,2,qwen2p5_7b_instruct:CM_C_002:2:qwen_primary_20260616T091228Z,7b7dae08ece59b58f0b12228345be96916bf699ae9b5a62b7610b350ec76435c,results/stage6/behavioural_full_rerun/qwen_primary_20260616T091228Z.jsonl,50 N,50.0 N,,-34.75,,,"[""stage6_qwen_behavioural_full_rerun""]"
qwen2p5_7b_instruct,CM_C_002,,3,qwen2p5_7b_instruct:CM_C_002:3:qwen_primary_20260616T091228Z,6fbd0ab7dc15d3855fe355dd3e97f45562c583c9437717e15da701f51afbc823,results/stage6/behavioural_full_rerun/qwen_primary_20260616T091228Z.jsonl,500 N,50.0 N,,-44.6875,,,"[""stage6_qwen_behavioural_full_rerun""]"
qwen2p5_7b_instruct,CM_C_003,,0,qwen2p5_7b_instruct:CM_C_003:0:qwen_primary_20260616T091228Z,b628d866ccad03f84d820469f52828e1888eb33c01760c0f68551781a211efc2,results/stage6/behavioural_full_rerun/qwen_primary_20260616T091228Z.jsonl,1000 J,1000 J,,-22.046875,,,"[""stage6_qwen_behavioural_full_rerun""]"
qwen2p5_7b_instruct,CM_C_003,,1,qwen2p5_7b_instruct:CM_C_003:1:qwen_primary_20260616T091228Z,951130d05c4b5a2258c3ae34380cdcedbf8a31eec8e8097132be80ff31558fb9,results/stage6/behavioural_full_rerun/qwen_primary_20260616T091228Z.jsonl,1000 J,1000 J,,-26.0,,,"[""stage6_qwen_behavioural_full_rerun""]"
qwen2p5_7b_instruct,CM_C_003,,2,qwen2p5_7b_instruct:CM_C_003:2:qwen_primary_20260616T091228Z,c52228174a81e956fd851f2fff8971e845e0c6175f2bcb2f4575e43d79ad99ea,results/stage6/behavioural_full_rerun/qwen_primary_20260616T091228Z.jsonl,1000 J,1000 J,,-28.59375,,,"[""stage6_qwen_behavioural_full_rerun""]"
qwen2p5_7b_instruct,CM_C_003,,3,qwen2p5_7b_instruct:CM_C_003:3:qwen_primary_20260616T091228Z,e8534e38f14ea8dec4aad13589aaf0371cee9474379c51770c97ad2d6cec74ef,results/stage6/behavioural_full_rerun/qwen_primary_20260616T091228Z.jsonl,1000 J,1000 J,,-25.609375,,,"[""stage6_qwen_behavioural_full_rerun""]"
qwen2p5_7b_instruct,CM_C_004,,0,qwen2p5_7b_instruct:CM_C_004:0:qwen_primary_20260616T091228Z,afff9b6d32eb88c12bcaea40ef3362e0cf3dd1012244d1a4b4fc9fd8a6075e2b,results/stage6/behavioural_full_rerun/qwen_primary_20260616T091228Z.jsonl,,200 W,,-19.453125,,,"[""stage6_qwen_behavioural_full_rerun""]"
qwen2p5_7b_instruct,CM_C_004,,1,qwen2p5_7b_instruct:CM_C_004:1:qwen_primary_20260616T091228Z,c204fc5e7102dee8195375c27984a3c5e7db1da82fcfa6177a1b5e981a0c496e,results/stage6/behavioural_full_rerun/qwen_primary_20260616T091228Z.jsonl,200 W,200 W,,-33.0,,,"[""stage6_qwen_behavioural_full_rerun""]"
qwen2p5_7b_instruct,CM_C_004,,2,qwen2p5_7b_instruct:CM_C_004:2:qwen_primary_20260616T091228Z,d827c5623d205e3f2eca23be154dc60e9289c610b65cb3b9df909634c4e1c909,results/stage6/behavioural_full_rerun/qwen_primary_20260616T091228Z.jsonl,200 W,200 W,,-24.890625,,,"[""stage6_qwen_behavioural_full_rerun""]"
qwen2p5_7b_instruct,CM_C_004,,3,qwen2p5_7b_instruct:CM_C_004:3:qwen_primary_20260616T091228Z,b46439ce45c175b790bc05a9facb70dc15e749ba5431c5ef60c12deffe82e4f3,results/stage6/behavioural_full_rerun/qwen_primary_20260616T091228Z.jsonl,200 W,200 W,,-30.3125,,,"[""stage6_qwen_behavioural_full_rerun""]"
qwen2p5_7b_instruct,CM_C_005,,0,qwen2p5_7b_instruct:CM_C_005:0:qwen_primary_20260616T091228Z,2bd560424a2a5d49d7d3200c6353afe3b800d33b8c342d9b8914cc998848928e,results/stage6/behavioural_full_rerun/qwen_primary_20260616T091228Z.jsonl,50 Hz,50 Hz,,-21.515625,,,"[""stage6_qwen_behavioural_full_rerun""]"
qwen2p5_7b_instruct,CM_C_005,,1,qwen2p5_7b_instruct:CM_C_005:1:qwen_primary_20260616T091228Z,7d8ebe846b5d420ff04887b6b7de1395d6d02d261db3b6ccc499ac5c29b009d4,results/stage6/behavioural_full_rerun/qwen_primary_20260616T091228Z.jsonl,50 Hz,50 Hz,,-28.1875,,,"[""stage6_qwen_behavioural_full_rerun""]"
qwen2p5_7b_instruct,CM_C_005,,2,qwen2p5_7b_instruct:CM_C_005:2:qwen_primary_20260616T091228Z,f6a6c5e191891dd4ccb18103c7cbcffaaf86262fbbdf89094c74d326157c667e,results/stage6/behavioural_full_rerun/qwen_primary_20260616T091228Z.jsonl,50 Hz,50 Hz,,-28.375,,,"[""stage6_qwen_behavioural_full_rerun""]"
qwen2p5_7b_instruct,CM_C_005,,3,qwen2p5_7b_instruct:CM_C_005:3:qwen_primary_20260616T091228Z,6ec4cb8c8584520fb5af63fbb2155dfc12552d80df5ac07b6efc1be084c65c15,results/stage6/behavioural_full_rerun/qwen_primary_20260616T091228Z.jsonl,50 Hz,50 Hz,,-35.34375,,,"[""stage6_qwen_behavioural_full_rerun""]"
qwen2p5_7b_instruct,CM_C_006,,0,qwen2p5_7b_instruct:CM_C_006:0:qwen_primary_20260620T084819Z,e17841a2518cc5bf23e66ac8584a008dae6468c50165ac7224914e261cf6fb68,results/stage11/behavioural_expansion/qwen_primary_20260620T084819Z.jsonl,,2.0 C,,-31.203125,,,"[""stage11_expansion_behavioural_qwen""]"
qwen2p5_7b_instruct,CM_C_006,,1,qwen2p5_7b_instruct:CM_C_006:1:qwen_primary_20260620T084819Z,a533207c01ac0aeec476619825efdc2aa59c27a0ade66adefae521a4f6562526,results/stage11/behavioural_expansion/qwen_primary_20260620T084819Z.jsonl,2 C,2.0 C,,-30.609375,,,"[""stage11_expansion_behavioural_qwen""]"
qwen2p5_7b_instruct,CM_C_006,,2,qwen2p5_7b_instruct:CM_C_006:2:qwen_primary_20260620T084819Z,ed762225bab2ee199c01ac79326e1e54b78e086580a4751b7c6b21c4c7df4688,results/stage11/behavioural_expansion/qwen_primary_20260620T084819Z.jsonl,2 C,2.0 C,,-31.015625,,,"[""stage11_expansion_behavioural_qwen""]"
qwen2p5_7b_instruct,CM_C_006,,3,qwen2p5_7b_instruct:CM_C_006:3:qwen_primary_20260620T084819Z,89ede0004f9b178ff3b03c3dd1119316c418a6590d2cabd71208df472789c7ae,results/stage11/behavioural_expansion/qwen_primary_20260620T084819Z.jsonl,2 C,2.0 C,,-41.6875,,,"[""stage11_expansion_behavioural_qwen""]"
qwen2p5_7b_instruct,CM_C_007,,0,qwen2p5_7b_instruct:CM_C_007:0:qwen_primary_20260620T084819Z,fa10e8d3e2febf0bf77a4213be5dd5ccd34af7722ed6f6ceacdfbff97e41c965,results/stage11/behavioural_expansion/qwen_primary_20260620T084819Z.jsonl,101325 Pa,101325 Pa,,-20.4375,,,"[""stage11_expansion_behavioural_qwen""]"
qwen2p5_7b_instruct,CM_C_007,,1,qwen2p5_7b_instruct:CM_C_007:1:qwen_primary_20260620T084819Z,da354114e88cb02037b4aa5bd3eb7c117c4b308e81e9b0aa2ae32ec421e14184,results/stage11/behavioural_expansion/qwen_primary_20260620T084819Z.jsonl,101325 Pa,101325 Pa,,-27.5625,,,"[""stage11_expansion_behavioural_qwen""]"
qwen2p5_7b_instruct,CM_C_007,,2,qwen2p5_7b_instruct:CM_C_007:2:qwen_primary_20260620T084819Z,db33973912de8b3000520c17ae166c5b466937577511adf37035401859de7a4d,results/stage11/behavioural_expansion/qwen_primary_20260620T084819Z.jsonl,101325 Pa,101325 Pa,,-23.203125,,,"[""stage11_expansion_behavioural_qwen""]"
qwen2p5_7b_instruct,CM_C_007,,3,qwen2p5_7b_instruct:CM_C_007:3:qwen_primary_20260620T084819Z,78d932692f296b361f6cd4d3d4187c44d84b50ee74607011a17a32535dcb418e,results/stage11/behavioural_expansion/qwen_primary_20260620T084819Z.jsonl,101325 Pa,101325 Pa,,-25.9375,,,"[""stage11_expansion_behavioural_qwen""]"
qwen2p5_7b_instruct,CM_C_008,,0,qwen2p5_7b_instruct:CM_C_008:0:qwen_primary_20260620T084819Z,447c8ac6ccf1a65ede89b7ac57382dbeae001a44215df22b8c118d47fff16b2c,results/stage11/behavioural_expansion/qwen_primary_20260620T084819Z.jsonl,,0.75 A,,-22.703125,,,"[""stage11_expansion_behavioural_qwen""]"
qwen2p5_7b_instruct,CM_C_008,,1,qwen2p5_7b_instruct:CM_C_008:1:qwen_primary_20260620T084819Z,651c5b8136b7c186b6fdc0cba8ba755dd50c63b4fe1e018ad307298a67a67428,results/stage11/behavioural_expansion/qwen_primary_20260620T084819Z.jsonl,0.75 A,0.75 A,,-33.90625,,,"[""stage11_expansion_behavioural_qwen""]"
qwen2p5_7b_instruct,CM_C_008,,2,qwen2p5_7b_instruct:CM_C_008:2:qwen_primary_20260620T084819Z,95c9b0992e6cbb4787d4486352c4842c356b35c499dc61ce978353475ad98e7b,results/stage11/behavioural_expansion/qwen_primary_20260620T084819Z.jsonl,0.75 A,0.75 A,,-33.59375,,,"[""stage11_expansion_behavioural_qwen""]"
qwen2p5_7b_instruct,CM_C_008,,3,qwen2p5_7b_instruct:CM_C_008:3:qwen_primary_20260620T084819Z,f8a26378f9789928f6b45fda5e2f705e5f69aff802c942b1a31c44c39982be36,results/stage11/behavioural_expansion/qwen_primary_20260620T084819Z.jsonl,0.75 A,0.75 A,,-27.25,,,"[""stage11_expansion_behavioural_qwen""]"
qwen2p5_7b_instruct,CM_C_009,,0,qwen2p5_7b_instruct:CM_C_009:0:qwen_primary_20260620T084819Z,2999226ea2d3ec56c267bc78d02f7c84fa2d885161efa8e68dcaaa859776a15a,results/stage11/behavioural_expansion/qwen_primary_20260620T084819Z.jsonl,12 V,12.0 V,,-41.75,,,"[""stage11_expansion_behavioural_qwen""]"
qwen2p5_7b_instruct,CM_C_009,,1,qwen2p5_7b_instruct:CM_C_009:1:qwen_primary_20260620T084819Z,c317971b4eff5a69676e98bc37fef094623afd8d65517c99ed1f0c6d585be96d,results/stage11/behavioural_expansion/qwen_primary_20260620T084819Z.jsonl,12 V,12.0 V,,-39.59375,,,"[""stage11_expansion_behavioural_qwen""]"
qwen2p5_7b_instruct,CM_C_009,,2,qwen2p5_7b_instruct:CM_C_009:2:qwen_primary_20260620T084819Z,e3cc6f7d7056e2d6953773165733fd49787c9a48e0a20192f17c4d8f6f6cf2f8,results/stage11/behavioural_expansion/qwen_primary_20260620T084819Z.jsonl,12 V,12.0 V,,-40.84375,,,"[""stage11_expansion_behavioural_qwen""]"
qwen2p5_7b_instruct,CM_C_009,,3,qwen2p5_7b_instruct:CM_C_009:3:qwen_primary_20260620T084819Z,4c8783230bb613499bd7e3744f597ec0fd6b1284334a761f8e4f9ed9dd299e69,results/stage11/behavioural_expansion/qwen_primary_20260620T084819Z.jsonl,12 V,12.0 V,,-38.84375,,,"[""stage11_expansion_behavioural_qwen""]"
qwen2p5_7b_instruct,CM_C_010,,0,qwen2p5_7b_instruct:CM_C_010:0:qwen_primary_20260620T084819Z,39fca4233efb27bfe3cf8018765014194bb3f0249a41f57599f7d8fb96b2a67e,results/stage11/behavioural_expansion/qwen_primary_20260620T084819Z.jsonl,0.002 F,0.002 F,,-19.84375,,,"[""stage11_expansion_behavioural_qwen""]"
qwen2p5_7b_instruct,CM_C_010,,1,qwen2p5_7b_instruct:CM_C_010:1:qwen_primary_20260620T084819Z,18ae160f4208ca373fce70c21ab72a2f39eea93d09482e90a29dc7da1e65458e,results/stage11/behavioural_expansion/qwen_primary_20260620T084819Z.jsonl,,0.002 F,,-33.34375,,,"[""stage11_expansion_behavioural_qwen""]"
qwen2p5_7b_instruct,CM_C_010,,2,qwen2p5_7b_instruct:CM_C_010:2:qwen_primary_20260620T084819Z,7823d3be5d474908c2a64d73cb903464e3f602fda514739f41747002eaef92c8,results/stage11/behavioural_expansion/qwen_primary_20260620T084819Z.jsonl,2000e-06 F,0.002 F,,-32.625,,,"[""stage11_expansion_behavioural_qwen""]"
qwen2p5_7b_instruct,CM_C_010,,3,qwen2p5_7b_instruct:CM_C_010:3:qwen_primary_20260620T084819Z,330028e8fedca30193113476b7cbc163aa42ebcc63aece464a89578c50aaf1aa,results/stage11/behavioural_expansion/qwen_primary_20260620T084819Z.jsonl,2 F,0.002 F,,-34.5625,,,"[""stage11_expansion_behavioural_qwen""]"
qwen2p5_7b_instruct,CM_C_011,,0,qwen2p5_7b_instruct:CM_C_011:0:qwen_primary_20260620T084819Z,56776d515b7342f18814d69cd729fe3a14f850ae6b0aa7658e2303908451fd48,results/stage11/behavioural_expansion/qwen_primary_20260620T084819Z.jsonl,,500 ohm,,-20.21875,,,"[""stage11_expansion_behavioural_qwen""]"
qwen2p5_7b_instruct,CM_C_011,,1,qwen2p5_7b_instruct:CM_C_011:1:qwen_primary_20260620T084819Z,05081c6b5a613a39fab34818f55183e6836cb776779902e93c40b6a83b4acb8a,results/stage11/behavioural_expansion/qwen_primary_20260620T084819Z.jsonl,,500 ohm,,-41.71875,,,"[""stage11_expansion_behavioural_qwen""]"
qwen2p5_7b_instruct,CM_C_011,,2,qwen2p5_7b_instruct:CM_C_011:2:qwen_primary_20260620T084819Z,16dfab1895fd72842e3346c91907c8e443f4a307c1bba2b81a0ae5420e618de5,results/stage11/behavioural_expansion/qwen_primary_20260620T084819Z.jsonl,,500 ohm,,-40.78125,,,"[""stage11_expansion_behavioural_qwen""]"
qwen2p5_7b_instruct,CM_C_011,,3,qwen2p5_7b_instruct:CM_C_011:3:qwen_primary_20260620T084819Z,255cd03f824154cb6f0cf2d8c09b7a3a6dfbc58c1d2b9373d459a226790bc3ac,results/stage11/behavioural_expansion/qwen_primary_20260620T084819Z.jsonl,0.5 Ω,500 ohm,,-50.78125,,,"[""stage11_expansion_behavioural_qwen""]"
qwen2p5_7b_instruct,CM_C_012,,0,qwen2p5_7b_instruct:CM_C_012:0:qwen_primary_20260620T084819Z,ccc71aade4e90b12203c38180a02b96767941d4d1b3ac0bdb257fb78567bbc0f,results/stage11/behavioural_expansion/qwen_primary_20260620T084819Z.jsonl,12 kg*m/s,12.0 kg*m/s,,-40.46875,,,"[""stage11_expansion_behavioural_qwen""]"
qwen2p5_7b_instruct,CM_C_012,,1,qwen2p5_7b_instruct:CM_C_012:1:qwen_primary_20260620T084819Z,054870a171faaf0149b5f83822b9419f812b87e252d1dcbcac81a0c7da61f1c9,results/stage11/behavioural_expansion/qwen_primary_20260620T084819Z.jsonl,12 kg*m/s,12.0 kg*m/s,,-40.5625,,,"[""stage11_expansion_behavioural_qwen""]"
qwen2p5_7b_instruct,CM_C_012,,2,qwen2p5_7b_instruct:CM_C_012:2:qwen_primary_20260620T084819Z,ef056c1abafe7bf24c24618f2b6f98b822045c08cc96095cf43c91a5ba9c4939,results/stage11/behavioural_expansion/qwen_primary_20260620T084819Z.jsonl,12 kg*m/s,12.0 kg*m/s,,-37.71875,,,"[""stage11_expansion_behavioural_qwen""]"
qwen2p5_7b_instruct,CM_C_012,,3,qwen2p5_7b_instruct:CM_C_012:3:qwen_primary_20260620T084819Z,f9ae83f20ca13794504051981cfd41fc9a9d669dc0567c094554ae2695039633,results/stage11/behavioural_expansion/qwen_primary_20260620T084819Z.jsonl,12 kg*m/s,12.0 kg*m/s,,-32.8125,,,"[""stage11_expansion_behavioural_qwen""]"
qwen2p5_7b_instruct,CM_C_013,,0,qwen2p5_7b_instruct:CM_C_013:0:qwen_primary_20260620T084819Z,f8467c3f642134dc3b54d35dbfb7289ebb42b39ec2e9e3d80ada4ec6ee197fc3,results/stage11/behavioural_expansion/qwen_primary_20260620T084819Z.jsonl,9.8 m/s^2,9.8 m/s^2,,-18.71875,,,"[""stage11_expansion_behavioural_qwen""]"
qwen2p5_7b_instruct,CM_C_013,,1,qwen2p5_7b_instruct:CM_C_013:1:qwen_primary_20260620T084819Z,d4c53c2e3f2f21fcbfc71768fd0e54af8ac050498d2ed991fbe523b40cc53104,results/stage11/behavioural_expansion/qwen_primary_20260620T084819Z.jsonl,9.8 m/s^2,9.8 m/s^2,,-29.328125,,,"[""stage11_expansion_behavioural_qwen""]"
qwen2p5_7b_instruct,CM_C_013,,2,qwen2p5_7b_instruct:CM_C_013:2:qwen_primary_20260620T084819Z,82f5932508ebe281d1808a055df79406e86409d5a92210d8727a0a9bbed0847d,results/stage11/behavioural_expansion/qwen_primary_20260620T084819Z.jsonl,0.0098 m/s^2,9.8 m/s^2,,-33.3125,,,"[""stage11_expansion_behavioural_qwen""]"
qwen2p5_7b_instruct,CM_C_013,,3,qwen2p5_7b_instruct:CM_C_013:3:qwen_primary_20260620T084819Z,d2ba301610e11bfcee40c56aa92ad8efd6c64b6cfa4ba89e6201ab097ba7ff2b,results/stage11/behavioural_expansion/qwen_primary_20260620T084819Z.jsonl,9.8 m/s^2,9.8 m/s^2,,-21.609375,,,"[""stage11_expansion_behavioural_qwen""]"
qwen2p5_7b_instruct,CM_C_014,,0,qwen2p5_7b_instruct:CM_C_014:0:qwen_primary_20260620T084819Z,8f90223d04e3a99276d43eef6c2bd039155193cbff6482215c183484530b2d95,results/stage11/behavioural_expansion/qwen_primary_20260620T084819Z.jsonl,250 N/C,250 N/C,,-21.703125,,,"[""stage11_expansion_behavioural_qwen""]"
qwen2p5_7b_instruct,CM_C_014,,1,qwen2p5_7b_instruct:CM_C_014:1:qwen_primary_20260620T084819Z,830364fb8076efb06b59743637e4813bee9c3a61691cdb5e439b207d316fbbf0,results/stage11/behavioural_expansion/qwen_primary_20260620T084819Z.jsonl,250 N/C,250 N/C,,-25.921875,,,"[""stage11_expansion_behavioural_qwen""]"
qwen2p5_7b_instruct,CM_C_014,,2,qwen2p5_7b_instruct:CM_C_014:2:qwen_primary_20260620T084819Z,e243a12f42e8f41bf1a949e4cfca2ae66d0775a2e286e89cb62f42f5316ed9a3,results/stage11/behavioural_expansion/qwen_primary_20260620T084819Z.jsonl,0.25 kN/C,250 N/C,,-30.484375,,,"[""stage11_expansion_behavioural_qwen""]"
qwen2p5_7b_instruct,CM_C_014,,3,qwen2p5_7b_instruct:CM_C_014:3:qwen_primary_20260620T084819Z,b3b046890d746c039cbdfe48feae35288750427a5f16b979b76b6188044e2e3e,results/stage11/behavioural_expansion/qwen_primary_20260620T084819Z.jsonl,250 N/C,250 N/C,,-28.75,,,"[""stage11_expansion_behavioural_qwen""]"
qwen2p5_7b_instruct,CM_C_015,,0,qwen2p5_7b_instruct:CM_C_015:0:qwen_primary_20260620T084819Z,d33409d2c5e865d8cd285fe7bdb3e5813ac4f9f3eea6ab8a3557e8360328a7bd,results/stage11/behavioural_expansion/qwen_primary_20260620T084819Z.jsonl,25 K,25 K,,-20.0625,,,"[""stage11_expansion_behavioural_qwen""]"
qwen2p5_7b_instruct,CM_C_015,,1,qwen2p5_7b_instruct:CM_C_015:1:qwen_primary_20260620T084819Z,d809d2c3056c9bfcdfbde7729218c679af9d77069c112b4c4cfdda686275490e,results/stage11/behavioural_expansion/qwen_primary_20260620T084819Z.jsonl,25 K,25 K,,-27.59375,,,"[""stage11_expansion_behavioural_qwen""]"
qwen2p5_7b_instruct,CM_C_015,,2,qwen2p5_7b_instruct:CM_C_015:2:qwen_primary_20260620T084819Z,4d5d8a3e01ab6004bb195129575c19ee03ad26155bebdf477d2fc18895c6487e,results/stage11/behavioural_expansion/qwen_primary_20260620T084819Z.jsonl,25 K,25 K,,-31.828125,,,"[""stage11_expansion_behavioural_qwen""]"
qwen2p5_7b_instruct,CM_C_015,,3,qwen2p5_7b_instruct:CM_C_015:3:qwen_primary_20260620T084819Z,c233aef2bf019801abc366c565184dd4ef5e9de9e22a67589516053aacd21d01,results/stage11/behavioural_expansion/qwen_primary_20260620T084819Z.jsonl,0.025 K,25 K,,-44.53125,,,"[""stage11_expansion_behavioural_qwen""]"
qwen2p5_7b_instruct,EL_A_001,,0,qwen2p5_7b_instruct:EL_A_001:0:qwen_primary_20260616T091228Z,6614c8fa62cc8eafef5551780e88c57e01224e380550ef8a948bc50088f5c326,results/stage6/behavioural_full_rerun/qwen_primary_20260616T091228Z.jsonl,40.0 V,40.0 V,,-27.71875,,,"[""stage6_qwen_behavioural_full_rerun""]"
qwen2p5_7b_instruct,EL_A_001,,1,qwen2p5_7b_instruct:EL_A_001:1:qwen_primary_20260616T091228Z,f9627588e5c160eb04e09244aa5c6856226df0b350053af551f25b219af903b4,results/stage6/behavioural_full_rerun/qwen_primary_20260616T091228Z.jsonl,40.0 V,40.0 V,,-27.6875,,,"[""stage6_qwen_behavioural_full_rerun""]"
qwen2p5_7b_instruct,EL_A_001,,2,qwen2p5_7b_instruct:EL_A_001:2:qwen_primary_20260616T091228Z,a248875f6162c6f536999d2477c83b0a7dc4238ae776d3b20497572233b477a8,results/stage6/behavioural_full_rerun/qwen_primary_20260616T091228Z.jsonl,40.0 V,40.0 V,,-27.71875,,,"[""stage6_qwen_behavioural_full_rerun""]"
qwen2p5_7b_instruct,EL_A_001,,3,qwen2p5_7b_instruct:EL_A_001:3:qwen_primary_20260616T091228Z,a94d1e12e25640b432e7e944cbb3435643f627e70bf7d05dccb9f28840777713,results/stage6/behavioural_full_rerun/qwen_primary_20260616T091228Z.jsonl,40.0 V,40.0 V,,-27.6875,,,"[""stage6_qwen_behavioural_full_rerun""]"
qwen2p5_7b_instruct,EL_A_002,,0,qwen2p5_7b_instruct:EL_A_002:0:qwen_primary_20260616T091228Z,fc14220aa651daef563563e6c5e460716b47753750bab1ecb2a8ef6181437604,results/stage6/behavioural_full_rerun/qwen_primary_20260616T091228Z.jsonl,10.0 W,20.0 W,,-31.140625,,,"[""stage6_qwen_behavioural_full_rerun""]"
qwen2p5_7b_instruct,EL_A_002,,1,qwen2p5_7b_instruct:EL_A_002:1:qwen_primary_20260616T091228Z,8135a5d7658bd507743afb6c7f205868365d6f44cf3fa83ca54c5e8e2e744664,results/stage6/behavioural_full_rerun/qwen_primary_20260616T091228Z.jsonl,10.0 W,20.0 W,,-30.921875,,,"[""stage6_qwen_behavioural_full_rerun""]"
qwen2p5_7b_instruct,EL_A_002,,2,qwen2p5_7b_instruct:EL_A_002:2:qwen_primary_20260616T091228Z,afcdd70022757f4e17e42343b49108b84e7bb7762b9801f955653d146be331d1,results/stage6/behavioural_full_rerun/qwen_primary_20260616T091228Z.jsonl,10.0 W,20.0 W,,-31.03125,,,"[""stage6_qwen_behavioural_full_rerun""]"
qwen2p5_7b_instruct,EL_A_002,,3,qwen2p5_7b_instruct:EL_A_002:3:qwen_primary_20260616T091228Z,b0a18cc744bf29bec4970d65c179a5f3d78c35988fd8df37b91561864af77720,results/stage6/behavioural_full_rerun/qwen_primary_20260616T091228Z.jsonl,10.0 W,20.0 W,,-31.09375,,,"[""stage6_qwen_behavioural_full_rerun""]"
qwen2p5_7b_instruct,EL_A_003,,0,qwen2p5_7b_instruct:EL_A_003:0:qwen_primary_20260616T091228Z,5eb60c79385d90a6f07c89d4e1ab162fd312657ec0a1a43b2d3b9b04fbf2d5aa,results/stage6/behavioural_full_rerun/qwen_primary_20260616T091228Z.jsonl,0.0012 C,1.2e-3 C,,-30.40625,,,"[""stage6_qwen_behavioural_full_rerun""]"
qwen2p5_7b_instruct,EL_A_003,,1,qwen2p5_7b_instruct:EL_A_003:1:qwen_primary_20260616T091228Z,e2459df0fc8e534023ae00c0ba471bdf3adc361b07075c039eba72e61508b649,results/stage6/behavioural_full_rerun/qwen_primary_20260616T091228Z.jsonl,0.0012 C,1.2e-3 C,,-30.109375,,,"[""stage6_qwen_behavioural_full_rerun""]"
qwen2p5_7b_instruct,EL_A_003,,2,qwen2p5_7b_instruct:EL_A_003:2:qwen_primary_20260616T091228Z,7d5a87df2f98569d301fbfeec42c6d7da89de9f4cbe4733f8bfb8fcf1cd353ca,results/stage6/behavioural_full_rerun/qwen_primary_20260616T091228Z.jsonl,0.0012 C,1.2e-3 C,,-30.1875,,,"[""stage6_qwen_behavioural_full_rerun""]"
qwen2p5_7b_instruct,EL_A_003,,3,qwen2p5_7b_instruct:EL_A_003:3:qwen_primary_20260616T091228Z,b274a51c8d78892e90793c594cce0492ec9f67d29551d5c28887adef5189535e,results/stage6/behavioural_full_rerun/qwen_primary_20260616T091228Z.jsonl,0.0012 C,1.2e-3 C,,-29.921875,,,"[""stage6_qwen_behavioural_full_rerun""]"
qwen2p5_7b_instruct,EL_A_004,,0,qwen2p5_7b_instruct:EL_A_004:0:qwen_primary_20260616T091228Z,f43a7f56b4acedfbbfac92070d9f4c2c9d84f80830b260b4cb9b66a6808bf20f,results/stage6/behavioural_full_rerun/qwen_primary_20260616T091228Z.jsonl,26.97 N,5.394 N,,-25.46875,,,"[""stage6_qwen_behavioural_full_rerun""]"
qwen2p5_7b_instruct,EL_A_004,,1,qwen2p5_7b_instruct:EL_A_004:1:qwen_primary_20260616T091228Z,d0d27899b8452c71fee914b1dbef392d815aa1e8bc6f36be0c343e579a6348da,results/stage6/behavioural_full_rerun/qwen_primary_20260616T091228Z.jsonl,259740.24 N,5.394 N,,-25.078125,,,"[""stage6_qwen_behavioural_full_rerun""]"
qwen2p5_7b_instruct,EL_A_004,,2,qwen2p5_7b_instruct:EL_A_004:2:qwen_primary_20260616T091228Z,181de6138c94ead7a8ec9d0edfaf77cceabdc850529dc5b8b72401c59eb80d51,results/stage6/behavioural_full_rerun/qwen_primary_20260616T091228Z.jsonl,26.97 N,5.394 N,,-25.125,,,"[""stage6_qwen_behavioural_full_rerun""]"
qwen2p5_7b_instruct,EL_A_004,,3,qwen2p5_7b_instruct:EL_A_004:3:qwen_primary_20260616T091228Z,428042e7cab19f4805ced0a92ad5a5b72b9762d456e6030df7c8689a0d5b077a,results/stage6/behavioural_full_rerun/qwen_primary_20260616T091228Z.jsonl,26.97 N,5.394 N,,-24.9375,,,"[""stage6_qwen_behavioural_full_rerun""]"
qwen2p5_7b_instruct,EL_A_005,,0,qwen2p5_7b_instruct:EL_A_005:0:qwen_primary_20260616T091228Z,700621f05b7d8186427feb00489c9d3cb763b2420edaa242eddbd695c6e24cf5,results/stage6/behavioural_full_rerun/qwen_primary_20260616T091228Z.jsonl,22475000.0 N/C,1.124e6 N/C,,-47.40625,,,"[""stage6_qwen_behavioural_full_rerun""]"
qwen2p5_7b_instruct,EL_A_005,,1,qwen2p5_7b_instruct:EL_A_005:1:qwen_primary_20260616T091228Z,856438f2ed80249028f6331018ba09c1df8ccecbed9949a3d66f755ca1c16718,results/stage6/behavioural_full_rerun/qwen_primary_20260616T091228Z.jsonl,22475000.0 N/C,1.124e6 N/C,,-47.34375,,,"[""stage6_qwen_behavioural_full_rerun""]"
qwen2p5_7b_instruct,EL_A_005,,2,qwen2p5_7b_instruct:EL_A_005:2:qwen_primary_20260616T091228Z,85ea51d997f63870c8c5d6ad0bc2ad93f172c21321701aaab3f0db58e25522ea,results/stage6/behavioural_full_rerun/qwen_primary_20260616T091228Z.jsonl,22475000.0 N/C,1.124e6 N/C,,-47.46875,,,"[""stage6_qwen_behavioural_full_rerun""]"
qwen2p5_7b_instruct,EL_A_005,,3,qwen2p5_7b_instruct:EL_A_005:3:qwen_primary_20260616T091228Z,c7ffa2fe47768fca484b8ae315032accb40cfd45d68ee3883882705efe6d39ba,results/stage6/behavioural_full_rerun/qwen_primary_20260616T091228Z.jsonl,22475000.0 N/C,1.124e6 N/C,,-47.28125,,,"[""stage6_qwen_behavioural_full_rerun""]"
qwen2p5_7b_instruct,EL_B_001,,0,qwen2p5_7b_instruct:EL_B_001:0:qwen_primary_20260616T091228Z,30acd0c86eb615eed032b104196ce992f1b5f95735da38bf66acc87cdedc25c7,results/stage6/behavioural_full_rerun/qwen_primary_20260616T091228Z.jsonl,30 V,30.0 V,,-22.578125,,,"[""stage6_qwen_behavioural_full_rerun""]"
qwen2p5_7b_instruct,EL_B_001,,1,qwen2p5_7b_instruct:EL_B_001:1:qwen_primary_20260616T091228Z,de9cee24f2a7560db05798f49c7c34825a27bfd8830f9f4d0c23b9e55ea16ba5,results/stage6/behavioural_full_rerun/qwen_primary_20260616T091228Z.jsonl,30 V,30.0 V,,-24.46875,,,"[""stage6_qwen_behavioural_full_rerun""]"
qwen2p5_7b_instruct,EL_B_001,,2,qwen2p5_7b_instruct:EL_B_001:2:qwen_primary_20260616T091228Z,ff1af60bd6f76091c158678768eeb98dddcd61eef671ac926c6130c2ab63e168,results/stage6/behavioural_full_rerun/qwen_primary_20260616T091228Z.jsonl,30 V,30.0 V,,-24.0,,,"[""stage6_qwen_behavioural_full_rerun""]"
qwen2p5_7b_instruct,EL_B_001,,3,qwen2p5_7b_instruct:EL_B_001:3:qwen_primary_20260616T091228Z,b5b5ab05a73dedb097f1e1d8119221f6634badb0340896bf2d4bebbd39c0b496,results/stage6/behavioural_full_rerun/qwen_primary_20260616T091228Z.jsonl,30 V,30.0 V,,-23.09375,,,"[""stage6_qwen_behavioural_full_rerun""]"
qwen2p5_7b_instruct,EL_B_002,,0,qwen2p5_7b_instruct:EL_B_002:0:qwen_primary_20260616T091228Z,b7875bd4fd24f31a6fdf8691fd823ed103b00274c6190f66b453e9e1415f35ad,results/stage6/behavioural_full_rerun/qwen_primary_20260616T091228Z.jsonl,24.0 W,24.0 W,,-9.7578125,,,"[""stage6_qwen_behavioural_full_rerun""]"
qwen2p5_7b_instruct,EL_B_002,,1,qwen2p5_7b_instruct:EL_B_002:1:qwen_primary_20260616T091228Z,58e91c76b01ca2ef4c6259aa2e8a81faf06ed0f2ac69ddb08f97830a36fb746b,results/stage6/behavioural_full_rerun/qwen_primary_20260616T091228Z.jsonl,24.0 W,24.0 W,,-11.6640625,,,"[""stage6_qwen_behavioural_full_rerun""]"
qwen2p5_7b_instruct,EL_B_002,,2,qwen2p5_7b_instruct:EL_B_002:2:qwen_primary_20260616T091228Z,11e0b68a3bb7a0c23cb661ffc188105f127d5822abedd448c2f4f52a4ecb5a69,results/stage6/behavioural_full_rerun/qwen_primary_20260616T091228Z.jsonl,24.0 W,24.0 W,,-12.578125,,,"[""stage6_qwen_behavioural_full_rerun""]"
qwen2p5_7b_instruct,EL_B_002,,3,qwen2p5_7b_instruct:EL_B_002:3:qwen_primary_20260616T091228Z,4ed542b31637acbd6e871a91a376d0ead18f891feaa252b787688f38fda04830,results/stage6/behavioural_full_rerun/qwen_primary_20260616T091228Z.jsonl,24.0 W,24.0 W,,-12.28125,,,"[""stage6_qwen_behavioural_full_rerun""]"
qwen2p5_7b_instruct,EL_B_003,,0,qwen2p5_7b_instruct:EL_B_003:0:qwen_primary_20260616T091228Z,5720da096f6f32c2183dba2c16eec073a45e3ef57c6ced75dababef9e7b3d55d,results/stage6/behavioural_full_rerun/qwen_primary_20260616T091228Z.jsonl,4.5e-04 C,4.5e-4 C,,-28.015625,,,"[""stage6_qwen_behavioural_full_rerun""]"
qwen2p5_7b_instruct,EL_B_003,,1,qwen2p5_7b_instruct:EL_B_003:1:qwen_primary_20260616T091228Z,40a03e2334851a04814a6b334197078d293b42cd53c1fe1abc6da937f1c72224,results/stage6/behavioural_full_rerun/qwen_primary_20260616T091228Z.jsonl,4.5e-03 C,4.5e-4 C,,-28.1875,,,"[""stage6_qwen_behavioural_full_rerun""]"
qwen2p5_7b_instruct,EL_B_003,,2,qwen2p5_7b_instruct:EL_B_003:2:qwen_primary_20260616T091228Z,85f8fb7e0304776398403a3aeabc04c78c278cf0b266fa8bb49fa30fb846f4f6,results/stage6/behavioural_full_rerun/qwen_primary_20260616T091228Z.jsonl,4.5e-04 C,4.5e-4 C,,-29.03125,,,"[""stage6_qwen_behavioural_full_rerun""]"
qwen2p5_7b_instruct,EL_B_003,,3,qwen2p5_7b_instruct:EL_B_003:3:qwen_primary_20260616T091228Z,d4da4c715b6bfc04b86d2dbf01584f04a5f97fa239b0f90af37c115d57542c0f,results/stage6/behavioural_full_rerun/qwen_primary_20260616T091228Z.jsonl,4.5e-03 C,4.5e-4 C,,-28.890625,,,"[""stage6_qwen_behavioural_full_rerun""]"
qwen2p5_7b_instruct,EL_B_004,,0,qwen2p5_7b_instruct:EL_B_004:0:qwen_primary_20260616T091228Z,cd71df986773d87e175f6eec978bab4891e46be6691e21efa6a6c1a476aca253,results/stage6/behavioural_full_rerun/qwen_primary_20260616T091228Z.jsonl,0.7195 N,0.8991 N,,-52.40625,,,"[""stage6_qwen_behavioural_full_rerun""]"
qwen2p5_7b_instruct,EL_B_004,,1,qwen2p5_7b_instruct:EL_B_004:1:qwen_primary_20260616T091228Z,95af5040501c0a8e1061a7563ef0f1334e2288f4f59f1eda59cb58f4a8b33e8f,results/stage6/behavioural_full_rerun/qwen_primary_20260616T091228Z.jsonl,0.7192 N,0.8991 N,,-52.6875,,,"[""stage6_qwen_behavioural_full_rerun""]"
qwen2p5_7b_instruct,EL_B_004,,2,qwen2p5_7b_instruct:EL_B_004:2:qwen_primary_20260616T091228Z,2f6002e7f50a05bb1a37a8fdace0536fde70d7f33a0efad293cf84296ccd807e,results/stage6/behavioural_full_rerun/qwen_primary_20260616T091228Z.jsonl,799.2 N,0.8991 N,,-53.78125,,,"[""stage6_qwen_behavioural_full_rerun""]"
qwen2p5_7b_instruct,EL_B_004,,3,qwen2p5_7b_instruct:EL_B_004:3:qwen_primary_20260616T091228Z,9efcb058e096fc7a405236322343667c53b2574a0a69f76d9dde11a30ae139eb,results/stage6/behavioural_full_rerun/qwen_primary_20260616T091228Z.jsonl,0.7195 N,0.8991 N,,-51.28125,,,"[""stage6_qwen_behavioural_full_rerun""]"
qwen2p5_7b_instruct,EL_B_005,,0,qwen2p5_7b_instruct:EL_B_005:0:qwen_primary_20260616T091228Z,8b0c9125a145fee513dd06814178bf245455524ea400475b39934aef3a7451f4,results/stage6/behavioural_full_rerun/qwen_primary_20260616T091228Z.jsonl,2.997e4 N/C,3.0e5 N/C,,-34.40625,,,"[""stage6_qwen_behavioural_full_rerun""]"
qwen2p5_7b_instruct,EL_B_005,,1,qwen2p5_7b_instruct:EL_B_005:1:qwen_primary_20260616T091228Z,73ee156fdf8877754897451c811adbbf6b23f807fa93135945306f7325921267,results/stage6/behavioural_full_rerun/qwen_primary_20260616T091228Z.jsonl,2.997e4 N/C,3.0e5 N/C,,-33.4375,,,"[""stage6_qwen_behavioural_full_rerun""]"
qwen2p5_7b_instruct,EL_B_005,,2,qwen2p5_7b_instruct:EL_B_005:2:qwen_primary_20260616T091228Z,561b96152e36c57c466eaa8344e033e956015fc3054da38c2c3ba1034ae8e539,results/stage6/behavioural_full_rerun/qwen_primary_20260616T091228Z.jsonl,2.997e4 N/C,3.0e5 N/C,,-32.875,,,"[""stage6_qwen_behavioural_full_rerun""]"
qwen2p5_7b_instruct,EL_B_005,,3,qwen2p5_7b_instruct:EL_B_005:3:qwen_primary_20260616T091228Z,12414a4808fd3a18d87ad43b260c5722a9d69c4b9f251e3036ff0a026fad4d85,results/stage6/behavioural_full_rerun/qwen_primary_20260616T091228Z.jsonl,2.997e4 N/C,3.0e5 N/C,,-31.609375,,,"[""stage6_qwen_behavioural_full_rerun""]"
qwen2p5_7b_instruct,TH_B_UM_001,,0,qwen2p5_7b_instruct:TH_B_UM_001:0:qwen_primary_20260616T091228Z,64db8461c54a8dd2b23545fbd9fd017b252e05ca4dc7ca1f7d5f1a06293b7a9b,results/stage6/behavioural_full_rerun/qwen_primary_20260616T091228Z.jsonl,41860.0 J,41860 J,,-23.71875,,,"[""stage6_qwen_behavioural_full_rerun""]"
qwen2p5_7b_instruct,TH_B_UM_001,,1,qwen2p5_7b_instruct:TH_B_UM_001:1:qwen_primary_20260616T091228Z,797484a42c66d81461ca58898ee6aa04f83cb06ca277d8e3e81c0c38ff351808,results/stage6/behavioural_full_rerun/qwen_primary_20260616T091228Z.jsonl,41860.0 J,41860 J,,-19.5,,,"[""stage6_qwen_behavioural_full_rerun""]"
qwen2p5_7b_instruct,TH_B_UM_001,,2,qwen2p5_7b_instruct:TH_B_UM_001:2:qwen_primary_20260616T091228Z,3e66478e5dc119466968e7f8f79c66c22a964cb98659acc317b97bfd9ec12c64,results/stage6/behavioural_full_rerun/qwen_primary_20260616T091228Z.jsonl,41860 J,41860 J,,-19.5,,,"[""stage6_qwen_behavioural_full_rerun""]"
qwen2p5_7b_instruct,TH_B_UM_001,,3,qwen2p5_7b_instruct:TH_B_UM_001:3:qwen_primary_20260616T091228Z,3e786f7b459a0dfe5a6984331364300f56a31e4465e265233bf77011e6d3697d,results/stage6/behavioural_full_rerun/qwen_primary_20260616T091228Z.jsonl,8372 J,41860 J,,-23.0,,,"[""stage6_qwen_behavioural_full_rerun""]"
qwen2p5_7b_instruct,TH_B_UM_002,,0,qwen2p5_7b_instruct:TH_B_UM_002:0:qwen_primary_20260616T091228Z,f0c2803fe622e48eb0e15f3e2b23f0d05844ebd522def863fc106fe6151392cb,results/stage6/behavioural_full_rerun/qwen_primary_20260616T091228Z.jsonl,41860 J,41860 J,,-17.828125,,,"[""stage6_qwen_behavioural_full_rerun""]"
qwen2p5_7b_instruct,TH_B_UM_002,,1,qwen2p5_7b_instruct:TH_B_UM_002:1:qwen_primary_20260616T091228Z,f74e5f5cd275be7694b286e72094ddd182fe949fb9e2a3ee2e61ed87c56d3998,results/stage6/behavioural_full_rerun/qwen_primary_20260616T091228Z.jsonl,41860 J,41860 J,,-16.328125,,,"[""stage6_qwen_behavioural_full_rerun""]"
qwen2p5_7b_instruct,TH_B_UM_002,,2,qwen2p5_7b_instruct:TH_B_UM_002:2:qwen_primary_20260616T091228Z,c5be9c4e84da64c993803376368c5b5ff3759b3ed078b19e1800be361dda92f8,results/stage6/behavioural_full_rerun/qwen_primary_20260616T091228Z.jsonl,41860 J,41860 J,,-16.265625,,,"[""stage6_qwen_behavioural_full_rerun""]"
qwen2p5_7b_instruct,TH_B_UM_002,,3,qwen2p5_7b_instruct:TH_B_UM_002:3:qwen_primary_20260616T091228Z,b174ad17d274bfd2b5335bfa2fdfbbe7edfc7706ee09a04a6a49ed54fd2daa5a,results/stage6/behavioural_full_rerun/qwen_primary_20260616T091228Z.jsonl,41860 J,41860 J,,-17.96875,,,"[""stage6_qwen_behavioural_full_rerun""]"
qwen2p5_7b_instruct,TH_B_UM_003,,0,qwen2p5_7b_instruct:TH_B_UM_003:0:qwen_primary_20260616T091228Z,a13b20ca1cf8b56e8654b791076b48dc71f620111546a52a6115da3e23255f52,results/stage6/behavioural_full_rerun/qwen_primary_20260616T091228Z.jsonl,10460 J,41860 J,,-23.359375,,,"[""stage6_qwen_behavioural_full_rerun""]"
qwen2p5_7b_instruct,TH_B_UM_003,,1,qwen2p5_7b_instruct:TH_B_UM_003:1:qwen_primary_20260616T091228Z,bfc46a4ae7d80ea26fadf4856d6029eb415ecb1f10928ee27e880f8b5f1436f4,results/stage6/behavioural_full_rerun/qwen_primary_20260616T091228Z.jsonl,41860.0 J,41860 J,,-20.6875,,,"[""stage6_qwen_behavioural_full_rerun""]"
qwen2p5_7b_instruct,TH_B_UM_003,,2,qwen2p5_7b_instruct:TH_B_UM_003:2:qwen_primary_20260616T091228Z,7cb1972994050f7dca97c186b11f5670e753204d69841f4980d7113c961a4e3a,results/stage6/behavioural_full_rerun/qwen_primary_20260616T091228Z.jsonl,41860 J,41860 J,,-20.234375,,,"[""stage6_qwen_behavioural_full_rerun""]"
qwen2p5_7b_instruct,TH_B_UM_003,,3,qwen2p5_7b_instruct:TH_B_UM_003:3:qwen_primary_20260616T091228Z,48c2fa4fe95253dce1da968eaab8def322dfb17a1dfeac92d0d37aa40a2cbf12,results/stage6/behavioural_full_rerun/qwen_primary_20260616T091228Z.jsonl,10460 J,41860 J,,-21.984375,,,"[""stage6_qwen_behavioural_full_rerun""]"
qwen2p5_7b_instruct,TH_B_UM_004,,0,qwen2p5_7b_instruct:TH_B_UM_004:0:qwen_primary_20260616T091228Z,b723b2a0caee2c513aa5ed8cd6c5b25a202651f096146cd74f29c92face3cb49,results/stage6/behavioural_full_rerun/qwen_primary_20260616T091228Z.jsonl,42000 J,42000 J,,-35.0625,,,"[""stage6_qwen_behavioural_full_rerun""]"
qwen2p5_7b_instruct,TH_B_UM_004,,1,qwen2p5_7b_instruct:TH_B_UM_004:1:qwen_primary_20260616T091228Z,549e56956f0b313b6e80d405304a73e058c533097e882b82c9a04d1d754d981d,results/stage6/behavioural_full_rerun/qwen_primary_20260616T091228Z.jsonl,42000 J,42000 J,,-32.8125,,,"[""stage6_qwen_behavioural_full_rerun""]"
qwen2p5_7b_instruct,TH_B_UM_004,,2,qwen2p5_7b_instruct:TH_B_UM_004:2:qwen_primary_20260616T091228Z,df44663bd01d7f923142cc0a38ea9176169f9ee7e33bd8a16ada8353308ad339,results/stage6/behavioural_full_rerun/qwen_primary_20260616T091228Z.jsonl,42000 J,42000 J,,-34.03125,,,"[""stage6_qwen_behavioural_full_rerun""]"
qwen2p5_7b_instruct,TH_B_UM_004,,3,qwen2p5_7b_instruct:TH_B_UM_004:3:qwen_primary_20260616T091228Z,2d3d8ae33bcdcf3c66c275f761a36e1f23172517d9d5b054fc81ab46006e780f,results/stage6/behavioural_full_rerun/qwen_primary_20260616T091228Z.jsonl,42000 J,42000 J,,-33.34375,,,"[""stage6_qwen_behavioural_full_rerun""]"
qwen2p5_7b_instruct,TH_B_UM_005,,0,qwen2p5_7b_instruct:TH_B_UM_005:0:qwen_primary_20260616T091228Z,04c1ddb22511f08531ceb36151eeec8552f212e78dbb587e7c511be6832d667d,results/stage6/behavioural_full_rerun/qwen_primary_20260616T091228Z.jsonl,42000 J,42000 J,,-34.34375,,,"[""stage6_qwen_behavioural_full_rerun""]"
qwen2p5_7b_instruct,TH_B_UM_005,,1,qwen2p5_7b_instruct:TH_B_UM_005:1:qwen_primary_20260616T091228Z,78ca79ccb1002543bfdc56037673080009343c63961fe30c17d5cda27876b3e6,results/stage6/behavioural_full_rerun/qwen_primary_20260616T091228Z.jsonl,42000 J,42000 J,,-33.4375,,,"[""stage6_qwen_behavioural_full_rerun""]"
qwen2p5_7b_instruct,TH_B_UM_005,,2,qwen2p5_7b_instruct:TH_B_UM_005:2:qwen_primary_20260616T091228Z,dd173aa85ff9aeeb69fde5c9a6ee74854298108a08a3539b9f0b779e97a43ecf,results/stage6/behavioural_full_rerun/qwen_primary_20260616T091228Z.jsonl,42000 J,42000 J,,-33.84375,,,"[""stage6_qwen_behavioural_full_rerun""]"
qwen2p5_7b_instruct,TH_B_UM_005,,3,qwen2p5_7b_instruct:TH_B_UM_005:3:qwen_primary_20260616T091228Z,126d71b7e652b785618dccb288c8552700ea7363308b94732b4cd0d3c12ffbd5,results/stage6/behavioural_full_rerun/qwen_primary_20260616T091228Z.jsonl,42000 J,42000 J,,-32.96875,,,"[""stage6_qwen_behavioural_full_rerun""]"
qwen2p5_7b_instruct,TH_B_UM_006,,0,qwen2p5_7b_instruct:TH_B_UM_006:0:qwen_primary_20260616T091228Z,3f075e8fd4e9495b616319133f037540102249e13ff847d7969d8b554b6616d2,results/stage6/behavioural_full_rerun/qwen_primary_20260616T091228Z.jsonl,,100000 Pa,,-24.890625,,,"[""stage6_qwen_behavioural_full_rerun""]"
qwen2p5_7b_instruct,TH_B_UM_006,,1,qwen2p5_7b_instruct:TH_B_UM_006:1:qwen_primary_20260616T091228Z,51cd5e0ae0a51ccdb4a16bcba61b71146967fa1f34c74d663faf58fa4ad5ef00,results/stage6/behavioural_full_rerun/qwen_primary_20260616T091228Z.jsonl,125332.28 Pa,100000 Pa,,-28.296875,,,"[""stage6_qwen_behavioural_full_rerun""]"
qwen2p5_7b_instruct,TH_B_UM_006,,2,qwen2p5_7b_instruct:TH_B_UM_006:2:qwen_primary_20260616T091228Z,736d380a806bd078e16fabc2c8117d9bf0c03087b37b291018ca9e014976b08a,results/stage6/behavioural_full_rerun/qwen_primary_20260616T091228Z.jsonl,125000 Pa,100000 Pa,,-25.234375,,,"[""stage6_qwen_behavioural_full_rerun""]"
qwen2p5_7b_instruct,TH_B_UM_006,,3,qwen2p5_7b_instruct:TH_B_UM_006:3:qwen_primary_20260616T091228Z,4c2b6c7b2e46d60da94b1dd78ac6d4caaa776b932c870c5597d527a4e324ab6e,results/stage6/behavioural_full_rerun/qwen_primary_20260616T091228Z.jsonl,127486.6 Pa,100000 Pa,,-24.3125,,,"[""stage6_qwen_behavioural_full_rerun""]"
qwen2p5_7b_instruct,TH_B_UM_007,,0,qwen2p5_7b_instruct:TH_B_UM_007:0:qwen_primary_20260616T091228Z,bcd78d1bf0011ce5ca442489af8ffdba2d745ac15006fedd11932d03abb89d08,results/stage6/behavioural_full_rerun/qwen_primary_20260616T091228Z.jsonl,126000 Pa,100000 Pa,,-26.65625,,,"[""stage6_qwen_behavioural_full_rerun""]"
qwen2p5_7b_instruct,TH_B_UM_007,,1,qwen2p5_7b_instruct:TH_B_UM_007:1:qwen_primary_20260616T091228Z,d36a7223f4e583df195928e2c57facfcbdb3b128dd31865090f82c96ad2b52d3,results/stage6/behavioural_full_rerun/qwen_primary_20260616T091228Z.jsonl,126000 Pa,100000 Pa,,-26.796875,,,"[""stage6_qwen_behavioural_full_rerun""]"
qwen2p5_7b_instruct,TH_B_UM_007,,2,qwen2p5_7b_instruct:TH_B_UM_007:2:qwen_primary_20260616T091228Z,f378e652e8322ef91ac6b4d0378cfe456b4700839de723510b2d8f1ff3d94891,results/stage6/behavioural_full_rerun/qwen_primary_20260616T091228Z.jsonl,126000 Pa,100000 Pa,,-28.703125,,,"[""stage6_qwen_behavioural_full_rerun""]"
qwen2p5_7b_instruct,TH_B_UM_007,,3,qwen2p5_7b_instruct:TH_B_UM_007:3:qwen_primary_20260616T091228Z,34b697538230888771a0c9963e55ef6fe67cd8925a017b1de763ff5f9c52dee0,results/stage6/behavioural_full_rerun/qwen_primary_20260616T091228Z.jsonl,126000 Pa,100000 Pa,,-28.875,,,"[""stage6_qwen_behavioural_full_rerun""]"
qwen2p5_7b_instruct,TH_B_UM_008,,0,qwen2p5_7b_instruct:TH_B_UM_008:0:qwen_primary_20260616T091228Z,16d10c2025a2de607cf9844f359b7f304c0acc6b7a6c4df3cfc968f1638a1ed4,results/stage6/behavioural_full_rerun/qwen_primary_20260616T091228Z.jsonl,112500 Pa,100000 Pa,,-27.953125,,,"[""stage6_qwen_behavioural_full_rerun""]"
qwen2p5_7b_instruct,TH_B_UM_008,,1,qwen2p5_7b_instruct:TH_B_UM_008:1:qwen_primary_20260616T091228Z,c1b39f48ff570728c3ea3beaf6d980c7fb57fac9e6c8532832ae4133c11338ca,results/stage6/behavioural_full_rerun/qwen_primary_20260616T091228Z.jsonl,61433.3 Pa,100000 Pa,,-28.359375,,,"[""stage6_qwen_behavioural_full_rerun""]"
qwen2p5_7b_instruct,TH_B_UM_008,,2,qwen2p5_7b_instruct:TH_B_UM_008:2:qwen_primary_20260616T091228Z,39d95fc0c6b14c9bfdb8ae34400ff9ce28f2af4e20d703a2f35fba511858cdf9,results/stage6/behavioural_full_rerun/qwen_primary_20260616T091228Z.jsonl,624999.9999999999 Pa,100000 Pa,,-30.84375,,,"[""stage6_qwen_behavioural_full_rerun""]"
qwen2p5_7b_instruct,TH_B_UM_008,,3,qwen2p5_7b_instruct:TH_B_UM_008:3:qwen_primary_20260616T091228Z,1c047ce5b64371fb554fcc0f2855535aff9a14a3205d06ca9d6d86d766b136f6,results/stage6/behavioural_full_rerun/qwen_primary_20260616T091228Z.jsonl,650000 Pa,100000 Pa,,-28.359375,,,"[""stage6_qwen_behavioural_full_rerun""]"
qwen2p5_7b_instruct,TH_B_UM_009,,0,qwen2p5_7b_instruct:TH_B_UM_009:0:qwen_primary_20260616T091228Z,29d24afb1ef5a79e62cc0dd49308328c75c24077891069718a64156a6d29045b,results/stage6/behavioural_full_rerun/qwen_primary_20260616T091228Z.jsonl,,0.010 m,,-32.5,,,"[""stage6_qwen_behavioural_full_rerun""]"
qwen2p5_7b_instruct,TH_B_UM_009,,1,qwen2p5_7b_instruct:TH_B_UM_009:1:qwen_primary_20260616T091228Z,81f1c23eaa662eb607bb614ba128fa819183a67e6cbec6f6cb62b789b74b1268,results/stage6/behavioural_full_rerun/qwen_primary_20260616T091228Z.jsonl,0.049 m,0.010 m,,-28.828125,,,"[""stage6_qwen_behavioural_full_rerun""]"
qwen2p5_7b_instruct,TH_B_UM_009,,2,qwen2p5_7b_instruct:TH_B_UM_009:2:qwen_primary_20260616T091228Z,b9517027e33d43837a760c01a737eec14bf7bed0b69109cbbb5502ec70d45dba,results/stage6/behavioural_full_rerun/qwen_primary_20260616T091228Z.jsonl,,0.010 m,,-21.671875,,,"[""stage6_qwen_behavioural_full_rerun""]"
qwen2p5_7b_instruct,TH_B_UM_009,,3,qwen2p5_7b_instruct:TH_B_UM_009:3:qwen_primary_20260616T091228Z,7c42fc4cbdfa93721314b1b63c45f06a31b2d9a70308e200c608196f8514c041,results/stage6/behavioural_full_rerun/qwen_primary_20260616T091228Z.jsonl,0.01 m,0.010 m,,-24.09375,,,"[""stage6_qwen_behavioural_full_rerun""]"
qwen2p5_7b_instruct,TH_B_UM_010,,0,qwen2p5_7b_instruct:TH_B_UM_010:0:qwen_primary_20260616T091228Z,5165a44f79b343d83a090ab30532a07503fa4f81e8053124608236657a02f462,results/stage6/behavioural_full_rerun/qwen_primary_20260616T091228Z.jsonl,,0.012 m,,-29.640625,,,"[""stage6_qwen_behavioural_full_rerun""]"
qwen2p5_7b_instruct,TH_B_UM_010,,1,qwen2p5_7b_instruct:TH_B_UM_010:1:qwen_primary_20260616T091228Z,51c97ad7821cc4c481f4c98c476645e5024437ea9f90ebc863a0410086138e00,results/stage6/behavioural_full_rerun/qwen_primary_20260616T091228Z.jsonl,,0.012 m,,-27.078125,,,"[""stage6_qwen_behavioural_full_rerun""]"
qwen2p5_7b_instruct,TH_B_UM_010,,2,qwen2p5_7b_instruct:TH_B_UM_010:2:qwen_primary_20260616T091228Z,f995cb7c25a44b29631b5abd76cfd15abfaf0d093383b39ff137d9c2588895ae,results/stage6/behavioural_full_rerun/qwen_primary_20260616T091228Z.jsonl,,0.012 m,,-24.359375,,,"[""stage6_qwen_behavioural_full_rerun""]"
qwen2p5_7b_instruct,TH_B_UM_010,,3,qwen2p5_7b_instruct:TH_B_UM_010:3:qwen_primary_20260616T091228Z,76c2e9a74d091154d5da672ac2b9b2b68431cf2a99548294ad02b11092a3a121,results/stage6/behavioural_full_rerun/qwen_primary_20260616T091228Z.jsonl,,0.012 m,,-23.28125,,,"[""stage6_qwen_behavioural_full_rerun""]"
qwen2p5_7b_instruct,TH_B_UM_011,,0,qwen2p5_7b_instruct:TH_B_UM_011:0:qwen_primary_20260620T084819Z,4d170417129ebb48e7737f8ac0dec4ddcc23e553e67b39bb7ce90f562d961885,results/stage11/behavioural_expansion/qwen_primary_20260620T084819Z.jsonl,1637.2 J,1674.4 J,,-20.40625,,,"[""stage11_expansion_behavioural_qwen""]"
qwen2p5_7b_instruct,TH_B_UM_011,,1,qwen2p5_7b_instruct:TH_B_UM_011:1:qwen_primary_20260620T084819Z,0813ab3e5a25941aa7c64fbd100420654db2bdb914ba8cfb8b61e3aa60719e62,results/stage11/behavioural_expansion/qwen_primary_20260620T084819Z.jsonl,1637.2 J,1674.4 J,,-23.53125,,,"[""stage11_expansion_behavioural_qwen""]"
qwen2p5_7b_instruct,TH_B_UM_011,,2,qwen2p5_7b_instruct:TH_B_UM_011:2:qwen_primary_20260620T084819Z,d894059f2d4cdc95bdcc4006c643b105b30c190ddc8c72aabeb1df6003bd4b38,results/stage11/behavioural_expansion/qwen_primary_20260620T084819Z.jsonl,1637.2 J,1674.4 J,,-21.3125,,,"[""stage11_expansion_behavioural_qwen""]"
qwen2p5_7b_instruct,TH_B_UM_011,,3,qwen2p5_7b_instruct:TH_B_UM_011:3:qwen_primary_20260620T084819Z,58efc1143928de7ac3a016b81519464704c019ce767e07bc7adeb1a96dc01c0b,results/stage11/behavioural_expansion/qwen_primary_20260620T084819Z.jsonl,1637.2 J,1674.4 J,,-21.875,,,"[""stage11_expansion_behavioural_qwen""]"
qwen2p5_7b_instruct,TH_B_UM_012,,0,qwen2p5_7b_instruct:TH_B_UM_012:0:qwen_primary_20260620T084819Z,4481d4272a61f4210979c288b25dd03e30348df45ff8c36c202fc5184b8f881c,results/stage11/behavioural_expansion/qwen_primary_20260620T084819Z.jsonl,120 Pa,1176 Pa,,-24.59375,,,"[""stage11_expansion_behavioural_qwen""]"
qwen2p5_7b_instruct,TH_B_UM_012,,1,qwen2p5_7b_instruct:TH_B_UM_012:1:qwen_primary_20260620T084819Z,58941737825b2f983e3a0aa19c881e345b594924199c89f0641897b5ea408f3a,results/stage11/behavioural_expansion/qwen_primary_20260620T084819Z.jsonl,120.0 Pa,1176 Pa,,-22.546875,,,"[""stage11_expansion_behavioural_qwen""]"
qwen2p5_7b_instruct,TH_B_UM_012,,2,qwen2p5_7b_instruct:TH_B_UM_012:2:qwen_primary_20260620T084819Z,bd3770a54c82ef600590a72427d449475e814a5255f370094e945d564699ddcb,results/stage11/behavioural_expansion/qwen_primary_20260620T084819Z.jsonl,120.0 Pa,1176 Pa,,-22.140625,,,"[""stage11_expansion_behavioural_qwen""]"
qwen2p5_7b_instruct,TH_B_UM_012,,3,qwen2p5_7b_instruct:TH_B_UM_012:3:qwen_primary_20260620T084819Z,0581dbbe0853d5b2a5514c80a5ac777164cc0c403dcd29609101bb0a7ea537f4,results/stage11/behavioural_expansion/qwen_primary_20260620T084819Z.jsonl,120 Pa,1176 Pa,,-23.015625,,,"[""stage11_expansion_behavioural_qwen""]"
