model_id,canonical_family_id,domain,cue_type,original_or_expansion,S_lp,S_lp__source,S_lp__experiment_ids,S_lp__null_reason,blackbox_score,blackbox_score__source,blackbox_score__experiment_ids,blackbox_score__null_reason,correct_rate,correct_rate__source,correct_rate__experiment_ids,correct_rate__null_reason,correctness_probe_score,correctness_probe_score__source,correctness_probe_score__experiment_ids,correctness_probe_score__null_reason,entropy_score,entropy_score__source,entropy_score__experiment_ids,entropy_score__null_reason,hat_S,hat_S__source,hat_S__experiment_ids,hat_S__null_reason,intervention_recovery,intervention_recovery__source,intervention_recovery__experiment_ids,intervention_recovery__null_reason,monitor_layer,monitor_layer__source,monitor_layer__experiment_ids,monitor_layer__null_reason,monitor_score,monitor_score__source,monitor_score__experiment_ids,monitor_score__null_reason,parse_ok,parse_ok__source,parse_ok__experiment_ids,parse_ok__null_reason,parse_rate,parse_rate__source,parse_rate__experiment_ids,parse_rate__null_reason,residualised_monitor_score,residualised_monitor_score__source,residualised_monitor_score__experiment_ids,residualised_monitor_score__null_reason,cot_text_baseline__source,cot_text_baseline__null_reason,answer_rationale_baseline__source,answer_rationale_baseline__null_reason
qwen_primary,CM_A_001,mechanics,irrelevant_variable,original,0.0,results/stage6/analysis_d2/stage6_d1_per_family.csv,"stage6_llama_behavioural_full_rerun,stage6_qwen_behavioural_full_rerun",,0.4923627126656631,results/stage9/baselines/blackbox_counterfactual/family_scores.json,stage9_blackbox_counterfactual,,,,,not_measured,0.6778080069482885,results/stage9/baselines/correctness_probe/loo_predictions_variance.json,stage9_correctness_probe,,0.3377268840974723,results/stage9/baselines/entropy/entropy_per_family_scores.json,stage9_embedding_entropy_baselines,,0.0,results/stage6/analysis_d2/stage6_d1_per_family.csv,"stage6_llama_behavioural_full_rerun,stage6_qwen_behavioural_full_rerun",,,,,not_measured,18,results/stage10/mean_probe_full_sweep_bigcompute/loo_predictions_resid_post_last_prompt.json,stage10_qwen_mean_probe_full_sweep,,0.010482172690409979,results/stage10/mean_probe_full_sweep_bigcompute/loo_predictions_resid_post_last_prompt.json,stage10_qwen_mean_probe_full_sweep,,True,results/stage6/analysis_d2/stage6_d1_per_family.csv,"stage6_llama_behavioural_full_rerun,stage6_qwen_behavioural_full_rerun",,,,,not_measured,0.4390195906162262,results/stage9/correctness_residualisation/loo_predictions.json,stage9_correctness_residualisation,,results/stage9/baselines/cot_text/surface_tfidf_continuous.json,not_applicable,results/stage9/baselines/answer_rationale/surface_tfidf_continuous.json,not_applicable
qwen_primary,CM_A_002,mechanics,irrelevant_variable,original,1.90625,results/stage6/analysis_d2/stage6_d1_per_family.csv,"stage6_llama_behavioural_full_rerun,stage6_qwen_behavioural_full_rerun",,0.5784152128526473,results/stage9/baselines/blackbox_counterfactual/family_scores.json,stage9_blackbox_counterfactual,,,,,not_measured,0.4791860039160288,results/stage9/baselines/correctness_probe/loo_predictions_variance.json,stage9_correctness_probe,,0.7896424230308299,results/stage9/baselines/entropy/entropy_per_family_scores.json,stage9_embedding_entropy_baselines,,0.0,results/stage6/analysis_d2/stage6_d1_per_family.csv,"stage6_llama_behavioural_full_rerun,stage6_qwen_behavioural_full_rerun",,,,,not_measured,18,results/stage10/mean_probe_full_sweep_bigcompute/loo_predictions_resid_post_last_prompt.json,stage10_qwen_mean_probe_full_sweep,,0.39782728900863185,results/stage10/mean_probe_full_sweep_bigcompute/loo_predictions_resid_post_last_prompt.json,stage10_qwen_mean_probe_full_sweep,,False,results/stage6/analysis_d2/stage6_d1_per_family.csv,"stage6_llama_behavioural_full_rerun,stage6_qwen_behavioural_full_rerun",,,,,not_measured,0.5707706809043884,results/stage9/correctness_residualisation/loo_predictions.json,stage9_correctness_residualisation,,results/stage9/baselines/cot_text/surface_tfidf_continuous.json,not_applicable,results/stage9/baselines/answer_rationale/surface_tfidf_continuous.json,not_applicable
qwen_primary,CM_A_003,mechanics,irrelevant_variable,original,0.34375,results/stage6/analysis_d2/stage6_d1_per_family.csv,"stage6_llama_behavioural_full_rerun,stage6_qwen_behavioural_full_rerun",,0.48493051601908277,results/stage9/baselines/blackbox_counterfactual/family_scores.json,stage9_blackbox_counterfactual,,,,,not_measured,0.7587540727982596,results/stage9/baselines/correctness_probe/loo_predictions_variance.json,stage9_correctness_probe,,0.13441133229754104,results/stage9/baselines/entropy/entropy_per_family_scores.json,stage9_embedding_entropy_baselines,,0.0,results/stage6/analysis_d2/stage6_d1_per_family.csv,"stage6_llama_behavioural_full_rerun,stage6_qwen_behavioural_full_rerun",,,,,not_measured,18,results/stage10/mean_probe_full_sweep_bigcompute/loo_predictions_resid_post_last_prompt.json,stage10_qwen_mean_probe_full_sweep,,0.5438333896463369,results/stage10/mean_probe_full_sweep_bigcompute/loo_predictions_resid_post_last_prompt.json,stage10_qwen_mean_probe_full_sweep,,True,results/stage6/analysis_d2/stage6_d1_per_family.csv,"stage6_llama_behavioural_full_rerun,stage6_qwen_behavioural_full_rerun",,,,,not_measured,0.6083696484565735,results/stage9/correctness_residualisation/loo_predictions.json,stage9_correctness_residualisation,,results/stage9/baselines/cot_text/surface_tfidf_continuous.json,not_applicable,results/stage9/baselines/answer_rationale/surface_tfidf_continuous.json,not_applicable
qwen_primary,CM_A_004,mechanics,irrelevant_variable,original,0.375,results/stage6/analysis_d2/stage6_d1_per_family.csv,"stage6_llama_behavioural_full_rerun,stage6_qwen_behavioural_full_rerun",,0.45780098030922073,results/stage9/baselines/blackbox_counterfactual/family_scores.json,stage9_blackbox_counterfactual,,,,,not_measured,0.6305579076361667,results/stage9/baselines/correctness_probe/loo_predictions_variance.json,stage9_correctness_probe,,0.15368996541332813,results/stage9/baselines/entropy/entropy_per_family_scores.json,stage9_embedding_entropy_baselines,,0.0,results/stage6/analysis_d2/stage6_d1_per_family.csv,"stage6_llama_behavioural_full_rerun,stage6_qwen_behavioural_full_rerun",,,,,not_measured,18,results/stage10/mean_probe_full_sweep_bigcompute/loo_predictions_resid_post_last_prompt.json,stage10_qwen_mean_probe_full_sweep,,0.1575260255644213,results/stage10/mean_probe_full_sweep_bigcompute/loo_predictions_resid_post_last_prompt.json,stage10_qwen_mean_probe_full_sweep,,True,results/stage6/analysis_d2/stage6_d1_per_family.csv,"stage6_llama_behavioural_full_rerun,stage6_qwen_behavioural_full_rerun",,,,,not_measured,0.3568839430809021,results/stage9/correctness_residualisation/loo_predictions.json,stage9_correctness_residualisation,,results/stage9/baselines/cot_text/surface_tfidf_continuous.json,not_applicable,results/stage9/baselines/answer_rationale/surface_tfidf_continuous.json,not_applicable
qwen_primary,CM_A_005,mechanics,irrelevant_variable,original,0.640625,results/stage6/analysis_d2/stage6_d1_per_family.csv,"stage6_llama_behavioural_full_rerun,stage6_qwen_behavioural_full_rerun",,0.4220381707609551,results/stage9/baselines/blackbox_counterfactual/family_scores.json,stage9_blackbox_counterfactual,,,,,not_measured,0.751806318884039,results/stage9/baselines/correctness_probe/loo_predictions_variance.json,stage9_correctness_probe,,0.32905374513519825,results/stage9/baselines/entropy/entropy_per_family_scores.json,stage9_embedding_entropy_baselines,,0.0,results/stage6/analysis_d2/stage6_d1_per_family.csv,"stage6_llama_behavioural_full_rerun,stage6_qwen_behavioural_full_rerun",,,,,not_measured,18,results/stage10/mean_probe_full_sweep_bigcompute/loo_predictions_resid_post_last_prompt.json,stage10_qwen_mean_probe_full_sweep,,0.14931626797458614,results/stage10/mean_probe_full_sweep_bigcompute/loo_predictions_resid_post_last_prompt.json,stage10_qwen_mean_probe_full_sweep,,True,results/stage6/analysis_d2/stage6_d1_per_family.csv,"stage6_llama_behavioural_full_rerun,stage6_qwen_behavioural_full_rerun",,,,,not_measured,0.7369356751441956,results/stage9/correctness_residualisation/loo_predictions.json,stage9_correctness_residualisation,,results/stage9/baselines/cot_text/surface_tfidf_continuous.json,not_applicable,results/stage9/baselines/answer_rationale/surface_tfidf_continuous.json,not_applicable
qwen_primary,CM_A_006,mechanics,irrelevant_variable,original,0.296875,results/stage6/analysis_d2/stage6_d1_per_family.csv,"stage6_llama_behavioural_full_rerun,stage6_qwen_behavioural_full_rerun",,0.4127067330389926,results/stage9/baselines/blackbox_counterfactual/family_scores.json,stage9_blackbox_counterfactual,,,,,not_measured,0.2580594348788678,results/stage9/baselines/correctness_probe/loo_predictions_variance.json,stage9_correctness_probe,,0.10561332683277949,results/stage9/baselines/entropy/entropy_per_family_scores.json,stage9_embedding_entropy_baselines,,0.0,results/stage6/analysis_d2/stage6_d1_per_family.csv,"stage6_llama_behavioural_full_rerun,stage6_qwen_behavioural_full_rerun",,,,,not_measured,18,results/stage10/mean_probe_full_sweep_bigcompute/loo_predictions_resid_post_last_prompt.json,stage10_qwen_mean_probe_full_sweep,,0.23424330643535873,results/stage10/mean_probe_full_sweep_bigcompute/loo_predictions_resid_post_last_prompt.json,stage10_qwen_mean_probe_full_sweep,,True,results/stage6/analysis_d2/stage6_d1_per_family.csv,"stage6_llama_behavioural_full_rerun,stage6_qwen_behavioural_full_rerun",,,,,not_measured,0.44723203778266907,results/stage9/correctness_residualisation/loo_predictions.json,stage9_correctness_residualisation,,results/stage9/baselines/cot_text/surface_tfidf_continuous.json,not_applicable,results/stage9/baselines/answer_rationale/surface_tfidf_continuous.json,not_applicable
qwen_primary,CM_A_007,mechanics,irrelevant_variable,original,0.5,results/stage6/analysis_d2/stage6_d1_per_family.csv,"stage6_llama_behavioural_full_rerun,stage6_qwen_behavioural_full_rerun",,0.49750995347378657,results/stage9/baselines/blackbox_counterfactual/family_scores.json,stage9_blackbox_counterfactual,,,,,not_measured,0.5417101060776929,results/stage9/baselines/correctness_probe/loo_predictions_variance.json,stage9_correctness_probe,,0.27720617186265895,results/stage9/baselines/entropy/entropy_per_family_scores.json,stage9_embedding_entropy_baselines,,0.0,results/stage6/analysis_d2/stage6_d1_per_family.csv,"stage6_llama_behavioural_full_rerun,stage6_qwen_behavioural_full_rerun",,,,,not_measured,18,results/stage10/mean_probe_full_sweep_bigcompute/loo_predictions_resid_post_last_prompt.json,stage10_qwen_mean_probe_full_sweep,,0.5614332904177964,results/stage10/mean_probe_full_sweep_bigcompute/loo_predictions_resid_post_last_prompt.json,stage10_qwen_mean_probe_full_sweep,,True,results/stage6/analysis_d2/stage6_d1_per_family.csv,"stage6_llama_behavioural_full_rerun,stage6_qwen_behavioural_full_rerun",,,,,not_measured,0.41944122314453125,results/stage9/correctness_residualisation/loo_predictions.json,stage9_correctness_residualisation,,results/stage9/baselines/cot_text/surface_tfidf_continuous.json,not_applicable,results/stage9/baselines/answer_rationale/surface_tfidf_continuous.json,not_applicable
qwen_primary,CM_A_008,mechanics,irrelevant_variable,original,0.921875,results/stage6/analysis_d2/stage6_d1_per_family.csv,"stage6_llama_behavioural_full_rerun,stage6_qwen_behavioural_full_rerun",,0.5681047791616293,results/stage9/baselines/blackbox_counterfactual/family_scores.json,stage9_blackbox_counterfactual,,,,,not_measured,0.5379448993120114,results/stage9/baselines/correctness_probe/loo_predictions_variance.json,stage9_correctness_probe,,0.8577399217930223,results/stage9/baselines/entropy/entropy_per_family_scores.json,stage9_embedding_entropy_baselines,,0.0,results/stage6/analysis_d2/stage6_d1_per_family.csv,"stage6_llama_behavioural_full_rerun,stage6_qwen_behavioural_full_rerun",,,,,not_measured,18,results/stage10/mean_probe_full_sweep_bigcompute/loo_predictions_resid_post_last_prompt.json,stage10_qwen_mean_probe_full_sweep,,0.6218737781115454,results/stage10/mean_probe_full_sweep_bigcompute/loo_predictions_resid_post_last_prompt.json,stage10_qwen_mean_probe_full_sweep,,True,results/stage6/analysis_d2/stage6_d1_per_family.csv,"stage6_llama_behavioural_full_rerun,stage6_qwen_behavioural_full_rerun",,,,,not_measured,0.7362893223762512,results/stage9/correctness_residualisation/loo_predictions.json,stage9_correctness_residualisation,,results/stage9/baselines/cot_text/surface_tfidf_continuous.json,not_applicable,results/stage9/baselines/answer_rationale/surface_tfidf_continuous.json,not_applicable
qwen_primary,CM_A_009,mechanics,irrelevant_variable,original,0.0625,results/stage6/analysis_d2/stage6_d1_per_family.csv,"stage6_llama_behavioural_full_rerun,stage6_qwen_behavioural_full_rerun",,0.4474899580887789,results/stage9/baselines/blackbox_counterfactual/family_scores.json,stage9_blackbox_counterfactual,,,,,not_measured,0.7846531443039974,results/stage9/baselines/correctness_probe/loo_predictions_variance.json,stage9_correctness_probe,,0.12371162204775872,results/stage9/baselines/entropy/entropy_per_family_scores.json,stage9_embedding_entropy_baselines,,0.0,results/stage6/analysis_d2/stage6_d1_per_family.csv,"stage6_llama_behavioural_full_rerun,stage6_qwen_behavioural_full_rerun",,,,,not_measured,18,results/stage10/mean_probe_full_sweep_bigcompute/loo_predictions_resid_post_last_prompt.json,stage10_qwen_mean_probe_full_sweep,,0.03936162571386939,results/stage10/mean_probe_full_sweep_bigcompute/loo_predictions_resid_post_last_prompt.json,stage10_qwen_mean_probe_full_sweep,,True,results/stage6/analysis_d2/stage6_d1_per_family.csv,"stage6_llama_behavioural_full_rerun,stage6_qwen_behavioural_full_rerun",,,,,not_measured,0.31464695930480957,results/stage9/correctness_residualisation/loo_predictions.json,stage9_correctness_residualisation,,results/stage9/baselines/cot_text/surface_tfidf_continuous.json,not_applicable,results/stage9/baselines/answer_rationale/surface_tfidf_continuous.json,not_applicable
qwen_primary,CM_A_010,mechanics,irrelevant_variable,original,0.46875,results/stage6/analysis_d2/stage6_d1_per_family.csv,"stage6_llama_behavioural_full_rerun,stage6_qwen_behavioural_full_rerun",,0.46981436286034417,results/stage9/baselines/blackbox_counterfactual/family_scores.json,stage9_blackbox_counterfactual,,,,,not_measured,0.8569793541428014,results/stage9/baselines/correctness_probe/loo_predictions_variance.json,stage9_correctness_probe,,0.2864908835673266,results/stage9/baselines/entropy/entropy_per_family_scores.json,stage9_embedding_entropy_baselines,,0.0,results/stage6/analysis_d2/stage6_d1_per_family.csv,"stage6_llama_behavioural_full_rerun,stage6_qwen_behavioural_full_rerun",,,,,not_measured,18,results/stage10/mean_probe_full_sweep_bigcompute/loo_predictions_resid_post_last_prompt.json,stage10_qwen_mean_probe_full_sweep,,0.08001372132508533,results/stage10/mean_probe_full_sweep_bigcompute/loo_predictions_resid_post_last_prompt.json,stage10_qwen_mean_probe_full_sweep,,True,results/stage6/analysis_d2/stage6_d1_per_family.csv,"stage6_llama_behavioural_full_rerun,stage6_qwen_behavioural_full_rerun",,,,,not_measured,0.5744033455848694,results/stage9/correctness_residualisation/loo_predictions.json,stage9_correctness_residualisation,,results/stage9/baselines/cot_text/surface_tfidf_continuous.json,not_applicable,results/stage9/baselines/answer_rationale/surface_tfidf_continuous.json,not_applicable
qwen_primary,CM_A_STD_001,mechanics,irrelevant_variable,original,0.0,results/stage6/analysis_d2/stage6_d1_per_family.csv,"stage6_llama_behavioural_full_rerun,stage6_qwen_behavioural_full_rerun",,0.47759341782718234,results/stage9/baselines/blackbox_counterfactual/family_scores.json,stage9_blackbox_counterfactual,,,,,not_measured,0.6834967190216366,results/stage9/baselines/correctness_probe/loo_predictions_variance.json,stage9_correctness_probe,,0.23473279980583775,results/stage9/baselines/entropy/entropy_per_family_scores.json,stage9_embedding_entropy_baselines,,0.0,results/stage6/analysis_d2/stage6_d1_per_family.csv,"stage6_llama_behavioural_full_rerun,stage6_qwen_behavioural_full_rerun",,,,,not_measured,18,results/stage10/mean_probe_full_sweep_bigcompute/loo_predictions_resid_post_last_prompt.json,stage10_qwen_mean_probe_full_sweep,,0.3403486911233799,results/stage10/mean_probe_full_sweep_bigcompute/loo_predictions_resid_post_last_prompt.json,stage10_qwen_mean_probe_full_sweep,,True,results/stage6/analysis_d2/stage6_d1_per_family.csv,"stage6_llama_behavioural_full_rerun,stage6_qwen_behavioural_full_rerun",,,,,not_measured,0.3622801899909973,results/stage9/correctness_residualisation/loo_predictions.json,stage9_correctness_residualisation,,results/stage9/baselines/cot_text/surface_tfidf_continuous.json,not_applicable,results/stage9/baselines/answer_rationale/surface_tfidf_continuous.json,not_applicable
qwen_primary,CM_A_STD_002,mechanics,irrelevant_variable,original,1.421875,results/stage6/analysis_d2/stage6_d1_per_family.csv,"stage6_llama_behavioural_full_rerun,stage6_qwen_behavioural_full_rerun",,0.43895256059663684,results/stage9/baselines/blackbox_counterfactual/family_scores.json,stage9_blackbox_counterfactual,,,,,not_measured,0.5713480357422135,results/stage9/baselines/correctness_probe/loo_predictions_variance.json,stage9_correctness_probe,,0.5851557284710627,results/stage9/baselines/entropy/entropy_per_family_scores.json,stage9_embedding_entropy_baselines,,0.0,results/stage6/analysis_d2/stage6_d1_per_family.csv,"stage6_llama_behavioural_full_rerun,stage6_qwen_behavioural_full_rerun",,,,,not_measured,18,results/stage10/mean_probe_full_sweep_bigcompute/loo_predictions_resid_post_last_prompt.json,stage10_qwen_mean_probe_full_sweep,,0.9389275081009847,results/stage10/mean_probe_full_sweep_bigcompute/loo_predictions_resid_post_last_prompt.json,stage10_qwen_mean_probe_full_sweep,,True,results/stage6/analysis_d2/stage6_d1_per_family.csv,"stage6_llama_behavioural_full_rerun,stage6_qwen_behavioural_full_rerun",,,,,not_measured,0.43748587369918823,results/stage9/correctness_residualisation/loo_predictions.json,stage9_correctness_residualisation,,results/stage9/baselines/cot_text/surface_tfidf_continuous.json,not_applicable,results/stage9/baselines/answer_rationale/surface_tfidf_continuous.json,not_applicable
qwen_primary,CM_A_STD_003,mechanics,irrelevant_variable,original,1.03125,results/stage6/analysis_d2/stage6_d1_per_family.csv,"stage6_llama_behavioural_full_rerun,stage6_qwen_behavioural_full_rerun",,0.4370171739321048,results/stage9/baselines/blackbox_counterfactual/family_scores.json,stage9_blackbox_counterfactual,,,,,not_measured,0.7688805746482417,results/stage9/baselines/correctness_probe/loo_predictions_variance.json,stage9_correctness_probe,,0.3998137994351246,results/stage9/baselines/entropy/entropy_per_family_scores.json,stage9_embedding_entropy_baselines,,0.0,results/stage6/analysis_d2/stage6_d1_per_family.csv,"stage6_llama_behavioural_full_rerun,stage6_qwen_behavioural_full_rerun",,,,,not_measured,18,results/stage10/mean_probe_full_sweep_bigcompute/loo_predictions_resid_post_last_prompt.json,stage10_qwen_mean_probe_full_sweep,,0.44060673421424895,results/stage10/mean_probe_full_sweep_bigcompute/loo_predictions_resid_post_last_prompt.json,stage10_qwen_mean_probe_full_sweep,,True,results/stage6/analysis_d2/stage6_d1_per_family.csv,"stage6_llama_behavioural_full_rerun,stage6_qwen_behavioural_full_rerun",,,,,not_measured,0.41276174783706665,results/stage9/correctness_residualisation/loo_predictions.json,stage9_correctness_residualisation,,results/stage9/baselines/cot_text/surface_tfidf_continuous.json,not_applicable,results/stage9/baselines/answer_rationale/surface_tfidf_continuous.json,not_applicable
qwen_primary,CM_A_STD_004,mechanics,irrelevant_variable,original,1.09375,results/stage6/analysis_d2/stage6_d1_per_family.csv,"stage6_llama_behavioural_full_rerun,stage6_qwen_behavioural_full_rerun",,0.4552615680327896,results/stage9/baselines/blackbox_counterfactual/family_scores.json,stage9_blackbox_counterfactual,,,,,not_measured,0.7027139329342018,results/stage9/baselines/correctness_probe/loo_predictions_variance.json,stage9_correctness_probe,,0.4522317434730644,results/stage9/baselines/entropy/entropy_per_family_scores.json,stage9_embedding_entropy_baselines,,0.0,results/stage6/analysis_d2/stage6_d1_per_family.csv,"stage6_llama_behavioural_full_rerun,stage6_qwen_behavioural_full_rerun",,,,,not_measured,18,results/stage10/mean_probe_full_sweep_bigcompute/loo_predictions_resid_post_last_prompt.json,stage10_qwen_mean_probe_full_sweep,,0.22530662523129313,results/stage10/mean_probe_full_sweep_bigcompute/loo_predictions_resid_post_last_prompt.json,stage10_qwen_mean_probe_full_sweep,,True,results/stage6/analysis_d2/stage6_d1_per_family.csv,"stage6_llama_behavioural_full_rerun,stage6_qwen_behavioural_full_rerun",,,,,not_measured,0.4730428457260132,results/stage9/correctness_residualisation/loo_predictions.json,stage9_correctness_residualisation,,results/stage9/baselines/cot_text/surface_tfidf_continuous.json,not_applicable,results/stage9/baselines/answer_rationale/surface_tfidf_continuous.json,not_applicable
qwen_primary,CM_A_STD_005,mechanics,irrelevant_variable,original,2.296875,results/stage6/analysis_d2/stage6_d1_per_family.csv,"stage6_llama_behavioural_full_rerun,stage6_qwen_behavioural_full_rerun",,0.4635029859183047,results/stage9/baselines/blackbox_counterfactual/family_scores.json,stage9_blackbox_counterfactual,,,,,not_measured,0.6691451275881146,results/stage9/baselines/correctness_probe/loo_predictions_variance.json,stage9_correctness_probe,,0.8875615488120739,results/stage9/baselines/entropy/entropy_per_family_scores.json,stage9_embedding_entropy_baselines,,0.0,results/stage6/analysis_d2/stage6_d1_per_family.csv,"stage6_llama_behavioural_full_rerun,stage6_qwen_behavioural_full_rerun",,,,,not_measured,18,results/stage10/mean_probe_full_sweep_bigcompute/loo_predictions_resid_post_last_prompt.json,stage10_qwen_mean_probe_full_sweep,,0.688621707067214,results/stage10/mean_probe_full_sweep_bigcompute/loo_predictions_resid_post_last_prompt.json,stage10_qwen_mean_probe_full_sweep,,True,results/stage6/analysis_d2/stage6_d1_per_family.csv,"stage6_llama_behavioural_full_rerun,stage6_qwen_behavioural_full_rerun",,,,,not_measured,0.46263056993484497,results/stage9/correctness_residualisation/loo_predictions.json,stage9_correctness_residualisation,,results/stage9/baselines/cot_text/surface_tfidf_continuous.json,not_applicable,results/stage9/baselines/answer_rationale/surface_tfidf_continuous.json,not_applicable
qwen_primary,CM_A_STD_006,mechanics,irrelevant_variable,original,0.03125,results/stage6/analysis_d2/stage6_d1_per_family.csv,"stage6_llama_behavioural_full_rerun,stage6_qwen_behavioural_full_rerun",,0.4466851099739877,results/stage9/baselines/blackbox_counterfactual/family_scores.json,stage9_blackbox_counterfactual,,,,,not_measured,0.9179808148488692,results/stage9/baselines/correctness_probe/loo_predictions_variance.json,stage9_correctness_probe,,0.16143733062321738,results/stage9/baselines/entropy/entropy_per_family_scores.json,stage9_embedding_entropy_baselines,,0.0,results/stage6/analysis_d2/stage6_d1_per_family.csv,"stage6_llama_behavioural_full_rerun,stage6_qwen_behavioural_full_rerun",,,,,not_measured,18,results/stage10/mean_probe_full_sweep_bigcompute/loo_predictions_resid_post_last_prompt.json,stage10_qwen_mean_probe_full_sweep,,0.1773748482582937,results/stage10/mean_probe_full_sweep_bigcompute/loo_predictions_resid_post_last_prompt.json,stage10_qwen_mean_probe_full_sweep,,True,results/stage6/analysis_d2/stage6_d1_per_family.csv,"stage6_llama_behavioural_full_rerun,stage6_qwen_behavioural_full_rerun",,,,,not_measured,0.5979418754577637,results/stage9/correctness_residualisation/loo_predictions.json,stage9_correctness_residualisation,,results/stage9/baselines/cot_text/surface_tfidf_continuous.json,not_applicable,results/stage9/baselines/answer_rationale/surface_tfidf_continuous.json,not_applicable
qwen_primary,CM_A_STD_007,mechanics,irrelevant_variable,original,0.25,results/stage6/analysis_d2/stage6_d1_per_family.csv,"stage6_llama_behavioural_full_rerun,stage6_qwen_behavioural_full_rerun",,0.4214961248067547,results/stage9/baselines/blackbox_counterfactual/family_scores.json,stage9_blackbox_counterfactual,,,,,not_measured,0.6718279912062906,results/stage9/baselines/correctness_probe/loo_predictions_variance.json,stage9_correctness_probe,,0.09210801658243434,results/stage9/baselines/entropy/entropy_per_family_scores.json,stage9_embedding_entropy_baselines,,0.0,results/stage6/analysis_d2/stage6_d1_per_family.csv,"stage6_llama_behavioural_full_rerun,stage6_qwen_behavioural_full_rerun",,,,,not_measured,18,results/stage10/mean_probe_full_sweep_bigcompute/loo_predictions_resid_post_last_prompt.json,stage10_qwen_mean_probe_full_sweep,,0.6473456438070041,results/stage10/mean_probe_full_sweep_bigcompute/loo_predictions_resid_post_last_prompt.json,stage10_qwen_mean_probe_full_sweep,,True,results/stage6/analysis_d2/stage6_d1_per_family.csv,"stage6_llama_behavioural_full_rerun,stage6_qwen_behavioural_full_rerun",,,,,not_measured,0.4670679569244385,results/stage9/correctness_residualisation/loo_predictions.json,stage9_correctness_residualisation,,results/stage9/baselines/cot_text/surface_tfidf_continuous.json,not_applicable,results/stage9/baselines/answer_rationale/surface_tfidf_continuous.json,not_applicable
qwen_primary,CM_A_STD_008,mechanics,irrelevant_variable,original,0.078125,results/stage6/analysis_d2/stage6_d1_per_family.csv,"stage6_llama_behavioural_full_rerun,stage6_qwen_behavioural_full_rerun",,0.44425976035964465,results/stage9/baselines/blackbox_counterfactual/family_scores.json,stage9_blackbox_counterfactual,,,,,not_measured,0.8119096401945619,results/stage9/baselines/correctness_probe/loo_predictions_variance.json,stage9_correctness_probe,,0.420498332524934,results/stage9/baselines/entropy/entropy_per_family_scores.json,stage9_embedding_entropy_baselines,,0.0,results/stage6/analysis_d2/stage6_d1_per_family.csv,"stage6_llama_behavioural_full_rerun,stage6_qwen_behavioural_full_rerun",,,,,not_measured,18,results/stage10/mean_probe_full_sweep_bigcompute/loo_predictions_resid_post_last_prompt.json,stage10_qwen_mean_probe_full_sweep,,0.13429656144097463,results/stage10/mean_probe_full_sweep_bigcompute/loo_predictions_resid_post_last_prompt.json,stage10_qwen_mean_probe_full_sweep,,True,results/stage6/analysis_d2/stage6_d1_per_family.csv,"stage6_llama_behavioural_full_rerun,stage6_qwen_behavioural_full_rerun",,,,,not_measured,0.4360015094280243,results/stage9/correctness_residualisation/loo_predictions.json,stage9_correctness_residualisation,,results/stage9/baselines/cot_text/surface_tfidf_continuous.json,not_applicable,results/stage9/baselines/answer_rationale/surface_tfidf_continuous.json,not_applicable
qwen_primary,CM_A_STD_009,mechanics,irrelevant_variable,original,0.0,results/stage6/analysis_d2/stage6_d1_per_family.csv,"stage6_llama_behavioural_full_rerun,stage6_qwen_behavioural_full_rerun",,0.49688334161700326,results/stage9/baselines/blackbox_counterfactual/family_scores.json,stage9_blackbox_counterfactual,,,,,not_measured,0.8334111374070792,results/stage9/baselines/correctness_probe/loo_predictions_variance.json,stage9_correctness_probe,,0.6128083367719368,results/stage9/baselines/entropy/entropy_per_family_scores.json,stage9_embedding_entropy_baselines,,0.5,results/stage6/analysis_d2/stage6_d1_per_family.csv,"stage6_llama_behavioural_full_rerun,stage6_qwen_behavioural_full_rerun",,,,,not_measured,18,results/stage10/mean_probe_full_sweep_bigcompute/loo_predictions_resid_post_last_prompt.json,stage10_qwen_mean_probe_full_sweep,,0.0821655057346624,results/stage10/mean_probe_full_sweep_bigcompute/loo_predictions_resid_post_last_prompt.json,stage10_qwen_mean_probe_full_sweep,,True,results/stage6/analysis_d2/stage6_d1_per_family.csv,"stage6_llama_behavioural_full_rerun,stage6_qwen_behavioural_full_rerun",,,,,not_measured,0.309822678565979,results/stage9/correctness_residualisation/loo_predictions.json,stage9_correctness_residualisation,,results/stage9/baselines/cot_text/surface_tfidf_continuous.json,not_applicable,results/stage9/baselines/answer_rationale/surface_tfidf_continuous.json,not_applicable
qwen_primary,CM_A_STD_010,mechanics,irrelevant_variable,original,0.78125,results/stage6/analysis_d2/stage6_d1_per_family.csv,"stage6_llama_behavioural_full_rerun,stage6_qwen_behavioural_full_rerun",,0.43249527125412685,results/stage9/baselines/blackbox_counterfactual/family_scores.json,stage9_blackbox_counterfactual,,,,,not_measured,0.5996478328174358,results/stage9/baselines/correctness_probe/loo_predictions_variance.json,stage9_correctness_probe,,0.28070694098783877,results/stage9/baselines/entropy/entropy_per_family_scores.json,stage9_embedding_entropy_baselines,,0.0,results/stage6/analysis_d2/stage6_d1_per_family.csv,"stage6_llama_behavioural_full_rerun,stage6_qwen_behavioural_full_rerun",,,,,not_measured,18,results/stage10/mean_probe_full_sweep_bigcompute/loo_predictions_resid_post_last_prompt.json,stage10_qwen_mean_probe_full_sweep,,0.3626320213140989,results/stage10/mean_probe_full_sweep_bigcompute/loo_predictions_resid_post_last_prompt.json,stage10_qwen_mean_probe_full_sweep,,True,results/stage6/analysis_d2/stage6_d1_per_family.csv,"stage6_llama_behavioural_full_rerun,stage6_qwen_behavioural_full_rerun",,,,,not_measured,0.5226500630378723,results/stage9/correctness_residualisation/loo_predictions.json,stage9_correctness_residualisation,,results/stage9/baselines/cot_text/surface_tfidf_continuous.json,not_applicable,results/stage9/baselines/answer_rationale/surface_tfidf_continuous.json,not_applicable
qwen_primary,CM_A_STD_011,electrostatics_circuits,irrelevant_variable,original,0.140625,results/stage6/analysis_d2/stage6_d1_per_family.csv,"stage6_llama_behavioural_full_rerun,stage6_qwen_behavioural_full_rerun",,0.43168112674967835,results/stage9/baselines/blackbox_counterfactual/family_scores.json,stage9_blackbox_counterfactual,,,,,not_measured,0.6434870724244512,results/stage9/baselines/correctness_probe/loo_predictions_variance.json,stage9_correctness_probe,,0.6754424728869866,results/stage9/baselines/entropy/entropy_per_family_scores.json,stage9_embedding_entropy_baselines,,0.0,results/stage6/analysis_d2/stage6_d1_per_family.csv,"stage6_llama_behavioural_full_rerun,stage6_qwen_behavioural_full_rerun",,,,,not_measured,18,results/stage10/mean_probe_full_sweep_bigcompute/loo_predictions_resid_post_last_prompt.json,stage10_qwen_mean_probe_full_sweep,,0.3287445485138009,results/stage10/mean_probe_full_sweep_bigcompute/loo_predictions_resid_post_last_prompt.json,stage10_qwen_mean_probe_full_sweep,,True,results/stage6/analysis_d2/stage6_d1_per_family.csv,"stage6_llama_behavioural_full_rerun,stage6_qwen_behavioural_full_rerun",,,,,not_measured,0.4988277554512024,results/stage9/correctness_residualisation/loo_predictions.json,stage9_correctness_residualisation,,results/stage9/baselines/cot_text/surface_tfidf_continuous.json,not_applicable,results/stage9/baselines/answer_rationale/surface_tfidf_continuous.json,not_applicable
qwen_primary,CM_A_STD_012,electrostatics_circuits,irrelevant_variable,original,0.0,results/stage6/analysis_d2/stage6_d1_per_family.csv,"stage6_llama_behavioural_full_rerun,stage6_qwen_behavioural_full_rerun",,0.4469959698280148,results/stage9/baselines/blackbox_counterfactual/family_scores.json,stage9_blackbox_counterfactual,,,,,not_measured,0.8503027919313678,results/stage9/baselines/correctness_probe/loo_predictions_variance.json,stage9_correctness_probe,,0.6668942380952826,results/stage9/baselines/entropy/entropy_per_family_scores.json,stage9_embedding_entropy_baselines,,0.0,results/stage6/analysis_d2/stage6_d1_per_family.csv,"stage6_llama_behavioural_full_rerun,stage6_qwen_behavioural_full_rerun",,,,,not_measured,18,results/stage10/mean_probe_full_sweep_bigcompute/loo_predictions_resid_post_last_prompt.json,stage10_qwen_mean_probe_full_sweep,,0.2859260129856981,results/stage10/mean_probe_full_sweep_bigcompute/loo_predictions_resid_post_last_prompt.json,stage10_qwen_mean_probe_full_sweep,,True,results/stage6/analysis_d2/stage6_d1_per_family.csv,"stage6_llama_behavioural_full_rerun,stage6_qwen_behavioural_full_rerun",,,,,not_measured,0.3922170400619507,results/stage9/correctness_residualisation/loo_predictions.json,stage9_correctness_residualisation,,results/stage9/baselines/cot_text/surface_tfidf_continuous.json,not_applicable,results/stage9/baselines/answer_rationale/surface_tfidf_continuous.json,not_applicable
qwen_primary,CM_A_STD_013,electrostatics_circuits,irrelevant_variable,original,0.0,results/stage6/analysis_d2/stage6_d1_per_family.csv,"stage6_llama_behavioural_full_rerun,stage6_qwen_behavioural_full_rerun",,0.4756242269137983,results/stage9/baselines/blackbox_counterfactual/family_scores.json,stage9_blackbox_counterfactual,,,,,not_measured,0.6541689720534655,results/stage9/baselines/correctness_probe/loo_predictions_variance.json,stage9_correctness_probe,,0.7847966371734464,results/stage9/baselines/entropy/entropy_per_family_scores.json,stage9_embedding_entropy_baselines,,0.0,results/stage6/analysis_d2/stage6_d1_per_family.csv,"stage6_llama_behavioural_full_rerun,stage6_qwen_behavioural_full_rerun",,,,,not_measured,18,results/stage10/mean_probe_full_sweep_bigcompute/loo_predictions_resid_post_last_prompt.json,stage10_qwen_mean_probe_full_sweep,,0.15525900614574828,results/stage10/mean_probe_full_sweep_bigcompute/loo_predictions_resid_post_last_prompt.json,stage10_qwen_mean_probe_full_sweep,,True,results/stage6/analysis_d2/stage6_d1_per_family.csv,"stage6_llama_behavioural_full_rerun,stage6_qwen_behavioural_full_rerun",,,,,not_measured,0.402872234582901,results/stage9/correctness_residualisation/loo_predictions.json,stage9_correctness_residualisation,,results/stage9/baselines/cot_text/surface_tfidf_continuous.json,not_applicable,results/stage9/baselines/answer_rationale/surface_tfidf_continuous.json,not_applicable
qwen_primary,CM_A_STD_014,electrostatics_circuits,irrelevant_variable,original,0.109375,results/stage6/analysis_d2/stage6_d1_per_family.csv,"stage6_llama_behavioural_full_rerun,stage6_qwen_behavioural_full_rerun",,0.4362305782102912,results/stage9/baselines/blackbox_counterfactual/family_scores.json,stage9_blackbox_counterfactual,,,,,not_measured,0.5168515425687501,results/stage9/baselines/correctness_probe/loo_predictions_variance.json,stage9_correctness_probe,,0.1015625,results/stage9/baselines/entropy/entropy_per_family_scores.json,stage9_embedding_entropy_baselines,,0.0,results/stage6/analysis_d2/stage6_d1_per_family.csv,"stage6_llama_behavioural_full_rerun,stage6_qwen_behavioural_full_rerun",,,,,not_measured,18,results/stage10/mean_probe_full_sweep_bigcompute/loo_predictions_resid_post_last_prompt.json,stage10_qwen_mean_probe_full_sweep,,0.05215875758440318,results/stage10/mean_probe_full_sweep_bigcompute/loo_predictions_resid_post_last_prompt.json,stage10_qwen_mean_probe_full_sweep,,True,results/stage6/analysis_d2/stage6_d1_per_family.csv,"stage6_llama_behavioural_full_rerun,stage6_qwen_behavioural_full_rerun",,,,,not_measured,0.5920155644416809,results/stage9/correctness_residualisation/loo_predictions.json,stage9_correctness_residualisation,,results/stage9/baselines/cot_text/surface_tfidf_continuous.json,not_applicable,results/stage9/baselines/answer_rationale/surface_tfidf_continuous.json,not_applicable
qwen_primary,CM_A_STD_015,electrostatics_circuits,irrelevant_variable,original,0.0,results/stage6/analysis_d2/stage6_d1_per_family.csv,"stage6_llama_behavioural_full_rerun,stage6_qwen_behavioural_full_rerun",,0.4408349442195764,results/stage9/baselines/blackbox_counterfactual/family_scores.json,stage9_blackbox_counterfactual,,,,,not_measured,0.4350145986756796,results/stage9/baselines/correctness_probe/loo_predictions_variance.json,stage9_correctness_probe,,0.36225072248030094,results/stage9/baselines/entropy/entropy_per_family_scores.json,stage9_embedding_entropy_baselines,,0.8333333333333334,results/stage6/analysis_d2/stage6_d1_per_family.csv,"stage6_llama_behavioural_full_rerun,stage6_qwen_behavioural_full_rerun",,,,,not_measured,18,results/stage10/mean_probe_full_sweep_bigcompute/loo_predictions_resid_post_last_prompt.json,stage10_qwen_mean_probe_full_sweep,,0.3817796792806152,results/stage10/mean_probe_full_sweep_bigcompute/loo_predictions_resid_post_last_prompt.json,stage10_qwen_mean_probe_full_sweep,,True,results/stage6/analysis_d2/stage6_d1_per_family.csv,"stage6_llama_behavioural_full_rerun,stage6_qwen_behavioural_full_rerun",,,,,not_measured,0.3758452236652374,results/stage9/correctness_residualisation/loo_predictions.json,stage9_correctness_residualisation,,results/stage9/baselines/cot_text/surface_tfidf_continuous.json,not_applicable,results/stage9/baselines/answer_rationale/surface_tfidf_continuous.json,not_applicable
qwen_primary,CM_A_STD_016,electrostatics_circuits,irrelevant_variable,original,0.78125,results/stage6/analysis_d2/stage6_d1_per_family.csv,"stage6_llama_behavioural_full_rerun,stage6_qwen_behavioural_full_rerun",,0.4149844723448745,results/stage9/baselines/blackbox_counterfactual/family_scores.json,stage9_blackbox_counterfactual,,,,,not_measured,0.5821044163493709,results/stage9/baselines/correctness_probe/loo_predictions_variance.json,stage9_correctness_probe,,0.3081731706768128,results/stage9/baselines/entropy/entropy_per_family_scores.json,stage9_embedding_entropy_baselines,,0.5,results/stage6/analysis_d2/stage6_d1_per_family.csv,"stage6_llama_behavioural_full_rerun,stage6_qwen_behavioural_full_rerun",,,,,not_measured,18,results/stage10/mean_probe_full_sweep_bigcompute/loo_predictions_resid_post_last_prompt.json,stage10_qwen_mean_probe_full_sweep,,0.29513015790039876,results/stage10/mean_probe_full_sweep_bigcompute/loo_predictions_resid_post_last_prompt.json,stage10_qwen_mean_probe_full_sweep,,True,results/stage6/analysis_d2/stage6_d1_per_family.csv,"stage6_llama_behavioural_full_rerun,stage6_qwen_behavioural_full_rerun",,,,,not_measured,0.4437728524208069,results/stage9/correctness_residualisation/loo_predictions.json,stage9_correctness_residualisation,,results/stage9/baselines/cot_text/surface_tfidf_continuous.json,not_applicable,results/stage9/baselines/answer_rationale/surface_tfidf_continuous.json,not_applicable
qwen_primary,CM_A_STD_017,thermodynamics,irrelevant_variable,original,0.796875,results/stage6/analysis_d2/stage6_d1_per_family.csv,"stage6_llama_behavioural_full_rerun,stage6_qwen_behavioural_full_rerun",,0.4234618947053018,results/stage9/baselines/blackbox_counterfactual/family_scores.json,stage9_blackbox_counterfactual,,,,,not_measured,0.8663316993011809,results/stage9/baselines/correctness_probe/loo_predictions_variance.json,stage9_correctness_probe,,1.1420688635377902,results/stage9/baselines/entropy/entropy_per_family_scores.json,stage9_embedding_entropy_baselines,,0.0,results/stage6/analysis_d2/stage6_d1_per_family.csv,"stage6_llama_behavioural_full_rerun,stage6_qwen_behavioural_full_rerun",,,,,not_measured,18,results/stage10/mean_probe_full_sweep_bigcompute/loo_predictions_resid_post_last_prompt.json,stage10_qwen_mean_probe_full_sweep,,0.6727897156520268,results/stage10/mean_probe_full_sweep_bigcompute/loo_predictions_resid_post_last_prompt.json,stage10_qwen_mean_probe_full_sweep,,True,results/stage6/analysis_d2/stage6_d1_per_family.csv,"stage6_llama_behavioural_full_rerun,stage6_qwen_behavioural_full_rerun",,,,,not_measured,0.4339526295661926,results/stage9/correctness_residualisation/loo_predictions.json,stage9_correctness_residualisation,,results/stage9/baselines/cot_text/surface_tfidf_continuous.json,not_applicable,results/stage9/baselines/answer_rationale/surface_tfidf_continuous.json,not_applicable
qwen_primary,CM_A_STD_018,thermodynamics,irrelevant_variable,original,0.46875,results/stage6/analysis_d2/stage6_d1_per_family.csv,"stage6_llama_behavioural_full_rerun,stage6_qwen_behavioural_full_rerun",,,,,not_measured,,,,not_measured,,,,not_measured,,,,not_measured,0.0,results/stage6/analysis_d2/stage6_d1_per_family.csv,"stage6_llama_behavioural_full_rerun,stage6_qwen_behavioural_full_rerun",,,,,not_measured,,,,not_measured,,,,not_measured,False,results/stage6/analysis_d2/stage6_d1_per_family.csv,"stage6_llama_behavioural_full_rerun,stage6_qwen_behavioural_full_rerun",,,,,not_measured,,,,not_measured,results/stage9/baselines/cot_text/surface_tfidf_continuous.json,not_applicable,results/stage9/baselines/answer_rationale/surface_tfidf_continuous.json,not_applicable
qwen_primary,CM_A_STD_019,thermodynamics,irrelevant_variable,original,3.15625,results/stage6/analysis_d2/stage6_d1_per_family.csv,"stage6_llama_behavioural_full_rerun,stage6_qwen_behavioural_full_rerun",,0.444435678099304,results/stage9/baselines/blackbox_counterfactual/family_scores.json,stage9_blackbox_counterfactual,,,,,not_measured,0.530045944176265,results/stage9/baselines/correctness_probe/loo_predictions_variance.json,stage9_correctness_probe,,1.1846954958843854,results/stage9/baselines/entropy/entropy_per_family_scores.json,stage9_embedding_entropy_baselines,,0.0,results/stage6/analysis_d2/stage6_d1_per_family.csv,"stage6_llama_behavioural_full_rerun,stage6_qwen_behavioural_full_rerun",,,,,not_measured,18,results/stage10/mean_probe_full_sweep_bigcompute/loo_predictions_resid_post_last_prompt.json,stage10_qwen_mean_probe_full_sweep,,0.3648245995821765,results/stage10/mean_probe_full_sweep_bigcompute/loo_predictions_resid_post_last_prompt.json,stage10_qwen_mean_probe_full_sweep,,False,results/stage6/analysis_d2/stage6_d1_per_family.csv,"stage6_llama_behavioural_full_rerun,stage6_qwen_behavioural_full_rerun",,,,,not_measured,0.4428752362728119,results/stage9/correctness_residualisation/loo_predictions.json,stage9_correctness_residualisation,,results/stage9/baselines/cot_text/surface_tfidf_continuous.json,not_applicable,results/stage9/baselines/answer_rationale/surface_tfidf_continuous.json,not_applicable
qwen_primary,CM_A_STD_020,thermodynamics,irrelevant_variable,original,0.0,results/stage6/analysis_d2/stage6_d1_per_family.csv,"stage6_llama_behavioural_full_rerun,stage6_qwen_behavioural_full_rerun",,0.44321861428009035,results/stage9/baselines/blackbox_counterfactual/family_scores.json,stage9_blackbox_counterfactual,,,,,not_measured,0.7727358547291914,results/stage9/baselines/correctness_probe/loo_predictions_variance.json,stage9_correctness_probe,,0.16139006453213747,results/stage9/baselines/entropy/entropy_per_family_scores.json,stage9_embedding_entropy_baselines,,0.0,results/stage6/analysis_d2/stage6_d1_per_family.csv,"stage6_llama_behavioural_full_rerun,stage6_qwen_behavioural_full_rerun",,,,,not_measured,18,results/stage10/mean_probe_full_sweep_bigcompute/loo_predictions_resid_post_last_prompt.json,stage10_qwen_mean_probe_full_sweep,,0.40197832919400506,results/stage10/mean_probe_full_sweep_bigcompute/loo_predictions_resid_post_last_prompt.json,stage10_qwen_mean_probe_full_sweep,,True,results/stage6/analysis_d2/stage6_d1_per_family.csv,"stage6_llama_behavioural_full_rerun,stage6_qwen_behavioural_full_rerun",,,,,not_measured,0.44414421916007996,results/stage9/correctness_residualisation/loo_predictions.json,stage9_correctness_residualisation,,results/stage9/baselines/cot_text/surface_tfidf_continuous.json,not_applicable,results/stage9/baselines/answer_rationale/surface_tfidf_continuous.json,not_applicable
qwen_primary,CM_B_001,mechanics,nongoverning_distractor,original,2.0,results/stage6/analysis_d2/stage6_d1_per_family.csv,"stage6_llama_behavioural_full_rerun,stage6_qwen_behavioural_full_rerun",,0.41285197578564514,results/stage9/baselines/blackbox_counterfactual/family_scores.json,stage9_blackbox_counterfactual,,,,,not_measured,0.6952917597052074,results/stage9/baselines/correctness_probe/loo_predictions_variance.json,stage9_correctness_probe,,1.035996121550263,results/stage9/baselines/entropy/entropy_per_family_scores.json,stage9_embedding_entropy_baselines,,0.0,results/stage6/analysis_d2/stage6_d1_per_family.csv,"stage6_llama_behavioural_full_rerun,stage6_qwen_behavioural_full_rerun",,,,,not_measured,18,results/stage10/mean_probe_full_sweep_bigcompute/loo_predictions_resid_post_last_prompt.json,stage10_qwen_mean_probe_full_sweep,,0.20339166698350344,results/stage10/mean_probe_full_sweep_bigcompute/loo_predictions_resid_post_last_prompt.json,stage10_qwen_mean_probe_full_sweep,,True,results/stage6/analysis_d2/stage6_d1_per_family.csv,"stage6_llama_behavioural_full_rerun,stage6_qwen_behavioural_full_rerun",,,,,not_measured,0.8266879320144653,results/stage9/correctness_residualisation/loo_predictions.json,stage9_correctness_residualisation,,results/stage9/baselines/cot_text/surface_tfidf_continuous.json,not_applicable,results/stage9/baselines/answer_rationale/surface_tfidf_continuous.json,not_applicable
qwen_primary,CM_B_002,mechanics,nongoverning_distractor,original,0.0,results/stage6/analysis_d2/stage6_d1_per_family.csv,"stage6_llama_behavioural_full_rerun,stage6_qwen_behavioural_full_rerun",,0.4175577538266818,results/stage9/baselines/blackbox_counterfactual/family_scores.json,stage9_blackbox_counterfactual,,,,,not_measured,0.6262723239472465,results/stage9/baselines/correctness_probe/loo_predictions_variance.json,stage9_correctness_probe,,0.49785918644858806,results/stage9/baselines/entropy/entropy_per_family_scores.json,stage9_embedding_entropy_baselines,,0.0,results/stage6/analysis_d2/stage6_d1_per_family.csv,"stage6_llama_behavioural_full_rerun,stage6_qwen_behavioural_full_rerun",,,,,not_measured,18,results/stage10/mean_probe_full_sweep_bigcompute/loo_predictions_resid_post_last_prompt.json,stage10_qwen_mean_probe_full_sweep,,0.5915907862136209,results/stage10/mean_probe_full_sweep_bigcompute/loo_predictions_resid_post_last_prompt.json,stage10_qwen_mean_probe_full_sweep,,True,results/stage6/analysis_d2/stage6_d1_per_family.csv,"stage6_llama_behavioural_full_rerun,stage6_qwen_behavioural_full_rerun",,,,,not_measured,0.5256861448287964,results/stage9/correctness_residualisation/loo_predictions.json,stage9_correctness_residualisation,,results/stage9/baselines/cot_text/surface_tfidf_continuous.json,not_applicable,results/stage9/baselines/answer_rationale/surface_tfidf_continuous.json,not_applicable
qwen_primary,CM_B_003,mechanics,nongoverning_distractor,original,0.0,results/stage6/analysis_d2/stage6_d1_per_family.csv,"stage6_llama_behavioural_full_rerun,stage6_qwen_behavioural_full_rerun",,,,,not_measured,,,,not_measured,,,,not_measured,,,,not_measured,0.0,results/stage6/analysis_d2/stage6_d1_per_family.csv,"stage6_llama_behavioural_full_rerun,stage6_qwen_behavioural_full_rerun",,,,,not_measured,,,,not_measured,,,,not_measured,False,results/stage6/analysis_d2/stage6_d1_per_family.csv,"stage6_llama_behavioural_full_rerun,stage6_qwen_behavioural_full_rerun",,,,,not_measured,,,,not_measured,results/stage9/baselines/cot_text/surface_tfidf_continuous.json,not_applicable,results/stage9/baselines/answer_rationale/surface_tfidf_continuous.json,not_applicable
qwen_primary,CM_B_004,mechanics,nongoverning_distractor,original,2.671875,results/stage6/analysis_d2/stage6_d1_per_family.csv,"stage6_llama_behavioural_full_rerun,stage6_qwen_behavioural_full_rerun",,0.42939975874753195,results/stage9/baselines/blackbox_counterfactual/family_scores.json,stage9_blackbox_counterfactual,,,,,not_measured,0.8124131891936396,results/stage9/baselines/correctness_probe/loo_predictions_variance.json,stage9_correctness_probe,,0.9536611581123494,results/stage9/baselines/entropy/entropy_per_family_scores.json,stage9_embedding_entropy_baselines,,0.0,results/stage6/analysis_d2/stage6_d1_per_family.csv,"stage6_llama_behavioural_full_rerun,stage6_qwen_behavioural_full_rerun",,0.2255639097744361,results/stage8/multi_head_knockout/patching_results.csv,registry_experiment_unresolved,,18,results/stage10/mean_probe_full_sweep_bigcompute/loo_predictions_resid_post_last_prompt.json,stage10_qwen_mean_probe_full_sweep,,0.21309603028523597,results/stage10/mean_probe_full_sweep_bigcompute/loo_predictions_resid_post_last_prompt.json,stage10_qwen_mean_probe_full_sweep,,True,results/stage6/analysis_d2/stage6_d1_per_family.csv,"stage6_llama_behavioural_full_rerun,stage6_qwen_behavioural_full_rerun",,,,,not_measured,0.4681544005870819,results/stage9/correctness_residualisation/loo_predictions.json,stage9_correctness_residualisation,,results/stage9/baselines/cot_text/surface_tfidf_continuous.json,not_applicable,results/stage9/baselines/answer_rationale/surface_tfidf_continuous.json,not_applicable
qwen_primary,CM_B_005,mechanics,nongoverning_distractor,original,0.53125,results/stage6/analysis_d2/stage6_d1_per_family.csv,"stage6_llama_behavioural_full_rerun,stage6_qwen_behavioural_full_rerun",,0.4312034165770389,results/stage9/baselines/blackbox_counterfactual/family_scores.json,stage9_blackbox_counterfactual,,,,,not_measured,0.5635634228178831,results/stage9/baselines/correctness_probe/loo_predictions_variance.json,stage9_correctness_probe,,0.2135257870111945,results/stage9/baselines/entropy/entropy_per_family_scores.json,stage9_embedding_entropy_baselines,,0.0,results/stage6/analysis_d2/stage6_d1_per_family.csv,"stage6_llama_behavioural_full_rerun,stage6_qwen_behavioural_full_rerun",,,,,not_measured,18,results/stage10/mean_probe_full_sweep_bigcompute/loo_predictions_resid_post_last_prompt.json,stage10_qwen_mean_probe_full_sweep,,0.8663448110702329,results/stage10/mean_probe_full_sweep_bigcompute/loo_predictions_resid_post_last_prompt.json,stage10_qwen_mean_probe_full_sweep,,True,results/stage6/analysis_d2/stage6_d1_per_family.csv,"stage6_llama_behavioural_full_rerun,stage6_qwen_behavioural_full_rerun",,,,,not_measured,0.596853494644165,results/stage9/correctness_residualisation/loo_predictions.json,stage9_correctness_residualisation,,results/stage9/baselines/cot_text/surface_tfidf_continuous.json,not_applicable,results/stage9/baselines/answer_rationale/surface_tfidf_continuous.json,not_applicable
qwen_primary,CM_B_006,mechanics,nongoverning_distractor,original,0.0625,results/stage6/analysis_d2/stage6_d1_per_family.csv,"stage6_llama_behavioural_full_rerun,stage6_qwen_behavioural_full_rerun",,0.4442446512513939,results/stage9/baselines/blackbox_counterfactual/family_scores.json,stage9_blackbox_counterfactual,,,,,not_measured,0.6865102843308604,results/stage9/baselines/correctness_probe/loo_predictions_variance.json,stage9_correctness_probe,,0.8273876434296079,results/stage9/baselines/entropy/entropy_per_family_scores.json,stage9_embedding_entropy_baselines,,0.0,results/stage6/analysis_d2/stage6_d1_per_family.csv,"stage6_llama_behavioural_full_rerun,stage6_qwen_behavioural_full_rerun",,,,,not_measured,18,results/stage10/mean_probe_full_sweep_bigcompute/loo_predictions_resid_post_last_prompt.json,stage10_qwen_mean_probe_full_sweep,,0.4070109970532429,results/stage10/mean_probe_full_sweep_bigcompute/loo_predictions_resid_post_last_prompt.json,stage10_qwen_mean_probe_full_sweep,,True,results/stage6/analysis_d2/stage6_d1_per_family.csv,"stage6_llama_behavioural_full_rerun,stage6_qwen_behavioural_full_rerun",,,,,not_measured,0.48300284147262573,results/stage9/correctness_residualisation/loo_predictions.json,stage9_correctness_residualisation,,results/stage9/baselines/cot_text/surface_tfidf_continuous.json,not_applicable,results/stage9/baselines/answer_rationale/surface_tfidf_continuous.json,not_applicable
qwen_primary,CM_B_007,mechanics,nongoverning_distractor,original,0.0,results/stage6/analysis_d2/stage6_d1_per_family.csv,"stage6_llama_behavioural_full_rerun,stage6_qwen_behavioural_full_rerun",,0.4408553749494061,results/stage9/baselines/blackbox_counterfactual/family_scores.json,stage9_blackbox_counterfactual,,,,,not_measured,0.9183986105781208,results/stage9/baselines/correctness_probe/loo_predictions_variance.json,stage9_correctness_probe,,1.1066965354963787,results/stage9/baselines/entropy/entropy_per_family_scores.json,stage9_embedding_entropy_baselines,,0.5,results/stage6/analysis_d2/stage6_d1_per_family.csv,"stage6_llama_behavioural_full_rerun,stage6_qwen_behavioural_full_rerun",,,,,not_measured,18,results/stage10/mean_probe_full_sweep_bigcompute/loo_predictions_resid_post_last_prompt.json,stage10_qwen_mean_probe_full_sweep,,0.7333678610785583,results/stage10/mean_probe_full_sweep_bigcompute/loo_predictions_resid_post_last_prompt.json,stage10_qwen_mean_probe_full_sweep,,True,results/stage6/analysis_d2/stage6_d1_per_family.csv,"stage6_llama_behavioural_full_rerun,stage6_qwen_behavioural_full_rerun",,,,,not_measured,0.5448843836784363,results/stage9/correctness_residualisation/loo_predictions.json,stage9_correctness_residualisation,,results/stage9/baselines/cot_text/surface_tfidf_continuous.json,not_applicable,results/stage9/baselines/answer_rationale/surface_tfidf_continuous.json,not_applicable
qwen_primary,CM_B_008,mechanics,nongoverning_distractor,original,0.0,results/stage6/analysis_d2/stage6_d1_per_family.csv,"stage6_llama_behavioural_full_rerun,stage6_qwen_behavioural_full_rerun",,0.4364787662648599,results/stage9/baselines/blackbox_counterfactual/family_scores.json,stage9_blackbox_counterfactual,,,,,not_measured,0.6805153659651719,results/stage9/baselines/correctness_probe/loo_predictions_variance.json,stage9_correctness_probe,,0.8137760412499867,results/stage9/baselines/entropy/entropy_per_family_scores.json,stage9_embedding_entropy_baselines,,0.0,results/stage6/analysis_d2/stage6_d1_per_family.csv,"stage6_llama_behavioural_full_rerun,stage6_qwen_behavioural_full_rerun",,,,,not_measured,18,results/stage10/mean_probe_full_sweep_bigcompute/loo_predictions_resid_post_last_prompt.json,stage10_qwen_mean_probe_full_sweep,,0.10180960096382517,results/stage10/mean_probe_full_sweep_bigcompute/loo_predictions_resid_post_last_prompt.json,stage10_qwen_mean_probe_full_sweep,,True,results/stage6/analysis_d2/stage6_d1_per_family.csv,"stage6_llama_behavioural_full_rerun,stage6_qwen_behavioural_full_rerun",,,,,not_measured,0.4632168114185333,results/stage9/correctness_residualisation/loo_predictions.json,stage9_correctness_residualisation,,results/stage9/baselines/cot_text/surface_tfidf_continuous.json,not_applicable,results/stage9/baselines/answer_rationale/surface_tfidf_continuous.json,not_applicable
qwen_primary,CM_B_009,mechanics,nongoverning_distractor,original,0.546875,results/stage6/analysis_d2/stage6_d1_per_family.csv,"stage6_llama_behavioural_full_rerun,stage6_qwen_behavioural_full_rerun",,0.43178881781320083,results/stage9/baselines/blackbox_counterfactual/family_scores.json,stage9_blackbox_counterfactual,,,,,not_measured,0.6300181476613799,results/stage9/baselines/correctness_probe/loo_predictions_variance.json,stage9_correctness_probe,,0.28329066534959946,results/stage9/baselines/entropy/entropy_per_family_scores.json,stage9_embedding_entropy_baselines,,0.0,results/stage6/analysis_d2/stage6_d1_per_family.csv,"stage6_llama_behavioural_full_rerun,stage6_qwen_behavioural_full_rerun",,,,,not_measured,18,results/stage10/mean_probe_full_sweep_bigcompute/loo_predictions_resid_post_last_prompt.json,stage10_qwen_mean_probe_full_sweep,,0.8584204222351643,results/stage10/mean_probe_full_sweep_bigcompute/loo_predictions_resid_post_last_prompt.json,stage10_qwen_mean_probe_full_sweep,,True,results/stage6/analysis_d2/stage6_d1_per_family.csv,"stage6_llama_behavioural_full_rerun,stage6_qwen_behavioural_full_rerun",,,,,not_measured,0.47113296389579773,results/stage9/correctness_residualisation/loo_predictions.json,stage9_correctness_residualisation,,results/stage9/baselines/cot_text/surface_tfidf_continuous.json,not_applicable,results/stage9/baselines/answer_rationale/surface_tfidf_continuous.json,not_applicable
qwen_primary,CM_B_010,mechanics,nongoverning_distractor,original,0.0,results/stage6/analysis_d2/stage6_d1_per_family.csv,"stage6_llama_behavioural_full_rerun,stage6_qwen_behavioural_full_rerun",,0.4438203508027761,results/stage9/baselines/blackbox_counterfactual/family_scores.json,stage9_blackbox_counterfactual,,,,,not_measured,0.8393266558083737,results/stage9/baselines/correctness_probe/loo_predictions_variance.json,stage9_correctness_probe,,0.31568204156585705,results/stage9/baselines/entropy/entropy_per_family_scores.json,stage9_embedding_entropy_baselines,,0.0,results/stage6/analysis_d2/stage6_d1_per_family.csv,"stage6_llama_behavioural_full_rerun,stage6_qwen_behavioural_full_rerun",,,,,not_measured,18,results/stage10/mean_probe_full_sweep_bigcompute/loo_predictions_resid_post_last_prompt.json,stage10_qwen_mean_probe_full_sweep,,0.19123033704390136,results/stage10/mean_probe_full_sweep_bigcompute/loo_predictions_resid_post_last_prompt.json,stage10_qwen_mean_probe_full_sweep,,True,results/stage6/analysis_d2/stage6_d1_per_family.csv,"stage6_llama_behavioural_full_rerun,stage6_qwen_behavioural_full_rerun",,,,,not_measured,0.2888004183769226,results/stage9/correctness_residualisation/loo_predictions.json,stage9_correctness_residualisation,,results/stage9/baselines/cot_text/surface_tfidf_continuous.json,not_applicable,results/stage9/baselines/answer_rationale/surface_tfidf_continuous.json,not_applicable
qwen_primary,CM_B_STD_001,mechanics,nongoverning_distractor,original,0.0,results/stage6/analysis_d2/stage6_d1_per_family.csv,"stage6_llama_behavioural_full_rerun,stage6_qwen_behavioural_full_rerun",,0.41514997187898833,results/stage9/baselines/blackbox_counterfactual/family_scores.json,stage9_blackbox_counterfactual,,,,,not_measured,0.605727720885448,results/stage9/baselines/correctness_probe/loo_predictions_variance.json,stage9_correctness_probe,,0.05579240959799102,results/stage9/baselines/entropy/entropy_per_family_scores.json,stage9_embedding_entropy_baselines,,0.0,results/stage6/analysis_d2/stage6_d1_per_family.csv,"stage6_llama_behavioural_full_rerun,stage6_qwen_behavioural_full_rerun",,,,,not_measured,18,results/stage10/mean_probe_full_sweep_bigcompute/loo_predictions_resid_post_last_prompt.json,stage10_qwen_mean_probe_full_sweep,,0.847665336877735,results/stage10/mean_probe_full_sweep_bigcompute/loo_predictions_resid_post_last_prompt.json,stage10_qwen_mean_probe_full_sweep,,True,results/stage6/analysis_d2/stage6_d1_per_family.csv,"stage6_llama_behavioural_full_rerun,stage6_qwen_behavioural_full_rerun",,,,,not_measured,0.39394840598106384,results/stage9/correctness_residualisation/loo_predictions.json,stage9_correctness_residualisation,,results/stage9/baselines/cot_text/surface_tfidf_continuous.json,not_applicable,results/stage9/baselines/answer_rationale/surface_tfidf_continuous.json,not_applicable
qwen_primary,CM_B_STD_002,mechanics,nongoverning_distractor,original,1.625,results/stage6/analysis_d2/stage6_d1_per_family.csv,"stage6_llama_behavioural_full_rerun,stage6_qwen_behavioural_full_rerun",,0.44004951784595897,results/stage9/baselines/blackbox_counterfactual/family_scores.json,stage9_blackbox_counterfactual,,,,,not_measured,0.1435780603571572,results/stage9/baselines/correctness_probe/loo_predictions_variance.json,stage9_correctness_probe,,0.9226360735516198,results/stage9/baselines/entropy/entropy_per_family_scores.json,stage9_embedding_entropy_baselines,,0.5,results/stage6/analysis_d2/stage6_d1_per_family.csv,"stage6_llama_behavioural_full_rerun,stage6_qwen_behavioural_full_rerun",,,,,not_measured,18,results/stage10/mean_probe_full_sweep_bigcompute/loo_predictions_resid_post_last_prompt.json,stage10_qwen_mean_probe_full_sweep,,0.7054790932378776,results/stage10/mean_probe_full_sweep_bigcompute/loo_predictions_resid_post_last_prompt.json,stage10_qwen_mean_probe_full_sweep,,True,results/stage6/analysis_d2/stage6_d1_per_family.csv,"stage6_llama_behavioural_full_rerun,stage6_qwen_behavioural_full_rerun",,,,,not_measured,0.751688539981842,results/stage9/correctness_residualisation/loo_predictions.json,stage9_correctness_residualisation,,results/stage9/baselines/cot_text/surface_tfidf_continuous.json,not_applicable,results/stage9/baselines/answer_rationale/surface_tfidf_continuous.json,not_applicable
qwen_primary,CM_B_STD_003,mechanics,nongoverning_distractor,original,1.15625,results/stage6/analysis_d2/stage6_d1_per_family.csv,"stage6_llama_behavioural_full_rerun,stage6_qwen_behavioural_full_rerun",,0.4126257714068321,results/stage9/baselines/blackbox_counterfactual/family_scores.json,stage9_blackbox_counterfactual,,,,,not_measured,0.7449354953563622,results/stage9/baselines/correctness_probe/loo_predictions_variance.json,stage9_correctness_probe,,0.44872595252419933,results/stage9/baselines/entropy/entropy_per_family_scores.json,stage9_embedding_entropy_baselines,,0.0,results/stage6/analysis_d2/stage6_d1_per_family.csv,"stage6_llama_behavioural_full_rerun,stage6_qwen_behavioural_full_rerun",,,,,not_measured,18,results/stage10/mean_probe_full_sweep_bigcompute/loo_predictions_resid_post_last_prompt.json,stage10_qwen_mean_probe_full_sweep,,0.4734735525687347,results/stage10/mean_probe_full_sweep_bigcompute/loo_predictions_resid_post_last_prompt.json,stage10_qwen_mean_probe_full_sweep,,True,results/stage6/analysis_d2/stage6_d1_per_family.csv,"stage6_llama_behavioural_full_rerun,stage6_qwen_behavioural_full_rerun",,,,,not_measured,0.5601909756660461,results/stage9/correctness_residualisation/loo_predictions.json,stage9_correctness_residualisation,,results/stage9/baselines/cot_text/surface_tfidf_continuous.json,not_applicable,results/stage9/baselines/answer_rationale/surface_tfidf_continuous.json,not_applicable
qwen_primary,CM_B_STD_004,mechanics,nongoverning_distractor,original,0.296875,results/stage6/analysis_d2/stage6_d1_per_family.csv,"stage6_llama_behavioural_full_rerun,stage6_qwen_behavioural_full_rerun",,0.4177772889714479,results/stage9/baselines/blackbox_counterfactual/family_scores.json,stage9_blackbox_counterfactual,,,,,not_measured,0.31486526372614915,results/stage9/baselines/correctness_probe/loo_predictions_variance.json,stage9_correctness_probe,,0.2756329275362207,results/stage9/baselines/entropy/entropy_per_family_scores.json,stage9_embedding_entropy_baselines,,0.0,results/stage6/analysis_d2/stage6_d1_per_family.csv,"stage6_llama_behavioural_full_rerun,stage6_qwen_behavioural_full_rerun",,,,,not_measured,18,results/stage10/mean_probe_full_sweep_bigcompute/loo_predictions_resid_post_last_prompt.json,stage10_qwen_mean_probe_full_sweep,,0.8647075248022609,results/stage10/mean_probe_full_sweep_bigcompute/loo_predictions_resid_post_last_prompt.json,stage10_qwen_mean_probe_full_sweep,,True,results/stage6/analysis_d2/stage6_d1_per_family.csv,"stage6_llama_behavioural_full_rerun,stage6_qwen_behavioural_full_rerun",,,,,not_measured,0.7959250807762146,results/stage9/correctness_residualisation/loo_predictions.json,stage9_correctness_residualisation,,results/stage9/baselines/cot_text/surface_tfidf_continuous.json,not_applicable,results/stage9/baselines/answer_rationale/surface_tfidf_continuous.json,not_applicable
qwen_primary,CM_B_STD_005,mechanics,nongoverning_distractor,original,0.6875,results/stage6/analysis_d2/stage6_d1_per_family.csv,"stage6_llama_behavioural_full_rerun,stage6_qwen_behavioural_full_rerun",,0.436570629516064,results/stage9/baselines/blackbox_counterfactual/family_scores.json,stage9_blackbox_counterfactual,,,,,not_measured,0.24403280023504892,results/stage9/baselines/correctness_probe/loo_predictions_variance.json,stage9_correctness_probe,,0.7083464976564701,results/stage9/baselines/entropy/entropy_per_family_scores.json,stage9_embedding_entropy_baselines,,0.8333333333333334,results/stage6/analysis_d2/stage6_d1_per_family.csv,"stage6_llama_behavioural_full_rerun,stage6_qwen_behavioural_full_rerun",,,,,not_measured,18,results/stage10/mean_probe_full_sweep_bigcompute/loo_predictions_resid_post_last_prompt.json,stage10_qwen_mean_probe_full_sweep,,0.68844757455814,results/stage10/mean_probe_full_sweep_bigcompute/loo_predictions_resid_post_last_prompt.json,stage10_qwen_mean_probe_full_sweep,,True,results/stage6/analysis_d2/stage6_d1_per_family.csv,"stage6_llama_behavioural_full_rerun,stage6_qwen_behavioural_full_rerun",,,,,not_measured,0.8504716753959656,results/stage9/correctness_residualisation/loo_predictions.json,stage9_correctness_residualisation,,results/stage9/baselines/cot_text/surface_tfidf_continuous.json,not_applicable,results/stage9/baselines/answer_rationale/surface_tfidf_continuous.json,not_applicable
qwen_primary,CM_B_STD_006,mechanics,nongoverning_distractor,original,5.4375,results/stage6/analysis_d2/stage6_d1_per_family.csv,"stage6_llama_behavioural_full_rerun,stage6_qwen_behavioural_full_rerun",,0.42096831783527716,results/stage9/baselines/blackbox_counterfactual/family_scores.json,stage9_blackbox_counterfactual,,,,,not_measured,0.7169031461492335,results/stage9/baselines/correctness_probe/loo_predictions_variance.json,stage9_correctness_probe,,2.8424082514601503,results/stage9/baselines/entropy/entropy_per_family_scores.json,stage9_embedding_entropy_baselines,,0.0,results/stage6/analysis_d2/stage6_d1_per_family.csv,"stage6_llama_behavioural_full_rerun,stage6_qwen_behavioural_full_rerun",,0.16584564860426929,results/stage8/multi_head_knockout/patching_results.csv,registry_experiment_unresolved,,18,results/stage10/mean_probe_full_sweep_bigcompute/loo_predictions_resid_post_last_prompt.json,stage10_qwen_mean_probe_full_sweep,,0.6286143250199796,results/stage10/mean_probe_full_sweep_bigcompute/loo_predictions_resid_post_last_prompt.json,stage10_qwen_mean_probe_full_sweep,,True,results/stage6/analysis_d2/stage6_d1_per_family.csv,"stage6_llama_behavioural_full_rerun,stage6_qwen_behavioural_full_rerun",,,,,not_measured,0.45555856823921204,results/stage9/correctness_residualisation/loo_predictions.json,stage9_correctness_residualisation,,results/stage9/baselines/cot_text/surface_tfidf_continuous.json,not_applicable,results/stage9/baselines/answer_rationale/surface_tfidf_continuous.json,not_applicable
qwen_primary,CM_B_STD_007,thermodynamics,nongoverning_distractor,original,1.890625,results/stage6/analysis_d2/stage6_d1_per_family.csv,"stage6_llama_behavioural_full_rerun,stage6_qwen_behavioural_full_rerun",,0.41780084739106255,results/stage9/baselines/blackbox_counterfactual/family_scores.json,stage9_blackbox_counterfactual,,,,,not_measured,0.8728000082343882,results/stage9/baselines/correctness_probe/loo_predictions_variance.json,stage9_correctness_probe,,1.6106260307524836,results/stage9/baselines/entropy/entropy_per_family_scores.json,stage9_embedding_entropy_baselines,,0.5,results/stage6/analysis_d2/stage6_d1_per_family.csv,"stage6_llama_behavioural_full_rerun,stage6_qwen_behavioural_full_rerun",,,,,not_measured,18,results/stage10/mean_probe_full_sweep_bigcompute/loo_predictions_resid_post_last_prompt.json,stage10_qwen_mean_probe_full_sweep,,0.412823355724183,results/stage10/mean_probe_full_sweep_bigcompute/loo_predictions_resid_post_last_prompt.json,stage10_qwen_mean_probe_full_sweep,,True,results/stage6/analysis_d2/stage6_d1_per_family.csv,"stage6_llama_behavioural_full_rerun,stage6_qwen_behavioural_full_rerun",,,,,not_measured,0.7989441752433777,results/stage9/correctness_residualisation/loo_predictions.json,stage9_correctness_residualisation,,results/stage9/baselines/cot_text/surface_tfidf_continuous.json,not_applicable,results/stage9/baselines/answer_rationale/surface_tfidf_continuous.json,not_applicable
qwen_primary,CM_B_STD_008,thermodynamics,nongoverning_distractor,original,0.0,results/stage6/analysis_d2/stage6_d1_per_family.csv,"stage6_llama_behavioural_full_rerun,stage6_qwen_behavioural_full_rerun",,0.4177908537593028,results/stage9/baselines/blackbox_counterfactual/family_scores.json,stage9_blackbox_counterfactual,,,,,not_measured,0.6483585480109152,results/stage9/baselines/correctness_probe/loo_predictions_variance.json,stage9_correctness_probe,,0.37131983244737954,results/stage9/baselines/entropy/entropy_per_family_scores.json,stage9_embedding_entropy_baselines,,0.0,results/stage6/analysis_d2/stage6_d1_per_family.csv,"stage6_llama_behavioural_full_rerun,stage6_qwen_behavioural_full_rerun",,,,,not_measured,18,results/stage10/mean_probe_full_sweep_bigcompute/loo_predictions_resid_post_last_prompt.json,stage10_qwen_mean_probe_full_sweep,,0.736009127523735,results/stage10/mean_probe_full_sweep_bigcompute/loo_predictions_resid_post_last_prompt.json,stage10_qwen_mean_probe_full_sweep,,True,results/stage6/analysis_d2/stage6_d1_per_family.csv,"stage6_llama_behavioural_full_rerun,stage6_qwen_behavioural_full_rerun",,,,,not_measured,0.8645439147949219,results/stage9/correctness_residualisation/loo_predictions.json,stage9_correctness_residualisation,,results/stage9/baselines/cot_text/surface_tfidf_continuous.json,not_applicable,results/stage9/baselines/answer_rationale/surface_tfidf_continuous.json,not_applicable
qwen_primary,CM_B_STD_009,thermodynamics,nongoverning_distractor,original,2.265625,results/stage6/analysis_d2/stage6_d1_per_family.csv,"stage6_llama_behavioural_full_rerun,stage6_qwen_behavioural_full_rerun",,0.4372696697730065,results/stage9/baselines/blackbox_counterfactual/family_scores.json,stage9_blackbox_counterfactual,,,,,not_measured,0.5491784130641725,results/stage9/baselines/correctness_probe/loo_predictions_variance.json,stage9_correctness_probe,,1.3252956996105625,results/stage9/baselines/entropy/entropy_per_family_scores.json,stage9_embedding_entropy_baselines,,0.0,results/stage6/analysis_d2/stage6_d1_per_family.csv,"stage6_llama_behavioural_full_rerun,stage6_qwen_behavioural_full_rerun",,,,,not_measured,18,results/stage10/mean_probe_full_sweep_bigcompute/loo_predictions_resid_post_last_prompt.json,stage10_qwen_mean_probe_full_sweep,,0.7746885127139752,results/stage10/mean_probe_full_sweep_bigcompute/loo_predictions_resid_post_last_prompt.json,stage10_qwen_mean_probe_full_sweep,,True,results/stage6/analysis_d2/stage6_d1_per_family.csv,"stage6_llama_behavioural_full_rerun,stage6_qwen_behavioural_full_rerun",,,,,not_measured,0.8618851900100708,results/stage9/correctness_residualisation/loo_predictions.json,stage9_correctness_residualisation,,results/stage9/baselines/cot_text/surface_tfidf_continuous.json,not_applicable,results/stage9/baselines/answer_rationale/surface_tfidf_continuous.json,not_applicable
qwen_primary,CM_B_STD_010,electrostatics_circuits,nongoverning_distractor,original,4.84375,results/stage6/analysis_d2/stage6_d1_per_family.csv,"stage6_llama_behavioural_full_rerun,stage6_qwen_behavioural_full_rerun",,0.4340199195902669,results/stage9/baselines/blackbox_counterfactual/family_scores.json,stage9_blackbox_counterfactual,,,,,not_measured,0.028292094356109073,results/stage9/baselines/correctness_probe/loo_predictions_variance.json,stage9_correctness_probe,,2.4429401431407913,results/stage9/baselines/entropy/entropy_per_family_scores.json,stage9_embedding_entropy_baselines,,0.5,results/stage6/analysis_d2/stage6_d1_per_family.csv,"stage6_llama_behavioural_full_rerun,stage6_qwen_behavioural_full_rerun",,0.19815668202764977,results/stage8/multi_head_knockout/patching_results.csv,registry_experiment_unresolved,,18,results/stage10/mean_probe_full_sweep_bigcompute/loo_predictions_resid_post_last_prompt.json,stage10_qwen_mean_probe_full_sweep,,0.8274823342318882,results/stage10/mean_probe_full_sweep_bigcompute/loo_predictions_resid_post_last_prompt.json,stage10_qwen_mean_probe_full_sweep,,True,results/stage6/analysis_d2/stage6_d1_per_family.csv,"stage6_llama_behavioural_full_rerun,stage6_qwen_behavioural_full_rerun",,,,,not_measured,0.7958469390869141,results/stage9/correctness_residualisation/loo_predictions.json,stage9_correctness_residualisation,,results/stage9/baselines/cot_text/surface_tfidf_continuous.json,not_applicable,results/stage9/baselines/answer_rationale/surface_tfidf_continuous.json,not_applicable
qwen_primary,CM_B_STD_011,electrostatics_circuits,nongoverning_distractor,original,4.8125,results/stage6/analysis_d2/stage6_d1_per_family.csv,"stage6_llama_behavioural_full_rerun,stage6_qwen_behavioural_full_rerun",,0.4265518171425194,results/stage9/baselines/blackbox_counterfactual/family_scores.json,stage9_blackbox_counterfactual,,,,,not_measured,0.18367686225740643,results/stage9/baselines/correctness_probe/loo_predictions_variance.json,stage9_correctness_probe,,1.7623725574491904,results/stage9/baselines/entropy/entropy_per_family_scores.json,stage9_embedding_entropy_baselines,,0.8333333333333334,results/stage6/analysis_d2/stage6_d1_per_family.csv,"stage6_llama_behavioural_full_rerun,stage6_qwen_behavioural_full_rerun",,0.13358070500927643,results/stage8/multi_head_knockout/patching_results.csv,registry_experiment_unresolved,,18,results/stage10/mean_probe_full_sweep_bigcompute/loo_predictions_resid_post_last_prompt.json,stage10_qwen_mean_probe_full_sweep,,0.8674289759039242,results/stage10/mean_probe_full_sweep_bigcompute/loo_predictions_resid_post_last_prompt.json,stage10_qwen_mean_probe_full_sweep,,True,results/stage6/analysis_d2/stage6_d1_per_family.csv,"stage6_llama_behavioural_full_rerun,stage6_qwen_behavioural_full_rerun",,,,,not_measured,0.7308717370033264,results/stage9/correctness_residualisation/loo_predictions.json,stage9_correctness_residualisation,,results/stage9/baselines/cot_text/surface_tfidf_continuous.json,not_applicable,results/stage9/baselines/answer_rationale/surface_tfidf_continuous.json,not_applicable
qwen_primary,CM_B_STD_012,electrostatics_circuits,nongoverning_distractor,original,1.8125,results/stage6/analysis_d2/stage6_d1_per_family.csv,"stage6_llama_behavioural_full_rerun,stage6_qwen_behavioural_full_rerun",,0.4394837869096454,results/stage9/baselines/blackbox_counterfactual/family_scores.json,stage9_blackbox_counterfactual,,,,,not_measured,0.3107071089834681,results/stage9/baselines/correctness_probe/loo_predictions_variance.json,stage9_correctness_probe,,1.3709991509388326,results/stage9/baselines/entropy/entropy_per_family_scores.json,stage9_embedding_entropy_baselines,,0.6666666666666666,results/stage6/analysis_d2/stage6_d1_per_family.csv,"stage6_llama_behavioural_full_rerun,stage6_qwen_behavioural_full_rerun",,,,,not_measured,18,results/stage10/mean_probe_full_sweep_bigcompute/loo_predictions_resid_post_last_prompt.json,stage10_qwen_mean_probe_full_sweep,,0.8184400710987829,results/stage10/mean_probe_full_sweep_bigcompute/loo_predictions_resid_post_last_prompt.json,stage10_qwen_mean_probe_full_sweep,,True,results/stage6/analysis_d2/stage6_d1_per_family.csv,"stage6_llama_behavioural_full_rerun,stage6_qwen_behavioural_full_rerun",,,,,not_measured,0.7166478633880615,results/stage9/correctness_residualisation/loo_predictions.json,stage9_correctness_residualisation,,results/stage9/baselines/cot_text/surface_tfidf_continuous.json,not_applicable,results/stage9/baselines/answer_rationale/surface_tfidf_continuous.json,not_applicable
qwen_primary,CM_B_STD_013,mechanics,nongoverning_distractor,original,4.96875,results/stage6/analysis_d2/stage6_d1_per_family.csv,"stage6_llama_behavioural_full_rerun,stage6_qwen_behavioural_full_rerun",,0.428892826446999,results/stage9/baselines/blackbox_counterfactual/family_scores.json,stage9_blackbox_counterfactual,,,,,not_measured,0.48272163053732403,results/stage9/baselines/correctness_probe/loo_predictions_variance.json,stage9_correctness_probe,,2.7818205173276365,results/stage9/baselines/entropy/entropy_per_family_scores.json,stage9_embedding_entropy_baselines,,0.8333333333333334,results/stage6/analysis_d2/stage6_d1_per_family.csv,"stage6_llama_behavioural_full_rerun,stage6_qwen_behavioural_full_rerun",,0.1761006289308176,results/stage8/multi_head_knockout/patching_results.csv,registry_experiment_unresolved,,18,results/stage10/mean_probe_full_sweep_bigcompute/loo_predictions_resid_post_last_prompt.json,stage10_qwen_mean_probe_full_sweep,,0.8525696067640379,results/stage10/mean_probe_full_sweep_bigcompute/loo_predictions_resid_post_last_prompt.json,stage10_qwen_mean_probe_full_sweep,,True,results/stage6/analysis_d2/stage6_d1_per_family.csv,"stage6_llama_behavioural_full_rerun,stage6_qwen_behavioural_full_rerun",,,,,not_measured,0.5986109972000122,results/stage9/correctness_residualisation/loo_predictions.json,stage9_correctness_residualisation,,results/stage9/baselines/cot_text/surface_tfidf_continuous.json,not_applicable,results/stage9/baselines/answer_rationale/surface_tfidf_continuous.json,not_applicable
qwen_primary,CM_B_STD_014,mechanics,nongoverning_distractor,original,2.40625,results/stage6/analysis_d2/stage6_d1_per_family.csv,"stage6_llama_behavioural_full_rerun,stage6_qwen_behavioural_full_rerun",,0.4279633213585979,results/stage9/baselines/blackbox_counterfactual/family_scores.json,stage9_blackbox_counterfactual,,,,,not_measured,0.3558328595337829,results/stage9/baselines/correctness_probe/loo_predictions_variance.json,stage9_correctness_probe,,1.1594918657406572,results/stage9/baselines/entropy/entropy_per_family_scores.json,stage9_embedding_entropy_baselines,,1.0,results/stage6/analysis_d2/stage6_d1_per_family.csv,"stage6_llama_behavioural_full_rerun,stage6_qwen_behavioural_full_rerun",,0.2912801484230056,results/stage8/multi_head_knockout/patching_results.csv,registry_experiment_unresolved,,18,results/stage10/mean_probe_full_sweep_bigcompute/loo_predictions_resid_post_last_prompt.json,stage10_qwen_mean_probe_full_sweep,,0.9463580424668775,results/stage10/mean_probe_full_sweep_bigcompute/loo_predictions_resid_post_last_prompt.json,stage10_qwen_mean_probe_full_sweep,,True,results/stage6/analysis_d2/stage6_d1_per_family.csv,"stage6_llama_behavioural_full_rerun,stage6_qwen_behavioural_full_rerun",,,,,not_measured,0.7670149207115173,results/stage9/correctness_residualisation/loo_predictions.json,stage9_correctness_residualisation,,results/stage9/baselines/cot_text/surface_tfidf_continuous.json,not_applicable,results/stage9/baselines/answer_rationale/surface_tfidf_continuous.json,not_applicable
qwen_primary,CM_B_STD_015,mechanics,nongoverning_distractor,original,2.625,results/stage6/analysis_d2/stage6_d1_per_family.csv,"stage6_llama_behavioural_full_rerun,stage6_qwen_behavioural_full_rerun",,1.0,results/stage9/baselines/blackbox_counterfactual/family_scores.json,stage9_blackbox_counterfactual,,,,,not_measured,0.3422877188660034,results/stage9/baselines/correctness_probe/loo_predictions_variance.json,stage9_correctness_probe,,1.3212829273924453,results/stage9/baselines/entropy/entropy_per_family_scores.json,stage9_embedding_entropy_baselines,,1.0,results/stage6/analysis_d2/stage6_d1_per_family.csv,"stage6_llama_behavioural_full_rerun,stage6_qwen_behavioural_full_rerun",,0.4438775510204081,results/stage8/multi_head_knockout/patching_results.csv,registry_experiment_unresolved,,18,results/stage10/mean_probe_full_sweep_bigcompute/loo_predictions_resid_post_last_prompt.json,stage10_qwen_mean_probe_full_sweep,,0.9095125372456909,results/stage10/mean_probe_full_sweep_bigcompute/loo_predictions_resid_post_last_prompt.json,stage10_qwen_mean_probe_full_sweep,,True,results/stage6/analysis_d2/stage6_d1_per_family.csv,"stage6_llama_behavioural_full_rerun,stage6_qwen_behavioural_full_rerun",,,,,not_measured,0.40541788935661316,results/stage9/correctness_residualisation/loo_predictions.json,stage9_correctness_residualisation,,results/stage9/baselines/cot_text/surface_tfidf_continuous.json,not_applicable,results/stage9/baselines/answer_rationale/surface_tfidf_continuous.json,not_applicable
qwen_primary,CM_B_UM_001,mechanics,nongoverning_distractor,original,2.46875,results/stage6/analysis_d2/stage6_d1_per_family.csv,"stage6_llama_behavioural_full_rerun,stage6_qwen_behavioural_full_rerun",,0.43895027147791876,results/stage9/baselines/blackbox_counterfactual/family_scores.json,stage9_blackbox_counterfactual,,,,,not_measured,0.8856256684501628,results/stage9/baselines/correctness_probe/loo_predictions_variance.json,stage9_correctness_probe,,0.9378580045607917,results/stage9/baselines/entropy/entropy_per_family_scores.json,stage9_embedding_entropy_baselines,,0.0,results/stage6/analysis_d2/stage6_d1_per_family.csv,"stage6_llama_behavioural_full_rerun,stage6_qwen_behavioural_full_rerun",,-0.023508137432188065,results/stage8/multi_head_knockout/patching_results.csv,registry_experiment_unresolved,,18,results/stage10/mean_probe_full_sweep_bigcompute/loo_predictions_resid_post_last_prompt.json,stage10_qwen_mean_probe_full_sweep,,0.6737359869742897,results/stage10/mean_probe_full_sweep_bigcompute/loo_predictions_resid_post_last_prompt.json,stage10_qwen_mean_probe_full_sweep,,True,results/stage6/analysis_d2/stage6_d1_per_family.csv,"stage6_llama_behavioural_full_rerun,stage6_qwen_behavioural_full_rerun",,,,,not_measured,0.3633137047290802,results/stage9/correctness_residualisation/loo_predictions.json,stage9_correctness_residualisation,,results/stage9/baselines/cot_text/surface_tfidf_continuous.json,not_applicable,results/stage9/baselines/answer_rationale/surface_tfidf_continuous.json,not_applicable
qwen_primary,CM_B_UM_002,mechanics,nongoverning_distractor,original,1.71875,results/stage6/analysis_d2/stage6_d1_per_family.csv,"stage6_llama_behavioural_full_rerun,stage6_qwen_behavioural_full_rerun",,0.4366012371364094,results/stage9/baselines/blackbox_counterfactual/family_scores.json,stage9_blackbox_counterfactual,,,,,not_measured,0.9334670012624883,results/stage9/baselines/correctness_probe/loo_predictions_variance.json,stage9_correctness_probe,,0.6278256438395138,results/stage9/baselines/entropy/entropy_per_family_scores.json,stage9_embedding_entropy_baselines,,0.0,results/stage6/analysis_d2/stage6_d1_per_family.csv,"stage6_llama_behavioural_full_rerun,stage6_qwen_behavioural_full_rerun",,,,,not_measured,18,results/stage10/mean_probe_full_sweep_bigcompute/loo_predictions_resid_post_last_prompt.json,stage10_qwen_mean_probe_full_sweep,,0.22542818769754522,results/stage10/mean_probe_full_sweep_bigcompute/loo_predictions_resid_post_last_prompt.json,stage10_qwen_mean_probe_full_sweep,,True,results/stage6/analysis_d2/stage6_d1_per_family.csv,"stage6_llama_behavioural_full_rerun,stage6_qwen_behavioural_full_rerun",,,,,not_measured,0.4207901060581207,results/stage9/correctness_residualisation/loo_predictions.json,stage9_correctness_residualisation,,results/stage9/baselines/cot_text/surface_tfidf_continuous.json,not_applicable,results/stage9/baselines/answer_rationale/surface_tfidf_continuous.json,not_applicable
qwen_primary,CM_B_UM_003,mechanics,nongoverning_distractor,original,0.21875,results/stage6/analysis_d2/stage6_d1_per_family.csv,"stage6_llama_behavioural_full_rerun,stage6_qwen_behavioural_full_rerun",,0.42934634738006155,results/stage9/baselines/blackbox_counterfactual/family_scores.json,stage9_blackbox_counterfactual,,,,,not_measured,0.7108304347515665,results/stage9/baselines/correctness_probe/loo_predictions_variance.json,stage9_correctness_probe,,0.2969777782616908,results/stage9/baselines/entropy/entropy_per_family_scores.json,stage9_embedding_entropy_baselines,,0.0,results/stage6/analysis_d2/stage6_d1_per_family.csv,"stage6_llama_behavioural_full_rerun,stage6_qwen_behavioural_full_rerun",,,,,not_measured,18,results/stage10/mean_probe_full_sweep_bigcompute/loo_predictions_resid_post_last_prompt.json,stage10_qwen_mean_probe_full_sweep,,0.23348299133486203,results/stage10/mean_probe_full_sweep_bigcompute/loo_predictions_resid_post_last_prompt.json,stage10_qwen_mean_probe_full_sweep,,True,results/stage6/analysis_d2/stage6_d1_per_family.csv,"stage6_llama_behavioural_full_rerun,stage6_qwen_behavioural_full_rerun",,,,,not_measured,0.2906189262866974,results/stage9/correctness_residualisation/loo_predictions.json,stage9_correctness_residualisation,,results/stage9/baselines/cot_text/surface_tfidf_continuous.json,not_applicable,results/stage9/baselines/answer_rationale/surface_tfidf_continuous.json,not_applicable
qwen_primary,CM_B_UM_004,mechanics,nongoverning_distractor,original,0.0,results/stage6/analysis_d2/stage6_d1_per_family.csv,"stage6_llama_behavioural_full_rerun,stage6_qwen_behavioural_full_rerun",,0.4480113666450327,results/stage9/baselines/blackbox_counterfactual/family_scores.json,stage9_blackbox_counterfactual,,,,,not_measured,0.7590358718385629,results/stage9/baselines/correctness_probe/loo_predictions_variance.json,stage9_correctness_probe,,0.2679129406169101,results/stage9/baselines/entropy/entropy_per_family_scores.json,stage9_embedding_entropy_baselines,,0.0,results/stage6/analysis_d2/stage6_d1_per_family.csv,"stage6_llama_behavioural_full_rerun,stage6_qwen_behavioural_full_rerun",,,,,not_measured,18,results/stage10/mean_probe_full_sweep_bigcompute/loo_predictions_resid_post_last_prompt.json,stage10_qwen_mean_probe_full_sweep,,0.6965479352874401,results/stage10/mean_probe_full_sweep_bigcompute/loo_predictions_resid_post_last_prompt.json,stage10_qwen_mean_probe_full_sweep,,True,results/stage6/analysis_d2/stage6_d1_per_family.csv,"stage6_llama_behavioural_full_rerun,stage6_qwen_behavioural_full_rerun",,,,,not_measured,0.3448660671710968,results/stage9/correctness_residualisation/loo_predictions.json,stage9_correctness_residualisation,,results/stage9/baselines/cot_text/surface_tfidf_continuous.json,not_applicable,results/stage9/baselines/answer_rationale/surface_tfidf_continuous.json,not_applicable
qwen_primary,CM_B_UM_005,mechanics,nongoverning_distractor,original,0.0,results/stage6/analysis_d2/stage6_d1_per_family.csv,"stage6_llama_behavioural_full_rerun,stage6_qwen_behavioural_full_rerun",,0.45635947712703523,results/stage9/baselines/blackbox_counterfactual/family_scores.json,stage9_blackbox_counterfactual,,,,,not_measured,0.9219890101030355,results/stage9/baselines/correctness_probe/loo_predictions_variance.json,stage9_correctness_probe,,0.6768980114971161,results/stage9/baselines/entropy/entropy_per_family_scores.json,stage9_embedding_entropy_baselines,,0.0,results/stage6/analysis_d2/stage6_d1_per_family.csv,"stage6_llama_behavioural_full_rerun,stage6_qwen_behavioural_full_rerun",,,,,not_measured,18,results/stage10/mean_probe_full_sweep_bigcompute/loo_predictions_resid_post_last_prompt.json,stage10_qwen_mean_probe_full_sweep,,0.23537041508091724,results/stage10/mean_probe_full_sweep_bigcompute/loo_predictions_resid_post_last_prompt.json,stage10_qwen_mean_probe_full_sweep,,True,results/stage6/analysis_d2/stage6_d1_per_family.csv,"stage6_llama_behavioural_full_rerun,stage6_qwen_behavioural_full_rerun",,,,,not_measured,0.4754297435283661,results/stage9/correctness_residualisation/loo_predictions.json,stage9_correctness_residualisation,,results/stage9/baselines/cot_text/surface_tfidf_continuous.json,not_applicable,results/stage9/baselines/answer_rationale/surface_tfidf_continuous.json,not_applicable
qwen_primary,CM_B_UM_006,mechanics,nongoverning_distractor,original,3.140625,results/stage6/analysis_d2/stage6_d1_per_family.csv,"stage6_llama_behavioural_full_rerun,stage6_qwen_behavioural_full_rerun",,0.4378362078447465,results/stage9/baselines/blackbox_counterfactual/family_scores.json,stage9_blackbox_counterfactual,,,,,not_measured,0.9813383377076995,results/stage9/baselines/correctness_probe/loo_predictions_variance.json,stage9_correctness_probe,,1.2680821056077165,results/stage9/baselines/entropy/entropy_per_family_scores.json,stage9_embedding_entropy_baselines,,0.0,results/stage6/analysis_d2/stage6_d1_per_family.csv,"stage6_llama_behavioural_full_rerun,stage6_qwen_behavioural_full_rerun",,0.20611229566453448,results/stage8/multi_head_knockout/patching_results.csv,registry_experiment_unresolved,,18,results/stage10/mean_probe_full_sweep_bigcompute/loo_predictions_resid_post_last_prompt.json,stage10_qwen_mean_probe_full_sweep,,0.789849409711268,results/stage10/mean_probe_full_sweep_bigcompute/loo_predictions_resid_post_last_prompt.json,stage10_qwen_mean_probe_full_sweep,,True,results/stage6/analysis_d2/stage6_d1_per_family.csv,"stage6_llama_behavioural_full_rerun,stage6_qwen_behavioural_full_rerun",,,,,not_measured,0.5983501672744751,results/stage9/correctness_residualisation/loo_predictions.json,stage9_correctness_residualisation,,results/stage9/baselines/cot_text/surface_tfidf_continuous.json,not_applicable,results/stage9/baselines/answer_rationale/surface_tfidf_continuous.json,not_applicable
qwen_primary,CM_B_UM_007,mechanics,nongoverning_distractor,original,0.0,results/stage6/analysis_d2/stage6_d1_per_family.csv,"stage6_llama_behavioural_full_rerun,stage6_qwen_behavioural_full_rerun",,0.4436048347536503,results/stage9/baselines/blackbox_counterfactual/family_scores.json,stage9_blackbox_counterfactual,,,,,not_measured,0.9101470958859361,results/stage9/baselines/correctness_probe/loo_predictions_variance.json,stage9_correctness_probe,,0.47074769628186974,results/stage9/baselines/entropy/entropy_per_family_scores.json,stage9_embedding_entropy_baselines,,0.6666666666666666,results/stage6/analysis_d2/stage6_d1_per_family.csv,"stage6_llama_behavioural_full_rerun,stage6_qwen_behavioural_full_rerun",,,,,not_measured,18,results/stage10/mean_probe_full_sweep_bigcompute/loo_predictions_resid_post_last_prompt.json,stage10_qwen_mean_probe_full_sweep,,0.5056535906561449,results/stage10/mean_probe_full_sweep_bigcompute/loo_predictions_resid_post_last_prompt.json,stage10_qwen_mean_probe_full_sweep,,True,results/stage6/analysis_d2/stage6_d1_per_family.csv,"stage6_llama_behavioural_full_rerun,stage6_qwen_behavioural_full_rerun",,,,,not_measured,0.3536071181297302,results/stage9/correctness_residualisation/loo_predictions.json,stage9_correctness_residualisation,,results/stage9/baselines/cot_text/surface_tfidf_continuous.json,not_applicable,results/stage9/baselines/answer_rationale/surface_tfidf_continuous.json,not_applicable
qwen_primary,CM_B_UM_008,mechanics,nongoverning_distractor,original,0.0,results/stage6/analysis_d2/stage6_d1_per_family.csv,"stage6_llama_behavioural_full_rerun,stage6_qwen_behavioural_full_rerun",,0.45044667745553824,results/stage9/baselines/blackbox_counterfactual/family_scores.json,stage9_blackbox_counterfactual,,,,,not_measured,0.7352839270827177,results/stage9/baselines/correctness_probe/loo_predictions_variance.json,stage9_correctness_probe,,0.9438828936855396,results/stage9/baselines/entropy/entropy_per_family_scores.json,stage9_embedding_entropy_baselines,,0.0,results/stage6/analysis_d2/stage6_d1_per_family.csv,"stage6_llama_behavioural_full_rerun,stage6_qwen_behavioural_full_rerun",,,,,not_measured,18,results/stage10/mean_probe_full_sweep_bigcompute/loo_predictions_resid_post_last_prompt.json,stage10_qwen_mean_probe_full_sweep,,0.5371565625743772,results/stage10/mean_probe_full_sweep_bigcompute/loo_predictions_resid_post_last_prompt.json,stage10_qwen_mean_probe_full_sweep,,True,results/stage6/analysis_d2/stage6_d1_per_family.csv,"stage6_llama_behavioural_full_rerun,stage6_qwen_behavioural_full_rerun",,,,,not_measured,0.35847756266593933,results/stage9/correctness_residualisation/loo_predictions.json,stage9_correctness_residualisation,,results/stage9/baselines/cot_text/surface_tfidf_continuous.json,not_applicable,results/stage9/baselines/answer_rationale/surface_tfidf_continuous.json,not_applicable
qwen_primary,CM_B_UM_009,mechanics,nongoverning_distractor,original,4.375,results/stage6/analysis_d2/stage6_d1_per_family.csv,"stage6_llama_behavioural_full_rerun,stage6_qwen_behavioural_full_rerun",,0.4391713597326913,results/stage9/baselines/blackbox_counterfactual/family_scores.json,stage9_blackbox_counterfactual,,,,,not_measured,0.762760291669787,results/stage9/baselines/correctness_probe/loo_predictions_variance.json,stage9_correctness_probe,,2.598205416574823,results/stage9/baselines/entropy/entropy_per_family_scores.json,stage9_embedding_entropy_baselines,,0.0,results/stage6/analysis_d2/stage6_d1_per_family.csv,"stage6_llama_behavioural_full_rerun,stage6_qwen_behavioural_full_rerun",,0.29081632653061223,results/stage8/multi_head_knockout/patching_results.csv,registry_experiment_unresolved,,18,results/stage10/mean_probe_full_sweep_bigcompute/loo_predictions_resid_post_last_prompt.json,stage10_qwen_mean_probe_full_sweep,,0.3094575718928163,results/stage10/mean_probe_full_sweep_bigcompute/loo_predictions_resid_post_last_prompt.json,stage10_qwen_mean_probe_full_sweep,,True,results/stage6/analysis_d2/stage6_d1_per_family.csv,"stage6_llama_behavioural_full_rerun,stage6_qwen_behavioural_full_rerun",,,,,not_measured,0.38778430223464966,results/stage9/correctness_residualisation/loo_predictions.json,stage9_correctness_residualisation,,results/stage9/baselines/cot_text/surface_tfidf_continuous.json,not_applicable,results/stage9/baselines/answer_rationale/surface_tfidf_continuous.json,not_applicable
qwen_primary,CM_B_UM_010,mechanics,nongoverning_distractor,original,1.25,results/stage6/analysis_d2/stage6_d1_per_family.csv,"stage6_llama_behavioural_full_rerun,stage6_qwen_behavioural_full_rerun",,0.4607431068683342,results/stage9/baselines/blackbox_counterfactual/family_scores.json,stage9_blackbox_counterfactual,,,,,not_measured,0.7737342027975245,results/stage9/baselines/correctness_probe/loo_predictions_variance.json,stage9_correctness_probe,,0.47975365993262625,results/stage9/baselines/entropy/entropy_per_family_scores.json,stage9_embedding_entropy_baselines,,0.0,results/stage6/analysis_d2/stage6_d1_per_family.csv,"stage6_llama_behavioural_full_rerun,stage6_qwen_behavioural_full_rerun",,,,,not_measured,18,results/stage10/mean_probe_full_sweep_bigcompute/loo_predictions_resid_post_last_prompt.json,stage10_qwen_mean_probe_full_sweep,,0.9292410142521325,results/stage10/mean_probe_full_sweep_bigcompute/loo_predictions_resid_post_last_prompt.json,stage10_qwen_mean_probe_full_sweep,,True,results/stage6/analysis_d2/stage6_d1_per_family.csv,"stage6_llama_behavioural_full_rerun,stage6_qwen_behavioural_full_rerun",,,,,not_measured,0.5732733607292175,results/stage9/correctness_residualisation/loo_predictions.json,stage9_correctness_residualisation,,results/stage9/baselines/cot_text/surface_tfidf_continuous.json,not_applicable,results/stage9/baselines/answer_rationale/surface_tfidf_continuous.json,not_applicable
qwen_primary,CM_B_UM_011,mechanics,nongoverning_distractor,original,0.0,results/stage6/analysis_d2/stage6_d1_per_family.csv,"stage6_llama_behavioural_full_rerun,stage6_qwen_behavioural_full_rerun",,0.4543651714494814,results/stage9/baselines/blackbox_counterfactual/family_scores.json,stage9_blackbox_counterfactual,,,,,not_measured,0.6737391276338612,results/stage9/baselines/correctness_probe/loo_predictions_variance.json,stage9_correctness_probe,,0.31722502087191595,results/stage9/baselines/entropy/entropy_per_family_scores.json,stage9_embedding_entropy_baselines,,0.0,results/stage6/analysis_d2/stage6_d1_per_family.csv,"stage6_llama_behavioural_full_rerun,stage6_qwen_behavioural_full_rerun",,,,,not_measured,18,results/stage10/mean_probe_full_sweep_bigcompute/loo_predictions_resid_post_last_prompt.json,stage10_qwen_mean_probe_full_sweep,,0.6135875024288852,results/stage10/mean_probe_full_sweep_bigcompute/loo_predictions_resid_post_last_prompt.json,stage10_qwen_mean_probe_full_sweep,,True,results/stage6/analysis_d2/stage6_d1_per_family.csv,"stage6_llama_behavioural_full_rerun,stage6_qwen_behavioural_full_rerun",,,,,not_measured,0.44020429253578186,results/stage9/correctness_residualisation/loo_predictions.json,stage9_correctness_residualisation,,results/stage9/baselines/cot_text/surface_tfidf_continuous.json,not_applicable,results/stage9/baselines/answer_rationale/surface_tfidf_continuous.json,not_applicable
qwen_primary,CM_B_UM_012,mechanics,nongoverning_distractor,original,2.75,results/stage6/analysis_d2/stage6_d1_per_family.csv,"stage6_llama_behavioural_full_rerun,stage6_qwen_behavioural_full_rerun",,0.4400801444276391,results/stage9/baselines/blackbox_counterfactual/family_scores.json,stage9_blackbox_counterfactual,,,,,not_measured,0.9209876927196287,results/stage9/baselines/correctness_probe/loo_predictions_variance.json,stage9_correctness_probe,,1.60460362944161,results/stage9/baselines/entropy/entropy_per_family_scores.json,stage9_embedding_entropy_baselines,,0.0,results/stage6/analysis_d2/stage6_d1_per_family.csv,"stage6_llama_behavioural_full_rerun,stage6_qwen_behavioural_full_rerun",,0.5965909090909091,results/stage8/multi_head_knockout/patching_results.csv,registry_experiment_unresolved,,18,results/stage10/mean_probe_full_sweep_bigcompute/loo_predictions_resid_post_last_prompt.json,stage10_qwen_mean_probe_full_sweep,,0.649331520855139,results/stage10/mean_probe_full_sweep_bigcompute/loo_predictions_resid_post_last_prompt.json,stage10_qwen_mean_probe_full_sweep,,True,results/stage6/analysis_d2/stage6_d1_per_family.csv,"stage6_llama_behavioural_full_rerun,stage6_qwen_behavioural_full_rerun",,,,,not_measured,0.4589543640613556,results/stage9/correctness_residualisation/loo_predictions.json,stage9_correctness_residualisation,,results/stage9/baselines/cot_text/surface_tfidf_continuous.json,not_applicable,results/stage9/baselines/answer_rationale/surface_tfidf_continuous.json,not_applicable
qwen_primary,CM_B_UM_013,mechanics,nongoverning_distractor,original,3.453125,results/stage6/analysis_d2/stage6_d1_per_family.csv,"stage6_llama_behavioural_full_rerun,stage6_qwen_behavioural_full_rerun",,0.41768446738176945,results/stage9/baselines/blackbox_counterfactual/family_scores.json,stage9_blackbox_counterfactual,,,,,not_measured,0.5455760799763921,results/stage9/baselines/correctness_probe/loo_predictions_variance.json,stage9_correctness_probe,,1.5969063414243334,results/stage9/baselines/entropy/entropy_per_family_scores.json,stage9_embedding_entropy_baselines,,0.6666666666666666,results/stage6/analysis_d2/stage6_d1_per_family.csv,"stage6_llama_behavioural_full_rerun,stage6_qwen_behavioural_full_rerun",,0.1771170006464124,results/stage8/multi_head_knockout/patching_results.csv,registry_experiment_unresolved,,18,results/stage10/mean_probe_full_sweep_bigcompute/loo_predictions_resid_post_last_prompt.json,stage10_qwen_mean_probe_full_sweep,,0.9264537215829132,results/stage10/mean_probe_full_sweep_bigcompute/loo_predictions_resid_post_last_prompt.json,stage10_qwen_mean_probe_full_sweep,,True,results/stage6/analysis_d2/stage6_d1_per_family.csv,"stage6_llama_behavioural_full_rerun,stage6_qwen_behavioural_full_rerun",,,,,not_measured,0.6585299372673035,results/stage9/correctness_residualisation/loo_predictions.json,stage9_correctness_residualisation,,results/stage9/baselines/cot_text/surface_tfidf_continuous.json,not_applicable,results/stage9/baselines/answer_rationale/surface_tfidf_continuous.json,not_applicable
qwen_primary,CM_B_UM_014,mechanics,nongoverning_distractor,original,1.84375,results/stage6/analysis_d2/stage6_d1_per_family.csv,"stage6_llama_behavioural_full_rerun,stage6_qwen_behavioural_full_rerun",,0.4474611667350574,results/stage9/baselines/blackbox_counterfactual/family_scores.json,stage9_blackbox_counterfactual,,,,,not_measured,0.5824161383289534,results/stage9/baselines/correctness_probe/loo_predictions_variance.json,stage9_correctness_probe,,1.1753788763329411,results/stage9/baselines/entropy/entropy_per_family_scores.json,stage9_embedding_entropy_baselines,,0.0,results/stage6/analysis_d2/stage6_d1_per_family.csv,"stage6_llama_behavioural_full_rerun,stage6_qwen_behavioural_full_rerun",,,,,not_measured,18,results/stage10/mean_probe_full_sweep_bigcompute/loo_predictions_resid_post_last_prompt.json,stage10_qwen_mean_probe_full_sweep,,0.4001297306602087,results/stage10/mean_probe_full_sweep_bigcompute/loo_predictions_resid_post_last_prompt.json,stage10_qwen_mean_probe_full_sweep,,True,results/stage6/analysis_d2/stage6_d1_per_family.csv,"stage6_llama_behavioural_full_rerun,stage6_qwen_behavioural_full_rerun",,,,,not_measured,0.6906841397285461,results/stage9/correctness_residualisation/loo_predictions.json,stage9_correctness_residualisation,,results/stage9/baselines/cot_text/surface_tfidf_continuous.json,not_applicable,results/stage9/baselines/answer_rationale/surface_tfidf_continuous.json,not_applicable
qwen_primary,CM_B_UM_015,electrostatics_circuits,nongoverning_distractor,original,0.578125,results/stage6/analysis_d2/stage6_d1_per_family.csv,"stage6_llama_behavioural_full_rerun,stage6_qwen_behavioural_full_rerun",,0.4150605570320989,results/stage9/baselines/blackbox_counterfactual/family_scores.json,stage9_blackbox_counterfactual,,,,,not_measured,0.5710099386592401,results/stage9/baselines/correctness_probe/loo_predictions_variance.json,stage9_correctness_probe,,0.22507594204512396,results/stage9/baselines/entropy/entropy_per_family_scores.json,stage9_embedding_entropy_baselines,,0.0,results/stage6/analysis_d2/stage6_d1_per_family.csv,"stage6_llama_behavioural_full_rerun,stage6_qwen_behavioural_full_rerun",,,,,not_measured,18,results/stage10/mean_probe_full_sweep_bigcompute/loo_predictions_resid_post_last_prompt.json,stage10_qwen_mean_probe_full_sweep,,0.12512094411219662,results/stage10/mean_probe_full_sweep_bigcompute/loo_predictions_resid_post_last_prompt.json,stage10_qwen_mean_probe_full_sweep,,True,results/stage6/analysis_d2/stage6_d1_per_family.csv,"stage6_llama_behavioural_full_rerun,stage6_qwen_behavioural_full_rerun",,,,,not_measured,0.26061442494392395,results/stage9/correctness_residualisation/loo_predictions.json,stage9_correctness_residualisation,,results/stage9/baselines/cot_text/surface_tfidf_continuous.json,not_applicable,results/stage9/baselines/answer_rationale/surface_tfidf_continuous.json,not_applicable
qwen_primary,CM_B_UM_016,electrostatics_circuits,nongoverning_distractor,original,1.1640625,results/stage6/analysis_d2/stage6_d1_per_family.csv,"stage6_llama_behavioural_full_rerun,stage6_qwen_behavioural_full_rerun",,0.41000739563854155,results/stage9/baselines/blackbox_counterfactual/family_scores.json,stage9_blackbox_counterfactual,,,,,not_measured,0.8941088078952993,results/stage9/baselines/correctness_probe/loo_predictions_variance.json,stage9_correctness_probe,,0.5070720262397856,results/stage9/baselines/entropy/entropy_per_family_scores.json,stage9_embedding_entropy_baselines,,0.0,results/stage6/analysis_d2/stage6_d1_per_family.csv,"stage6_llama_behavioural_full_rerun,stage6_qwen_behavioural_full_rerun",,,,,not_measured,18,results/stage10/mean_probe_full_sweep_bigcompute/loo_predictions_resid_post_last_prompt.json,stage10_qwen_mean_probe_full_sweep,,0.5512981573896116,results/stage10/mean_probe_full_sweep_bigcompute/loo_predictions_resid_post_last_prompt.json,stage10_qwen_mean_probe_full_sweep,,True,results/stage6/analysis_d2/stage6_d1_per_family.csv,"stage6_llama_behavioural_full_rerun,stage6_qwen_behavioural_full_rerun",,,,,not_measured,0.5345122218132019,results/stage9/correctness_residualisation/loo_predictions.json,stage9_correctness_residualisation,,results/stage9/baselines/cot_text/surface_tfidf_continuous.json,not_applicable,results/stage9/baselines/answer_rationale/surface_tfidf_continuous.json,not_applicable
qwen_primary,CM_B_UM_017,electrostatics_circuits,nongoverning_distractor,original,0.0,results/stage6/analysis_d2/stage6_d1_per_family.csv,"stage6_llama_behavioural_full_rerun,stage6_qwen_behavioural_full_rerun",,0.4226586444881932,results/stage9/baselines/blackbox_counterfactual/family_scores.json,stage9_blackbox_counterfactual,,,,,not_measured,0.8958073702376759,results/stage9/baselines/correctness_probe/loo_predictions_variance.json,stage9_correctness_probe,,0.32893779539935436,results/stage9/baselines/entropy/entropy_per_family_scores.json,stage9_embedding_entropy_baselines,,0.0,results/stage6/analysis_d2/stage6_d1_per_family.csv,"stage6_llama_behavioural_full_rerun,stage6_qwen_behavioural_full_rerun",,,,,not_measured,18,results/stage10/mean_probe_full_sweep_bigcompute/loo_predictions_resid_post_last_prompt.json,stage10_qwen_mean_probe_full_sweep,,0.1788561323144902,results/stage10/mean_probe_full_sweep_bigcompute/loo_predictions_resid_post_last_prompt.json,stage10_qwen_mean_probe_full_sweep,,True,results/stage6/analysis_d2/stage6_d1_per_family.csv,"stage6_llama_behavioural_full_rerun,stage6_qwen_behavioural_full_rerun",,,,,not_measured,0.3629212975502014,results/stage9/correctness_residualisation/loo_predictions.json,stage9_correctness_residualisation,,results/stage9/baselines/cot_text/surface_tfidf_continuous.json,not_applicable,results/stage9/baselines/answer_rationale/surface_tfidf_continuous.json,not_applicable
qwen_primary,CM_B_UM_018,electrostatics_circuits,nongoverning_distractor,original,0.0,results/stage6/analysis_d2/stage6_d1_per_family.csv,"stage6_llama_behavioural_full_rerun,stage6_qwen_behavioural_full_rerun",,0.42263527169490794,results/stage9/baselines/blackbox_counterfactual/family_scores.json,stage9_blackbox_counterfactual,,,,,not_measured,0.4986760566095003,results/stage9/baselines/correctness_probe/loo_predictions_variance.json,stage9_correctness_probe,,0.7062511882940777,results/stage9/baselines/entropy/entropy_per_family_scores.json,stage9_embedding_entropy_baselines,,0.0,results/stage6/analysis_d2/stage6_d1_per_family.csv,"stage6_llama_behavioural_full_rerun,stage6_qwen_behavioural_full_rerun",,,,,not_measured,18,results/stage10/mean_probe_full_sweep_bigcompute/loo_predictions_resid_post_last_prompt.json,stage10_qwen_mean_probe_full_sweep,,0.965523220021331,results/stage10/mean_probe_full_sweep_bigcompute/loo_predictions_resid_post_last_prompt.json,stage10_qwen_mean_probe_full_sweep,,True,results/stage6/analysis_d2/stage6_d1_per_family.csv,"stage6_llama_behavioural_full_rerun,stage6_qwen_behavioural_full_rerun",,,,,not_measured,0.5898395776748657,results/stage9/correctness_residualisation/loo_predictions.json,stage9_correctness_residualisation,,results/stage9/baselines/cot_text/surface_tfidf_continuous.json,not_applicable,results/stage9/baselines/answer_rationale/surface_tfidf_continuous.json,not_applicable
qwen_primary,CM_B_UM_019,electrostatics_circuits,nongoverning_distractor,original,0.0,results/stage6/analysis_d2/stage6_d1_per_family.csv,"stage6_llama_behavioural_full_rerun,stage6_qwen_behavioural_full_rerun",,0.422668123857297,results/stage9/baselines/blackbox_counterfactual/family_scores.json,stage9_blackbox_counterfactual,,,,,not_measured,0.4116276130817486,results/stage9/baselines/correctness_probe/loo_predictions_variance.json,stage9_correctness_probe,,1.1508265966116484,results/stage9/baselines/entropy/entropy_per_family_scores.json,stage9_embedding_entropy_baselines,,0.0,results/stage6/analysis_d2/stage6_d1_per_family.csv,"stage6_llama_behavioural_full_rerun,stage6_qwen_behavioural_full_rerun",,,,,not_measured,18,results/stage10/mean_probe_full_sweep_bigcompute/loo_predictions_resid_post_last_prompt.json,stage10_qwen_mean_probe_full_sweep,,0.1416075121284637,results/stage10/mean_probe_full_sweep_bigcompute/loo_predictions_resid_post_last_prompt.json,stage10_qwen_mean_probe_full_sweep,,True,results/stage6/analysis_d2/stage6_d1_per_family.csv,"stage6_llama_behavioural_full_rerun,stage6_qwen_behavioural_full_rerun",,,,,not_measured,0.5246058106422424,results/stage9/correctness_residualisation/loo_predictions.json,stage9_correctness_residualisation,,results/stage9/baselines/cot_text/surface_tfidf_continuous.json,not_applicable,results/stage9/baselines/answer_rationale/surface_tfidf_continuous.json,not_applicable
qwen_primary,CM_B_UM_020,electrostatics_circuits,nongoverning_distractor,original,0.34375,results/stage6/analysis_d2/stage6_d1_per_family.csv,"stage6_llama_behavioural_full_rerun,stage6_qwen_behavioural_full_rerun",,0.41516758839931545,results/stage9/baselines/blackbox_counterfactual/family_scores.json,stage9_blackbox_counterfactual,,,,,not_measured,0.5589585489923596,results/stage9/baselines/correctness_probe/loo_predictions_variance.json,stage9_correctness_probe,,0.2548360379734389,results/stage9/baselines/entropy/entropy_per_family_scores.json,stage9_embedding_entropy_baselines,,0.0,results/stage6/analysis_d2/stage6_d1_per_family.csv,"stage6_llama_behavioural_full_rerun,stage6_qwen_behavioural_full_rerun",,,,,not_measured,18,results/stage10/mean_probe_full_sweep_bigcompute/loo_predictions_resid_post_last_prompt.json,stage10_qwen_mean_probe_full_sweep,,0.03194370384573245,results/stage10/mean_probe_full_sweep_bigcompute/loo_predictions_resid_post_last_prompt.json,stage10_qwen_mean_probe_full_sweep,,True,results/stage6/analysis_d2/stage6_d1_per_family.csv,"stage6_llama_behavioural_full_rerun,stage6_qwen_behavioural_full_rerun",,,,,not_measured,0.616751492023468,results/stage9/correctness_residualisation/loo_predictions.json,stage9_correctness_residualisation,,results/stage9/baselines/cot_text/surface_tfidf_continuous.json,not_applicable,results/stage9/baselines/answer_rationale/surface_tfidf_continuous.json,not_applicable
qwen_primary,CM_B_UM_021,electrostatics_circuits,nongoverning_distractor,original,0.0,results/stage6/analysis_d2/stage6_d1_per_family.csv,"stage6_llama_behavioural_full_rerun,stage6_qwen_behavioural_full_rerun",,0.4504078412089591,results/stage9/baselines/blackbox_counterfactual/family_scores.json,stage9_blackbox_counterfactual,,,,,not_measured,0.850530662353402,results/stage9/baselines/correctness_probe/loo_predictions_variance.json,stage9_correctness_probe,,2.57360517630728,results/stage9/baselines/entropy/entropy_per_family_scores.json,stage9_embedding_entropy_baselines,,0.0,results/stage6/analysis_d2/stage6_d1_per_family.csv,"stage6_llama_behavioural_full_rerun,stage6_qwen_behavioural_full_rerun",,,,,not_measured,18,results/stage10/mean_probe_full_sweep_bigcompute/loo_predictions_resid_post_last_prompt.json,stage10_qwen_mean_probe_full_sweep,,0.45694526697388604,results/stage10/mean_probe_full_sweep_bigcompute/loo_predictions_resid_post_last_prompt.json,stage10_qwen_mean_probe_full_sweep,,True,results/stage6/analysis_d2/stage6_d1_per_family.csv,"stage6_llama_behavioural_full_rerun,stage6_qwen_behavioural_full_rerun",,,,,not_measured,0.5301807522773743,results/stage9/correctness_residualisation/loo_predictions.json,stage9_correctness_residualisation,,results/stage9/baselines/cot_text/surface_tfidf_continuous.json,not_applicable,results/stage9/baselines/answer_rationale/surface_tfidf_continuous.json,not_applicable
qwen_primary,CM_B_UM_022,electrostatics_circuits,nongoverning_distractor,original,2.078125,results/stage6/analysis_d2/stage6_d1_per_family.csv,"stage6_llama_behavioural_full_rerun,stage6_qwen_behavioural_full_rerun",,0.43533452001512685,results/stage9/baselines/blackbox_counterfactual/family_scores.json,stage9_blackbox_counterfactual,,,,,not_measured,0.8658203804522971,results/stage9/baselines/correctness_probe/loo_predictions_variance.json,stage9_correctness_probe,,0.7452112540967305,results/stage9/baselines/entropy/entropy_per_family_scores.json,stage9_embedding_entropy_baselines,,0.8333333333333334,results/stage6/analysis_d2/stage6_d1_per_family.csv,"stage6_llama_behavioural_full_rerun,stage6_qwen_behavioural_full_rerun",,,,,not_measured,18,results/stage10/mean_probe_full_sweep_bigcompute/loo_predictions_resid_post_last_prompt.json,stage10_qwen_mean_probe_full_sweep,,0.4086329938473545,results/stage10/mean_probe_full_sweep_bigcompute/loo_predictions_resid_post_last_prompt.json,stage10_qwen_mean_probe_full_sweep,,True,results/stage6/analysis_d2/stage6_d1_per_family.csv,"stage6_llama_behavioural_full_rerun,stage6_qwen_behavioural_full_rerun",,,,,not_measured,0.6189067959785461,results/stage9/correctness_residualisation/loo_predictions.json,stage9_correctness_residualisation,,results/stage9/baselines/cot_text/surface_tfidf_continuous.json,not_applicable,results/stage9/baselines/answer_rationale/surface_tfidf_continuous.json,not_applicable
qwen_primary,CM_B_UM_023,electrostatics_circuits,nongoverning_distractor,original,0.0,results/stage6/analysis_d2/stage6_d1_per_family.csv,"stage6_llama_behavioural_full_rerun,stage6_qwen_behavioural_full_rerun",,0.4433849802899558,results/stage9/baselines/blackbox_counterfactual/family_scores.json,stage9_blackbox_counterfactual,,,,,not_measured,0.7684677094161507,results/stage9/baselines/correctness_probe/loo_predictions_variance.json,stage9_correctness_probe,,0.7816405273925476,results/stage9/baselines/entropy/entropy_per_family_scores.json,stage9_embedding_entropy_baselines,,0.0,results/stage6/analysis_d2/stage6_d1_per_family.csv,"stage6_llama_behavioural_full_rerun,stage6_qwen_behavioural_full_rerun",,,,,not_measured,18,results/stage10/mean_probe_full_sweep_bigcompute/loo_predictions_resid_post_last_prompt.json,stage10_qwen_mean_probe_full_sweep,,0.32986265218677524,results/stage10/mean_probe_full_sweep_bigcompute/loo_predictions_resid_post_last_prompt.json,stage10_qwen_mean_probe_full_sweep,,True,results/stage6/analysis_d2/stage6_d1_per_family.csv,"stage6_llama_behavioural_full_rerun,stage6_qwen_behavioural_full_rerun",,,,,not_measured,0.4083278775215149,results/stage9/correctness_residualisation/loo_predictions.json,stage9_correctness_residualisation,,results/stage9/baselines/cot_text/surface_tfidf_continuous.json,not_applicable,results/stage9/baselines/answer_rationale/surface_tfidf_continuous.json,not_applicable
qwen_primary,CM_B_UM_024,electrostatics_circuits,nongoverning_distractor,original,0.53125,results/stage6/analysis_d2/stage6_d1_per_family.csv,"stage6_llama_behavioural_full_rerun,stage6_qwen_behavioural_full_rerun",,0.4151885115392744,results/stage9/baselines/blackbox_counterfactual/family_scores.json,stage9_blackbox_counterfactual,,,,,not_measured,0.8060195535988686,results/stage9/baselines/correctness_probe/loo_predictions_variance.json,stage9_correctness_probe,,0.7192062919842175,results/stage9/baselines/entropy/entropy_per_family_scores.json,stage9_embedding_entropy_baselines,,0.8333333333333334,results/stage6/analysis_d2/stage6_d1_per_family.csv,"stage6_llama_behavioural_full_rerun,stage6_qwen_behavioural_full_rerun",,,,,not_measured,18,results/stage10/mean_probe_full_sweep_bigcompute/loo_predictions_resid_post_last_prompt.json,stage10_qwen_mean_probe_full_sweep,,0.5406634092028403,results/stage10/mean_probe_full_sweep_bigcompute/loo_predictions_resid_post_last_prompt.json,stage10_qwen_mean_probe_full_sweep,,True,results/stage6/analysis_d2/stage6_d1_per_family.csv,"stage6_llama_behavioural_full_rerun,stage6_qwen_behavioural_full_rerun",,,,,not_measured,0.585676908493042,results/stage9/correctness_residualisation/loo_predictions.json,stage9_correctness_residualisation,,results/stage9/baselines/cot_text/surface_tfidf_continuous.json,not_applicable,results/stage9/baselines/answer_rationale/surface_tfidf_continuous.json,not_applicable
qwen_primary,CM_B_UM_025,electrostatics_circuits,nongoverning_distractor,original,1.65625,results/stage6/analysis_d2/stage6_d1_per_family.csv,"stage6_llama_behavioural_full_rerun,stage6_qwen_behavioural_full_rerun",,0.4425575660094566,results/stage9/baselines/blackbox_counterfactual/family_scores.json,stage9_blackbox_counterfactual,,,,,not_measured,0.6222757475236946,results/stage9/baselines/correctness_probe/loo_predictions_variance.json,stage9_correctness_probe,,1.0447959182262283,results/stage9/baselines/entropy/entropy_per_family_scores.json,stage9_embedding_entropy_baselines,,0.5,results/stage6/analysis_d2/stage6_d1_per_family.csv,"stage6_llama_behavioural_full_rerun,stage6_qwen_behavioural_full_rerun",,,,,not_measured,18,results/stage10/mean_probe_full_sweep_bigcompute/loo_predictions_resid_post_last_prompt.json,stage10_qwen_mean_probe_full_sweep,,0.529220991438338,results/stage10/mean_probe_full_sweep_bigcompute/loo_predictions_resid_post_last_prompt.json,stage10_qwen_mean_probe_full_sweep,,True,results/stage6/analysis_d2/stage6_d1_per_family.csv,"stage6_llama_behavioural_full_rerun,stage6_qwen_behavioural_full_rerun",,,,,not_measured,0.8397008180618286,results/stage9/correctness_residualisation/loo_predictions.json,stage9_correctness_residualisation,,results/stage9/baselines/cot_text/surface_tfidf_continuous.json,not_applicable,results/stage9/baselines/answer_rationale/surface_tfidf_continuous.json,not_applicable
qwen_primary,CM_B_UM_026,electrostatics_circuits,nongoverning_distractor,original,0.0,results/stage6/analysis_d2/stage6_d1_per_family.csv,"stage6_llama_behavioural_full_rerun,stage6_qwen_behavioural_full_rerun",,0.4226433440421649,results/stage9/baselines/blackbox_counterfactual/family_scores.json,stage9_blackbox_counterfactual,,,,,not_measured,0.5732366808474125,results/stage9/baselines/correctness_probe/loo_predictions_variance.json,stage9_correctness_probe,,0.7597706458702994,results/stage9/baselines/entropy/entropy_per_family_scores.json,stage9_embedding_entropy_baselines,,0.5,results/stage6/analysis_d2/stage6_d1_per_family.csv,"stage6_llama_behavioural_full_rerun,stage6_qwen_behavioural_full_rerun",,,,,not_measured,18,results/stage10/mean_probe_full_sweep_bigcompute/loo_predictions_resid_post_last_prompt.json,stage10_qwen_mean_probe_full_sweep,,0.419589042850874,results/stage10/mean_probe_full_sweep_bigcompute/loo_predictions_resid_post_last_prompt.json,stage10_qwen_mean_probe_full_sweep,,True,results/stage6/analysis_d2/stage6_d1_per_family.csv,"stage6_llama_behavioural_full_rerun,stage6_qwen_behavioural_full_rerun",,,,,not_measured,0.3604399561882019,results/stage9/correctness_residualisation/loo_predictions.json,stage9_correctness_residualisation,,results/stage9/baselines/cot_text/surface_tfidf_continuous.json,not_applicable,results/stage9/baselines/answer_rationale/surface_tfidf_continuous.json,not_applicable
qwen_primary,CM_B_UM_027,mechanics,nongoverning_distractor,original,0.71875,results/stage6/analysis_d2/stage6_d1_per_family.csv,"stage6_llama_behavioural_full_rerun,stage6_qwen_behavioural_full_rerun",,0.4421173645304721,results/stage9/baselines/blackbox_counterfactual/family_scores.json,stage9_blackbox_counterfactual,,,,,not_measured,0.9756401493249018,results/stage9/baselines/correctness_probe/loo_predictions_variance.json,stage9_correctness_probe,,0.49439917272603473,results/stage9/baselines/entropy/entropy_per_family_scores.json,stage9_embedding_entropy_baselines,,0.0,results/stage6/analysis_d2/stage6_d1_per_family.csv,"stage6_llama_behavioural_full_rerun,stage6_qwen_behavioural_full_rerun",,,,,not_measured,18,results/stage10/mean_probe_full_sweep_bigcompute/loo_predictions_resid_post_last_prompt.json,stage10_qwen_mean_probe_full_sweep,,0.13134014863268673,results/stage10/mean_probe_full_sweep_bigcompute/loo_predictions_resid_post_last_prompt.json,stage10_qwen_mean_probe_full_sweep,,True,results/stage6/analysis_d2/stage6_d1_per_family.csv,"stage6_llama_behavioural_full_rerun,stage6_qwen_behavioural_full_rerun",,,,,not_measured,0.2521366477012634,results/stage9/correctness_residualisation/loo_predictions.json,stage9_correctness_residualisation,,results/stage9/baselines/cot_text/surface_tfidf_continuous.json,not_applicable,results/stage9/baselines/answer_rationale/surface_tfidf_continuous.json,not_applicable
qwen_primary,CM_B_UM_028,mechanics,nongoverning_distractor,original,0.0,results/stage6/analysis_d2/stage6_d1_per_family.csv,"stage6_llama_behavioural_full_rerun,stage6_qwen_behavioural_full_rerun",,0.4468324449310156,results/stage9/baselines/blackbox_counterfactual/family_scores.json,stage9_blackbox_counterfactual,,,,,not_measured,0.9299190369234942,results/stage9/baselines/correctness_probe/loo_predictions_variance.json,stage9_correctness_probe,,0.3528621809573817,results/stage9/baselines/entropy/entropy_per_family_scores.json,stage9_embedding_entropy_baselines,,0.0,results/stage6/analysis_d2/stage6_d1_per_family.csv,"stage6_llama_behavioural_full_rerun,stage6_qwen_behavioural_full_rerun",,,,,not_measured,18,results/stage10/mean_probe_full_sweep_bigcompute/loo_predictions_resid_post_last_prompt.json,stage10_qwen_mean_probe_full_sweep,,0.2290158332185609,results/stage10/mean_probe_full_sweep_bigcompute/loo_predictions_resid_post_last_prompt.json,stage10_qwen_mean_probe_full_sweep,,True,results/stage6/analysis_d2/stage6_d1_per_family.csv,"stage6_llama_behavioural_full_rerun,stage6_qwen_behavioural_full_rerun",,,,,not_measured,0.3511328101158142,results/stage9/correctness_residualisation/loo_predictions.json,stage9_correctness_residualisation,,results/stage9/baselines/cot_text/surface_tfidf_continuous.json,not_applicable,results/stage9/baselines/answer_rationale/surface_tfidf_continuous.json,not_applicable
qwen_primary,CM_B_UM_029,mechanics,nongoverning_distractor,original,0.0,results/stage6/analysis_d2/stage6_d1_per_family.csv,"stage6_llama_behavioural_full_rerun,stage6_qwen_behavioural_full_rerun",,0.4509397071506595,results/stage9/baselines/blackbox_counterfactual/family_scores.json,stage9_blackbox_counterfactual,,,,,not_measured,0.9665818480938495,results/stage9/baselines/correctness_probe/loo_predictions_variance.json,stage9_correctness_probe,,0.47784152135540714,results/stage9/baselines/entropy/entropy_per_family_scores.json,stage9_embedding_entropy_baselines,,0.0,results/stage6/analysis_d2/stage6_d1_per_family.csv,"stage6_llama_behavioural_full_rerun,stage6_qwen_behavioural_full_rerun",,,,,not_measured,18,results/stage10/mean_probe_full_sweep_bigcompute/loo_predictions_resid_post_last_prompt.json,stage10_qwen_mean_probe_full_sweep,,0.29490719321439357,results/stage10/mean_probe_full_sweep_bigcompute/loo_predictions_resid_post_last_prompt.json,stage10_qwen_mean_probe_full_sweep,,True,results/stage6/analysis_d2/stage6_d1_per_family.csv,"stage6_llama_behavioural_full_rerun,stage6_qwen_behavioural_full_rerun",,,,,not_measured,0.5494459867477417,results/stage9/correctness_residualisation/loo_predictions.json,stage9_correctness_residualisation,,results/stage9/baselines/cot_text/surface_tfidf_continuous.json,not_applicable,results/stage9/baselines/answer_rationale/surface_tfidf_continuous.json,not_applicable
qwen_primary,CM_B_UM_030,mechanics,nongoverning_distractor,original,0.3125,results/stage6/analysis_d2/stage6_d1_per_family.csv,"stage6_llama_behavioural_full_rerun,stage6_qwen_behavioural_full_rerun",,0.4478905466382813,results/stage9/baselines/blackbox_counterfactual/family_scores.json,stage9_blackbox_counterfactual,,,,,not_measured,0.859108167393501,results/stage9/baselines/correctness_probe/loo_predictions_variance.json,stage9_correctness_probe,,0.4031393832220904,results/stage9/baselines/entropy/entropy_per_family_scores.json,stage9_embedding_entropy_baselines,,0.0,results/stage6/analysis_d2/stage6_d1_per_family.csv,"stage6_llama_behavioural_full_rerun,stage6_qwen_behavioural_full_rerun",,,,,not_measured,18,results/stage10/mean_probe_full_sweep_bigcompute/loo_predictions_resid_post_last_prompt.json,stage10_qwen_mean_probe_full_sweep,,0.2612668133646454,results/stage10/mean_probe_full_sweep_bigcompute/loo_predictions_resid_post_last_prompt.json,stage10_qwen_mean_probe_full_sweep,,True,results/stage6/analysis_d2/stage6_d1_per_family.csv,"stage6_llama_behavioural_full_rerun,stage6_qwen_behavioural_full_rerun",,,,,not_measured,0.3692135214805603,results/stage9/correctness_residualisation/loo_predictions.json,stage9_correctness_residualisation,,results/stage9/baselines/cot_text/surface_tfidf_continuous.json,not_applicable,results/stage9/baselines/answer_rationale/surface_tfidf_continuous.json,not_applicable
qwen_primary,CM_B_UM_031,mechanics,nongoverning_distractor,original,0.0,results/stage6/analysis_d2/stage6_d1_per_family.csv,"stage6_llama_behavioural_full_rerun,stage6_qwen_behavioural_full_rerun",,0.44750819398924346,results/stage9/baselines/blackbox_counterfactual/family_scores.json,stage9_blackbox_counterfactual,,,,,not_measured,0.9265241879664212,results/stage9/baselines/correctness_probe/loo_predictions_variance.json,stage9_correctness_probe,,3.2689384916673925,results/stage9/baselines/entropy/entropy_per_family_scores.json,stage9_embedding_entropy_baselines,,0.0,results/stage6/analysis_d2/stage6_d1_per_family.csv,"stage6_llama_behavioural_full_rerun,stage6_qwen_behavioural_full_rerun",,,,,not_measured,18,results/stage10/mean_probe_full_sweep_bigcompute/loo_predictions_resid_post_last_prompt.json,stage10_qwen_mean_probe_full_sweep,,0.26462703560340395,results/stage10/mean_probe_full_sweep_bigcompute/loo_predictions_resid_post_last_prompt.json,stage10_qwen_mean_probe_full_sweep,,True,results/stage6/analysis_d2/stage6_d1_per_family.csv,"stage6_llama_behavioural_full_rerun,stage6_qwen_behavioural_full_rerun",,,,,not_measured,0.5235827565193176,results/stage9/correctness_residualisation/loo_predictions.json,stage9_correctness_residualisation,,results/stage9/baselines/cot_text/surface_tfidf_continuous.json,not_applicable,results/stage9/baselines/answer_rationale/surface_tfidf_continuous.json,not_applicable
qwen_primary,CM_B_UM_032,mechanics,nongoverning_distractor,original,5.5625,results/stage6/analysis_d2/stage6_d1_per_family.csv,"stage6_llama_behavioural_full_rerun,stage6_qwen_behavioural_full_rerun",,0.42020401072766844,results/stage9/baselines/blackbox_counterfactual/family_scores.json,stage9_blackbox_counterfactual,,,,,not_measured,0.05373814575176595,results/stage9/baselines/correctness_probe/loo_predictions_variance.json,stage9_correctness_probe,,2.7610750001131805,results/stage9/baselines/entropy/entropy_per_family_scores.json,stage9_embedding_entropy_baselines,,1.0,results/stage6/analysis_d2/stage6_d1_per_family.csv,"stage6_llama_behavioural_full_rerun,stage6_qwen_behavioural_full_rerun",,0.15008025682182988,results/stage8/multi_head_knockout/patching_results.csv,registry_experiment_unresolved,,18,results/stage10/mean_probe_full_sweep_bigcompute/loo_predictions_resid_post_last_prompt.json,stage10_qwen_mean_probe_full_sweep,,0.6833962785227542,results/stage10/mean_probe_full_sweep_bigcompute/loo_predictions_resid_post_last_prompt.json,stage10_qwen_mean_probe_full_sweep,,True,results/stage6/analysis_d2/stage6_d1_per_family.csv,"stage6_llama_behavioural_full_rerun,stage6_qwen_behavioural_full_rerun",,,,,not_measured,0.666519284248352,results/stage9/correctness_residualisation/loo_predictions.json,stage9_correctness_residualisation,,results/stage9/baselines/cot_text/surface_tfidf_continuous.json,not_applicable,results/stage9/baselines/answer_rationale/surface_tfidf_continuous.json,not_applicable
qwen_primary,CM_B_UM_033,mechanics,nongoverning_distractor,original,4.53125,results/stage6/analysis_d2/stage6_d1_per_family.csv,"stage6_llama_behavioural_full_rerun,stage6_qwen_behavioural_full_rerun",,0.5960360582367338,results/stage9/baselines/blackbox_counterfactual/family_scores.json,stage9_blackbox_counterfactual,,,,,not_measured,0.04766835399211385,results/stage9/baselines/correctness_probe/loo_predictions_variance.json,stage9_correctness_probe,,1.6115163242366644,results/stage9/baselines/entropy/entropy_per_family_scores.json,stage9_embedding_entropy_baselines,,0.5,results/stage6/analysis_d2/stage6_d1_per_family.csv,"stage6_llama_behavioural_full_rerun,stage6_qwen_behavioural_full_rerun",,0.48325123152709354,results/stage8/multi_head_knockout/patching_results.csv,registry_experiment_unresolved,,18,results/stage10/mean_probe_full_sweep_bigcompute/loo_predictions_resid_post_last_prompt.json,stage10_qwen_mean_probe_full_sweep,,0.5271179957642431,results/stage10/mean_probe_full_sweep_bigcompute/loo_predictions_resid_post_last_prompt.json,stage10_qwen_mean_probe_full_sweep,,True,results/stage6/analysis_d2/stage6_d1_per_family.csv,"stage6_llama_behavioural_full_rerun,stage6_qwen_behavioural_full_rerun",,,,,not_measured,0.6649453043937683,results/stage9/correctness_residualisation/loo_predictions.json,stage9_correctness_residualisation,,results/stage9/baselines/cot_text/surface_tfidf_continuous.json,not_applicable,results/stage9/baselines/answer_rationale/surface_tfidf_continuous.json,not_applicable
qwen_primary,CM_B_UM_034,mechanics,nongoverning_distractor,original,2.15625,results/stage6/analysis_d2/stage6_d1_per_family.csv,"stage6_llama_behavioural_full_rerun,stage6_qwen_behavioural_full_rerun",,0.42015155397636594,results/stage9/baselines/blackbox_counterfactual/family_scores.json,stage9_blackbox_counterfactual,,,,,not_measured,0.04681389961474298,results/stage9/baselines/correctness_probe/loo_predictions_variance.json,stage9_correctness_probe,,3.9494100009328923,results/stage9/baselines/entropy/entropy_per_family_scores.json,stage9_embedding_entropy_baselines,,0.5,results/stage6/analysis_d2/stage6_d1_per_family.csv,"stage6_llama_behavioural_full_rerun,stage6_qwen_behavioural_full_rerun",,,,,not_measured,18,results/stage10/mean_probe_full_sweep_bigcompute/loo_predictions_resid_post_last_prompt.json,stage10_qwen_mean_probe_full_sweep,,0.7146675868366483,results/stage10/mean_probe_full_sweep_bigcompute/loo_predictions_resid_post_last_prompt.json,stage10_qwen_mean_probe_full_sweep,,True,results/stage6/analysis_d2/stage6_d1_per_family.csv,"stage6_llama_behavioural_full_rerun,stage6_qwen_behavioural_full_rerun",,,,,not_measured,0.6654729843139648,results/stage9/correctness_residualisation/loo_predictions.json,stage9_correctness_residualisation,,results/stage9/baselines/cot_text/surface_tfidf_continuous.json,not_applicable,results/stage9/baselines/answer_rationale/surface_tfidf_continuous.json,not_applicable
qwen_primary,CM_B_UM_035,mechanics,nongoverning_distractor,original,0.0,results/stage6/analysis_d2/stage6_d1_per_family.csv,"stage6_llama_behavioural_full_rerun,stage6_qwen_behavioural_full_rerun",,0.4154103241824116,results/stage9/baselines/blackbox_counterfactual/family_scores.json,stage9_blackbox_counterfactual,,,,,not_measured,0.17317342188278556,results/stage9/baselines/correctness_probe/loo_predictions_variance.json,stage9_correctness_probe,,1.7012739008584676,results/stage9/baselines/entropy/entropy_per_family_scores.json,stage9_embedding_entropy_baselines,,0.6666666666666666,results/stage6/analysis_d2/stage6_d1_per_family.csv,"stage6_llama_behavioural_full_rerun,stage6_qwen_behavioural_full_rerun",,,,,not_measured,18,results/stage10/mean_probe_full_sweep_bigcompute/loo_predictions_resid_post_last_prompt.json,stage10_qwen_mean_probe_full_sweep,,0.8320171904938415,results/stage10/mean_probe_full_sweep_bigcompute/loo_predictions_resid_post_last_prompt.json,stage10_qwen_mean_probe_full_sweep,,True,results/stage6/analysis_d2/stage6_d1_per_family.csv,"stage6_llama_behavioural_full_rerun,stage6_qwen_behavioural_full_rerun",,,,,not_measured,0.6917821764945984,results/stage9/correctness_residualisation/loo_predictions.json,stage9_correctness_residualisation,,results/stage9/baselines/cot_text/surface_tfidf_continuous.json,not_applicable,results/stage9/baselines/answer_rationale/surface_tfidf_continuous.json,not_applicable
qwen_primary,CM_B_UM_036,mechanics,nongoverning_distractor,original,0.0,results/stage6/analysis_d2/stage6_d1_per_family.csv,"stage6_llama_behavioural_full_rerun,stage6_qwen_behavioural_full_rerun",,0.44265455909844603,results/stage9/baselines/blackbox_counterfactual/family_scores.json,stage9_blackbox_counterfactual,,,,,not_measured,0.6661454583794895,results/stage9/baselines/correctness_probe/loo_predictions_variance.json,stage9_correctness_probe,,0.7387169253824889,results/stage9/baselines/entropy/entropy_per_family_scores.json,stage9_embedding_entropy_baselines,,0.5,results/stage6/analysis_d2/stage6_d1_per_family.csv,"stage6_llama_behavioural_full_rerun,stage6_qwen_behavioural_full_rerun",,,,,not_measured,18,results/stage10/mean_probe_full_sweep_bigcompute/loo_predictions_resid_post_last_prompt.json,stage10_qwen_mean_probe_full_sweep,,0.6978640021349016,results/stage10/mean_probe_full_sweep_bigcompute/loo_predictions_resid_post_last_prompt.json,stage10_qwen_mean_probe_full_sweep,,True,results/stage6/analysis_d2/stage6_d1_per_family.csv,"stage6_llama_behavioural_full_rerun,stage6_qwen_behavioural_full_rerun",,,,,not_measured,0.5515804290771484,results/stage9/correctness_residualisation/loo_predictions.json,stage9_correctness_residualisation,,results/stage9/baselines/cot_text/surface_tfidf_continuous.json,not_applicable,results/stage9/baselines/answer_rationale/surface_tfidf_continuous.json,not_applicable
qwen_primary,CM_B_UM_037,electrostatics_circuits,nongoverning_distractor,original,0.0,results/stage6/analysis_d2/stage6_d1_per_family.csv,"stage6_llama_behavioural_full_rerun,stage6_qwen_behavioural_full_rerun",,0.44829164725298243,results/stage9/baselines/blackbox_counterfactual/family_scores.json,stage9_blackbox_counterfactual,,,,,not_measured,0.5768168300143468,results/stage9/baselines/correctness_probe/loo_predictions_variance.json,stage9_correctness_probe,,0.7791769370423832,results/stage9/baselines/entropy/entropy_per_family_scores.json,stage9_embedding_entropy_baselines,,0.0,results/stage6/analysis_d2/stage6_d1_per_family.csv,"stage6_llama_behavioural_full_rerun,stage6_qwen_behavioural_full_rerun",,,,,not_measured,18,results/stage10/mean_probe_full_sweep_bigcompute/loo_predictions_resid_post_last_prompt.json,stage10_qwen_mean_probe_full_sweep,,0.5302847199286628,results/stage10/mean_probe_full_sweep_bigcompute/loo_predictions_resid_post_last_prompt.json,stage10_qwen_mean_probe_full_sweep,,True,results/stage6/analysis_d2/stage6_d1_per_family.csv,"stage6_llama_behavioural_full_rerun,stage6_qwen_behavioural_full_rerun",,,,,not_measured,0.4718829095363617,results/stage9/correctness_residualisation/loo_predictions.json,stage9_correctness_residualisation,,results/stage9/baselines/cot_text/surface_tfidf_continuous.json,not_applicable,results/stage9/baselines/answer_rationale/surface_tfidf_continuous.json,not_applicable
qwen_primary,CM_B_UM_038,electrostatics_circuits,nongoverning_distractor,original,1.8125,results/stage6/analysis_d2/stage6_d1_per_family.csv,"stage6_llama_behavioural_full_rerun,stage6_qwen_behavioural_full_rerun",,0.45190982677375097,results/stage9/baselines/blackbox_counterfactual/family_scores.json,stage9_blackbox_counterfactual,,,,,not_measured,0.5600171841041209,results/stage9/baselines/correctness_probe/loo_predictions_variance.json,stage9_correctness_probe,,0.7620692302663519,results/stage9/baselines/entropy/entropy_per_family_scores.json,stage9_embedding_entropy_baselines,,0.5,results/stage6/analysis_d2/stage6_d1_per_family.csv,"stage6_llama_behavioural_full_rerun,stage6_qwen_behavioural_full_rerun",,,,,not_measured,18,results/stage10/mean_probe_full_sweep_bigcompute/loo_predictions_resid_post_last_prompt.json,stage10_qwen_mean_probe_full_sweep,,0.44319049977852126,results/stage10/mean_probe_full_sweep_bigcompute/loo_predictions_resid_post_last_prompt.json,stage10_qwen_mean_probe_full_sweep,,True,results/stage6/analysis_d2/stage6_d1_per_family.csv,"stage6_llama_behavioural_full_rerun,stage6_qwen_behavioural_full_rerun",,,,,not_measured,0.48980894684791565,results/stage9/correctness_residualisation/loo_predictions.json,stage9_correctness_residualisation,,results/stage9/baselines/cot_text/surface_tfidf_continuous.json,not_applicable,results/stage9/baselines/answer_rationale/surface_tfidf_continuous.json,not_applicable
qwen_primary,CM_B_UM_039,electrostatics_circuits,nongoverning_distractor,original,0.375,results/stage6/analysis_d2/stage6_d1_per_family.csv,"stage6_llama_behavioural_full_rerun,stage6_qwen_behavioural_full_rerun",,0.4402060767553706,results/stage9/baselines/blackbox_counterfactual/family_scores.json,stage9_blackbox_counterfactual,,,,,not_measured,0.5673629163947109,results/stage9/baselines/correctness_probe/loo_predictions_variance.json,stage9_correctness_probe,,1.2106098347010898,results/stage9/baselines/entropy/entropy_per_family_scores.json,stage9_embedding_entropy_baselines,,0.5,results/stage6/analysis_d2/stage6_d1_per_family.csv,"stage6_llama_behavioural_full_rerun,stage6_qwen_behavioural_full_rerun",,,,,not_measured,18,results/stage10/mean_probe_full_sweep_bigcompute/loo_predictions_resid_post_last_prompt.json,stage10_qwen_mean_probe_full_sweep,,0.5235661301303886,results/stage10/mean_probe_full_sweep_bigcompute/loo_predictions_resid_post_last_prompt.json,stage10_qwen_mean_probe_full_sweep,,True,results/stage6/analysis_d2/stage6_d1_per_family.csv,"stage6_llama_behavioural_full_rerun,stage6_qwen_behavioural_full_rerun",,,,,not_measured,0.37407541275024414,results/stage9/correctness_residualisation/loo_predictions.json,stage9_correctness_residualisation,,results/stage9/baselines/cot_text/surface_tfidf_continuous.json,not_applicable,results/stage9/baselines/answer_rationale/surface_tfidf_continuous.json,not_applicable
qwen_primary,CM_B_UM_040,electrostatics_circuits,nongoverning_distractor,original,0.75,results/stage6/analysis_d2/stage6_d1_per_family.csv,"stage6_llama_behavioural_full_rerun,stage6_qwen_behavioural_full_rerun",,0.44190684629165194,results/stage9/baselines/blackbox_counterfactual/family_scores.json,stage9_blackbox_counterfactual,,,,,not_measured,0.41765052791992396,results/stage9/baselines/correctness_probe/loo_predictions_variance.json,stage9_correctness_probe,,0.3347544575879461,results/stage9/baselines/entropy/entropy_per_family_scores.json,stage9_embedding_entropy_baselines,,0.0,results/stage6/analysis_d2/stage6_d1_per_family.csv,"stage6_llama_behavioural_full_rerun,stage6_qwen_behavioural_full_rerun",,,,,not_measured,18,results/stage10/mean_probe_full_sweep_bigcompute/loo_predictions_resid_post_last_prompt.json,stage10_qwen_mean_probe_full_sweep,,0.3835039912490346,results/stage10/mean_probe_full_sweep_bigcompute/loo_predictions_resid_post_last_prompt.json,stage10_qwen_mean_probe_full_sweep,,True,results/stage6/analysis_d2/stage6_d1_per_family.csv,"stage6_llama_behavioural_full_rerun,stage6_qwen_behavioural_full_rerun",,,,,not_measured,0.5394712090492249,results/stage9/correctness_residualisation/loo_predictions.json,stage9_correctness_residualisation,,results/stage9/baselines/cot_text/surface_tfidf_continuous.json,not_applicable,results/stage9/baselines/answer_rationale/surface_tfidf_continuous.json,not_applicable
qwen_primary,CM_B_UM_041,mechanics,nongoverning_distractor,original,0.203125,results/stage6/analysis_d2/stage6_d1_per_family.csv,"stage6_llama_behavioural_full_rerun,stage6_qwen_behavioural_full_rerun",,0.45427550389122906,results/stage9/baselines/blackbox_counterfactual/family_scores.json,stage9_blackbox_counterfactual,,,,,not_measured,0.5933456553757034,results/stage9/baselines/correctness_probe/loo_predictions_variance.json,stage9_correctness_probe,,0.366912089200086,results/stage9/baselines/entropy/entropy_per_family_scores.json,stage9_embedding_entropy_baselines,,0.0,results/stage6/analysis_d2/stage6_d1_per_family.csv,"stage6_llama_behavioural_full_rerun,stage6_qwen_behavioural_full_rerun",,,,,not_measured,18,results/stage10/mean_probe_full_sweep_bigcompute/loo_predictions_resid_post_last_prompt.json,stage10_qwen_mean_probe_full_sweep,,0.9975539414253973,results/stage10/mean_probe_full_sweep_bigcompute/loo_predictions_resid_post_last_prompt.json,stage10_qwen_mean_probe_full_sweep,,True,results/stage6/analysis_d2/stage6_d1_per_family.csv,"stage6_llama_behavioural_full_rerun,stage6_qwen_behavioural_full_rerun",,,,,not_measured,0.4384770393371582,results/stage9/correctness_residualisation/loo_predictions.json,stage9_correctness_residualisation,,results/stage9/baselines/cot_text/surface_tfidf_continuous.json,not_applicable,results/stage9/baselines/answer_rationale/surface_tfidf_continuous.json,not_applicable
qwen_primary,CM_B_UM_042,mechanics,nongoverning_distractor,original,0.0,results/stage6/analysis_d2/stage6_d1_per_family.csv,"stage6_llama_behavioural_full_rerun,stage6_qwen_behavioural_full_rerun",,0.4408177562267797,results/stage9/baselines/blackbox_counterfactual/family_scores.json,stage9_blackbox_counterfactual,,,,,not_measured,0.4380375979975943,results/stage9/baselines/correctness_probe/loo_predictions_variance.json,stage9_correctness_probe,,0.5148401934626778,results/stage9/baselines/entropy/entropy_per_family_scores.json,stage9_embedding_entropy_baselines,,0.0,results/stage6/analysis_d2/stage6_d1_per_family.csv,"stage6_llama_behavioural_full_rerun,stage6_qwen_behavioural_full_rerun",,,,,not_measured,18,results/stage10/mean_probe_full_sweep_bigcompute/loo_predictions_resid_post_last_prompt.json,stage10_qwen_mean_probe_full_sweep,,0.3444058992187392,results/stage10/mean_probe_full_sweep_bigcompute/loo_predictions_resid_post_last_prompt.json,stage10_qwen_mean_probe_full_sweep,,True,results/stage6/analysis_d2/stage6_d1_per_family.csv,"stage6_llama_behavioural_full_rerun,stage6_qwen_behavioural_full_rerun",,,,,not_measured,0.6398891806602478,results/stage9/correctness_residualisation/loo_predictions.json,stage9_correctness_residualisation,,results/stage9/baselines/cot_text/surface_tfidf_continuous.json,not_applicable,results/stage9/baselines/answer_rationale/surface_tfidf_continuous.json,not_applicable
qwen_primary,CM_B_UM_043,mechanics,nongoverning_distractor,original,1.71875,results/stage6/analysis_d2/stage6_d1_per_family.csv,"stage6_llama_behavioural_full_rerun,stage6_qwen_behavioural_full_rerun",,0.415319774232117,results/stage9/baselines/blackbox_counterfactual/family_scores.json,stage9_blackbox_counterfactual,,,,,not_measured,0.15084956164320368,results/stage9/baselines/correctness_probe/loo_predictions_variance.json,stage9_correctness_probe,,0.7114524234137164,results/stage9/baselines/entropy/entropy_per_family_scores.json,stage9_embedding_entropy_baselines,,0.8333333333333334,results/stage6/analysis_d2/stage6_d1_per_family.csv,"stage6_llama_behavioural_full_rerun,stage6_qwen_behavioural_full_rerun",,,,,not_measured,18,results/stage10/mean_probe_full_sweep_bigcompute/loo_predictions_resid_post_last_prompt.json,stage10_qwen_mean_probe_full_sweep,,0.6622708017041706,results/stage10/mean_probe_full_sweep_bigcompute/loo_predictions_resid_post_last_prompt.json,stage10_qwen_mean_probe_full_sweep,,True,results/stage6/analysis_d2/stage6_d1_per_family.csv,"stage6_llama_behavioural_full_rerun,stage6_qwen_behavioural_full_rerun",,,,,not_measured,0.5134807825088501,results/stage9/correctness_residualisation/loo_predictions.json,stage9_correctness_residualisation,,results/stage9/baselines/cot_text/surface_tfidf_continuous.json,not_applicable,results/stage9/baselines/answer_rationale/surface_tfidf_continuous.json,not_applicable
qwen_primary,CM_B_UM_044,mechanics,nongoverning_distractor,original,0.140625,results/stage6/analysis_d2/stage6_d1_per_family.csv,"stage6_llama_behavioural_full_rerun,stage6_qwen_behavioural_full_rerun",,0.4416276943449328,results/stage9/baselines/blackbox_counterfactual/family_scores.json,stage9_blackbox_counterfactual,,,,,not_measured,0.741191046842079,results/stage9/baselines/correctness_probe/loo_predictions_variance.json,stage9_correctness_probe,,0.10510643786776336,results/stage9/baselines/entropy/entropy_per_family_scores.json,stage9_embedding_entropy_baselines,,0.0,results/stage6/analysis_d2/stage6_d1_per_family.csv,"stage6_llama_behavioural_full_rerun,stage6_qwen_behavioural_full_rerun",,,,,not_measured,18,results/stage10/mean_probe_full_sweep_bigcompute/loo_predictions_resid_post_last_prompt.json,stage10_qwen_mean_probe_full_sweep,,1.413832628971705e-05,results/stage10/mean_probe_full_sweep_bigcompute/loo_predictions_resid_post_last_prompt.json,stage10_qwen_mean_probe_full_sweep,,True,results/stage6/analysis_d2/stage6_d1_per_family.csv,"stage6_llama_behavioural_full_rerun,stage6_qwen_behavioural_full_rerun",,,,,not_measured,0.42935818433761597,results/stage9/correctness_residualisation/loo_predictions.json,stage9_correctness_residualisation,,results/stage9/baselines/cot_text/surface_tfidf_continuous.json,not_applicable,results/stage9/baselines/answer_rationale/surface_tfidf_continuous.json,not_applicable
qwen_primary,CM_B_UM_045,mechanics,nongoverning_distractor,original,1.65625,results/stage6/analysis_d2/stage6_d1_per_family.csv,"stage6_llama_behavioural_full_rerun,stage6_qwen_behavioural_full_rerun",,0.4127058562152126,results/stage9/baselines/blackbox_counterfactual/family_scores.json,stage9_blackbox_counterfactual,,,,,not_measured,0.06492094600426955,results/stage9/baselines/correctness_probe/loo_predictions_variance.json,stage9_correctness_probe,,0.6920370037350417,results/stage9/baselines/entropy/entropy_per_family_scores.json,stage9_embedding_entropy_baselines,,0.0,results/stage6/analysis_d2/stage6_d1_per_family.csv,"stage6_llama_behavioural_full_rerun,stage6_qwen_behavioural_full_rerun",,,,,not_measured,18,results/stage10/mean_probe_full_sweep_bigcompute/loo_predictions_resid_post_last_prompt.json,stage10_qwen_mean_probe_full_sweep,,0.4927752391224972,results/stage10/mean_probe_full_sweep_bigcompute/loo_predictions_resid_post_last_prompt.json,stage10_qwen_mean_probe_full_sweep,,True,results/stage6/analysis_d2/stage6_d1_per_family.csv,"stage6_llama_behavioural_full_rerun,stage6_qwen_behavioural_full_rerun",,,,,not_measured,0.5739622116088867,results/stage9/correctness_residualisation/loo_predictions.json,stage9_correctness_residualisation,,results/stage9/baselines/cot_text/surface_tfidf_continuous.json,not_applicable,results/stage9/baselines/answer_rationale/surface_tfidf_continuous.json,not_applicable
qwen_primary,CM_B_UM_046,mechanics,nongoverning_distractor,original,0.390625,results/stage6/analysis_d2/stage6_d1_per_family.csv,"stage6_llama_behavioural_full_rerun,stage6_qwen_behavioural_full_rerun",,0.4152385984754753,results/stage9/baselines/blackbox_counterfactual/family_scores.json,stage9_blackbox_counterfactual,,,,,not_measured,0.4711233058513184,results/stage9/baselines/correctness_probe/loo_predictions_variance.json,stage9_correctness_probe,,0.4489809153011824,results/stage9/baselines/entropy/entropy_per_family_scores.json,stage9_embedding_entropy_baselines,,0.0,results/stage6/analysis_d2/stage6_d1_per_family.csv,"stage6_llama_behavioural_full_rerun,stage6_qwen_behavioural_full_rerun",,,,,not_measured,18,results/stage10/mean_probe_full_sweep_bigcompute/loo_predictions_resid_post_last_prompt.json,stage10_qwen_mean_probe_full_sweep,,0.1693268502308434,results/stage10/mean_probe_full_sweep_bigcompute/loo_predictions_resid_post_last_prompt.json,stage10_qwen_mean_probe_full_sweep,,True,results/stage6/analysis_d2/stage6_d1_per_family.csv,"stage6_llama_behavioural_full_rerun,stage6_qwen_behavioural_full_rerun",,,,,not_measured,0.34143176674842834,results/stage9/correctness_residualisation/loo_predictions.json,stage9_correctness_residualisation,,results/stage9/baselines/cot_text/surface_tfidf_continuous.json,not_applicable,results/stage9/baselines/answer_rationale/surface_tfidf_continuous.json,not_applicable
qwen_primary,CM_B_UM_047,mechanics,nongoverning_distractor,original,2.0,results/stage6/analysis_d2/stage6_d1_per_family.csv,"stage6_llama_behavioural_full_rerun,stage6_qwen_behavioural_full_rerun",,0.4410927660048408,results/stage9/baselines/blackbox_counterfactual/family_scores.json,stage9_blackbox_counterfactual,,,,,not_measured,0.6309247462943653,results/stage9/baselines/correctness_probe/loo_predictions_variance.json,stage9_correctness_probe,,1.1849015567627337,results/stage9/baselines/entropy/entropy_per_family_scores.json,stage9_embedding_entropy_baselines,,0.5,results/stage6/analysis_d2/stage6_d1_per_family.csv,"stage6_llama_behavioural_full_rerun,stage6_qwen_behavioural_full_rerun",,,,,not_measured,18,results/stage10/mean_probe_full_sweep_bigcompute/loo_predictions_resid_post_last_prompt.json,stage10_qwen_mean_probe_full_sweep,,0.6378473229625148,results/stage10/mean_probe_full_sweep_bigcompute/loo_predictions_resid_post_last_prompt.json,stage10_qwen_mean_probe_full_sweep,,True,results/stage6/analysis_d2/stage6_d1_per_family.csv,"stage6_llama_behavioural_full_rerun,stage6_qwen_behavioural_full_rerun",,,,,not_measured,0.4507187604904175,results/stage9/correctness_residualisation/loo_predictions.json,stage9_correctness_residualisation,,results/stage9/baselines/cot_text/surface_tfidf_continuous.json,not_applicable,results/stage9/baselines/answer_rationale/surface_tfidf_continuous.json,not_applicable
qwen_primary,CM_B_UM_048,mechanics,nongoverning_distractor,original,0.0,results/stage6/analysis_d2/stage6_d1_per_family.csv,"stage6_llama_behavioural_full_rerun,stage6_qwen_behavioural_full_rerun",,0.41765392927100736,results/stage9/baselines/blackbox_counterfactual/family_scores.json,stage9_blackbox_counterfactual,,,,,not_measured,0.3917727574703855,results/stage9/baselines/correctness_probe/loo_predictions_variance.json,stage9_correctness_probe,,1.1350597322181442,results/stage9/baselines/entropy/entropy_per_family_scores.json,stage9_embedding_entropy_baselines,,0.0,results/stage6/analysis_d2/stage6_d1_per_family.csv,"stage6_llama_behavioural_full_rerun,stage6_qwen_behavioural_full_rerun",,,,,not_measured,18,results/stage10/mean_probe_full_sweep_bigcompute/loo_predictions_resid_post_last_prompt.json,stage10_qwen_mean_probe_full_sweep,,0.7194140264602088,results/stage10/mean_probe_full_sweep_bigcompute/loo_predictions_resid_post_last_prompt.json,stage10_qwen_mean_probe_full_sweep,,True,results/stage6/analysis_d2/stage6_d1_per_family.csv,"stage6_llama_behavioural_full_rerun,stage6_qwen_behavioural_full_rerun",,,,,not_measured,0.49609094858169556,results/stage9/correctness_residualisation/loo_predictions.json,stage9_correctness_residualisation,,results/stage9/baselines/cot_text/surface_tfidf_continuous.json,not_applicable,results/stage9/baselines/answer_rationale/surface_tfidf_continuous.json,not_applicable
qwen_primary,CM_B_UM_049,mechanics,nongoverning_distractor,original,1.90625,results/stage6/analysis_d2/stage6_d1_per_family.csv,"stage6_llama_behavioural_full_rerun,stage6_qwen_behavioural_full_rerun",,0.41770511798418936,results/stage9/baselines/blackbox_counterfactual/family_scores.json,stage9_blackbox_counterfactual,,,,,not_measured,0.11538408944988053,results/stage9/baselines/correctness_probe/loo_predictions_variance.json,stage9_correctness_probe,,1.7316278919704429,results/stage9/baselines/entropy/entropy_per_family_scores.json,stage9_embedding_entropy_baselines,,0.0,results/stage6/analysis_d2/stage6_d1_per_family.csv,"stage6_llama_behavioural_full_rerun,stage6_qwen_behavioural_full_rerun",,,,,not_measured,18,results/stage10/mean_probe_full_sweep_bigcompute/loo_predictions_resid_post_last_prompt.json,stage10_qwen_mean_probe_full_sweep,,0.7301560867485986,results/stage10/mean_probe_full_sweep_bigcompute/loo_predictions_resid_post_last_prompt.json,stage10_qwen_mean_probe_full_sweep,,True,results/stage6/analysis_d2/stage6_d1_per_family.csv,"stage6_llama_behavioural_full_rerun,stage6_qwen_behavioural_full_rerun",,,,,not_measured,0.4637486934661865,results/stage9/correctness_residualisation/loo_predictions.json,stage9_correctness_residualisation,,results/stage9/baselines/cot_text/surface_tfidf_continuous.json,not_applicable,results/stage9/baselines/answer_rationale/surface_tfidf_continuous.json,not_applicable
qwen_primary,CM_B_UM_050,mechanics,nongoverning_distractor,original,2.09375,results/stage6/analysis_d2/stage6_d1_per_family.csv,"stage6_llama_behavioural_full_rerun,stage6_qwen_behavioural_full_rerun",,0.4176658127878477,results/stage9/baselines/blackbox_counterfactual/family_scores.json,stage9_blackbox_counterfactual,,,,,not_measured,0.053378327260057645,results/stage9/baselines/correctness_probe/loo_predictions_variance.json,stage9_correctness_probe,,1.1950060881774829,results/stage9/baselines/entropy/entropy_per_family_scores.json,stage9_embedding_entropy_baselines,,1.0,results/stage6/analysis_d2/stage6_d1_per_family.csv,"stage6_llama_behavioural_full_rerun,stage6_qwen_behavioural_full_rerun",,,,,not_measured,18,results/stage10/mean_probe_full_sweep_bigcompute/loo_predictions_resid_post_last_prompt.json,stage10_qwen_mean_probe_full_sweep,,0.7694979854225992,results/stage10/mean_probe_full_sweep_bigcompute/loo_predictions_resid_post_last_prompt.json,stage10_qwen_mean_probe_full_sweep,,True,results/stage6/analysis_d2/stage6_d1_per_family.csv,"stage6_llama_behavioural_full_rerun,stage6_qwen_behavioural_full_rerun",,,,,not_measured,0.5853630900382996,results/stage9/correctness_residualisation/loo_predictions.json,stage9_correctness_residualisation,,results/stage9/baselines/cot_text/surface_tfidf_continuous.json,not_applicable,results/stage9/baselines/answer_rationale/surface_tfidf_continuous.json,not_applicable
qwen_primary,CM_B_UM_051,mechanics,nongoverning_distractor,original,0.0,results/stage6/analysis_d2/stage6_d1_per_family.csv,"stage6_llama_behavioural_full_rerun,stage6_qwen_behavioural_full_rerun",,,,,not_measured,,,,not_measured,,,,not_measured,,,,not_measured,1.0,results/stage6/analysis_d2/stage6_d1_per_family.csv,"stage6_llama_behavioural_full_rerun,stage6_qwen_behavioural_full_rerun",,,,,not_measured,,,,not_measured,,,,not_measured,False,results/stage6/analysis_d2/stage6_d1_per_family.csv,"stage6_llama_behavioural_full_rerun,stage6_qwen_behavioural_full_rerun",,,,,not_measured,,,,not_measured,results/stage9/baselines/cot_text/surface_tfidf_continuous.json,not_applicable,results/stage9/baselines/answer_rationale/surface_tfidf_continuous.json,not_applicable
qwen_primary,CM_B_UM_052,mechanics,nongoverning_distractor,original,4.921875,results/stage6/analysis_d2/stage6_d1_per_family.csv,"stage6_llama_behavioural_full_rerun,stage6_qwen_behavioural_full_rerun",,0.7532852784175207,results/stage9/baselines/blackbox_counterfactual/family_scores.json,stage9_blackbox_counterfactual,,,,,not_measured,0.039610165858577524,results/stage9/baselines/correctness_probe/loo_predictions_variance.json,stage9_correctness_probe,,1.9828480530205,results/stage9/baselines/entropy/entropy_per_family_scores.json,stage9_embedding_entropy_baselines,,0.6666666666666666,results/stage6/analysis_d2/stage6_d1_per_family.csv,"stage6_llama_behavioural_full_rerun,stage6_qwen_behavioural_full_rerun",,0.4204081632653061,results/stage8/multi_head_knockout/patching_results.csv,registry_experiment_unresolved,,18,results/stage10/mean_probe_full_sweep_bigcompute/loo_predictions_resid_post_last_prompt.json,stage10_qwen_mean_probe_full_sweep,,0.760349882206602,results/stage10/mean_probe_full_sweep_bigcompute/loo_predictions_resid_post_last_prompt.json,stage10_qwen_mean_probe_full_sweep,,False,results/stage6/analysis_d2/stage6_d1_per_family.csv,"stage6_llama_behavioural_full_rerun,stage6_qwen_behavioural_full_rerun",,,,,not_measured,0.5732589960098267,results/stage9/correctness_residualisation/loo_predictions.json,stage9_correctness_residualisation,,results/stage9/baselines/cot_text/surface_tfidf_continuous.json,not_applicable,results/stage9/baselines/answer_rationale/surface_tfidf_continuous.json,not_applicable
qwen_primary,CM_B_UM_053,mechanics,nongoverning_distractor,original,0.0,results/stage6/analysis_d2/stage6_d1_per_family.csv,"stage6_llama_behavioural_full_rerun,stage6_qwen_behavioural_full_rerun",,0.4227322645930481,results/stage9/baselines/blackbox_counterfactual/family_scores.json,stage9_blackbox_counterfactual,,,,,not_measured,0.016326915863660998,results/stage9/baselines/correctness_probe/loo_predictions_variance.json,stage9_correctness_probe,,0.8421208229635163,results/stage9/baselines/entropy/entropy_per_family_scores.json,stage9_embedding_entropy_baselines,,0.8333333333333334,results/stage6/analysis_d2/stage6_d1_per_family.csv,"stage6_llama_behavioural_full_rerun,stage6_qwen_behavioural_full_rerun",,,,,not_measured,18,results/stage10/mean_probe_full_sweep_bigcompute/loo_predictions_resid_post_last_prompt.json,stage10_qwen_mean_probe_full_sweep,,0.8111946660316378,results/stage10/mean_probe_full_sweep_bigcompute/loo_predictions_resid_post_last_prompt.json,stage10_qwen_mean_probe_full_sweep,,True,results/stage6/analysis_d2/stage6_d1_per_family.csv,"stage6_llama_behavioural_full_rerun,stage6_qwen_behavioural_full_rerun",,,,,not_measured,0.5321933031082153,results/stage9/correctness_residualisation/loo_predictions.json,stage9_correctness_residualisation,,results/stage9/baselines/cot_text/surface_tfidf_continuous.json,not_applicable,results/stage9/baselines/answer_rationale/surface_tfidf_continuous.json,not_applicable
qwen_primary,CM_B_UM_054,electrostatics_circuits,nongoverning_distractor,original,0.875,results/stage6/analysis_d2/stage6_d1_per_family.csv,"stage6_llama_behavioural_full_rerun,stage6_qwen_behavioural_full_rerun",,0.46176003719745184,results/stage9/baselines/blackbox_counterfactual/family_scores.json,stage9_blackbox_counterfactual,,,,,not_measured,0.32068906156512433,results/stage9/baselines/correctness_probe/loo_predictions_variance.json,stage9_correctness_probe,,4.24108670110032,results/stage9/baselines/entropy/entropy_per_family_scores.json,stage9_embedding_entropy_baselines,,0.8333333333333334,results/stage6/analysis_d2/stage6_d1_per_family.csv,"stage6_llama_behavioural_full_rerun,stage6_qwen_behavioural_full_rerun",,,,,not_measured,18,results/stage10/mean_probe_full_sweep_bigcompute/loo_predictions_resid_post_last_prompt.json,stage10_qwen_mean_probe_full_sweep,,0.7482384802468149,results/stage10/mean_probe_full_sweep_bigcompute/loo_predictions_resid_post_last_prompt.json,stage10_qwen_mean_probe_full_sweep,,True,results/stage6/analysis_d2/stage6_d1_per_family.csv,"stage6_llama_behavioural_full_rerun,stage6_qwen_behavioural_full_rerun",,,,,not_measured,0.5185821652412415,results/stage9/correctness_residualisation/loo_predictions.json,stage9_correctness_residualisation,,results/stage9/baselines/cot_text/surface_tfidf_continuous.json,not_applicable,results/stage9/baselines/answer_rationale/surface_tfidf_continuous.json,not_applicable
qwen_primary,CM_B_UM_055,mechanics,nongoverning_distractor,original,5.171875,results/stage6/analysis_d2/stage6_d1_per_family.csv,"stage6_llama_behavioural_full_rerun,stage6_qwen_behavioural_full_rerun",,0.6642281011699941,results/stage9/baselines/blackbox_counterfactual/family_scores.json,stage9_blackbox_counterfactual,,,,,not_measured,0.13572434861290605,results/stage9/baselines/correctness_probe/loo_predictions_variance.json,stage9_correctness_probe,,2.07875269538122,results/stage9/baselines/entropy/entropy_per_family_scores.json,stage9_embedding_entropy_baselines,,0.8333333333333334,results/stage6/analysis_d2/stage6_d1_per_family.csv,"stage6_llama_behavioural_full_rerun,stage6_qwen_behavioural_full_rerun",,0.34656883901596897,results/stage8/multi_head_knockout/patching_results.csv,registry_experiment_unresolved,,18,results/stage10/mean_probe_full_sweep_bigcompute/loo_predictions_resid_post_last_prompt.json,stage10_qwen_mean_probe_full_sweep,,0.7604577975893881,results/stage10/mean_probe_full_sweep_bigcompute/loo_predictions_resid_post_last_prompt.json,stage10_qwen_mean_probe_full_sweep,,True,results/stage6/analysis_d2/stage6_d1_per_family.csv,"stage6_llama_behavioural_full_rerun,stage6_qwen_behavioural_full_rerun",,,,,not_measured,0.6892748475074768,results/stage9/correctness_residualisation/loo_predictions.json,stage9_correctness_residualisation,,results/stage9/baselines/cot_text/surface_tfidf_continuous.json,not_applicable,results/stage9/baselines/answer_rationale/surface_tfidf_continuous.json,not_applicable
qwen_primary,CM_B_UM_056,mechanics,nongoverning_distractor,original,0.6640625,results/stage6/analysis_d2/stage6_d1_per_family.csv,"stage6_llama_behavioural_full_rerun,stage6_qwen_behavioural_full_rerun",,0.45027304301694143,results/stage9/baselines/blackbox_counterfactual/family_scores.json,stage9_blackbox_counterfactual,,,,,not_measured,0.8826399012829604,results/stage9/baselines/correctness_probe/loo_predictions_variance.json,stage9_correctness_probe,,0.7196516932310467,results/stage9/baselines/entropy/entropy_per_family_scores.json,stage9_embedding_entropy_baselines,,0.5,results/stage6/analysis_d2/stage6_d1_per_family.csv,"stage6_llama_behavioural_full_rerun,stage6_qwen_behavioural_full_rerun",,,,,not_measured,18,results/stage10/mean_probe_full_sweep_bigcompute/loo_predictions_resid_post_last_prompt.json,stage10_qwen_mean_probe_full_sweep,,0.6500388206755171,results/stage10/mean_probe_full_sweep_bigcompute/loo_predictions_resid_post_last_prompt.json,stage10_qwen_mean_probe_full_sweep,,True,results/stage6/analysis_d2/stage6_d1_per_family.csv,"stage6_llama_behavioural_full_rerun,stage6_qwen_behavioural_full_rerun",,,,,not_measured,0.555026113986969,results/stage9/correctness_residualisation/loo_predictions.json,stage9_correctness_residualisation,,results/stage9/baselines/cot_text/surface_tfidf_continuous.json,not_applicable,results/stage9/baselines/answer_rationale/surface_tfidf_continuous.json,not_applicable
qwen_primary,CM_B_UM_057,mechanics,nongoverning_distractor,original,0.0,results/stage6/analysis_d2/stage6_d1_per_family.csv,"stage6_llama_behavioural_full_rerun,stage6_qwen_behavioural_full_rerun",,0.4437839364608832,results/stage9/baselines/blackbox_counterfactual/family_scores.json,stage9_blackbox_counterfactual,,,,,not_measured,0.9022669892767671,results/stage9/baselines/correctness_probe/loo_predictions_variance.json,stage9_correctness_probe,,1.4698092922106425,results/stage9/baselines/entropy/entropy_per_family_scores.json,stage9_embedding_entropy_baselines,,0.0,results/stage6/analysis_d2/stage6_d1_per_family.csv,"stage6_llama_behavioural_full_rerun,stage6_qwen_behavioural_full_rerun",,,,,not_measured,18,results/stage10/mean_probe_full_sweep_bigcompute/loo_predictions_resid_post_last_prompt.json,stage10_qwen_mean_probe_full_sweep,,0.36333345648877924,results/stage10/mean_probe_full_sweep_bigcompute/loo_predictions_resid_post_last_prompt.json,stage10_qwen_mean_probe_full_sweep,,True,results/stage6/analysis_d2/stage6_d1_per_family.csv,"stage6_llama_behavioural_full_rerun,stage6_qwen_behavioural_full_rerun",,,,,not_measured,0.49913015961647034,results/stage9/correctness_residualisation/loo_predictions.json,stage9_correctness_residualisation,,results/stage9/baselines/cot_text/surface_tfidf_continuous.json,not_applicable,results/stage9/baselines/answer_rationale/surface_tfidf_continuous.json,not_applicable
qwen_primary,CM_B_UM_058,mechanics,nongoverning_distractor,original,0.53125,results/stage6/analysis_d2/stage6_d1_per_family.csv,"stage6_llama_behavioural_full_rerun,stage6_qwen_behavioural_full_rerun",,0.4416948732629603,results/stage9/baselines/blackbox_counterfactual/family_scores.json,stage9_blackbox_counterfactual,,,,,not_measured,0.8484507761452601,results/stage9/baselines/correctness_probe/loo_predictions_variance.json,stage9_correctness_probe,,0.9241233176638278,results/stage9/baselines/entropy/entropy_per_family_scores.json,stage9_embedding_entropy_baselines,,0.0,results/stage6/analysis_d2/stage6_d1_per_family.csv,"stage6_llama_behavioural_full_rerun,stage6_qwen_behavioural_full_rerun",,,,,not_measured,18,results/stage10/mean_probe_full_sweep_bigcompute/loo_predictions_resid_post_last_prompt.json,stage10_qwen_mean_probe_full_sweep,,0.3031101348514655,results/stage10/mean_probe_full_sweep_bigcompute/loo_predictions_resid_post_last_prompt.json,stage10_qwen_mean_probe_full_sweep,,True,results/stage6/analysis_d2/stage6_d1_per_family.csv,"stage6_llama_behavioural_full_rerun,stage6_qwen_behavioural_full_rerun",,,,,not_measured,0.35731402039527893,results/stage9/correctness_residualisation/loo_predictions.json,stage9_correctness_residualisation,,results/stage9/baselines/cot_text/surface_tfidf_continuous.json,not_applicable,results/stage9/baselines/answer_rationale/surface_tfidf_continuous.json,not_applicable
qwen_primary,CM_B_UM_059,mechanics,nongoverning_distractor,original,10.03125,results/stage6/analysis_d2/stage6_d1_per_family.csv,"stage6_llama_behavioural_full_rerun,stage6_qwen_behavioural_full_rerun",,0.44330471921998427,results/stage9/baselines/blackbox_counterfactual/family_scores.json,stage9_blackbox_counterfactual,,,,,not_measured,0.7121477793232754,results/stage9/baselines/correctness_probe/loo_predictions_variance.json,stage9_correctness_probe,,4.317167989912484,results/stage9/baselines/entropy/entropy_per_family_scores.json,stage9_embedding_entropy_baselines,,0.8333333333333334,results/stage6/analysis_d2/stage6_d1_per_family.csv,"stage6_llama_behavioural_full_rerun,stage6_qwen_behavioural_full_rerun",,0.07610146862483312,results/stage8/multi_head_knockout/patching_results.csv,registry_experiment_unresolved,,18,results/stage10/mean_probe_full_sweep_bigcompute/loo_predictions_resid_post_last_prompt.json,stage10_qwen_mean_probe_full_sweep,,0.46307669724365247,results/stage10/mean_probe_full_sweep_bigcompute/loo_predictions_resid_post_last_prompt.json,stage10_qwen_mean_probe_full_sweep,,True,results/stage6/analysis_d2/stage6_d1_per_family.csv,"stage6_llama_behavioural_full_rerun,stage6_qwen_behavioural_full_rerun",,,,,not_measured,0.43618714809417725,results/stage9/correctness_residualisation/loo_predictions.json,stage9_correctness_residualisation,,results/stage9/baselines/cot_text/surface_tfidf_continuous.json,not_applicable,results/stage9/baselines/answer_rationale/surface_tfidf_continuous.json,not_applicable
qwen_primary,CM_B_UM_060,mechanics,nongoverning_distractor,original,0.46875,results/stage6/analysis_d2/stage6_d1_per_family.csv,"stage6_llama_behavioural_full_rerun,stage6_qwen_behavioural_full_rerun",,0.43836208555315476,results/stage9/baselines/blackbox_counterfactual/family_scores.json,stage9_blackbox_counterfactual,,,,,not_measured,0.8955642518518235,results/stage9/baselines/correctness_probe/loo_predictions_variance.json,stage9_correctness_probe,,1.266179469592976,results/stage9/baselines/entropy/entropy_per_family_scores.json,stage9_embedding_entropy_baselines,,0.0,results/stage6/analysis_d2/stage6_d1_per_family.csv,"stage6_llama_behavioural_full_rerun,stage6_qwen_behavioural_full_rerun",,,,,not_measured,18,results/stage10/mean_probe_full_sweep_bigcompute/loo_predictions_resid_post_last_prompt.json,stage10_qwen_mean_probe_full_sweep,,0.37308758599726455,results/stage10/mean_probe_full_sweep_bigcompute/loo_predictions_resid_post_last_prompt.json,stage10_qwen_mean_probe_full_sweep,,True,results/stage6/analysis_d2/stage6_d1_per_family.csv,"stage6_llama_behavioural_full_rerun,stage6_qwen_behavioural_full_rerun",,,,,not_measured,0.8917171359062195,results/stage9/correctness_residualisation/loo_predictions.json,stage9_correctness_residualisation,,results/stage9/baselines/cot_text/surface_tfidf_continuous.json,not_applicable,results/stage9/baselines/answer_rationale/surface_tfidf_continuous.json,not_applicable
qwen_primary,CM_B_UM_061,mechanics,nongoverning_distractor,expansion,3.875,results/stage11/behavioural_expansion/per_family_summary.csv,stage11_expansion_behavioural_qwen,,,,,not_measured,0.0,results/stage11/behavioural_expansion/per_family_summary.csv,stage11_expansion_behavioural_qwen,,,,,not_measured,,,,not_measured,0.0,results/stage11/behavioural_expansion/per_family_summary.csv,stage11_expansion_behavioural_qwen,,,,,not_measured,,,,not_measured,0.0003036366470041685,results/stage12/expansion_probe_inference/family_mean_predictions.json,stage12_expansion_probe_inference,,,,,not_measured,1.0,results/stage11/behavioural_expansion/per_family_summary.csv,stage11_expansion_behavioural_qwen,,,,,not_measured,results/stage9/baselines/cot_text/surface_tfidf_continuous.json,not_applicable,results/stage9/baselines/answer_rationale/surface_tfidf_continuous.json,not_applicable
qwen_primary,CM_B_UM_062,mechanics,nongoverning_distractor,expansion,0.078125,results/stage11/behavioural_expansion/per_family_summary.csv,stage11_expansion_behavioural_qwen,,,,,not_measured,1.0,results/stage11/behavioural_expansion/per_family_summary.csv,stage11_expansion_behavioural_qwen,,,,,not_measured,,,,not_measured,0.0,results/stage11/behavioural_expansion/per_family_summary.csv,stage11_expansion_behavioural_qwen,,,,,not_measured,,,,not_measured,0.483659066259861,results/stage12/expansion_probe_inference/family_mean_predictions.json,stage12_expansion_probe_inference,,,,,not_measured,1.0,results/stage11/behavioural_expansion/per_family_summary.csv,stage11_expansion_behavioural_qwen,,,,,not_measured,results/stage9/baselines/cot_text/surface_tfidf_continuous.json,not_applicable,results/stage9/baselines/answer_rationale/surface_tfidf_continuous.json,not_applicable
qwen_primary,CM_B_UM_063,mechanics,nongoverning_distractor,expansion,-0.34375,results/stage11/behavioural_expansion/per_family_summary.csv,stage11_expansion_behavioural_qwen,,,,,not_measured,1.0,results/stage11/behavioural_expansion/per_family_summary.csv,stage11_expansion_behavioural_qwen,,,,,not_measured,,,,not_measured,0.0,results/stage11/behavioural_expansion/per_family_summary.csv,stage11_expansion_behavioural_qwen,,,,,not_measured,,,,not_measured,1.5929759850888837e-14,results/stage12/expansion_probe_inference/family_mean_predictions.json,stage12_expansion_probe_inference,,,,,not_measured,1.0,results/stage11/behavioural_expansion/per_family_summary.csv,stage11_expansion_behavioural_qwen,,,,,not_measured,results/stage9/baselines/cot_text/surface_tfidf_continuous.json,not_applicable,results/stage9/baselines/answer_rationale/surface_tfidf_continuous.json,not_applicable
qwen_primary,CM_C_001,mechanics,frame_rendering,original,4.40625,results/stage6/analysis_d2/stage6_d1_per_family.csv,"stage6_llama_behavioural_full_rerun,stage6_qwen_behavioural_full_rerun",,0.5026244376789729,results/stage9/baselines/blackbox_counterfactual/family_scores.json,stage9_blackbox_counterfactual,,,,,not_measured,0.988055773738771,results/stage9/baselines/correctness_probe/loo_predictions_variance.json,stage9_correctness_probe,,2.598123195813663,results/stage9/baselines/entropy/entropy_per_family_scores.json,stage9_embedding_entropy_baselines,,0.0,results/stage6/analysis_d2/stage6_d1_per_family.csv,"stage6_llama_behavioural_full_rerun,stage6_qwen_behavioural_full_rerun",,,,,not_measured,18,results/stage10/mean_probe_full_sweep_bigcompute/loo_predictions_resid_post_last_prompt.json,stage10_qwen_mean_probe_full_sweep,,0.9920868189255165,results/stage10/mean_probe_full_sweep_bigcompute/loo_predictions_resid_post_last_prompt.json,stage10_qwen_mean_probe_full_sweep,,True,results/stage6/analysis_d2/stage6_d1_per_family.csv,"stage6_llama_behavioural_full_rerun,stage6_qwen_behavioural_full_rerun",,,,,not_measured,0.9998735189437866,results/stage9/correctness_residualisation/loo_predictions.json,stage9_correctness_residualisation,,results/stage9/baselines/cot_text/surface_tfidf_continuous.json,not_applicable,results/stage9/baselines/answer_rationale/surface_tfidf_continuous.json,not_applicable
qwen_primary,CM_C_002,mechanics,frame_rendering,original,6.78125,results/stage6/analysis_d2/stage6_d1_per_family.csv,"stage6_llama_behavioural_full_rerun,stage6_qwen_behavioural_full_rerun",,0.9999381286349053,results/stage9/baselines/blackbox_counterfactual/family_scores.json,stage9_blackbox_counterfactual,,,,,not_measured,0.9960147545036511,results/stage9/baselines/correctness_probe/loo_predictions_variance.json,stage9_correctness_probe,,3.743704024655094,results/stage9/baselines/entropy/entropy_per_family_scores.json,stage9_embedding_entropy_baselines,,0.6666666666666666,results/stage6/analysis_d2/stage6_d1_per_family.csv,"stage6_llama_behavioural_full_rerun,stage6_qwen_behavioural_full_rerun",,,,,not_measured,18,results/stage10/mean_probe_full_sweep_bigcompute/loo_predictions_resid_post_last_prompt.json,stage10_qwen_mean_probe_full_sweep,,0.9736288214618574,results/stage10/mean_probe_full_sweep_bigcompute/loo_predictions_resid_post_last_prompt.json,stage10_qwen_mean_probe_full_sweep,,False,results/stage6/analysis_d2/stage6_d1_per_family.csv,"stage6_llama_behavioural_full_rerun,stage6_qwen_behavioural_full_rerun",,,,,not_measured,0.9999140501022339,results/stage9/correctness_residualisation/loo_predictions.json,stage9_correctness_residualisation,,results/stage9/baselines/cot_text/surface_tfidf_continuous.json,not_applicable,results/stage9/baselines/answer_rationale/surface_tfidf_continuous.json,not_applicable
qwen_primary,CM_C_003,mechanics,frame_rendering,original,6.546875,results/stage6/analysis_d2/stage6_d1_per_family.csv,"stage6_llama_behavioural_full_rerun,stage6_qwen_behavioural_full_rerun",,0.8483218387426603,results/stage9/baselines/blackbox_counterfactual/family_scores.json,stage9_blackbox_counterfactual,,,,,not_measured,0.9039524553641669,results/stage9/baselines/correctness_probe/loo_predictions_variance.json,stage9_correctness_probe,,2.3313997522277257,results/stage9/baselines/entropy/entropy_per_family_scores.json,stage9_embedding_entropy_baselines,,0.0,results/stage6/analysis_d2/stage6_d1_per_family.csv,"stage6_llama_behavioural_full_rerun,stage6_qwen_behavioural_full_rerun",,,,,not_measured,18,results/stage10/mean_probe_full_sweep_bigcompute/loo_predictions_resid_post_last_prompt.json,stage10_qwen_mean_probe_full_sweep,,0.8909725684809067,results/stage10/mean_probe_full_sweep_bigcompute/loo_predictions_resid_post_last_prompt.json,stage10_qwen_mean_probe_full_sweep,,True,results/stage6/analysis_d2/stage6_d1_per_family.csv,"stage6_llama_behavioural_full_rerun,stage6_qwen_behavioural_full_rerun",,,,,not_measured,0.9998526573181152,results/stage9/correctness_residualisation/loo_predictions.json,stage9_correctness_residualisation,,results/stage9/baselines/cot_text/surface_tfidf_continuous.json,not_applicable,results/stage9/baselines/answer_rationale/surface_tfidf_continuous.json,not_applicable
qwen_primary,CM_C_004,electrostatics_circuits,frame_rendering,original,13.546875,results/stage6/analysis_d2/stage6_d1_per_family.csv,"stage6_llama_behavioural_full_rerun,stage6_qwen_behavioural_full_rerun",,0.4902309023628971,results/stage9/baselines/blackbox_counterfactual/family_scores.json,stage9_blackbox_counterfactual,,,,,not_measured,0.793149921573795,results/stage9/baselines/correctness_probe/loo_predictions_variance.json,stage9_correctness_probe,,5.204514876302714,results/stage9/baselines/entropy/entropy_per_family_scores.json,stage9_embedding_entropy_baselines,,0.0,results/stage6/analysis_d2/stage6_d1_per_family.csv,"stage6_llama_behavioural_full_rerun,stage6_qwen_behavioural_full_rerun",,,,,not_measured,18,results/stage10/mean_probe_full_sweep_bigcompute/loo_predictions_resid_post_last_prompt.json,stage10_qwen_mean_probe_full_sweep,,0.9878002923222791,results/stage10/mean_probe_full_sweep_bigcompute/loo_predictions_resid_post_last_prompt.json,stage10_qwen_mean_probe_full_sweep,,False,results/stage6/analysis_d2/stage6_d1_per_family.csv,"stage6_llama_behavioural_full_rerun,stage6_qwen_behavioural_full_rerun",,,,,not_measured,0.9998185038566589,results/stage9/correctness_residualisation/loo_predictions.json,stage9_correctness_residualisation,,results/stage9/baselines/cot_text/surface_tfidf_continuous.json,not_applicable,results/stage9/baselines/answer_rationale/surface_tfidf_continuous.json,not_applicable
qwen_primary,CM_C_005,mechanics,frame_rendering,original,13.828125,results/stage6/analysis_d2/stage6_d1_per_family.csv,"stage6_llama_behavioural_full_rerun,stage6_qwen_behavioural_full_rerun",,0.9358723243444952,results/stage9/baselines/blackbox_counterfactual/family_scores.json,stage9_blackbox_counterfactual,,,,,not_measured,4.068155128474851e-05,results/stage9/baselines/correctness_probe/loo_predictions_variance.json,stage9_correctness_probe,,4.889993157567266,results/stage9/baselines/entropy/entropy_per_family_scores.json,stage9_embedding_entropy_baselines,,0.0,results/stage6/analysis_d2/stage6_d1_per_family.csv,"stage6_llama_behavioural_full_rerun,stage6_qwen_behavioural_full_rerun",,,,,not_measured,18,results/stage10/mean_probe_full_sweep_bigcompute/loo_predictions_resid_post_last_prompt.json,stage10_qwen_mean_probe_full_sweep,,0.9956596970650184,results/stage10/mean_probe_full_sweep_bigcompute/loo_predictions_resid_post_last_prompt.json,stage10_qwen_mean_probe_full_sweep,,True,results/stage6/analysis_d2/stage6_d1_per_family.csv,"stage6_llama_behavioural_full_rerun,stage6_qwen_behavioural_full_rerun",,,,,not_measured,0.9997155070304871,results/stage9/correctness_residualisation/loo_predictions.json,stage9_correctness_residualisation,,results/stage9/baselines/cot_text/surface_tfidf_continuous.json,not_applicable,results/stage9/baselines/answer_rationale/surface_tfidf_continuous.json,not_applicable
qwen_primary,CM_C_006,electrostatics_circuits,frame_rendering,expansion,10.484375,results/stage11/behavioural_expansion/per_family_summary.csv,stage11_expansion_behavioural_qwen,,,,,not_measured,0.0,results/stage11/behavioural_expansion/per_family_summary.csv,stage11_expansion_behavioural_qwen,,,,,not_measured,,,,not_measured,0.0,results/stage11/behavioural_expansion/per_family_summary.csv,stage11_expansion_behavioural_qwen,,,,,not_measured,,,,not_measured,0.9244429022073746,results/stage12/expansion_probe_inference/family_mean_predictions.json,stage12_expansion_probe_inference,,,,,not_measured,0.75,results/stage11/behavioural_expansion/per_family_summary.csv,stage11_expansion_behavioural_qwen,,,,,not_measured,results/stage9/baselines/cot_text/surface_tfidf_continuous.json,not_applicable,results/stage9/baselines/answer_rationale/surface_tfidf_continuous.json,not_applicable
qwen_primary,CM_C_007,thermodynamics,frame_rendering,expansion,7.125,results/stage11/behavioural_expansion/per_family_summary.csv,stage11_expansion_behavioural_qwen,,,,,not_measured,0.0,results/stage11/behavioural_expansion/per_family_summary.csv,stage11_expansion_behavioural_qwen,,,,,not_measured,,,,not_measured,0.0,results/stage11/behavioural_expansion/per_family_summary.csv,stage11_expansion_behavioural_qwen,,,,,not_measured,,,,not_measured,0.9749956130981445,results/stage12/expansion_probe_inference/family_mean_predictions.json,stage12_expansion_probe_inference,,,,,not_measured,1.0,results/stage11/behavioural_expansion/per_family_summary.csv,stage11_expansion_behavioural_qwen,,,,,not_measured,results/stage9/baselines/cot_text/surface_tfidf_continuous.json,not_applicable,results/stage9/baselines/answer_rationale/surface_tfidf_continuous.json,not_applicable
qwen_primary,CM_C_008,electrostatics_circuits,frame_rendering,expansion,11.203125,results/stage11/behavioural_expansion/per_family_summary.csv,stage11_expansion_behavioural_qwen,,,,,not_measured,0.75,results/stage11/behavioural_expansion/per_family_summary.csv,stage11_expansion_behavioural_qwen,,,,,not_measured,,,,not_measured,1.0,results/stage11/behavioural_expansion/per_family_summary.csv,stage11_expansion_behavioural_qwen,,,,,not_measured,,,,not_measured,1.0,results/stage12/expansion_probe_inference/family_mean_predictions.json,stage12_expansion_probe_inference,,,,,not_measured,0.75,results/stage11/behavioural_expansion/per_family_summary.csv,stage11_expansion_behavioural_qwen,,,,,not_measured,results/stage9/baselines/cot_text/surface_tfidf_continuous.json,not_applicable,results/stage9/baselines/answer_rationale/surface_tfidf_continuous.json,not_applicable
qwen_primary,CM_C_009,electrostatics_circuits,frame_rendering,expansion,-0.90625,results/stage11/behavioural_expansion/per_family_summary.csv,stage11_expansion_behavioural_qwen,,,,,not_measured,0.0,results/stage11/behavioural_expansion/per_family_summary.csv,stage11_expansion_behavioural_qwen,,,,,not_measured,,,,not_measured,0.0,results/stage11/behavioural_expansion/per_family_summary.csv,stage11_expansion_behavioural_qwen,,,,,not_measured,,,,not_measured,0.9881219863891602,results/stage12/expansion_probe_inference/family_mean_predictions.json,stage12_expansion_probe_inference,,,,,not_measured,1.0,results/stage11/behavioural_expansion/per_family_summary.csv,stage11_expansion_behavioural_qwen,,,,,not_measured,results/stage9/baselines/cot_text/surface_tfidf_continuous.json,not_applicable,results/stage9/baselines/answer_rationale/surface_tfidf_continuous.json,not_applicable
qwen_primary,CM_C_010,electrostatics_circuits,frame_rendering,expansion,14.71875,results/stage11/behavioural_expansion/per_family_summary.csv,stage11_expansion_behavioural_qwen,,,,,not_measured,0.5,results/stage11/behavioural_expansion/per_family_summary.csv,stage11_expansion_behavioural_qwen,,,,,not_measured,,,,not_measured,1.0,results/stage11/behavioural_expansion/per_family_summary.csv,stage11_expansion_behavioural_qwen,,,,,not_measured,,,,not_measured,0.9999999701976776,results/stage12/expansion_probe_inference/family_mean_predictions.json,stage12_expansion_probe_inference,,,,,not_measured,0.75,results/stage11/behavioural_expansion/per_family_summary.csv,stage11_expansion_behavioural_qwen,,,,,not_measured,results/stage9/baselines/cot_text/surface_tfidf_continuous.json,not_applicable,results/stage9/baselines/answer_rationale/surface_tfidf_continuous.json,not_applicable
qwen_primary,CM_C_011,electrostatics_circuits,frame_rendering,expansion,30.5625,results/stage11/behavioural_expansion/per_family_summary.csv,stage11_expansion_behavioural_qwen,,,,,not_measured,0.0,results/stage11/behavioural_expansion/per_family_summary.csv,stage11_expansion_behavioural_qwen,,,,,not_measured,,,,not_measured,0.0,results/stage11/behavioural_expansion/per_family_summary.csv,stage11_expansion_behavioural_qwen,,,,,not_measured,,,,not_measured,0.7591024879366159,results/stage12/expansion_probe_inference/family_mean_predictions.json,stage12_expansion_probe_inference,,,,,not_measured,0.25,results/stage11/behavioural_expansion/per_family_summary.csv,stage11_expansion_behavioural_qwen,,,,,not_measured,results/stage9/baselines/cot_text/surface_tfidf_continuous.json,not_applicable,results/stage9/baselines/answer_rationale/surface_tfidf_continuous.json,not_applicable
qwen_primary,CM_C_012,mechanics,frame_rendering,expansion,0.09375,results/stage11/behavioural_expansion/per_family_summary.csv,stage11_expansion_behavioural_qwen,,,,,not_measured,0.0,results/stage11/behavioural_expansion/per_family_summary.csv,stage11_expansion_behavioural_qwen,,,,,not_measured,,,,not_measured,0.0,results/stage11/behavioural_expansion/per_family_summary.csv,stage11_expansion_behavioural_qwen,,,,,not_measured,,,,not_measured,0.15782113157911226,results/stage12/expansion_probe_inference/family_mean_predictions.json,stage12_expansion_probe_inference,,,,,not_measured,1.0,results/stage11/behavioural_expansion/per_family_summary.csv,stage11_expansion_behavioural_qwen,,,,,not_measured,results/stage9/baselines/cot_text/surface_tfidf_continuous.json,not_applicable,results/stage9/baselines/answer_rationale/surface_tfidf_continuous.json,not_applicable
qwen_primary,CM_C_013,mechanics,frame_rendering,expansion,14.59375,results/stage11/behavioural_expansion/per_family_summary.csv,stage11_expansion_behavioural_qwen,,,,,not_measured,0.75,results/stage11/behavioural_expansion/per_family_summary.csv,stage11_expansion_behavioural_qwen,,,,,not_measured,,,,not_measured,1.0,results/stage11/behavioural_expansion/per_family_summary.csv,stage11_expansion_behavioural_qwen,,,,,not_measured,,,,not_measured,0.9493662416934967,results/stage12/expansion_probe_inference/family_mean_predictions.json,stage12_expansion_probe_inference,,,,,not_measured,1.0,results/stage11/behavioural_expansion/per_family_summary.csv,stage11_expansion_behavioural_qwen,,,,,not_measured,results/stage9/baselines/cot_text/surface_tfidf_continuous.json,not_applicable,results/stage9/baselines/answer_rationale/surface_tfidf_continuous.json,not_applicable
qwen_primary,CM_C_014,electrostatics_circuits,frame_rendering,expansion,8.78125,results/stage11/behavioural_expansion/per_family_summary.csv,stage11_expansion_behavioural_qwen,,,,,not_measured,0.75,results/stage11/behavioural_expansion/per_family_summary.csv,stage11_expansion_behavioural_qwen,,,,,not_measured,,,,not_measured,1.0,results/stage11/behavioural_expansion/per_family_summary.csv,stage11_expansion_behavioural_qwen,,,,,not_measured,,,,not_measured,0.9981558918952942,results/stage12/expansion_probe_inference/family_mean_predictions.json,stage12_expansion_probe_inference,,,,,not_measured,1.0,results/stage11/behavioural_expansion/per_family_summary.csv,stage11_expansion_behavioural_qwen,,,,,not_measured,results/stage9/baselines/cot_text/surface_tfidf_continuous.json,not_applicable,results/stage9/baselines/answer_rationale/surface_tfidf_continuous.json,not_applicable
qwen_primary,CM_C_015,thermodynamics,frame_rendering,expansion,24.46875,results/stage11/behavioural_expansion/per_family_summary.csv,stage11_expansion_behavioural_qwen,,,,,not_measured,0.75,results/stage11/behavioural_expansion/per_family_summary.csv,stage11_expansion_behavioural_qwen,,,,,not_measured,,,,not_measured,1.0,results/stage11/behavioural_expansion/per_family_summary.csv,stage11_expansion_behavioural_qwen,,,,,not_measured,,,,not_measured,0.7476546170619258,results/stage12/expansion_probe_inference/family_mean_predictions.json,stage12_expansion_probe_inference,,,,,not_measured,1.0,results/stage11/behavioural_expansion/per_family_summary.csv,stage11_expansion_behavioural_qwen,,,,,not_measured,results/stage9/baselines/cot_text/surface_tfidf_continuous.json,not_applicable,results/stage9/baselines/answer_rationale/surface_tfidf_continuous.json,not_applicable
qwen_primary,EL_A_001,electrostatics_circuits,irrelevant_variable,original,0.0,results/stage6/analysis_d2/stage6_d1_per_family.csv,"stage6_llama_behavioural_full_rerun,stage6_qwen_behavioural_full_rerun",,0.5250072954699683,results/stage9/baselines/blackbox_counterfactual/family_scores.json,stage9_blackbox_counterfactual,,,,,not_measured,0.7106736999330253,results/stage9/baselines/correctness_probe/loo_predictions_variance.json,stage9_correctness_probe,,0.015625,results/stage9/baselines/entropy/entropy_per_family_scores.json,stage9_embedding_entropy_baselines,,0.0,results/stage6/analysis_d2/stage6_d1_per_family.csv,"stage6_llama_behavioural_full_rerun,stage6_qwen_behavioural_full_rerun",,,,,not_measured,18,results/stage10/mean_probe_full_sweep_bigcompute/loo_predictions_resid_post_last_prompt.json,stage10_qwen_mean_probe_full_sweep,,0.2804974791166959,results/stage10/mean_probe_full_sweep_bigcompute/loo_predictions_resid_post_last_prompt.json,stage10_qwen_mean_probe_full_sweep,,True,results/stage6/analysis_d2/stage6_d1_per_family.csv,"stage6_llama_behavioural_full_rerun,stage6_qwen_behavioural_full_rerun",,,,,not_measured,0.4585108458995819,results/stage9/correctness_residualisation/loo_predictions.json,stage9_correctness_residualisation,,results/stage9/baselines/cot_text/surface_tfidf_continuous.json,not_applicable,results/stage9/baselines/answer_rationale/surface_tfidf_continuous.json,not_applicable
qwen_primary,EL_A_002,electrostatics_circuits,irrelevant_variable,original,0.0,results/stage6/analysis_d2/stage6_d1_per_family.csv,"stage6_llama_behavioural_full_rerun,stage6_qwen_behavioural_full_rerun",,0.414841976632052,results/stage9/baselines/blackbox_counterfactual/family_scores.json,stage9_blackbox_counterfactual,,,,,not_measured,0.753816206188644,results/stage9/baselines/correctness_probe/loo_predictions_variance.json,stage9_correctness_probe,,0.08193819126329309,results/stage9/baselines/entropy/entropy_per_family_scores.json,stage9_embedding_entropy_baselines,,0.0,results/stage6/analysis_d2/stage6_d1_per_family.csv,"stage6_llama_behavioural_full_rerun,stage6_qwen_behavioural_full_rerun",,,,,not_measured,18,results/stage10/mean_probe_full_sweep_bigcompute/loo_predictions_resid_post_last_prompt.json,stage10_qwen_mean_probe_full_sweep,,0.18143160045943646,results/stage10/mean_probe_full_sweep_bigcompute/loo_predictions_resid_post_last_prompt.json,stage10_qwen_mean_probe_full_sweep,,True,results/stage6/analysis_d2/stage6_d1_per_family.csv,"stage6_llama_behavioural_full_rerun,stage6_qwen_behavioural_full_rerun",,,,,not_measured,0.44683897495269775,results/stage9/correctness_residualisation/loo_predictions.json,stage9_correctness_residualisation,,results/stage9/baselines/cot_text/surface_tfidf_continuous.json,not_applicable,results/stage9/baselines/answer_rationale/surface_tfidf_continuous.json,not_applicable
qwen_primary,EL_A_003,electrostatics_circuits,irrelevant_variable,original,0.0,results/stage6/analysis_d2/stage6_d1_per_family.csv,"stage6_llama_behavioural_full_rerun,stage6_qwen_behavioural_full_rerun",,0.49919913573980934,results/stage9/baselines/blackbox_counterfactual/family_scores.json,stage9_blackbox_counterfactual,,,,,not_measured,0.4900712150274543,results/stage9/baselines/correctness_probe/loo_predictions_variance.json,stage9_correctness_probe,,0.17364149039760055,results/stage9/baselines/entropy/entropy_per_family_scores.json,stage9_embedding_entropy_baselines,,0.0,results/stage6/analysis_d2/stage6_d1_per_family.csv,"stage6_llama_behavioural_full_rerun,stage6_qwen_behavioural_full_rerun",,,,,not_measured,18,results/stage10/mean_probe_full_sweep_bigcompute/loo_predictions_resid_post_last_prompt.json,stage10_qwen_mean_probe_full_sweep,,0.009018255299641252,results/stage10/mean_probe_full_sweep_bigcompute/loo_predictions_resid_post_last_prompt.json,stage10_qwen_mean_probe_full_sweep,,True,results/stage6/analysis_d2/stage6_d1_per_family.csv,"stage6_llama_behavioural_full_rerun,stage6_qwen_behavioural_full_rerun",,,,,not_measured,0.36106419563293457,results/stage9/correctness_residualisation/loo_predictions.json,stage9_correctness_residualisation,,results/stage9/baselines/cot_text/surface_tfidf_continuous.json,not_applicable,results/stage9/baselines/answer_rationale/surface_tfidf_continuous.json,not_applicable
qwen_primary,EL_A_004,electrostatics_circuits,irrelevant_variable,original,0.0,results/stage6/analysis_d2/stage6_d1_per_family.csv,"stage6_llama_behavioural_full_rerun,stage6_qwen_behavioural_full_rerun",,0.44701346853087115,results/stage9/baselines/blackbox_counterfactual/family_scores.json,stage9_blackbox_counterfactual,,,,,not_measured,0.5667818729728855,results/stage9/baselines/correctness_probe/loo_predictions_variance.json,stage9_correctness_probe,,0.19527343359296856,results/stage9/baselines/entropy/entropy_per_family_scores.json,stage9_embedding_entropy_baselines,,0.5,results/stage6/analysis_d2/stage6_d1_per_family.csv,"stage6_llama_behavioural_full_rerun,stage6_qwen_behavioural_full_rerun",,,,,not_measured,18,results/stage10/mean_probe_full_sweep_bigcompute/loo_predictions_resid_post_last_prompt.json,stage10_qwen_mean_probe_full_sweep,,0.5860972856955106,results/stage10/mean_probe_full_sweep_bigcompute/loo_predictions_resid_post_last_prompt.json,stage10_qwen_mean_probe_full_sweep,,True,results/stage6/analysis_d2/stage6_d1_per_family.csv,"stage6_llama_behavioural_full_rerun,stage6_qwen_behavioural_full_rerun",,,,,not_measured,0.34573203325271606,results/stage9/correctness_residualisation/loo_predictions.json,stage9_correctness_residualisation,,results/stage9/baselines/cot_text/surface_tfidf_continuous.json,not_applicable,results/stage9/baselines/answer_rationale/surface_tfidf_continuous.json,not_applicable
qwen_primary,EL_A_005,electrostatics_circuits,irrelevant_variable,original,0.0625,results/stage6/analysis_d2/stage6_d1_per_family.csv,"stage6_llama_behavioural_full_rerun,stage6_qwen_behavioural_full_rerun",,0.4757625338297809,results/stage9/baselines/blackbox_counterfactual/family_scores.json,stage9_blackbox_counterfactual,,,,,not_measured,0.6627253489255995,results/stage9/baselines/correctness_probe/loo_predictions_variance.json,stage9_correctness_probe,,0.06987712429686843,results/stage9/baselines/entropy/entropy_per_family_scores.json,stage9_embedding_entropy_baselines,,0.0,results/stage6/analysis_d2/stage6_d1_per_family.csv,"stage6_llama_behavioural_full_rerun,stage6_qwen_behavioural_full_rerun",,,,,not_measured,18,results/stage10/mean_probe_full_sweep_bigcompute/loo_predictions_resid_post_last_prompt.json,stage10_qwen_mean_probe_full_sweep,,0.9394996318520428,results/stage10/mean_probe_full_sweep_bigcompute/loo_predictions_resid_post_last_prompt.json,stage10_qwen_mean_probe_full_sweep,,True,results/stage6/analysis_d2/stage6_d1_per_family.csv,"stage6_llama_behavioural_full_rerun,stage6_qwen_behavioural_full_rerun",,,,,not_measured,0.34025830030441284,results/stage9/correctness_residualisation/loo_predictions.json,stage9_correctness_residualisation,,results/stage9/baselines/cot_text/surface_tfidf_continuous.json,not_applicable,results/stage9/baselines/answer_rationale/surface_tfidf_continuous.json,not_applicable
qwen_primary,EL_B_001,electrostatics_circuits,nongoverning_distractor,original,1.890625,results/stage6/analysis_d2/stage6_d1_per_family.csv,"stage6_llama_behavioural_full_rerun,stage6_qwen_behavioural_full_rerun",,0.43354921762702,results/stage9/baselines/blackbox_counterfactual/family_scores.json,stage9_blackbox_counterfactual,,,,,not_measured,0.5348829123643782,results/stage9/baselines/correctness_probe/loo_predictions_variance.json,stage9_correctness_probe,,0.7413543843818471,results/stage9/baselines/entropy/entropy_per_family_scores.json,stage9_embedding_entropy_baselines,,0.0,results/stage6/analysis_d2/stage6_d1_per_family.csv,"stage6_llama_behavioural_full_rerun,stage6_qwen_behavioural_full_rerun",,,,,not_measured,18,results/stage10/mean_probe_full_sweep_bigcompute/loo_predictions_resid_post_last_prompt.json,stage10_qwen_mean_probe_full_sweep,,0.7123057867658933,results/stage10/mean_probe_full_sweep_bigcompute/loo_predictions_resid_post_last_prompt.json,stage10_qwen_mean_probe_full_sweep,,True,results/stage6/analysis_d2/stage6_d1_per_family.csv,"stage6_llama_behavioural_full_rerun,stage6_qwen_behavioural_full_rerun",,,,,not_measured,0.6249487996101379,results/stage9/correctness_residualisation/loo_predictions.json,stage9_correctness_residualisation,,results/stage9/baselines/cot_text/surface_tfidf_continuous.json,not_applicable,results/stage9/baselines/answer_rationale/surface_tfidf_continuous.json,not_applicable
qwen_primary,EL_B_002,electrostatics_circuits,nongoverning_distractor,original,2.8203125,results/stage6/analysis_d2/stage6_d1_per_family.csv,"stage6_llama_behavioural_full_rerun,stage6_qwen_behavioural_full_rerun",,0.4277924378763564,results/stage9/baselines/blackbox_counterfactual/family_scores.json,stage9_blackbox_counterfactual,,,,,not_measured,0.7837913234349895,results/stage9/baselines/correctness_probe/loo_predictions_variance.json,stage9_correctness_probe,,1.09716264479822,results/stage9/baselines/entropy/entropy_per_family_scores.json,stage9_embedding_entropy_baselines,,0.0,results/stage6/analysis_d2/stage6_d1_per_family.csv,"stage6_llama_behavioural_full_rerun,stage6_qwen_behavioural_full_rerun",,0.19647803719825882,results/stage8/multi_head_knockout/patching_results.csv,registry_experiment_unresolved,,18,results/stage10/mean_probe_full_sweep_bigcompute/loo_predictions_resid_post_last_prompt.json,stage10_qwen_mean_probe_full_sweep,,0.9216950251304863,results/stage10/mean_probe_full_sweep_bigcompute/loo_predictions_resid_post_last_prompt.json,stage10_qwen_mean_probe_full_sweep,,True,results/stage6/analysis_d2/stage6_d1_per_family.csv,"stage6_llama_behavioural_full_rerun,stage6_qwen_behavioural_full_rerun",,,,,not_measured,0.5021146535873413,results/stage9/correctness_residualisation/loo_predictions.json,stage9_correctness_residualisation,,results/stage9/baselines/cot_text/surface_tfidf_continuous.json,not_applicable,results/stage9/baselines/answer_rationale/surface_tfidf_continuous.json,not_applicable
qwen_primary,EL_B_003,electrostatics_circuits,nongoverning_distractor,original,1.015625,results/stage6/analysis_d2/stage6_d1_per_family.csv,"stage6_llama_behavioural_full_rerun,stage6_qwen_behavioural_full_rerun",,0.41034223717640217,results/stage9/baselines/blackbox_counterfactual/family_scores.json,stage9_blackbox_counterfactual,,,,,not_measured,0.46003593213261634,results/stage9/baselines/correctness_probe/loo_predictions_variance.json,stage9_correctness_probe,,0.43680189839044886,results/stage9/baselines/entropy/entropy_per_family_scores.json,stage9_embedding_entropy_baselines,,0.6666666666666666,results/stage6/analysis_d2/stage6_d1_per_family.csv,"stage6_llama_behavioural_full_rerun,stage6_qwen_behavioural_full_rerun",,,,,not_measured,18,results/stage10/mean_probe_full_sweep_bigcompute/loo_predictions_resid_post_last_prompt.json,stage10_qwen_mean_probe_full_sweep,,0.5354207887385019,results/stage10/mean_probe_full_sweep_bigcompute/loo_predictions_resid_post_last_prompt.json,stage10_qwen_mean_probe_full_sweep,,True,results/stage6/analysis_d2/stage6_d1_per_family.csv,"stage6_llama_behavioural_full_rerun,stage6_qwen_behavioural_full_rerun",,,,,not_measured,0.46080508828163147,results/stage9/correctness_residualisation/loo_predictions.json,stage9_correctness_residualisation,,results/stage9/baselines/cot_text/surface_tfidf_continuous.json,not_applicable,results/stage9/baselines/answer_rationale/surface_tfidf_continuous.json,not_applicable
qwen_primary,EL_B_004,electrostatics_circuits,nongoverning_distractor,original,1.375,results/stage6/analysis_d2/stage6_d1_per_family.csv,"stage6_llama_behavioural_full_rerun,stage6_qwen_behavioural_full_rerun",,0.4150301547402792,results/stage9/baselines/blackbox_counterfactual/family_scores.json,stage9_blackbox_counterfactual,,,,,not_measured,0.586207627530675,results/stage9/baselines/correctness_probe/loo_predictions_variance.json,stage9_correctness_probe,,0.8894935246918608,results/stage9/baselines/entropy/entropy_per_family_scores.json,stage9_embedding_entropy_baselines,,0.8333333333333334,results/stage6/analysis_d2/stage6_d1_per_family.csv,"stage6_llama_behavioural_full_rerun,stage6_qwen_behavioural_full_rerun",,,,,not_measured,18,results/stage10/mean_probe_full_sweep_bigcompute/loo_predictions_resid_post_last_prompt.json,stage10_qwen_mean_probe_full_sweep,,0.6209004667687961,results/stage10/mean_probe_full_sweep_bigcompute/loo_predictions_resid_post_last_prompt.json,stage10_qwen_mean_probe_full_sweep,,True,results/stage6/analysis_d2/stage6_d1_per_family.csv,"stage6_llama_behavioural_full_rerun,stage6_qwen_behavioural_full_rerun",,,,,not_measured,0.3807675540447235,results/stage9/correctness_residualisation/loo_predictions.json,stage9_correctness_residualisation,,results/stage9/baselines/cot_text/surface_tfidf_continuous.json,not_applicable,results/stage9/baselines/answer_rationale/surface_tfidf_continuous.json,not_applicable
qwen_primary,EL_B_005,electrostatics_circuits,nongoverning_distractor,original,0.0,results/stage6/analysis_d2/stage6_d1_per_family.csv,"stage6_llama_behavioural_full_rerun,stage6_qwen_behavioural_full_rerun",,0.4214980833458261,results/stage9/baselines/blackbox_counterfactual/family_scores.json,stage9_blackbox_counterfactual,,,,,not_measured,0.32077295112268384,results/stage9/baselines/correctness_probe/loo_predictions_variance.json,stage9_correctness_probe,,1.0113718034455417,results/stage9/baselines/entropy/entropy_per_family_scores.json,stage9_embedding_entropy_baselines,,0.0,results/stage6/analysis_d2/stage6_d1_per_family.csv,"stage6_llama_behavioural_full_rerun,stage6_qwen_behavioural_full_rerun",,,,,not_measured,18,results/stage10/mean_probe_full_sweep_bigcompute/loo_predictions_resid_post_last_prompt.json,stage10_qwen_mean_probe_full_sweep,,0.39719361550233767,results/stage10/mean_probe_full_sweep_bigcompute/loo_predictions_resid_post_last_prompt.json,stage10_qwen_mean_probe_full_sweep,,True,results/stage6/analysis_d2/stage6_d1_per_family.csv,"stage6_llama_behavioural_full_rerun,stage6_qwen_behavioural_full_rerun",,,,,not_measured,0.4585328996181488,results/stage9/correctness_residualisation/loo_predictions.json,stage9_correctness_residualisation,,results/stage9/baselines/cot_text/surface_tfidf_continuous.json,not_applicable,results/stage9/baselines/answer_rationale/surface_tfidf_continuous.json,not_applicable
qwen_primary,TH_B_UM_001,thermodynamics,nongoverning_distractor,original,0.0,results/stage6/analysis_d2/stage6_d1_per_family.csv,"stage6_llama_behavioural_full_rerun,stage6_qwen_behavioural_full_rerun",,0.4542600386224131,results/stage9/baselines/blackbox_counterfactual/family_scores.json,stage9_blackbox_counterfactual,,,,,not_measured,0.5222830355679337,results/stage9/baselines/correctness_probe/loo_predictions_variance.json,stage9_correctness_probe,,1.9463476161695141,results/stage9/baselines/entropy/entropy_per_family_scores.json,stage9_embedding_entropy_baselines,,0.5,results/stage6/analysis_d2/stage6_d1_per_family.csv,"stage6_llama_behavioural_full_rerun,stage6_qwen_behavioural_full_rerun",,,,,not_measured,18,results/stage10/mean_probe_full_sweep_bigcompute/loo_predictions_resid_post_last_prompt.json,stage10_qwen_mean_probe_full_sweep,,0.19824476755485312,results/stage10/mean_probe_full_sweep_bigcompute/loo_predictions_resid_post_last_prompt.json,stage10_qwen_mean_probe_full_sweep,,True,results/stage6/analysis_d2/stage6_d1_per_family.csv,"stage6_llama_behavioural_full_rerun,stage6_qwen_behavioural_full_rerun",,,,,not_measured,0.05829283967614174,results/stage9/correctness_residualisation/loo_predictions.json,stage9_correctness_residualisation,,results/stage9/baselines/cot_text/surface_tfidf_continuous.json,not_applicable,results/stage9/baselines/answer_rationale/surface_tfidf_continuous.json,not_applicable
qwen_primary,TH_B_UM_002,thermodynamics,nongoverning_distractor,original,0.140625,results/stage6/analysis_d2/stage6_d1_per_family.csv,"stage6_llama_behavioural_full_rerun,stage6_qwen_behavioural_full_rerun",,0.4299434751235187,results/stage9/baselines/blackbox_counterfactual/family_scores.json,stage9_blackbox_counterfactual,,,,,not_measured,0.9361481729637866,results/stage9/baselines/correctness_probe/loo_predictions_variance.json,stage9_correctness_probe,,0.802627444976614,results/stage9/baselines/entropy/entropy_per_family_scores.json,stage9_embedding_entropy_baselines,,0.0,results/stage6/analysis_d2/stage6_d1_per_family.csv,"stage6_llama_behavioural_full_rerun,stage6_qwen_behavioural_full_rerun",,,,,not_measured,18,results/stage10/mean_probe_full_sweep_bigcompute/loo_predictions_resid_post_last_prompt.json,stage10_qwen_mean_probe_full_sweep,,0.02382982304561493,results/stage10/mean_probe_full_sweep_bigcompute/loo_predictions_resid_post_last_prompt.json,stage10_qwen_mean_probe_full_sweep,,True,results/stage6/analysis_d2/stage6_d1_per_family.csv,"stage6_llama_behavioural_full_rerun,stage6_qwen_behavioural_full_rerun",,,,,not_measured,0.3083721995353699,results/stage9/correctness_residualisation/loo_predictions.json,stage9_correctness_residualisation,,results/stage9/baselines/cot_text/surface_tfidf_continuous.json,not_applicable,results/stage9/baselines/answer_rationale/surface_tfidf_continuous.json,not_applicable
qwen_primary,TH_B_UM_003,thermodynamics,nongoverning_distractor,original,0.0,results/stage6/analysis_d2/stage6_d1_per_family.csv,"stage6_llama_behavioural_full_rerun,stage6_qwen_behavioural_full_rerun",,0.4408575564108103,results/stage9/baselines/blackbox_counterfactual/family_scores.json,stage9_blackbox_counterfactual,,,,,not_measured,0.9938901536921358,results/stage9/baselines/correctness_probe/loo_predictions_variance.json,stage9_correctness_probe,,1.218217782430419,results/stage9/baselines/entropy/entropy_per_family_scores.json,stage9_embedding_entropy_baselines,,0.6666666666666666,results/stage6/analysis_d2/stage6_d1_per_family.csv,"stage6_llama_behavioural_full_rerun,stage6_qwen_behavioural_full_rerun",,,,,not_measured,18,results/stage10/mean_probe_full_sweep_bigcompute/loo_predictions_resid_post_last_prompt.json,stage10_qwen_mean_probe_full_sweep,,0.1114319913679521,results/stage10/mean_probe_full_sweep_bigcompute/loo_predictions_resid_post_last_prompt.json,stage10_qwen_mean_probe_full_sweep,,True,results/stage6/analysis_d2/stage6_d1_per_family.csv,"stage6_llama_behavioural_full_rerun,stage6_qwen_behavioural_full_rerun",,,,,not_measured,0.12918618321418762,results/stage9/correctness_residualisation/loo_predictions.json,stage9_correctness_residualisation,,results/stage9/baselines/cot_text/surface_tfidf_continuous.json,not_applicable,results/stage9/baselines/answer_rationale/surface_tfidf_continuous.json,not_applicable
qwen_primary,TH_B_UM_004,thermodynamics,nongoverning_distractor,original,0.0,results/stage6/analysis_d2/stage6_d1_per_family.csv,"stage6_llama_behavioural_full_rerun,stage6_qwen_behavioural_full_rerun",,0.4548198737473802,results/stage9/baselines/blackbox_counterfactual/family_scores.json,stage9_blackbox_counterfactual,,,,,not_measured,0.7004927459289944,results/stage9/baselines/correctness_probe/loo_predictions_variance.json,stage9_correctness_probe,,0.8411418021059232,results/stage9/baselines/entropy/entropy_per_family_scores.json,stage9_embedding_entropy_baselines,,0.0,results/stage6/analysis_d2/stage6_d1_per_family.csv,"stage6_llama_behavioural_full_rerun,stage6_qwen_behavioural_full_rerun",,,,,not_measured,18,results/stage10/mean_probe_full_sweep_bigcompute/loo_predictions_resid_post_last_prompt.json,stage10_qwen_mean_probe_full_sweep,,0.019743096181873514,results/stage10/mean_probe_full_sweep_bigcompute/loo_predictions_resid_post_last_prompt.json,stage10_qwen_mean_probe_full_sweep,,True,results/stage6/analysis_d2/stage6_d1_per_family.csv,"stage6_llama_behavioural_full_rerun,stage6_qwen_behavioural_full_rerun",,,,,not_measured,0.3885124921798706,results/stage9/correctness_residualisation/loo_predictions.json,stage9_correctness_residualisation,,results/stage9/baselines/cot_text/surface_tfidf_continuous.json,not_applicable,results/stage9/baselines/answer_rationale/surface_tfidf_continuous.json,not_applicable
qwen_primary,TH_B_UM_005,thermodynamics,nongoverning_distractor,original,0.0,results/stage6/analysis_d2/stage6_d1_per_family.csv,"stage6_llama_behavioural_full_rerun,stage6_qwen_behavioural_full_rerun",,0.4430206060451875,results/stage9/baselines/blackbox_counterfactual/family_scores.json,stage9_blackbox_counterfactual,,,,,not_measured,0.7150611213611922,results/stage9/baselines/correctness_probe/loo_predictions_variance.json,stage9_correctness_probe,,0.5069704557158632,results/stage9/baselines/entropy/entropy_per_family_scores.json,stage9_embedding_entropy_baselines,,0.0,results/stage6/analysis_d2/stage6_d1_per_family.csv,"stage6_llama_behavioural_full_rerun,stage6_qwen_behavioural_full_rerun",,,,,not_measured,18,results/stage10/mean_probe_full_sweep_bigcompute/loo_predictions_resid_post_last_prompt.json,stage10_qwen_mean_probe_full_sweep,,0.0781282133660243,results/stage10/mean_probe_full_sweep_bigcompute/loo_predictions_resid_post_last_prompt.json,stage10_qwen_mean_probe_full_sweep,,True,results/stage6/analysis_d2/stage6_d1_per_family.csv,"stage6_llama_behavioural_full_rerun,stage6_qwen_behavioural_full_rerun",,,,,not_measured,0.3792981505393982,results/stage9/correctness_residualisation/loo_predictions.json,stage9_correctness_residualisation,,results/stage9/baselines/cot_text/surface_tfidf_continuous.json,not_applicable,results/stage9/baselines/answer_rationale/surface_tfidf_continuous.json,not_applicable
qwen_primary,TH_B_UM_006,thermodynamics,nongoverning_distractor,original,3.40625,results/stage6/analysis_d2/stage6_d1_per_family.csv,"stage6_llama_behavioural_full_rerun,stage6_qwen_behavioural_full_rerun",,0.4456996441269883,results/stage9/baselines/blackbox_counterfactual/family_scores.json,stage9_blackbox_counterfactual,,,,,not_measured,0.0278134372397849,results/stage9/baselines/correctness_probe/loo_predictions_variance.json,stage9_correctness_probe,,1.5443229816588522,results/stage9/baselines/entropy/entropy_per_family_scores.json,stage9_embedding_entropy_baselines,,1.0,results/stage6/analysis_d2/stage6_d1_per_family.csv,"stage6_llama_behavioural_full_rerun,stage6_qwen_behavioural_full_rerun",,0.3774574049803408,results/stage8/multi_head_knockout/patching_results.csv,registry_experiment_unresolved,,18,results/stage10/mean_probe_full_sweep_bigcompute/loo_predictions_resid_post_last_prompt.json,stage10_qwen_mean_probe_full_sweep,,0.9925790354878072,results/stage10/mean_probe_full_sweep_bigcompute/loo_predictions_resid_post_last_prompt.json,stage10_qwen_mean_probe_full_sweep,,False,results/stage6/analysis_d2/stage6_d1_per_family.csv,"stage6_llama_behavioural_full_rerun,stage6_qwen_behavioural_full_rerun",,,,,not_measured,0.5840460062026978,results/stage9/correctness_residualisation/loo_predictions.json,stage9_correctness_residualisation,,results/stage9/baselines/cot_text/surface_tfidf_continuous.json,not_applicable,results/stage9/baselines/answer_rationale/surface_tfidf_continuous.json,not_applicable
qwen_primary,TH_B_UM_007,thermodynamics,nongoverning_distractor,original,2.21875,results/stage6/analysis_d2/stage6_d1_per_family.csv,"stage6_llama_behavioural_full_rerun,stage6_qwen_behavioural_full_rerun",,0.43879530010243917,results/stage9/baselines/blackbox_counterfactual/family_scores.json,stage9_blackbox_counterfactual,,,,,not_measured,0.07453661911081348,results/stage9/baselines/correctness_probe/loo_predictions_variance.json,stage9_correctness_probe,,1.03423455428701,results/stage9/baselines/entropy/entropy_per_family_scores.json,stage9_embedding_entropy_baselines,,0.0,results/stage6/analysis_d2/stage6_d1_per_family.csv,"stage6_llama_behavioural_full_rerun,stage6_qwen_behavioural_full_rerun",,,,,not_measured,18,results/stage10/mean_probe_full_sweep_bigcompute/loo_predictions_resid_post_last_prompt.json,stage10_qwen_mean_probe_full_sweep,,0.9889772112963389,results/stage10/mean_probe_full_sweep_bigcompute/loo_predictions_resid_post_last_prompt.json,stage10_qwen_mean_probe_full_sweep,,True,results/stage6/analysis_d2/stage6_d1_per_family.csv,"stage6_llama_behavioural_full_rerun,stage6_qwen_behavioural_full_rerun",,,,,not_measured,0.5798693299293518,results/stage9/correctness_residualisation/loo_predictions.json,stage9_correctness_residualisation,,results/stage9/baselines/cot_text/surface_tfidf_continuous.json,not_applicable,results/stage9/baselines/answer_rationale/surface_tfidf_continuous.json,not_applicable
qwen_primary,TH_B_UM_008,thermodynamics,nongoverning_distractor,original,2.890625,results/stage6/analysis_d2/stage6_d1_per_family.csv,"stage6_llama_behavioural_full_rerun,stage6_qwen_behavioural_full_rerun",,0.4381627538036682,results/stage9/baselines/blackbox_counterfactual/family_scores.json,stage9_blackbox_counterfactual,,,,,not_measured,0.060383965004365193,results/stage9/baselines/correctness_probe/loo_predictions_variance.json,stage9_correctness_probe,,1.1464627473471118,results/stage9/baselines/entropy/entropy_per_family_scores.json,stage9_embedding_entropy_baselines,,1.0,results/stage6/analysis_d2/stage6_d1_per_family.csv,"stage6_llama_behavioural_full_rerun,stage6_qwen_behavioural_full_rerun",,0.36138996138996143,results/stage8/multi_head_knockout/patching_results.csv,registry_experiment_unresolved,,18,results/stage10/mean_probe_full_sweep_bigcompute/loo_predictions_resid_post_last_prompt.json,stage10_qwen_mean_probe_full_sweep,,0.9945680608761329,results/stage10/mean_probe_full_sweep_bigcompute/loo_predictions_resid_post_last_prompt.json,stage10_qwen_mean_probe_full_sweep,,True,results/stage6/analysis_d2/stage6_d1_per_family.csv,"stage6_llama_behavioural_full_rerun,stage6_qwen_behavioural_full_rerun",,,,,not_measured,0.5801790952682495,results/stage9/correctness_residualisation/loo_predictions.json,stage9_correctness_residualisation,,results/stage9/baselines/cot_text/surface_tfidf_continuous.json,not_applicable,results/stage9/baselines/answer_rationale/surface_tfidf_continuous.json,not_applicable
qwen_primary,TH_B_UM_009,thermodynamics,nongoverning_distractor,original,0.0,results/stage6/analysis_d2/stage6_d1_per_family.csv,"stage6_llama_behavioural_full_rerun,stage6_qwen_behavioural_full_rerun",,,,,not_measured,,,,not_measured,,,,not_measured,,,,not_measured,1.0,results/stage6/analysis_d2/stage6_d1_per_family.csv,"stage6_llama_behavioural_full_rerun,stage6_qwen_behavioural_full_rerun",,,,,not_measured,,,,not_measured,,,,not_measured,False,results/stage6/analysis_d2/stage6_d1_per_family.csv,"stage6_llama_behavioural_full_rerun,stage6_qwen_behavioural_full_rerun",,,,,not_measured,,,,not_measured,results/stage9/baselines/cot_text/surface_tfidf_continuous.json,not_applicable,results/stage9/baselines/answer_rationale/surface_tfidf_continuous.json,not_applicable
qwen_primary,TH_B_UM_010,thermodynamics,nongoverning_distractor,original,0.0,results/stage6/analysis_d2/stage6_d1_per_family.csv,"stage6_llama_behavioural_full_rerun,stage6_qwen_behavioural_full_rerun",,,,,not_measured,,,,not_measured,,,,not_measured,,,,not_measured,,,,not_measured,,,,not_measured,,,,not_measured,,,,not_measured,False,results/stage6/analysis_d2/stage6_d1_per_family.csv,"stage6_llama_behavioural_full_rerun,stage6_qwen_behavioural_full_rerun",,,,,not_measured,,,,not_measured,results/stage9/baselines/cot_text/surface_tfidf_continuous.json,not_applicable,results/stage9/baselines/answer_rationale/surface_tfidf_continuous.json,not_applicable
qwen_primary,TH_B_UM_011,thermodynamics,nongoverning_distractor,expansion,3.125,results/stage11/behavioural_expansion/per_family_summary.csv,stage11_expansion_behavioural_qwen,,,,,not_measured,0.0,results/stage11/behavioural_expansion/per_family_summary.csv,stage11_expansion_behavioural_qwen,,,,,not_measured,,,,not_measured,0.0,results/stage11/behavioural_expansion/per_family_summary.csv,stage11_expansion_behavioural_qwen,,,,,not_measured,,,,not_measured,0.9983750730752945,results/stage12/expansion_probe_inference/family_mean_predictions.json,stage12_expansion_probe_inference,,,,,not_measured,1.0,results/stage11/behavioural_expansion/per_family_summary.csv,stage11_expansion_behavioural_qwen,,,,,not_measured,results/stage9/baselines/cot_text/surface_tfidf_continuous.json,not_applicable,results/stage9/baselines/answer_rationale/surface_tfidf_continuous.json,not_applicable
qwen_primary,TH_B_UM_012,thermodynamics,nongoverning_distractor,expansion,-1.578125,results/stage11/behavioural_expansion/per_family_summary.csv,stage11_expansion_behavioural_qwen,,,,,not_measured,0.0,results/stage11/behavioural_expansion/per_family_summary.csv,stage11_expansion_behavioural_qwen,,,,,not_measured,,,,not_measured,0.0,results/stage11/behavioural_expansion/per_family_summary.csv,stage11_expansion_behavioural_qwen,,,,,not_measured,,,,not_measured,0.6172215044498444,results/stage12/expansion_probe_inference/family_mean_predictions.json,stage12_expansion_probe_inference,,,,,not_measured,1.0,results/stage11/behavioural_expansion/per_family_summary.csv,stage11_expansion_behavioural_qwen,,,,,not_measured,results/stage9/baselines/cot_text/surface_tfidf_continuous.json,not_applicable,results/stage9/baselines/answer_rationale/surface_tfidf_continuous.json,not_applicable
llama_primary,CM_A_001,mechanics,irrelevant_variable,original,0.0,results/stage6/analysis_d2/stage6_d1_per_family.csv,"stage6_llama_behavioural_full_rerun,stage6_qwen_behavioural_full_rerun",,,,,not_applicable,,,,not_applicable,,,,not_applicable,,,,not_applicable,0.0,results/stage6/analysis_d2/stage6_d1_per_family.csv,"stage6_llama_behavioural_full_rerun,stage6_qwen_behavioural_full_rerun",,,,,not_measured,,,,not_applicable,,,,not_applicable,True,results/stage6/analysis_d2/stage6_d1_per_family.csv,"stage6_llama_behavioural_full_rerun,stage6_qwen_behavioural_full_rerun",,,,,not_applicable,,,,not_applicable,results/stage9/baselines/cot_text/surface_tfidf_continuous.json,not_applicable,results/stage9/baselines/answer_rationale/surface_tfidf_continuous.json,not_applicable
llama_primary,CM_A_002,mechanics,irrelevant_variable,original,0.15625,results/stage6/analysis_d2/stage6_d1_per_family.csv,"stage6_llama_behavioural_full_rerun,stage6_qwen_behavioural_full_rerun",,,,,not_applicable,,,,not_applicable,,,,not_applicable,,,,not_applicable,0.0,results/stage6/analysis_d2/stage6_d1_per_family.csv,"stage6_llama_behavioural_full_rerun,stage6_qwen_behavioural_full_rerun",,,,,not_measured,,,,not_applicable,,,,not_applicable,True,results/stage6/analysis_d2/stage6_d1_per_family.csv,"stage6_llama_behavioural_full_rerun,stage6_qwen_behavioural_full_rerun",,,,,not_applicable,,,,not_applicable,results/stage9/baselines/cot_text/surface_tfidf_continuous.json,not_applicable,results/stage9/baselines/answer_rationale/surface_tfidf_continuous.json,not_applicable
llama_primary,CM_A_003,mechanics,irrelevant_variable,original,0.0,results/stage6/analysis_d2/stage6_d1_per_family.csv,"stage6_llama_behavioural_full_rerun,stage6_qwen_behavioural_full_rerun",,,,,not_applicable,,,,not_applicable,,,,not_applicable,,,,not_applicable,0.0,results/stage6/analysis_d2/stage6_d1_per_family.csv,"stage6_llama_behavioural_full_rerun,stage6_qwen_behavioural_full_rerun",,,,,not_measured,,,,not_applicable,,,,not_applicable,True,results/stage6/analysis_d2/stage6_d1_per_family.csv,"stage6_llama_behavioural_full_rerun,stage6_qwen_behavioural_full_rerun",,,,,not_applicable,,,,not_applicable,results/stage9/baselines/cot_text/surface_tfidf_continuous.json,not_applicable,results/stage9/baselines/answer_rationale/surface_tfidf_continuous.json,not_applicable
llama_primary,CM_A_004,mechanics,irrelevant_variable,original,0.40625,results/stage6/analysis_d2/stage6_d1_per_family.csv,"stage6_llama_behavioural_full_rerun,stage6_qwen_behavioural_full_rerun",,,,,not_applicable,,,,not_applicable,,,,not_applicable,,,,not_applicable,0.0,results/stage6/analysis_d2/stage6_d1_per_family.csv,"stage6_llama_behavioural_full_rerun,stage6_qwen_behavioural_full_rerun",,,,,not_measured,,,,not_applicable,,,,not_applicable,True,results/stage6/analysis_d2/stage6_d1_per_family.csv,"stage6_llama_behavioural_full_rerun,stage6_qwen_behavioural_full_rerun",,,,,not_applicable,,,,not_applicable,results/stage9/baselines/cot_text/surface_tfidf_continuous.json,not_applicable,results/stage9/baselines/answer_rationale/surface_tfidf_continuous.json,not_applicable
llama_primary,CM_A_005,mechanics,irrelevant_variable,original,0.0,results/stage6/analysis_d2/stage6_d1_per_family.csv,"stage6_llama_behavioural_full_rerun,stage6_qwen_behavioural_full_rerun",,,,,not_applicable,,,,not_applicable,,,,not_applicable,,,,not_applicable,0.5,results/stage6/analysis_d2/stage6_d1_per_family.csv,"stage6_llama_behavioural_full_rerun,stage6_qwen_behavioural_full_rerun",,,,,not_measured,,,,not_applicable,,,,not_applicable,True,results/stage6/analysis_d2/stage6_d1_per_family.csv,"stage6_llama_behavioural_full_rerun,stage6_qwen_behavioural_full_rerun",,,,,not_applicable,,,,not_applicable,results/stage9/baselines/cot_text/surface_tfidf_continuous.json,not_applicable,results/stage9/baselines/answer_rationale/surface_tfidf_continuous.json,not_applicable
llama_primary,CM_A_006,mechanics,irrelevant_variable,original,0.046875,results/stage6/analysis_d2/stage6_d1_per_family.csv,"stage6_llama_behavioural_full_rerun,stage6_qwen_behavioural_full_rerun",,,,,not_applicable,,,,not_applicable,,,,not_applicable,,,,not_applicable,0.0,results/stage6/analysis_d2/stage6_d1_per_family.csv,"stage6_llama_behavioural_full_rerun,stage6_qwen_behavioural_full_rerun",,,,,not_measured,,,,not_applicable,,,,not_applicable,True,results/stage6/analysis_d2/stage6_d1_per_family.csv,"stage6_llama_behavioural_full_rerun,stage6_qwen_behavioural_full_rerun",,,,,not_applicable,,,,not_applicable,results/stage9/baselines/cot_text/surface_tfidf_continuous.json,not_applicable,results/stage9/baselines/answer_rationale/surface_tfidf_continuous.json,not_applicable
llama_primary,CM_A_007,mechanics,irrelevant_variable,original,0.0,results/stage6/analysis_d2/stage6_d1_per_family.csv,"stage6_llama_behavioural_full_rerun,stage6_qwen_behavioural_full_rerun",,,,,not_applicable,,,,not_applicable,,,,not_applicable,,,,not_applicable,0.0,results/stage6/analysis_d2/stage6_d1_per_family.csv,"stage6_llama_behavioural_full_rerun,stage6_qwen_behavioural_full_rerun",,,,,not_measured,,,,not_applicable,,,,not_applicable,True,results/stage6/analysis_d2/stage6_d1_per_family.csv,"stage6_llama_behavioural_full_rerun,stage6_qwen_behavioural_full_rerun",,,,,not_applicable,,,,not_applicable,results/stage9/baselines/cot_text/surface_tfidf_continuous.json,not_applicable,results/stage9/baselines/answer_rationale/surface_tfidf_continuous.json,not_applicable
llama_primary,CM_A_008,mechanics,irrelevant_variable,original,0.21875,results/stage6/analysis_d2/stage6_d1_per_family.csv,"stage6_llama_behavioural_full_rerun,stage6_qwen_behavioural_full_rerun",,,,,not_applicable,,,,not_applicable,,,,not_applicable,,,,not_applicable,0.5,results/stage6/analysis_d2/stage6_d1_per_family.csv,"stage6_llama_behavioural_full_rerun,stage6_qwen_behavioural_full_rerun",,,,,not_measured,,,,not_applicable,,,,not_applicable,True,results/stage6/analysis_d2/stage6_d1_per_family.csv,"stage6_llama_behavioural_full_rerun,stage6_qwen_behavioural_full_rerun",,,,,not_applicable,,,,not_applicable,results/stage9/baselines/cot_text/surface_tfidf_continuous.json,not_applicable,results/stage9/baselines/answer_rationale/surface_tfidf_continuous.json,not_applicable
llama_primary,CM_A_009,mechanics,irrelevant_variable,original,0.578125,results/stage6/analysis_d2/stage6_d1_per_family.csv,"stage6_llama_behavioural_full_rerun,stage6_qwen_behavioural_full_rerun",,,,,not_applicable,,,,not_applicable,,,,not_applicable,,,,not_applicable,0.0,results/stage6/analysis_d2/stage6_d1_per_family.csv,"stage6_llama_behavioural_full_rerun,stage6_qwen_behavioural_full_rerun",,,,,not_measured,,,,not_applicable,,,,not_applicable,True,results/stage6/analysis_d2/stage6_d1_per_family.csv,"stage6_llama_behavioural_full_rerun,stage6_qwen_behavioural_full_rerun",,,,,not_applicable,,,,not_applicable,results/stage9/baselines/cot_text/surface_tfidf_continuous.json,not_applicable,results/stage9/baselines/answer_rationale/surface_tfidf_continuous.json,not_applicable
llama_primary,CM_A_010,mechanics,irrelevant_variable,original,0.140625,results/stage6/analysis_d2/stage6_d1_per_family.csv,"stage6_llama_behavioural_full_rerun,stage6_qwen_behavioural_full_rerun",,,,,not_applicable,,,,not_applicable,,,,not_applicable,,,,not_applicable,0.0,results/stage6/analysis_d2/stage6_d1_per_family.csv,"stage6_llama_behavioural_full_rerun,stage6_qwen_behavioural_full_rerun",,,,,not_measured,,,,not_applicable,,,,not_applicable,True,results/stage6/analysis_d2/stage6_d1_per_family.csv,"stage6_llama_behavioural_full_rerun,stage6_qwen_behavioural_full_rerun",,,,,not_applicable,,,,not_applicable,results/stage9/baselines/cot_text/surface_tfidf_continuous.json,not_applicable,results/stage9/baselines/answer_rationale/surface_tfidf_continuous.json,not_applicable
llama_primary,CM_A_STD_001,mechanics,irrelevant_variable,original,0.03125,results/stage6/analysis_d2/stage6_d1_per_family.csv,"stage6_llama_behavioural_full_rerun,stage6_qwen_behavioural_full_rerun",,,,,not_applicable,,,,not_applicable,,,,not_applicable,,,,not_applicable,0.0,results/stage6/analysis_d2/stage6_d1_per_family.csv,"stage6_llama_behavioural_full_rerun,stage6_qwen_behavioural_full_rerun",,,,,not_measured,,,,not_applicable,,,,not_applicable,True,results/stage6/analysis_d2/stage6_d1_per_family.csv,"stage6_llama_behavioural_full_rerun,stage6_qwen_behavioural_full_rerun",,,,,not_applicable,,,,not_applicable,results/stage9/baselines/cot_text/surface_tfidf_continuous.json,not_applicable,results/stage9/baselines/answer_rationale/surface_tfidf_continuous.json,not_applicable
llama_primary,CM_A_STD_002,mechanics,irrelevant_variable,original,0.21875,results/stage6/analysis_d2/stage6_d1_per_family.csv,"stage6_llama_behavioural_full_rerun,stage6_qwen_behavioural_full_rerun",,,,,not_applicable,,,,not_applicable,,,,not_applicable,,,,not_applicable,0.0,results/stage6/analysis_d2/stage6_d1_per_family.csv,"stage6_llama_behavioural_full_rerun,stage6_qwen_behavioural_full_rerun",,,,,not_measured,,,,not_applicable,,,,not_applicable,True,results/stage6/analysis_d2/stage6_d1_per_family.csv,"stage6_llama_behavioural_full_rerun,stage6_qwen_behavioural_full_rerun",,,,,not_applicable,,,,not_applicable,results/stage9/baselines/cot_text/surface_tfidf_continuous.json,not_applicable,results/stage9/baselines/answer_rationale/surface_tfidf_continuous.json,not_applicable
llama_primary,CM_A_STD_003,mechanics,irrelevant_variable,original,0.046875,results/stage6/analysis_d2/stage6_d1_per_family.csv,"stage6_llama_behavioural_full_rerun,stage6_qwen_behavioural_full_rerun",,,,,not_applicable,,,,not_applicable,,,,not_applicable,,,,not_applicable,0.0,results/stage6/analysis_d2/stage6_d1_per_family.csv,"stage6_llama_behavioural_full_rerun,stage6_qwen_behavioural_full_rerun",,,,,not_measured,,,,not_applicable,,,,not_applicable,True,results/stage6/analysis_d2/stage6_d1_per_family.csv,"stage6_llama_behavioural_full_rerun,stage6_qwen_behavioural_full_rerun",,,,,not_applicable,,,,not_applicable,results/stage9/baselines/cot_text/surface_tfidf_continuous.json,not_applicable,results/stage9/baselines/answer_rationale/surface_tfidf_continuous.json,not_applicable
llama_primary,CM_A_STD_004,mechanics,irrelevant_variable,original,1.328125,results/stage6/analysis_d2/stage6_d1_per_family.csv,"stage6_llama_behavioural_full_rerun,stage6_qwen_behavioural_full_rerun",,,,,not_applicable,,,,not_applicable,,,,not_applicable,,,,not_applicable,0.0,results/stage6/analysis_d2/stage6_d1_per_family.csv,"stage6_llama_behavioural_full_rerun,stage6_qwen_behavioural_full_rerun",,,,,not_measured,,,,not_applicable,,,,not_applicable,True,results/stage6/analysis_d2/stage6_d1_per_family.csv,"stage6_llama_behavioural_full_rerun,stage6_qwen_behavioural_full_rerun",,,,,not_applicable,,,,not_applicable,results/stage9/baselines/cot_text/surface_tfidf_continuous.json,not_applicable,results/stage9/baselines/answer_rationale/surface_tfidf_continuous.json,not_applicable
llama_primary,CM_A_STD_005,mechanics,irrelevant_variable,original,0.28125,results/stage6/analysis_d2/stage6_d1_per_family.csv,"stage6_llama_behavioural_full_rerun,stage6_qwen_behavioural_full_rerun",,,,,not_applicable,,,,not_applicable,,,,not_applicable,,,,not_applicable,0.0,results/stage6/analysis_d2/stage6_d1_per_family.csv,"stage6_llama_behavioural_full_rerun,stage6_qwen_behavioural_full_rerun",,,,,not_measured,,,,not_applicable,,,,not_applicable,True,results/stage6/analysis_d2/stage6_d1_per_family.csv,"stage6_llama_behavioural_full_rerun,stage6_qwen_behavioural_full_rerun",,,,,not_applicable,,,,not_applicable,results/stage9/baselines/cot_text/surface_tfidf_continuous.json,not_applicable,results/stage9/baselines/answer_rationale/surface_tfidf_continuous.json,not_applicable
llama_primary,CM_A_STD_006,mechanics,irrelevant_variable,original,0.53125,results/stage6/analysis_d2/stage6_d1_per_family.csv,"stage6_llama_behavioural_full_rerun,stage6_qwen_behavioural_full_rerun",,,,,not_applicable,,,,not_applicable,,,,not_applicable,,,,not_applicable,0.6666666666666666,results/stage6/analysis_d2/stage6_d1_per_family.csv,"stage6_llama_behavioural_full_rerun,stage6_qwen_behavioural_full_rerun",,,,,not_measured,,,,not_applicable,,,,not_applicable,True,results/stage6/analysis_d2/stage6_d1_per_family.csv,"stage6_llama_behavioural_full_rerun,stage6_qwen_behavioural_full_rerun",,,,,not_applicable,,,,not_applicable,results/stage9/baselines/cot_text/surface_tfidf_continuous.json,not_applicable,results/stage9/baselines/answer_rationale/surface_tfidf_continuous.json,not_applicable
llama_primary,CM_A_STD_007,mechanics,irrelevant_variable,original,0.1875,results/stage6/analysis_d2/stage6_d1_per_family.csv,"stage6_llama_behavioural_full_rerun,stage6_qwen_behavioural_full_rerun",,,,,not_applicable,,,,not_applicable,,,,not_applicable,,,,not_applicable,0.6666666666666666,results/stage6/analysis_d2/stage6_d1_per_family.csv,"stage6_llama_behavioural_full_rerun,stage6_qwen_behavioural_full_rerun",,,,,not_measured,,,,not_applicable,,,,not_applicable,True,results/stage6/analysis_d2/stage6_d1_per_family.csv,"stage6_llama_behavioural_full_rerun,stage6_qwen_behavioural_full_rerun",,,,,not_applicable,,,,not_applicable,results/stage9/baselines/cot_text/surface_tfidf_continuous.json,not_applicable,results/stage9/baselines/answer_rationale/surface_tfidf_continuous.json,not_applicable
llama_primary,CM_A_STD_008,mechanics,irrelevant_variable,original,0.109375,results/stage6/analysis_d2/stage6_d1_per_family.csv,"stage6_llama_behavioural_full_rerun,stage6_qwen_behavioural_full_rerun",,,,,not_applicable,,,,not_applicable,,,,not_applicable,,,,not_applicable,0.0,results/stage6/analysis_d2/stage6_d1_per_family.csv,"stage6_llama_behavioural_full_rerun,stage6_qwen_behavioural_full_rerun",,,,,not_measured,,,,not_applicable,,,,not_applicable,True,results/stage6/analysis_d2/stage6_d1_per_family.csv,"stage6_llama_behavioural_full_rerun,stage6_qwen_behavioural_full_rerun",,,,,not_applicable,,,,not_applicable,results/stage9/baselines/cot_text/surface_tfidf_continuous.json,not_applicable,results/stage9/baselines/answer_rationale/surface_tfidf_continuous.json,not_applicable
llama_primary,CM_A_STD_009,mechanics,irrelevant_variable,original,1.921875,results/stage6/analysis_d2/stage6_d1_per_family.csv,"stage6_llama_behavioural_full_rerun,stage6_qwen_behavioural_full_rerun",,,,,not_applicable,,,,not_applicable,,,,not_applicable,,,,not_applicable,0.0,results/stage6/analysis_d2/stage6_d1_per_family.csv,"stage6_llama_behavioural_full_rerun,stage6_qwen_behavioural_full_rerun",,,,,not_measured,,,,not_applicable,,,,not_applicable,True,results/stage6/analysis_d2/stage6_d1_per_family.csv,"stage6_llama_behavioural_full_rerun,stage6_qwen_behavioural_full_rerun",,,,,not_applicable,,,,not_applicable,results/stage9/baselines/cot_text/surface_tfidf_continuous.json,not_applicable,results/stage9/baselines/answer_rationale/surface_tfidf_continuous.json,not_applicable
llama_primary,CM_A_STD_010,mechanics,irrelevant_variable,original,0.15625,results/stage6/analysis_d2/stage6_d1_per_family.csv,"stage6_llama_behavioural_full_rerun,stage6_qwen_behavioural_full_rerun",,,,,not_applicable,,,,not_applicable,,,,not_applicable,,,,not_applicable,0.0,results/stage6/analysis_d2/stage6_d1_per_family.csv,"stage6_llama_behavioural_full_rerun,stage6_qwen_behavioural_full_rerun",,,,,not_measured,,,,not_applicable,,,,not_applicable,True,results/stage6/analysis_d2/stage6_d1_per_family.csv,"stage6_llama_behavioural_full_rerun,stage6_qwen_behavioural_full_rerun",,,,,not_applicable,,,,not_applicable,results/stage9/baselines/cot_text/surface_tfidf_continuous.json,not_applicable,results/stage9/baselines/answer_rationale/surface_tfidf_continuous.json,not_applicable
llama_primary,CM_A_STD_011,electrostatics_circuits,irrelevant_variable,original,0.0,results/stage6/analysis_d2/stage6_d1_per_family.csv,"stage6_llama_behavioural_full_rerun,stage6_qwen_behavioural_full_rerun",,,,,not_applicable,,,,not_applicable,,,,not_applicable,,,,not_applicable,0.0,results/stage6/analysis_d2/stage6_d1_per_family.csv,"stage6_llama_behavioural_full_rerun,stage6_qwen_behavioural_full_rerun",,,,,not_measured,,,,not_applicable,,,,not_applicable,True,results/stage6/analysis_d2/stage6_d1_per_family.csv,"stage6_llama_behavioural_full_rerun,stage6_qwen_behavioural_full_rerun",,,,,not_applicable,,,,not_applicable,results/stage9/baselines/cot_text/surface_tfidf_continuous.json,not_applicable,results/stage9/baselines/answer_rationale/surface_tfidf_continuous.json,not_applicable
llama_primary,CM_A_STD_012,electrostatics_circuits,irrelevant_variable,original,0.390625,results/stage6/analysis_d2/stage6_d1_per_family.csv,"stage6_llama_behavioural_full_rerun,stage6_qwen_behavioural_full_rerun",,,,,not_applicable,,,,not_applicable,,,,not_applicable,,,,not_applicable,0.0,results/stage6/analysis_d2/stage6_d1_per_family.csv,"stage6_llama_behavioural_full_rerun,stage6_qwen_behavioural_full_rerun",,,,,not_measured,,,,not_applicable,,,,not_applicable,True,results/stage6/analysis_d2/stage6_d1_per_family.csv,"stage6_llama_behavioural_full_rerun,stage6_qwen_behavioural_full_rerun",,,,,not_applicable,,,,not_applicable,results/stage9/baselines/cot_text/surface_tfidf_continuous.json,not_applicable,results/stage9/baselines/answer_rationale/surface_tfidf_continuous.json,not_applicable
llama_primary,CM_A_STD_013,electrostatics_circuits,irrelevant_variable,original,0.0,results/stage6/analysis_d2/stage6_d1_per_family.csv,"stage6_llama_behavioural_full_rerun,stage6_qwen_behavioural_full_rerun",,,,,not_applicable,,,,not_applicable,,,,not_applicable,,,,not_applicable,0.0,results/stage6/analysis_d2/stage6_d1_per_family.csv,"stage6_llama_behavioural_full_rerun,stage6_qwen_behavioural_full_rerun",,,,,not_measured,,,,not_applicable,,,,not_applicable,True,results/stage6/analysis_d2/stage6_d1_per_family.csv,"stage6_llama_behavioural_full_rerun,stage6_qwen_behavioural_full_rerun",,,,,not_applicable,,,,not_applicable,results/stage9/baselines/cot_text/surface_tfidf_continuous.json,not_applicable,results/stage9/baselines/answer_rationale/surface_tfidf_continuous.json,not_applicable
llama_primary,CM_A_STD_014,electrostatics_circuits,irrelevant_variable,original,0.0,results/stage6/analysis_d2/stage6_d1_per_family.csv,"stage6_llama_behavioural_full_rerun,stage6_qwen_behavioural_full_rerun",,,,,not_applicable,,,,not_applicable,,,,not_applicable,,,,not_applicable,0.0,results/stage6/analysis_d2/stage6_d1_per_family.csv,"stage6_llama_behavioural_full_rerun,stage6_qwen_behavioural_full_rerun",,,,,not_measured,,,,not_applicable,,,,not_applicable,True,results/stage6/analysis_d2/stage6_d1_per_family.csv,"stage6_llama_behavioural_full_rerun,stage6_qwen_behavioural_full_rerun",,,,,not_applicable,,,,not_applicable,results/stage9/baselines/cot_text/surface_tfidf_continuous.json,not_applicable,results/stage9/baselines/answer_rationale/surface_tfidf_continuous.json,not_applicable
llama_primary,CM_A_STD_015,electrostatics_circuits,irrelevant_variable,original,0.0,results/stage6/analysis_d2/stage6_d1_per_family.csv,"stage6_llama_behavioural_full_rerun,stage6_qwen_behavioural_full_rerun",,,,,not_applicable,,,,not_applicable,,,,not_applicable,,,,not_applicable,0.0,results/stage6/analysis_d2/stage6_d1_per_family.csv,"stage6_llama_behavioural_full_rerun,stage6_qwen_behavioural_full_rerun",,,,,not_measured,,,,not_applicable,,,,not_applicable,True,results/stage6/analysis_d2/stage6_d1_per_family.csv,"stage6_llama_behavioural_full_rerun,stage6_qwen_behavioural_full_rerun",,,,,not_applicable,,,,not_applicable,results/stage9/baselines/cot_text/surface_tfidf_continuous.json,not_applicable,results/stage9/baselines/answer_rationale/surface_tfidf_continuous.json,not_applicable
llama_primary,CM_A_STD_016,electrostatics_circuits,irrelevant_variable,original,0.0,results/stage6/analysis_d2/stage6_d1_per_family.csv,"stage6_llama_behavioural_full_rerun,stage6_qwen_behavioural_full_rerun",,,,,not_applicable,,,,not_applicable,,,,not_applicable,,,,not_applicable,0.6666666666666666,results/stage6/analysis_d2/stage6_d1_per_family.csv,"stage6_llama_behavioural_full_rerun,stage6_qwen_behavioural_full_rerun",,,,,not_measured,,,,not_applicable,,,,not_applicable,True,results/stage6/analysis_d2/stage6_d1_per_family.csv,"stage6_llama_behavioural_full_rerun,stage6_qwen_behavioural_full_rerun",,,,,not_applicable,,,,not_applicable,results/stage9/baselines/cot_text/surface_tfidf_continuous.json,not_applicable,results/stage9/baselines/answer_rationale/surface_tfidf_continuous.json,not_applicable
llama_primary,CM_A_STD_017,thermodynamics,irrelevant_variable,original,6.203125,results/stage6/analysis_d2/stage6_d1_per_family.csv,"stage6_llama_behavioural_full_rerun,stage6_qwen_behavioural_full_rerun",,,,,not_applicable,,,,not_applicable,,,,not_applicable,,,,not_applicable,1.0,results/stage6/analysis_d2/stage6_d1_per_family.csv,"stage6_llama_behavioural_full_rerun,stage6_qwen_behavioural_full_rerun",,,,,not_measured,,,,not_applicable,,,,not_applicable,True,results/stage6/analysis_d2/stage6_d1_per_family.csv,"stage6_llama_behavioural_full_rerun,stage6_qwen_behavioural_full_rerun",,,,,not_applicable,,,,not_applicable,results/stage9/baselines/cot_text/surface_tfidf_continuous.json,not_applicable,results/stage9/baselines/answer_rationale/surface_tfidf_continuous.json,not_applicable
llama_primary,CM_A_STD_018,thermodynamics,irrelevant_variable,original,0.296875,results/stage6/analysis_d2/stage6_d1_per_family.csv,"stage6_llama_behavioural_full_rerun,stage6_qwen_behavioural_full_rerun",,,,,not_applicable,,,,not_applicable,,,,not_applicable,,,,not_applicable,0.0,results/stage6/analysis_d2/stage6_d1_per_family.csv,"stage6_llama_behavioural_full_rerun,stage6_qwen_behavioural_full_rerun",,,,,not_measured,,,,not_applicable,,,,not_applicable,True,results/stage6/analysis_d2/stage6_d1_per_family.csv,"stage6_llama_behavioural_full_rerun,stage6_qwen_behavioural_full_rerun",,,,,not_applicable,,,,not_applicable,results/stage9/baselines/cot_text/surface_tfidf_continuous.json,not_applicable,results/stage9/baselines/answer_rationale/surface_tfidf_continuous.json,not_applicable
llama_primary,CM_A_STD_019,thermodynamics,irrelevant_variable,original,0.03125,results/stage6/analysis_d2/stage6_d1_per_family.csv,"stage6_llama_behavioural_full_rerun,stage6_qwen_behavioural_full_rerun",,,,,not_applicable,,,,not_applicable,,,,not_applicable,,,,not_applicable,0.0,results/stage6/analysis_d2/stage6_d1_per_family.csv,"stage6_llama_behavioural_full_rerun,stage6_qwen_behavioural_full_rerun",,,,,not_measured,,,,not_applicable,,,,not_applicable,True,results/stage6/analysis_d2/stage6_d1_per_family.csv,"stage6_llama_behavioural_full_rerun,stage6_qwen_behavioural_full_rerun",,,,,not_applicable,,,,not_applicable,results/stage9/baselines/cot_text/surface_tfidf_continuous.json,not_applicable,results/stage9/baselines/answer_rationale/surface_tfidf_continuous.json,not_applicable
llama_primary,CM_A_STD_020,thermodynamics,irrelevant_variable,original,0.46875,results/stage6/analysis_d2/stage6_d1_per_family.csv,"stage6_llama_behavioural_full_rerun,stage6_qwen_behavioural_full_rerun",,,,,not_applicable,,,,not_applicable,,,,not_applicable,,,,not_applicable,0.0,results/stage6/analysis_d2/stage6_d1_per_family.csv,"stage6_llama_behavioural_full_rerun,stage6_qwen_behavioural_full_rerun",,,,,not_measured,,,,not_applicable,,,,not_applicable,True,results/stage6/analysis_d2/stage6_d1_per_family.csv,"stage6_llama_behavioural_full_rerun,stage6_qwen_behavioural_full_rerun",,,,,not_applicable,,,,not_applicable,results/stage9/baselines/cot_text/surface_tfidf_continuous.json,not_applicable,results/stage9/baselines/answer_rationale/surface_tfidf_continuous.json,not_applicable
llama_primary,CM_B_001,mechanics,nongoverning_distractor,original,0.0,results/stage6/analysis_d2/stage6_d1_per_family.csv,"stage6_llama_behavioural_full_rerun,stage6_qwen_behavioural_full_rerun",,,,,not_applicable,,,,not_applicable,,,,not_applicable,,,,not_applicable,0.0,results/stage6/analysis_d2/stage6_d1_per_family.csv,"stage6_llama_behavioural_full_rerun,stage6_qwen_behavioural_full_rerun",,,,,not_measured,,,,not_applicable,,,,not_applicable,True,results/stage6/analysis_d2/stage6_d1_per_family.csv,"stage6_llama_behavioural_full_rerun,stage6_qwen_behavioural_full_rerun",,,,,not_applicable,,,,not_applicable,results/stage9/baselines/cot_text/surface_tfidf_continuous.json,not_applicable,results/stage9/baselines/answer_rationale/surface_tfidf_continuous.json,not_applicable
llama_primary,CM_B_002,mechanics,nongoverning_distractor,original,0.03125,results/stage6/analysis_d2/stage6_d1_per_family.csv,"stage6_llama_behavioural_full_rerun,stage6_qwen_behavioural_full_rerun",,,,,not_applicable,,,,not_applicable,,,,not_applicable,,,,not_applicable,0.0,results/stage6/analysis_d2/stage6_d1_per_family.csv,"stage6_llama_behavioural_full_rerun,stage6_qwen_behavioural_full_rerun",,,,,not_measured,,,,not_applicable,,,,not_applicable,True,results/stage6/analysis_d2/stage6_d1_per_family.csv,"stage6_llama_behavioural_full_rerun,stage6_qwen_behavioural_full_rerun",,,,,not_applicable,,,,not_applicable,results/stage9/baselines/cot_text/surface_tfidf_continuous.json,not_applicable,results/stage9/baselines/answer_rationale/surface_tfidf_continuous.json,not_applicable
llama_primary,CM_B_003,mechanics,nongoverning_distractor,original,0.0,results/stage6/analysis_d2/stage6_d1_per_family.csv,"stage6_llama_behavioural_full_rerun,stage6_qwen_behavioural_full_rerun",,,,,not_applicable,,,,not_applicable,,,,not_applicable,,,,not_applicable,0.0,results/stage6/analysis_d2/stage6_d1_per_family.csv,"stage6_llama_behavioural_full_rerun,stage6_qwen_behavioural_full_rerun",,,,,not_measured,,,,not_applicable,,,,not_applicable,True,results/stage6/analysis_d2/stage6_d1_per_family.csv,"stage6_llama_behavioural_full_rerun,stage6_qwen_behavioural_full_rerun",,,,,not_applicable,,,,not_applicable,results/stage9/baselines/cot_text/surface_tfidf_continuous.json,not_applicable,results/stage9/baselines/answer_rationale/surface_tfidf_continuous.json,not_applicable
llama_primary,CM_B_004,mechanics,nongoverning_distractor,original,0.0,results/stage6/analysis_d2/stage6_d1_per_family.csv,"stage6_llama_behavioural_full_rerun,stage6_qwen_behavioural_full_rerun",,,,,not_applicable,,,,not_applicable,,,,not_applicable,,,,not_applicable,0.6666666666666666,results/stage6/analysis_d2/stage6_d1_per_family.csv,"stage6_llama_behavioural_full_rerun,stage6_qwen_behavioural_full_rerun",,-2.2857142857142856,results/stage10/llama_mhk/patching_results.csv,stage10_llama_old_mhk,,,,,not_applicable,,,,not_applicable,True,results/stage6/analysis_d2/stage6_d1_per_family.csv,"stage6_llama_behavioural_full_rerun,stage6_qwen_behavioural_full_rerun",,,,,not_applicable,,,,not_applicable,results/stage9/baselines/cot_text/surface_tfidf_continuous.json,not_applicable,results/stage9/baselines/answer_rationale/surface_tfidf_continuous.json,not_applicable
llama_primary,CM_B_005,mechanics,nongoverning_distractor,original,0.0,results/stage6/analysis_d2/stage6_d1_per_family.csv,"stage6_llama_behavioural_full_rerun,stage6_qwen_behavioural_full_rerun",,,,,not_applicable,,,,not_applicable,,,,not_applicable,,,,not_applicable,0.0,results/stage6/analysis_d2/stage6_d1_per_family.csv,"stage6_llama_behavioural_full_rerun,stage6_qwen_behavioural_full_rerun",,,,,not_measured,,,,not_applicable,,,,not_applicable,True,results/stage6/analysis_d2/stage6_d1_per_family.csv,"stage6_llama_behavioural_full_rerun,stage6_qwen_behavioural_full_rerun",,,,,not_applicable,,,,not_applicable,results/stage9/baselines/cot_text/surface_tfidf_continuous.json,not_applicable,results/stage9/baselines/answer_rationale/surface_tfidf_continuous.json,not_applicable
llama_primary,CM_B_006,mechanics,nongoverning_distractor,original,0.0,results/stage6/analysis_d2/stage6_d1_per_family.csv,"stage6_llama_behavioural_full_rerun,stage6_qwen_behavioural_full_rerun",,,,,not_applicable,,,,not_applicable,,,,not_applicable,,,,not_applicable,0.0,results/stage6/analysis_d2/stage6_d1_per_family.csv,"stage6_llama_behavioural_full_rerun,stage6_qwen_behavioural_full_rerun",,,,,not_measured,,,,not_applicable,,,,not_applicable,True,results/stage6/analysis_d2/stage6_d1_per_family.csv,"stage6_llama_behavioural_full_rerun,stage6_qwen_behavioural_full_rerun",,,,,not_applicable,,,,not_applicable,results/stage9/baselines/cot_text/surface_tfidf_continuous.json,not_applicable,results/stage9/baselines/answer_rationale/surface_tfidf_continuous.json,not_applicable
llama_primary,CM_B_007,mechanics,nongoverning_distractor,original,0.0,results/stage6/analysis_d2/stage6_d1_per_family.csv,"stage6_llama_behavioural_full_rerun,stage6_qwen_behavioural_full_rerun",,,,,not_applicable,,,,not_applicable,,,,not_applicable,,,,not_applicable,1.0,results/stage6/analysis_d2/stage6_d1_per_family.csv,"stage6_llama_behavioural_full_rerun,stage6_qwen_behavioural_full_rerun",,,,,not_measured,,,,not_applicable,,,,not_applicable,True,results/stage6/analysis_d2/stage6_d1_per_family.csv,"stage6_llama_behavioural_full_rerun,stage6_qwen_behavioural_full_rerun",,,,,not_applicable,,,,not_applicable,results/stage9/baselines/cot_text/surface_tfidf_continuous.json,not_applicable,results/stage9/baselines/answer_rationale/surface_tfidf_continuous.json,not_applicable
llama_primary,CM_B_008,mechanics,nongoverning_distractor,original,0.0,results/stage6/analysis_d2/stage6_d1_per_family.csv,"stage6_llama_behavioural_full_rerun,stage6_qwen_behavioural_full_rerun",,,,,not_applicable,,,,not_applicable,,,,not_applicable,,,,not_applicable,0.0,results/stage6/analysis_d2/stage6_d1_per_family.csv,"stage6_llama_behavioural_full_rerun,stage6_qwen_behavioural_full_rerun",,,,,not_measured,,,,not_applicable,,,,not_applicable,True,results/stage6/analysis_d2/stage6_d1_per_family.csv,"stage6_llama_behavioural_full_rerun,stage6_qwen_behavioural_full_rerun",,,,,not_applicable,,,,not_applicable,results/stage9/baselines/cot_text/surface_tfidf_continuous.json,not_applicable,results/stage9/baselines/answer_rationale/surface_tfidf_continuous.json,not_applicable
llama_primary,CM_B_009,mechanics,nongoverning_distractor,original,0.34375,results/stage6/analysis_d2/stage6_d1_per_family.csv,"stage6_llama_behavioural_full_rerun,stage6_qwen_behavioural_full_rerun",,,,,not_applicable,,,,not_applicable,,,,not_applicable,,,,not_applicable,0.6666666666666666,results/stage6/analysis_d2/stage6_d1_per_family.csv,"stage6_llama_behavioural_full_rerun,stage6_qwen_behavioural_full_rerun",,,,,not_measured,,,,not_applicable,,,,not_applicable,True,results/stage6/analysis_d2/stage6_d1_per_family.csv,"stage6_llama_behavioural_full_rerun,stage6_qwen_behavioural_full_rerun",,,,,not_applicable,,,,not_applicable,results/stage9/baselines/cot_text/surface_tfidf_continuous.json,not_applicable,results/stage9/baselines/answer_rationale/surface_tfidf_continuous.json,not_applicable
llama_primary,CM_B_010,mechanics,nongoverning_distractor,original,0.203125,results/stage6/analysis_d2/stage6_d1_per_family.csv,"stage6_llama_behavioural_full_rerun,stage6_qwen_behavioural_full_rerun",,,,,not_applicable,,,,not_applicable,,,,not_applicable,,,,not_applicable,0.0,results/stage6/analysis_d2/stage6_d1_per_family.csv,"stage6_llama_behavioural_full_rerun,stage6_qwen_behavioural_full_rerun",,,,,not_measured,,,,not_applicable,,,,not_applicable,True,results/stage6/analysis_d2/stage6_d1_per_family.csv,"stage6_llama_behavioural_full_rerun,stage6_qwen_behavioural_full_rerun",,,,,not_applicable,,,,not_applicable,results/stage9/baselines/cot_text/surface_tfidf_continuous.json,not_applicable,results/stage9/baselines/answer_rationale/surface_tfidf_continuous.json,not_applicable
llama_primary,CM_B_STD_001,mechanics,nongoverning_distractor,original,0.234375,results/stage6/analysis_d2/stage6_d1_per_family.csv,"stage6_llama_behavioural_full_rerun,stage6_qwen_behavioural_full_rerun",,,,,not_applicable,,,,not_applicable,,,,not_applicable,,,,not_applicable,0.0,results/stage6/analysis_d2/stage6_d1_per_family.csv,"stage6_llama_behavioural_full_rerun,stage6_qwen_behavioural_full_rerun",,,,,not_measured,,,,not_applicable,,,,not_applicable,True,results/stage6/analysis_d2/stage6_d1_per_family.csv,"stage6_llama_behavioural_full_rerun,stage6_qwen_behavioural_full_rerun",,,,,not_applicable,,,,not_applicable,results/stage9/baselines/cot_text/surface_tfidf_continuous.json,not_applicable,results/stage9/baselines/answer_rationale/surface_tfidf_continuous.json,not_applicable
llama_primary,CM_B_STD_002,mechanics,nongoverning_distractor,original,0.078125,results/stage6/analysis_d2/stage6_d1_per_family.csv,"stage6_llama_behavioural_full_rerun,stage6_qwen_behavioural_full_rerun",,,,,not_applicable,,,,not_applicable,,,,not_applicable,,,,not_applicable,0.0,results/stage6/analysis_d2/stage6_d1_per_family.csv,"stage6_llama_behavioural_full_rerun,stage6_qwen_behavioural_full_rerun",,,,,not_measured,,,,not_applicable,,,,not_applicable,True,results/stage6/analysis_d2/stage6_d1_per_family.csv,"stage6_llama_behavioural_full_rerun,stage6_qwen_behavioural_full_rerun",,,,,not_applicable,,,,not_applicable,results/stage9/baselines/cot_text/surface_tfidf_continuous.json,not_applicable,results/stage9/baselines/answer_rationale/surface_tfidf_continuous.json,not_applicable
llama_primary,CM_B_STD_003,mechanics,nongoverning_distractor,original,1.25,results/stage6/analysis_d2/stage6_d1_per_family.csv,"stage6_llama_behavioural_full_rerun,stage6_qwen_behavioural_full_rerun",,,,,not_applicable,,,,not_applicable,,,,not_applicable,,,,not_applicable,0.0,results/stage6/analysis_d2/stage6_d1_per_family.csv,"stage6_llama_behavioural_full_rerun,stage6_qwen_behavioural_full_rerun",,,,,not_measured,,,,not_applicable,,,,not_applicable,True,results/stage6/analysis_d2/stage6_d1_per_family.csv,"stage6_llama_behavioural_full_rerun,stage6_qwen_behavioural_full_rerun",,,,,not_applicable,,,,not_applicable,results/stage9/baselines/cot_text/surface_tfidf_continuous.json,not_applicable,results/stage9/baselines/answer_rationale/surface_tfidf_continuous.json,not_applicable
llama_primary,CM_B_STD_004,mechanics,nongoverning_distractor,original,0.3125,results/stage6/analysis_d2/stage6_d1_per_family.csv,"stage6_llama_behavioural_full_rerun,stage6_qwen_behavioural_full_rerun",,,,,not_applicable,,,,not_applicable,,,,not_applicable,,,,not_applicable,0.5,results/stage6/analysis_d2/stage6_d1_per_family.csv,"stage6_llama_behavioural_full_rerun,stage6_qwen_behavioural_full_rerun",,,,,not_measured,,,,not_applicable,,,,not_applicable,True,results/stage6/analysis_d2/stage6_d1_per_family.csv,"stage6_llama_behavioural_full_rerun,stage6_qwen_behavioural_full_rerun",,,,,not_applicable,,,,not_applicable,results/stage9/baselines/cot_text/surface_tfidf_continuous.json,not_applicable,results/stage9/baselines/answer_rationale/surface_tfidf_continuous.json,not_applicable
llama_primary,CM_B_STD_005,mechanics,nongoverning_distractor,original,0.0,results/stage6/analysis_d2/stage6_d1_per_family.csv,"stage6_llama_behavioural_full_rerun,stage6_qwen_behavioural_full_rerun",,,,,not_applicable,,,,not_applicable,,,,not_applicable,,,,not_applicable,0.0,results/stage6/analysis_d2/stage6_d1_per_family.csv,"stage6_llama_behavioural_full_rerun,stage6_qwen_behavioural_full_rerun",,,,,not_measured,,,,not_applicable,,,,not_applicable,True,results/stage6/analysis_d2/stage6_d1_per_family.csv,"stage6_llama_behavioural_full_rerun,stage6_qwen_behavioural_full_rerun",,,,,not_applicable,,,,not_applicable,results/stage9/baselines/cot_text/surface_tfidf_continuous.json,not_applicable,results/stage9/baselines/answer_rationale/surface_tfidf_continuous.json,not_applicable
llama_primary,CM_B_STD_006,mechanics,nongoverning_distractor,original,0.0,results/stage6/analysis_d2/stage6_d1_per_family.csv,"stage6_llama_behavioural_full_rerun,stage6_qwen_behavioural_full_rerun",,,,,not_applicable,,,,not_applicable,,,,not_applicable,,,,not_applicable,0.5,results/stage6/analysis_d2/stage6_d1_per_family.csv,"stage6_llama_behavioural_full_rerun,stage6_qwen_behavioural_full_rerun",,-1.222222222222222,results/stage10/llama_mhk/patching_results.csv,stage10_llama_old_mhk,,,,,not_applicable,,,,not_applicable,True,results/stage6/analysis_d2/stage6_d1_per_family.csv,"stage6_llama_behavioural_full_rerun,stage6_qwen_behavioural_full_rerun",,,,,not_applicable,,,,not_applicable,results/stage9/baselines/cot_text/surface_tfidf_continuous.json,not_applicable,results/stage9/baselines/answer_rationale/surface_tfidf_continuous.json,not_applicable
llama_primary,CM_B_STD_007,thermodynamics,nongoverning_distractor,original,0.640625,results/stage6/analysis_d2/stage6_d1_per_family.csv,"stage6_llama_behavioural_full_rerun,stage6_qwen_behavioural_full_rerun",,,,,not_applicable,,,,not_applicable,,,,not_applicable,,,,not_applicable,0.0,results/stage6/analysis_d2/stage6_d1_per_family.csv,"stage6_llama_behavioural_full_rerun,stage6_qwen_behavioural_full_rerun",,,,,not_measured,,,,not_applicable,,,,not_applicable,True,results/stage6/analysis_d2/stage6_d1_per_family.csv,"stage6_llama_behavioural_full_rerun,stage6_qwen_behavioural_full_rerun",,,,,not_applicable,,,,not_applicable,results/stage9/baselines/cot_text/surface_tfidf_continuous.json,not_applicable,results/stage9/baselines/answer_rationale/surface_tfidf_continuous.json,not_applicable
llama_primary,CM_B_STD_008,thermodynamics,nongoverning_distractor,original,0.1875,results/stage6/analysis_d2/stage6_d1_per_family.csv,"stage6_llama_behavioural_full_rerun,stage6_qwen_behavioural_full_rerun",,,,,not_applicable,,,,not_applicable,,,,not_applicable,,,,not_applicable,0.5,results/stage6/analysis_d2/stage6_d1_per_family.csv,"stage6_llama_behavioural_full_rerun,stage6_qwen_behavioural_full_rerun",,,,,not_measured,,,,not_applicable,,,,not_applicable,True,results/stage6/analysis_d2/stage6_d1_per_family.csv,"stage6_llama_behavioural_full_rerun,stage6_qwen_behavioural_full_rerun",,,,,not_applicable,,,,not_applicable,results/stage9/baselines/cot_text/surface_tfidf_continuous.json,not_applicable,results/stage9/baselines/answer_rationale/surface_tfidf_continuous.json,not_applicable
llama_primary,CM_B_STD_009,thermodynamics,nongoverning_distractor,original,0.0625,results/stage6/analysis_d2/stage6_d1_per_family.csv,"stage6_llama_behavioural_full_rerun,stage6_qwen_behavioural_full_rerun",,,,,not_applicable,,,,not_applicable,,,,not_applicable,,,,not_applicable,0.0,results/stage6/analysis_d2/stage6_d1_per_family.csv,"stage6_llama_behavioural_full_rerun,stage6_qwen_behavioural_full_rerun",,,,,not_measured,,,,not_applicable,,,,not_applicable,True,results/stage6/analysis_d2/stage6_d1_per_family.csv,"stage6_llama_behavioural_full_rerun,stage6_qwen_behavioural_full_rerun",,,,,not_applicable,,,,not_applicable,results/stage9/baselines/cot_text/surface_tfidf_continuous.json,not_applicable,results/stage9/baselines/answer_rationale/surface_tfidf_continuous.json,not_applicable
llama_primary,CM_B_STD_010,electrostatics_circuits,nongoverning_distractor,original,0.296875,results/stage6/analysis_d2/stage6_d1_per_family.csv,"stage6_llama_behavioural_full_rerun,stage6_qwen_behavioural_full_rerun",,,,,not_applicable,,,,not_applicable,,,,not_applicable,,,,not_applicable,0.8333333333333334,results/stage6/analysis_d2/stage6_d1_per_family.csv,"stage6_llama_behavioural_full_rerun,stage6_qwen_behavioural_full_rerun",,1.7293233082706767,results/stage10/llama_mhk/patching_results.csv,stage10_llama_old_mhk,,,,,not_applicable,,,,not_applicable,True,results/stage6/analysis_d2/stage6_d1_per_family.csv,"stage6_llama_behavioural_full_rerun,stage6_qwen_behavioural_full_rerun",,,,,not_applicable,,,,not_applicable,results/stage9/baselines/cot_text/surface_tfidf_continuous.json,not_applicable,results/stage9/baselines/answer_rationale/surface_tfidf_continuous.json,not_applicable
llama_primary,CM_B_STD_011,electrostatics_circuits,nongoverning_distractor,original,0.359375,results/stage6/analysis_d2/stage6_d1_per_family.csv,"stage6_llama_behavioural_full_rerun,stage6_qwen_behavioural_full_rerun",,,,,not_applicable,,,,not_applicable,,,,not_applicable,,,,not_applicable,0.0,results/stage6/analysis_d2/stage6_d1_per_family.csv,"stage6_llama_behavioural_full_rerun,stage6_qwen_behavioural_full_rerun",,1.2236024844720497,results/stage10/llama_mhk/patching_results.csv,stage10_llama_old_mhk,,,,,not_applicable,,,,not_applicable,True,results/stage6/analysis_d2/stage6_d1_per_family.csv,"stage6_llama_behavioural_full_rerun,stage6_qwen_behavioural_full_rerun",,,,,not_applicable,,,,not_applicable,results/stage9/baselines/cot_text/surface_tfidf_continuous.json,not_applicable,results/stage9/baselines/answer_rationale/surface_tfidf_continuous.json,not_applicable
llama_primary,CM_B_STD_012,electrostatics_circuits,nongoverning_distractor,original,1.046875,results/stage6/analysis_d2/stage6_d1_per_family.csv,"stage6_llama_behavioural_full_rerun,stage6_qwen_behavioural_full_rerun",,,,,not_applicable,,,,not_applicable,,,,not_applicable,,,,not_applicable,0.8333333333333334,results/stage6/analysis_d2/stage6_d1_per_family.csv,"stage6_llama_behavioural_full_rerun,stage6_qwen_behavioural_full_rerun",,,,,not_measured,,,,not_applicable,,,,not_applicable,True,results/stage6/analysis_d2/stage6_d1_per_family.csv,"stage6_llama_behavioural_full_rerun,stage6_qwen_behavioural_full_rerun",,,,,not_applicable,,,,not_applicable,results/stage9/baselines/cot_text/surface_tfidf_continuous.json,not_applicable,results/stage9/baselines/answer_rationale/surface_tfidf_continuous.json,not_applicable
llama_primary,CM_B_STD_013,mechanics,nongoverning_distractor,original,0.25,results/stage6/analysis_d2/stage6_d1_per_family.csv,"stage6_llama_behavioural_full_rerun,stage6_qwen_behavioural_full_rerun",,,,,not_applicable,,,,not_applicable,,,,not_applicable,,,,not_applicable,0.0,results/stage6/analysis_d2/stage6_d1_per_family.csv,"stage6_llama_behavioural_full_rerun,stage6_qwen_behavioural_full_rerun",,2.232142857142857,results/stage10/llama_mhk/patching_results.csv,stage10_llama_old_mhk,,,,,not_applicable,,,,not_applicable,True,results/stage6/analysis_d2/stage6_d1_per_family.csv,"stage6_llama_behavioural_full_rerun,stage6_qwen_behavioural_full_rerun",,,,,not_applicable,,,,not_applicable,results/stage9/baselines/cot_text/surface_tfidf_continuous.json,not_applicable,results/stage9/baselines/answer_rationale/surface_tfidf_continuous.json,not_applicable
llama_primary,CM_B_STD_014,mechanics,nongoverning_distractor,original,0.140625,results/stage6/analysis_d2/stage6_d1_per_family.csv,"stage6_llama_behavioural_full_rerun,stage6_qwen_behavioural_full_rerun",,,,,not_applicable,,,,not_applicable,,,,not_applicable,,,,not_applicable,0.6666666666666666,results/stage6/analysis_d2/stage6_d1_per_family.csv,"stage6_llama_behavioural_full_rerun,stage6_qwen_behavioural_full_rerun",,3.7777777777777777,results/stage10/llama_mhk/patching_results.csv,stage10_llama_old_mhk,,,,,not_applicable,,,,not_applicable,True,results/stage6/analysis_d2/stage6_d1_per_family.csv,"stage6_llama_behavioural_full_rerun,stage6_qwen_behavioural_full_rerun",,,,,not_applicable,,,,not_applicable,results/stage9/baselines/cot_text/surface_tfidf_continuous.json,not_applicable,results/stage9/baselines/answer_rationale/surface_tfidf_continuous.json,not_applicable
llama_primary,CM_B_STD_015,mechanics,nongoverning_distractor,original,0.53125,results/stage6/analysis_d2/stage6_d1_per_family.csv,"stage6_llama_behavioural_full_rerun,stage6_qwen_behavioural_full_rerun",,,,,not_applicable,,,,not_applicable,,,,not_applicable,,,,not_applicable,0.6666666666666666,results/stage6/analysis_d2/stage6_d1_per_family.csv,"stage6_llama_behavioural_full_rerun,stage6_qwen_behavioural_full_rerun",,0.9411764705882353,results/stage10/llama_mhk/patching_results.csv,stage10_llama_old_mhk,,,,,not_applicable,,,,not_applicable,True,results/stage6/analysis_d2/stage6_d1_per_family.csv,"stage6_llama_behavioural_full_rerun,stage6_qwen_behavioural_full_rerun",,,,,not_applicable,,,,not_applicable,results/stage9/baselines/cot_text/surface_tfidf_continuous.json,not_applicable,results/stage9/baselines/answer_rationale/surface_tfidf_continuous.json,not_applicable
llama_primary,CM_B_UM_001,mechanics,nongoverning_distractor,original,1.421875,results/stage6/analysis_d2/stage6_d1_per_family.csv,"stage6_llama_behavioural_full_rerun,stage6_qwen_behavioural_full_rerun",,,,,not_applicable,,,,not_applicable,,,,not_applicable,,,,not_applicable,0.0,results/stage6/analysis_d2/stage6_d1_per_family.csv,"stage6_llama_behavioural_full_rerun,stage6_qwen_behavioural_full_rerun",,0.3453689167974882,results/stage10/llama_mhk/patching_results.csv,stage10_llama_old_mhk,,,,,not_applicable,,,,not_applicable,True,results/stage6/analysis_d2/stage6_d1_per_family.csv,"stage6_llama_behavioural_full_rerun,stage6_qwen_behavioural_full_rerun",,,,,not_applicable,,,,not_applicable,results/stage9/baselines/cot_text/surface_tfidf_continuous.json,not_applicable,results/stage9/baselines/answer_rationale/surface_tfidf_continuous.json,not_applicable
llama_primary,CM_B_UM_002,mechanics,nongoverning_distractor,original,0.234375,results/stage6/analysis_d2/stage6_d1_per_family.csv,"stage6_llama_behavioural_full_rerun,stage6_qwen_behavioural_full_rerun",,,,,not_applicable,,,,not_applicable,,,,not_applicable,,,,not_applicable,0.0,results/stage6/analysis_d2/stage6_d1_per_family.csv,"stage6_llama_behavioural_full_rerun,stage6_qwen_behavioural_full_rerun",,,,,not_measured,,,,not_applicable,,,,not_applicable,True,results/stage6/analysis_d2/stage6_d1_per_family.csv,"stage6_llama_behavioural_full_rerun,stage6_qwen_behavioural_full_rerun",,,,,not_applicable,,,,not_applicable,results/stage9/baselines/cot_text/surface_tfidf_continuous.json,not_applicable,results/stage9/baselines/answer_rationale/surface_tfidf_continuous.json,not_applicable
llama_primary,CM_B_UM_003,mechanics,nongoverning_distractor,original,0.21875,results/stage6/analysis_d2/stage6_d1_per_family.csv,"stage6_llama_behavioural_full_rerun,stage6_qwen_behavioural_full_rerun",,,,,not_applicable,,,,not_applicable,,,,not_applicable,,,,not_applicable,0.0,results/stage6/analysis_d2/stage6_d1_per_family.csv,"stage6_llama_behavioural_full_rerun,stage6_qwen_behavioural_full_rerun",,,,,not_measured,,,,not_applicable,,,,not_applicable,True,results/stage6/analysis_d2/stage6_d1_per_family.csv,"stage6_llama_behavioural_full_rerun,stage6_qwen_behavioural_full_rerun",,,,,not_applicable,,,,not_applicable,results/stage9/baselines/cot_text/surface_tfidf_continuous.json,not_applicable,results/stage9/baselines/answer_rationale/surface_tfidf_continuous.json,not_applicable
llama_primary,CM_B_UM_004,mechanics,nongoverning_distractor,original,1.484375,results/stage6/analysis_d2/stage6_d1_per_family.csv,"stage6_llama_behavioural_full_rerun,stage6_qwen_behavioural_full_rerun",,,,,not_applicable,,,,not_applicable,,,,not_applicable,,,,not_applicable,0.0,results/stage6/analysis_d2/stage6_d1_per_family.csv,"stage6_llama_behavioural_full_rerun,stage6_qwen_behavioural_full_rerun",,,,,not_measured,,,,not_applicable,,,,not_applicable,True,results/stage6/analysis_d2/stage6_d1_per_family.csv,"stage6_llama_behavioural_full_rerun,stage6_qwen_behavioural_full_rerun",,,,,not_applicable,,,,not_applicable,results/stage9/baselines/cot_text/surface_tfidf_continuous.json,not_applicable,results/stage9/baselines/answer_rationale/surface_tfidf_continuous.json,not_applicable
llama_primary,CM_B_UM_005,mechanics,nongoverning_distractor,original,1.375,results/stage6/analysis_d2/stage6_d1_per_family.csv,"stage6_llama_behavioural_full_rerun,stage6_qwen_behavioural_full_rerun",,,,,not_applicable,,,,not_applicable,,,,not_applicable,,,,not_applicable,0.5,results/stage6/analysis_d2/stage6_d1_per_family.csv,"stage6_llama_behavioural_full_rerun,stage6_qwen_behavioural_full_rerun",,,,,not_measured,,,,not_applicable,,,,not_applicable,True,results/stage6/analysis_d2/stage6_d1_per_family.csv,"stage6_llama_behavioural_full_rerun,stage6_qwen_behavioural_full_rerun",,,,,not_applicable,,,,not_applicable,results/stage9/baselines/cot_text/surface_tfidf_continuous.json,not_applicable,results/stage9/baselines/answer_rationale/surface_tfidf_continuous.json,not_applicable
llama_primary,CM_B_UM_006,mechanics,nongoverning_distractor,original,0.0,results/stage6/analysis_d2/stage6_d1_per_family.csv,"stage6_llama_behavioural_full_rerun,stage6_qwen_behavioural_full_rerun",,,,,not_applicable,,,,not_applicable,,,,not_applicable,,,,not_applicable,0.0,results/stage6/analysis_d2/stage6_d1_per_family.csv,"stage6_llama_behavioural_full_rerun,stage6_qwen_behavioural_full_rerun",,-1.0350404312668464,results/stage10/llama_mhk/patching_results.csv,stage10_llama_old_mhk,,,,,not_applicable,,,,not_applicable,True,results/stage6/analysis_d2/stage6_d1_per_family.csv,"stage6_llama_behavioural_full_rerun,stage6_qwen_behavioural_full_rerun",,,,,not_applicable,,,,not_applicable,results/stage9/baselines/cot_text/surface_tfidf_continuous.json,not_applicable,results/stage9/baselines/answer_rationale/surface_tfidf_continuous.json,not_applicable
llama_primary,CM_B_UM_007,mechanics,nongoverning_distractor,original,0.0,results/stage6/analysis_d2/stage6_d1_per_family.csv,"stage6_llama_behavioural_full_rerun,stage6_qwen_behavioural_full_rerun",,,,,not_applicable,,,,not_applicable,,,,not_applicable,,,,not_applicable,0.0,results/stage6/analysis_d2/stage6_d1_per_family.csv,"stage6_llama_behavioural_full_rerun,stage6_qwen_behavioural_full_rerun",,,,,not_measured,,,,not_applicable,,,,not_applicable,True,results/stage6/analysis_d2/stage6_d1_per_family.csv,"stage6_llama_behavioural_full_rerun,stage6_qwen_behavioural_full_rerun",,,,,not_applicable,,,,not_applicable,results/stage9/baselines/cot_text/surface_tfidf_continuous.json,not_applicable,results/stage9/baselines/answer_rationale/surface_tfidf_continuous.json,not_applicable
llama_primary,CM_B_UM_008,mechanics,nongoverning_distractor,original,0.0,results/stage6/analysis_d2/stage6_d1_per_family.csv,"stage6_llama_behavioural_full_rerun,stage6_qwen_behavioural_full_rerun",,,,,not_applicable,,,,not_applicable,,,,not_applicable,,,,not_applicable,0.6666666666666666,results/stage6/analysis_d2/stage6_d1_per_family.csv,"stage6_llama_behavioural_full_rerun,stage6_qwen_behavioural_full_rerun",,,,,not_measured,,,,not_applicable,,,,not_applicable,True,results/stage6/analysis_d2/stage6_d1_per_family.csv,"stage6_llama_behavioural_full_rerun,stage6_qwen_behavioural_full_rerun",,,,,not_applicable,,,,not_applicable,results/stage9/baselines/cot_text/surface_tfidf_continuous.json,not_applicable,results/stage9/baselines/answer_rationale/surface_tfidf_continuous.json,not_applicable
llama_primary,CM_B_UM_009,mechanics,nongoverning_distractor,original,0.53125,results/stage6/analysis_d2/stage6_d1_per_family.csv,"stage6_llama_behavioural_full_rerun,stage6_qwen_behavioural_full_rerun",,,,,not_applicable,,,,not_applicable,,,,not_applicable,,,,not_applicable,0.0,results/stage6/analysis_d2/stage6_d1_per_family.csv,"stage6_llama_behavioural_full_rerun,stage6_qwen_behavioural_full_rerun",,0.819327731092437,results/stage10/llama_mhk/patching_results.csv,stage10_llama_old_mhk,,,,,not_applicable,,,,not_applicable,True,results/stage6/analysis_d2/stage6_d1_per_family.csv,"stage6_llama_behavioural_full_rerun,stage6_qwen_behavioural_full_rerun",,,,,not_applicable,,,,not_applicable,results/stage9/baselines/cot_text/surface_tfidf_continuous.json,not_applicable,results/stage9/baselines/answer_rationale/surface_tfidf_continuous.json,not_applicable
llama_primary,CM_B_UM_010,mechanics,nongoverning_distractor,original,0.0,results/stage6/analysis_d2/stage6_d1_per_family.csv,"stage6_llama_behavioural_full_rerun,stage6_qwen_behavioural_full_rerun",,,,,not_applicable,,,,not_applicable,,,,not_applicable,,,,not_applicable,0.0,results/stage6/analysis_d2/stage6_d1_per_family.csv,"stage6_llama_behavioural_full_rerun,stage6_qwen_behavioural_full_rerun",,,,,not_measured,,,,not_applicable,,,,not_applicable,True,results/stage6/analysis_d2/stage6_d1_per_family.csv,"stage6_llama_behavioural_full_rerun,stage6_qwen_behavioural_full_rerun",,,,,not_applicable,,,,not_applicable,results/stage9/baselines/cot_text/surface_tfidf_continuous.json,not_applicable,results/stage9/baselines/answer_rationale/surface_tfidf_continuous.json,not_applicable
llama_primary,CM_B_UM_011,mechanics,nongoverning_distractor,original,2.34375,results/stage6/analysis_d2/stage6_d1_per_family.csv,"stage6_llama_behavioural_full_rerun,stage6_qwen_behavioural_full_rerun",,,,,not_applicable,,,,not_applicable,,,,not_applicable,,,,not_applicable,0.0,results/stage6/analysis_d2/stage6_d1_per_family.csv,"stage6_llama_behavioural_full_rerun,stage6_qwen_behavioural_full_rerun",,,,,not_measured,,,,not_applicable,,,,not_applicable,True,results/stage6/analysis_d2/stage6_d1_per_family.csv,"stage6_llama_behavioural_full_rerun,stage6_qwen_behavioural_full_rerun",,,,,not_applicable,,,,not_applicable,results/stage9/baselines/cot_text/surface_tfidf_continuous.json,not_applicable,results/stage9/baselines/answer_rationale/surface_tfidf_continuous.json,not_applicable
llama_primary,CM_B_UM_012,mechanics,nongoverning_distractor,original,0.0,results/stage6/analysis_d2/stage6_d1_per_family.csv,"stage6_llama_behavioural_full_rerun,stage6_qwen_behavioural_full_rerun",,,,,not_applicable,,,,not_applicable,,,,not_applicable,,,,not_applicable,0.8333333333333334,results/stage6/analysis_d2/stage6_d1_per_family.csv,"stage6_llama_behavioural_full_rerun,stage6_qwen_behavioural_full_rerun",,-0.7755102040816327,results/stage10/llama_mhk/patching_results.csv,stage10_llama_old_mhk,,,,,not_applicable,,,,not_applicable,True,results/stage6/analysis_d2/stage6_d1_per_family.csv,"stage6_llama_behavioural_full_rerun,stage6_qwen_behavioural_full_rerun",,,,,not_applicable,,,,not_applicable,results/stage9/baselines/cot_text/surface_tfidf_continuous.json,not_applicable,results/stage9/baselines/answer_rationale/surface_tfidf_continuous.json,not_applicable
llama_primary,CM_B_UM_013,mechanics,nongoverning_distractor,original,2.515625,results/stage6/analysis_d2/stage6_d1_per_family.csv,"stage6_llama_behavioural_full_rerun,stage6_qwen_behavioural_full_rerun",,,,,not_applicable,,,,not_applicable,,,,not_applicable,,,,not_applicable,0.0,results/stage6/analysis_d2/stage6_d1_per_family.csv,"stage6_llama_behavioural_full_rerun,stage6_qwen_behavioural_full_rerun",,0.13575865128660158,results/stage10/llama_mhk/patching_results.csv,stage10_llama_old_mhk,,,,,not_applicable,,,,not_applicable,False,results/stage6/analysis_d2/stage6_d1_per_family.csv,"stage6_llama_behavioural_full_rerun,stage6_qwen_behavioural_full_rerun",,,,,not_applicable,,,,not_applicable,results/stage9/baselines/cot_text/surface_tfidf_continuous.json,not_applicable,results/stage9/baselines/answer_rationale/surface_tfidf_continuous.json,not_applicable
llama_primary,CM_B_UM_014,mechanics,nongoverning_distractor,original,0.140625,results/stage6/analysis_d2/stage6_d1_per_family.csv,"stage6_llama_behavioural_full_rerun,stage6_qwen_behavioural_full_rerun",,,,,not_applicable,,,,not_applicable,,,,not_applicable,,,,not_applicable,0.0,results/stage6/analysis_d2/stage6_d1_per_family.csv,"stage6_llama_behavioural_full_rerun,stage6_qwen_behavioural_full_rerun",,,,,not_measured,,,,not_applicable,,,,not_applicable,True,results/stage6/analysis_d2/stage6_d1_per_family.csv,"stage6_llama_behavioural_full_rerun,stage6_qwen_behavioural_full_rerun",,,,,not_applicable,,,,not_applicable,results/stage9/baselines/cot_text/surface_tfidf_continuous.json,not_applicable,results/stage9/baselines/answer_rationale/surface_tfidf_continuous.json,not_applicable
llama_primary,CM_B_UM_015,electrostatics_circuits,nongoverning_distractor,original,0.21875,results/stage6/analysis_d2/stage6_d1_per_family.csv,"stage6_llama_behavioural_full_rerun,stage6_qwen_behavioural_full_rerun",,,,,not_applicable,,,,not_applicable,,,,not_applicable,,,,not_applicable,0.0,results/stage6/analysis_d2/stage6_d1_per_family.csv,"stage6_llama_behavioural_full_rerun,stage6_qwen_behavioural_full_rerun",,,,,not_measured,,,,not_applicable,,,,not_applicable,True,results/stage6/analysis_d2/stage6_d1_per_family.csv,"stage6_llama_behavioural_full_rerun,stage6_qwen_behavioural_full_rerun",,,,,not_applicable,,,,not_applicable,results/stage9/baselines/cot_text/surface_tfidf_continuous.json,not_applicable,results/stage9/baselines/answer_rationale/surface_tfidf_continuous.json,not_applicable
llama_primary,CM_B_UM_016,electrostatics_circuits,nongoverning_distractor,original,0.125,results/stage6/analysis_d2/stage6_d1_per_family.csv,"stage6_llama_behavioural_full_rerun,stage6_qwen_behavioural_full_rerun",,,,,not_applicable,,,,not_applicable,,,,not_applicable,,,,not_applicable,0.0,results/stage6/analysis_d2/stage6_d1_per_family.csv,"stage6_llama_behavioural_full_rerun,stage6_qwen_behavioural_full_rerun",,,,,not_measured,,,,not_applicable,,,,not_applicable,True,results/stage6/analysis_d2/stage6_d1_per_family.csv,"stage6_llama_behavioural_full_rerun,stage6_qwen_behavioural_full_rerun",,,,,not_applicable,,,,not_applicable,results/stage9/baselines/cot_text/surface_tfidf_continuous.json,not_applicable,results/stage9/baselines/answer_rationale/surface_tfidf_continuous.json,not_applicable
llama_primary,CM_B_UM_017,electrostatics_circuits,nongoverning_distractor,original,0.390625,results/stage6/analysis_d2/stage6_d1_per_family.csv,"stage6_llama_behavioural_full_rerun,stage6_qwen_behavioural_full_rerun",,,,,not_applicable,,,,not_applicable,,,,not_applicable,,,,not_applicable,0.0,results/stage6/analysis_d2/stage6_d1_per_family.csv,"stage6_llama_behavioural_full_rerun,stage6_qwen_behavioural_full_rerun",,,,,not_measured,,,,not_applicable,,,,not_applicable,True,results/stage6/analysis_d2/stage6_d1_per_family.csv,"stage6_llama_behavioural_full_rerun,stage6_qwen_behavioural_full_rerun",,,,,not_applicable,,,,not_applicable,results/stage9/baselines/cot_text/surface_tfidf_continuous.json,not_applicable,results/stage9/baselines/answer_rationale/surface_tfidf_continuous.json,not_applicable
llama_primary,CM_B_UM_018,electrostatics_circuits,nongoverning_distractor,original,0.734375,results/stage6/analysis_d2/stage6_d1_per_family.csv,"stage6_llama_behavioural_full_rerun,stage6_qwen_behavioural_full_rerun",,,,,not_applicable,,,,not_applicable,,,,not_applicable,,,,not_applicable,0.0,results/stage6/analysis_d2/stage6_d1_per_family.csv,"stage6_llama_behavioural_full_rerun,stage6_qwen_behavioural_full_rerun",,,,,not_measured,,,,not_applicable,,,,not_applicable,True,results/stage6/analysis_d2/stage6_d1_per_family.csv,"stage6_llama_behavioural_full_rerun,stage6_qwen_behavioural_full_rerun",,,,,not_applicable,,,,not_applicable,results/stage9/baselines/cot_text/surface_tfidf_continuous.json,not_applicable,results/stage9/baselines/answer_rationale/surface_tfidf_continuous.json,not_applicable
llama_primary,CM_B_UM_019,electrostatics_circuits,nongoverning_distractor,original,0.0,results/stage6/analysis_d2/stage6_d1_per_family.csv,"stage6_llama_behavioural_full_rerun,stage6_qwen_behavioural_full_rerun",,,,,not_applicable,,,,not_applicable,,,,not_applicable,,,,not_applicable,0.0,results/stage6/analysis_d2/stage6_d1_per_family.csv,"stage6_llama_behavioural_full_rerun,stage6_qwen_behavioural_full_rerun",,,,,not_measured,,,,not_applicable,,,,not_applicable,True,results/stage6/analysis_d2/stage6_d1_per_family.csv,"stage6_llama_behavioural_full_rerun,stage6_qwen_behavioural_full_rerun",,,,,not_applicable,,,,not_applicable,results/stage9/baselines/cot_text/surface_tfidf_continuous.json,not_applicable,results/stage9/baselines/answer_rationale/surface_tfidf_continuous.json,not_applicable
llama_primary,CM_B_UM_020,electrostatics_circuits,nongoverning_distractor,original,0.0,results/stage6/analysis_d2/stage6_d1_per_family.csv,"stage6_llama_behavioural_full_rerun,stage6_qwen_behavioural_full_rerun",,,,,not_applicable,,,,not_applicable,,,,not_applicable,,,,not_applicable,0.0,results/stage6/analysis_d2/stage6_d1_per_family.csv,"stage6_llama_behavioural_full_rerun,stage6_qwen_behavioural_full_rerun",,,,,not_measured,,,,not_applicable,,,,not_applicable,True,results/stage6/analysis_d2/stage6_d1_per_family.csv,"stage6_llama_behavioural_full_rerun,stage6_qwen_behavioural_full_rerun",,,,,not_applicable,,,,not_applicable,results/stage9/baselines/cot_text/surface_tfidf_continuous.json,not_applicable,results/stage9/baselines/answer_rationale/surface_tfidf_continuous.json,not_applicable
llama_primary,CM_B_UM_021,electrostatics_circuits,nongoverning_distractor,original,0.03125,results/stage6/analysis_d2/stage6_d1_per_family.csv,"stage6_llama_behavioural_full_rerun,stage6_qwen_behavioural_full_rerun",,,,,not_applicable,,,,not_applicable,,,,not_applicable,,,,not_applicable,0.0,results/stage6/analysis_d2/stage6_d1_per_family.csv,"stage6_llama_behavioural_full_rerun,stage6_qwen_behavioural_full_rerun",,,,,not_measured,,,,not_applicable,,,,not_applicable,True,results/stage6/analysis_d2/stage6_d1_per_family.csv,"stage6_llama_behavioural_full_rerun,stage6_qwen_behavioural_full_rerun",,,,,not_applicable,,,,not_applicable,results/stage9/baselines/cot_text/surface_tfidf_continuous.json,not_applicable,results/stage9/baselines/answer_rationale/surface_tfidf_continuous.json,not_applicable
llama_primary,CM_B_UM_022,electrostatics_circuits,nongoverning_distractor,original,0.0,results/stage6/analysis_d2/stage6_d1_per_family.csv,"stage6_llama_behavioural_full_rerun,stage6_qwen_behavioural_full_rerun",,,,,not_applicable,,,,not_applicable,,,,not_applicable,,,,not_applicable,0.0,results/stage6/analysis_d2/stage6_d1_per_family.csv,"stage6_llama_behavioural_full_rerun,stage6_qwen_behavioural_full_rerun",,,,,not_measured,,,,not_applicable,,,,not_applicable,True,results/stage6/analysis_d2/stage6_d1_per_family.csv,"stage6_llama_behavioural_full_rerun,stage6_qwen_behavioural_full_rerun",,,,,not_applicable,,,,not_applicable,results/stage9/baselines/cot_text/surface_tfidf_continuous.json,not_applicable,results/stage9/baselines/answer_rationale/surface_tfidf_continuous.json,not_applicable
llama_primary,CM_B_UM_023,electrostatics_circuits,nongoverning_distractor,original,0.0,results/stage6/analysis_d2/stage6_d1_per_family.csv,"stage6_llama_behavioural_full_rerun,stage6_qwen_behavioural_full_rerun",,,,,not_applicable,,,,not_applicable,,,,not_applicable,,,,not_applicable,0.5,results/stage6/analysis_d2/stage6_d1_per_family.csv,"stage6_llama_behavioural_full_rerun,stage6_qwen_behavioural_full_rerun",,,,,not_measured,,,,not_applicable,,,,not_applicable,True,results/stage6/analysis_d2/stage6_d1_per_family.csv,"stage6_llama_behavioural_full_rerun,stage6_qwen_behavioural_full_rerun",,,,,not_applicable,,,,not_applicable,results/stage9/baselines/cot_text/surface_tfidf_continuous.json,not_applicable,results/stage9/baselines/answer_rationale/surface_tfidf_continuous.json,not_applicable
llama_primary,CM_B_UM_024,electrostatics_circuits,nongoverning_distractor,original,0.0,results/stage6/analysis_d2/stage6_d1_per_family.csv,"stage6_llama_behavioural_full_rerun,stage6_qwen_behavioural_full_rerun",,,,,not_applicable,,,,not_applicable,,,,not_applicable,,,,not_applicable,0.0,results/stage6/analysis_d2/stage6_d1_per_family.csv,"stage6_llama_behavioural_full_rerun,stage6_qwen_behavioural_full_rerun",,,,,not_measured,,,,not_applicable,,,,not_applicable,True,results/stage6/analysis_d2/stage6_d1_per_family.csv,"stage6_llama_behavioural_full_rerun,stage6_qwen_behavioural_full_rerun",,,,,not_applicable,,,,not_applicable,results/stage9/baselines/cot_text/surface_tfidf_continuous.json,not_applicable,results/stage9/baselines/answer_rationale/surface_tfidf_continuous.json,not_applicable
llama_primary,CM_B_UM_025,electrostatics_circuits,nongoverning_distractor,original,0.0,results/stage6/analysis_d2/stage6_d1_per_family.csv,"stage6_llama_behavioural_full_rerun,stage6_qwen_behavioural_full_rerun",,,,,not_applicable,,,,not_applicable,,,,not_applicable,,,,not_applicable,0.5,results/stage6/analysis_d2/stage6_d1_per_family.csv,"stage6_llama_behavioural_full_rerun,stage6_qwen_behavioural_full_rerun",,,,,not_measured,,,,not_applicable,,,,not_applicable,True,results/stage6/analysis_d2/stage6_d1_per_family.csv,"stage6_llama_behavioural_full_rerun,stage6_qwen_behavioural_full_rerun",,,,,not_applicable,,,,not_applicable,results/stage9/baselines/cot_text/surface_tfidf_continuous.json,not_applicable,results/stage9/baselines/answer_rationale/surface_tfidf_continuous.json,not_applicable
llama_primary,CM_B_UM_026,electrostatics_circuits,nongoverning_distractor,original,0.1640625,results/stage6/analysis_d2/stage6_d1_per_family.csv,"stage6_llama_behavioural_full_rerun,stage6_qwen_behavioural_full_rerun",,,,,not_applicable,,,,not_applicable,,,,not_applicable,,,,not_applicable,0.5,results/stage6/analysis_d2/stage6_d1_per_family.csv,"stage6_llama_behavioural_full_rerun,stage6_qwen_behavioural_full_rerun",,,,,not_measured,,,,not_applicable,,,,not_applicable,True,results/stage6/analysis_d2/stage6_d1_per_family.csv,"stage6_llama_behavioural_full_rerun,stage6_qwen_behavioural_full_rerun",,,,,not_applicable,,,,not_applicable,results/stage9/baselines/cot_text/surface_tfidf_continuous.json,not_applicable,results/stage9/baselines/answer_rationale/surface_tfidf_continuous.json,not_applicable
llama_primary,CM_B_UM_027,mechanics,nongoverning_distractor,original,0.0,results/stage6/analysis_d2/stage6_d1_per_family.csv,"stage6_llama_behavioural_full_rerun,stage6_qwen_behavioural_full_rerun",,,,,not_applicable,,,,not_applicable,,,,not_applicable,,,,not_applicable,0.0,results/stage6/analysis_d2/stage6_d1_per_family.csv,"stage6_llama_behavioural_full_rerun,stage6_qwen_behavioural_full_rerun",,,,,not_measured,,,,not_applicable,,,,not_applicable,True,results/stage6/analysis_d2/stage6_d1_per_family.csv,"stage6_llama_behavioural_full_rerun,stage6_qwen_behavioural_full_rerun",,,,,not_applicable,,,,not_applicable,results/stage9/baselines/cot_text/surface_tfidf_continuous.json,not_applicable,results/stage9/baselines/answer_rationale/surface_tfidf_continuous.json,not_applicable
llama_primary,CM_B_UM_028,mechanics,nongoverning_distractor,original,0.0,results/stage6/analysis_d2/stage6_d1_per_family.csv,"stage6_llama_behavioural_full_rerun,stage6_qwen_behavioural_full_rerun",,,,,not_applicable,,,,not_applicable,,,,not_applicable,,,,not_applicable,0.0,results/stage6/analysis_d2/stage6_d1_per_family.csv,"stage6_llama_behavioural_full_rerun,stage6_qwen_behavioural_full_rerun",,,,,not_measured,,,,not_applicable,,,,not_applicable,True,results/stage6/analysis_d2/stage6_d1_per_family.csv,"stage6_llama_behavioural_full_rerun,stage6_qwen_behavioural_full_rerun",,,,,not_applicable,,,,not_applicable,results/stage9/baselines/cot_text/surface_tfidf_continuous.json,not_applicable,results/stage9/baselines/answer_rationale/surface_tfidf_continuous.json,not_applicable
llama_primary,CM_B_UM_029,mechanics,nongoverning_distractor,original,0.140625,results/stage6/analysis_d2/stage6_d1_per_family.csv,"stage6_llama_behavioural_full_rerun,stage6_qwen_behavioural_full_rerun",,,,,not_applicable,,,,not_applicable,,,,not_applicable,,,,not_applicable,0.0,results/stage6/analysis_d2/stage6_d1_per_family.csv,"stage6_llama_behavioural_full_rerun,stage6_qwen_behavioural_full_rerun",,,,,not_measured,,,,not_applicable,,,,not_applicable,True,results/stage6/analysis_d2/stage6_d1_per_family.csv,"stage6_llama_behavioural_full_rerun,stage6_qwen_behavioural_full_rerun",,,,,not_applicable,,,,not_applicable,results/stage9/baselines/cot_text/surface_tfidf_continuous.json,not_applicable,results/stage9/baselines/answer_rationale/surface_tfidf_continuous.json,not_applicable
llama_primary,CM_B_UM_030,mechanics,nongoverning_distractor,original,0.375,results/stage6/analysis_d2/stage6_d1_per_family.csv,"stage6_llama_behavioural_full_rerun,stage6_qwen_behavioural_full_rerun",,,,,not_applicable,,,,not_applicable,,,,not_applicable,,,,not_applicable,0.0,results/stage6/analysis_d2/stage6_d1_per_family.csv,"stage6_llama_behavioural_full_rerun,stage6_qwen_behavioural_full_rerun",,,,,not_measured,,,,not_applicable,,,,not_applicable,True,results/stage6/analysis_d2/stage6_d1_per_family.csv,"stage6_llama_behavioural_full_rerun,stage6_qwen_behavioural_full_rerun",,,,,not_applicable,,,,not_applicable,results/stage9/baselines/cot_text/surface_tfidf_continuous.json,not_applicable,results/stage9/baselines/answer_rationale/surface_tfidf_continuous.json,not_applicable
llama_primary,CM_B_UM_031,mechanics,nongoverning_distractor,original,0.0,results/stage6/analysis_d2/stage6_d1_per_family.csv,"stage6_llama_behavioural_full_rerun,stage6_qwen_behavioural_full_rerun",,,,,not_applicable,,,,not_applicable,,,,not_applicable,,,,not_applicable,0.0,results/stage6/analysis_d2/stage6_d1_per_family.csv,"stage6_llama_behavioural_full_rerun,stage6_qwen_behavioural_full_rerun",,,,,not_measured,,,,not_applicable,,,,not_applicable,True,results/stage6/analysis_d2/stage6_d1_per_family.csv,"stage6_llama_behavioural_full_rerun,stage6_qwen_behavioural_full_rerun",,,,,not_applicable,,,,not_applicable,results/stage9/baselines/cot_text/surface_tfidf_continuous.json,not_applicable,results/stage9/baselines/answer_rationale/surface_tfidf_continuous.json,not_applicable
llama_primary,CM_B_UM_032,mechanics,nongoverning_distractor,original,1.875,results/stage6/analysis_d2/stage6_d1_per_family.csv,"stage6_llama_behavioural_full_rerun,stage6_qwen_behavioural_full_rerun",,,,,not_applicable,,,,not_applicable,,,,not_applicable,,,,not_applicable,0.0,results/stage6/analysis_d2/stage6_d1_per_family.csv,"stage6_llama_behavioural_full_rerun,stage6_qwen_behavioural_full_rerun",,0.16309523809523813,results/stage10/llama_mhk/patching_results.csv,stage10_llama_old_mhk,,,,,not_applicable,,,,not_applicable,True,results/stage6/analysis_d2/stage6_d1_per_family.csv,"stage6_llama_behavioural_full_rerun,stage6_qwen_behavioural_full_rerun",,,,,not_applicable,,,,not_applicable,results/stage9/baselines/cot_text/surface_tfidf_continuous.json,not_applicable,results/stage9/baselines/answer_rationale/surface_tfidf_continuous.json,not_applicable
llama_primary,CM_B_UM_033,mechanics,nongoverning_distractor,original,0.078125,results/stage6/analysis_d2/stage6_d1_per_family.csv,"stage6_llama_behavioural_full_rerun,stage6_qwen_behavioural_full_rerun",,,,,not_applicable,,,,not_applicable,,,,not_applicable,,,,not_applicable,0.5,results/stage6/analysis_d2/stage6_d1_per_family.csv,"stage6_llama_behavioural_full_rerun,stage6_qwen_behavioural_full_rerun",,2.4285714285714284,results/stage10/llama_mhk/patching_results.csv,stage10_llama_old_mhk,,,,,not_applicable,,,,not_applicable,True,results/stage6/analysis_d2/stage6_d1_per_family.csv,"stage6_llama_behavioural_full_rerun,stage6_qwen_behavioural_full_rerun",,,,,not_applicable,,,,not_applicable,results/stage9/baselines/cot_text/surface_tfidf_continuous.json,not_applicable,results/stage9/baselines/answer_rationale/surface_tfidf_continuous.json,not_applicable
llama_primary,CM_B_UM_034,mechanics,nongoverning_distractor,original,1.6875,results/stage6/analysis_d2/stage6_d1_per_family.csv,"stage6_llama_behavioural_full_rerun,stage6_qwen_behavioural_full_rerun",,,,,not_applicable,,,,not_applicable,,,,not_applicable,,,,not_applicable,0.0,results/stage6/analysis_d2/stage6_d1_per_family.csv,"stage6_llama_behavioural_full_rerun,stage6_qwen_behavioural_full_rerun",,,,,not_measured,,,,not_applicable,,,,not_applicable,True,results/stage6/analysis_d2/stage6_d1_per_family.csv,"stage6_llama_behavioural_full_rerun,stage6_qwen_behavioural_full_rerun",,,,,not_applicable,,,,not_applicable,results/stage9/baselines/cot_text/surface_tfidf_continuous.json,not_applicable,results/stage9/baselines/answer_rationale/surface_tfidf_continuous.json,not_applicable
llama_primary,CM_B_UM_035,mechanics,nongoverning_distractor,original,0.0,results/stage6/analysis_d2/stage6_d1_per_family.csv,"stage6_llama_behavioural_full_rerun,stage6_qwen_behavioural_full_rerun",,,,,not_applicable,,,,not_applicable,,,,not_applicable,,,,not_applicable,0.6666666666666666,results/stage6/analysis_d2/stage6_d1_per_family.csv,"stage6_llama_behavioural_full_rerun,stage6_qwen_behavioural_full_rerun",,,,,not_measured,,,,not_applicable,,,,not_applicable,True,results/stage6/analysis_d2/stage6_d1_per_family.csv,"stage6_llama_behavioural_full_rerun,stage6_qwen_behavioural_full_rerun",,,,,not_applicable,,,,not_applicable,results/stage9/baselines/cot_text/surface_tfidf_continuous.json,not_applicable,results/stage9/baselines/answer_rationale/surface_tfidf_continuous.json,not_applicable
llama_primary,CM_B_UM_036,mechanics,nongoverning_distractor,original,0.0,results/stage6/analysis_d2/stage6_d1_per_family.csv,"stage6_llama_behavioural_full_rerun,stage6_qwen_behavioural_full_rerun",,,,,not_applicable,,,,not_applicable,,,,not_applicable,,,,not_applicable,0.0,results/stage6/analysis_d2/stage6_d1_per_family.csv,"stage6_llama_behavioural_full_rerun,stage6_qwen_behavioural_full_rerun",,,,,not_measured,,,,not_applicable,,,,not_applicable,True,results/stage6/analysis_d2/stage6_d1_per_family.csv,"stage6_llama_behavioural_full_rerun,stage6_qwen_behavioural_full_rerun",,,,,not_applicable,,,,not_applicable,results/stage9/baselines/cot_text/surface_tfidf_continuous.json,not_applicable,results/stage9/baselines/answer_rationale/surface_tfidf_continuous.json,not_applicable
llama_primary,CM_B_UM_037,electrostatics_circuits,nongoverning_distractor,original,0.125,results/stage6/analysis_d2/stage6_d1_per_family.csv,"stage6_llama_behavioural_full_rerun,stage6_qwen_behavioural_full_rerun",,,,,not_applicable,,,,not_applicable,,,,not_applicable,,,,not_applicable,0.5,results/stage6/analysis_d2/stage6_d1_per_family.csv,"stage6_llama_behavioural_full_rerun,stage6_qwen_behavioural_full_rerun",,,,,not_measured,,,,not_applicable,,,,not_applicable,True,results/stage6/analysis_d2/stage6_d1_per_family.csv,"stage6_llama_behavioural_full_rerun,stage6_qwen_behavioural_full_rerun",,,,,not_applicable,,,,not_applicable,results/stage9/baselines/cot_text/surface_tfidf_continuous.json,not_applicable,results/stage9/baselines/answer_rationale/surface_tfidf_continuous.json,not_applicable
llama_primary,CM_B_UM_038,electrostatics_circuits,nongoverning_distractor,original,1.046875,results/stage6/analysis_d2/stage6_d1_per_family.csv,"stage6_llama_behavioural_full_rerun,stage6_qwen_behavioural_full_rerun",,,,,not_applicable,,,,not_applicable,,,,not_applicable,,,,not_applicable,0.5,results/stage6/analysis_d2/stage6_d1_per_family.csv,"stage6_llama_behavioural_full_rerun,stage6_qwen_behavioural_full_rerun",,,,,not_measured,,,,not_applicable,,,,not_applicable,True,results/stage6/analysis_d2/stage6_d1_per_family.csv,"stage6_llama_behavioural_full_rerun,stage6_qwen_behavioural_full_rerun",,,,,not_applicable,,,,not_applicable,results/stage9/baselines/cot_text/surface_tfidf_continuous.json,not_applicable,results/stage9/baselines/answer_rationale/surface_tfidf_continuous.json,not_applicable
llama_primary,CM_B_UM_039,electrostatics_circuits,nongoverning_distractor,original,0.0,results/stage6/analysis_d2/stage6_d1_per_family.csv,"stage6_llama_behavioural_full_rerun,stage6_qwen_behavioural_full_rerun",,,,,not_applicable,,,,not_applicable,,,,not_applicable,,,,not_applicable,0.0,results/stage6/analysis_d2/stage6_d1_per_family.csv,"stage6_llama_behavioural_full_rerun,stage6_qwen_behavioural_full_rerun",,,,,not_measured,,,,not_applicable,,,,not_applicable,True,results/stage6/analysis_d2/stage6_d1_per_family.csv,"stage6_llama_behavioural_full_rerun,stage6_qwen_behavioural_full_rerun",,,,,not_applicable,,,,not_applicable,results/stage9/baselines/cot_text/surface_tfidf_continuous.json,not_applicable,results/stage9/baselines/answer_rationale/surface_tfidf_continuous.json,not_applicable
llama_primary,CM_B_UM_040,electrostatics_circuits,nongoverning_distractor,original,0.0,results/stage6/analysis_d2/stage6_d1_per_family.csv,"stage6_llama_behavioural_full_rerun,stage6_qwen_behavioural_full_rerun",,,,,not_applicable,,,,not_applicable,,,,not_applicable,,,,not_applicable,0.0,results/stage6/analysis_d2/stage6_d1_per_family.csv,"stage6_llama_behavioural_full_rerun,stage6_qwen_behavioural_full_rerun",,,,,not_measured,,,,not_applicable,,,,not_applicable,True,results/stage6/analysis_d2/stage6_d1_per_family.csv,"stage6_llama_behavioural_full_rerun,stage6_qwen_behavioural_full_rerun",,,,,not_applicable,,,,not_applicable,results/stage9/baselines/cot_text/surface_tfidf_continuous.json,not_applicable,results/stage9/baselines/answer_rationale/surface_tfidf_continuous.json,not_applicable
llama_primary,CM_B_UM_041,mechanics,nongoverning_distractor,original,0.0,results/stage6/analysis_d2/stage6_d1_per_family.csv,"stage6_llama_behavioural_full_rerun,stage6_qwen_behavioural_full_rerun",,,,,not_applicable,,,,not_applicable,,,,not_applicable,,,,not_applicable,0.0,results/stage6/analysis_d2/stage6_d1_per_family.csv,"stage6_llama_behavioural_full_rerun,stage6_qwen_behavioural_full_rerun",,,,,not_measured,,,,not_applicable,,,,not_applicable,True,results/stage6/analysis_d2/stage6_d1_per_family.csv,"stage6_llama_behavioural_full_rerun,stage6_qwen_behavioural_full_rerun",,,,,not_applicable,,,,not_applicable,results/stage9/baselines/cot_text/surface_tfidf_continuous.json,not_applicable,results/stage9/baselines/answer_rationale/surface_tfidf_continuous.json,not_applicable
llama_primary,CM_B_UM_042,mechanics,nongoverning_distractor,original,0.2890625,results/stage6/analysis_d2/stage6_d1_per_family.csv,"stage6_llama_behavioural_full_rerun,stage6_qwen_behavioural_full_rerun",,,,,not_applicable,,,,not_applicable,,,,not_applicable,,,,not_applicable,0.0,results/stage6/analysis_d2/stage6_d1_per_family.csv,"stage6_llama_behavioural_full_rerun,stage6_qwen_behavioural_full_rerun",,,,,not_measured,,,,not_applicable,,,,not_applicable,True,results/stage6/analysis_d2/stage6_d1_per_family.csv,"stage6_llama_behavioural_full_rerun,stage6_qwen_behavioural_full_rerun",,,,,not_applicable,,,,not_applicable,results/stage9/baselines/cot_text/surface_tfidf_continuous.json,not_applicable,results/stage9/baselines/answer_rationale/surface_tfidf_continuous.json,not_applicable
llama_primary,CM_B_UM_043,mechanics,nongoverning_distractor,original,1.21875,results/stage6/analysis_d2/stage6_d1_per_family.csv,"stage6_llama_behavioural_full_rerun,stage6_qwen_behavioural_full_rerun",,,,,not_applicable,,,,not_applicable,,,,not_applicable,,,,not_applicable,1.0,results/stage6/analysis_d2/stage6_d1_per_family.csv,"stage6_llama_behavioural_full_rerun,stage6_qwen_behavioural_full_rerun",,,,,not_measured,,,,not_applicable,,,,not_applicable,True,results/stage6/analysis_d2/stage6_d1_per_family.csv,"stage6_llama_behavioural_full_rerun,stage6_qwen_behavioural_full_rerun",,,,,not_applicable,,,,not_applicable,results/stage9/baselines/cot_text/surface_tfidf_continuous.json,not_applicable,results/stage9/baselines/answer_rationale/surface_tfidf_continuous.json,not_applicable
llama_primary,CM_B_UM_044,mechanics,nongoverning_distractor,original,0.0,results/stage6/analysis_d2/stage6_d1_per_family.csv,"stage6_llama_behavioural_full_rerun,stage6_qwen_behavioural_full_rerun",,,,,not_applicable,,,,not_applicable,,,,not_applicable,,,,not_applicable,0.0,results/stage6/analysis_d2/stage6_d1_per_family.csv,"stage6_llama_behavioural_full_rerun,stage6_qwen_behavioural_full_rerun",,,,,not_measured,,,,not_applicable,,,,not_applicable,True,results/stage6/analysis_d2/stage6_d1_per_family.csv,"stage6_llama_behavioural_full_rerun,stage6_qwen_behavioural_full_rerun",,,,,not_applicable,,,,not_applicable,results/stage9/baselines/cot_text/surface_tfidf_continuous.json,not_applicable,results/stage9/baselines/answer_rationale/surface_tfidf_continuous.json,not_applicable
llama_primary,CM_B_UM_045,mechanics,nongoverning_distractor,original,0.375,results/stage6/analysis_d2/stage6_d1_per_family.csv,"stage6_llama_behavioural_full_rerun,stage6_qwen_behavioural_full_rerun",,,,,not_applicable,,,,not_applicable,,,,not_applicable,,,,not_applicable,0.5,results/stage6/analysis_d2/stage6_d1_per_family.csv,"stage6_llama_behavioural_full_rerun,stage6_qwen_behavioural_full_rerun",,,,,not_measured,,,,not_applicable,,,,not_applicable,True,results/stage6/analysis_d2/stage6_d1_per_family.csv,"stage6_llama_behavioural_full_rerun,stage6_qwen_behavioural_full_rerun",,,,,not_applicable,,,,not_applicable,results/stage9/baselines/cot_text/surface_tfidf_continuous.json,not_applicable,results/stage9/baselines/answer_rationale/surface_tfidf_continuous.json,not_applicable
llama_primary,CM_B_UM_046,mechanics,nongoverning_distractor,original,0.0,results/stage6/analysis_d2/stage6_d1_per_family.csv,"stage6_llama_behavioural_full_rerun,stage6_qwen_behavioural_full_rerun",,,,,not_applicable,,,,not_applicable,,,,not_applicable,,,,not_applicable,1.0,results/stage6/analysis_d2/stage6_d1_per_family.csv,"stage6_llama_behavioural_full_rerun,stage6_qwen_behavioural_full_rerun",,,,,not_measured,,,,not_applicable,,,,not_applicable,True,results/stage6/analysis_d2/stage6_d1_per_family.csv,"stage6_llama_behavioural_full_rerun,stage6_qwen_behavioural_full_rerun",,,,,not_applicable,,,,not_applicable,results/stage9/baselines/cot_text/surface_tfidf_continuous.json,not_applicable,results/stage9/baselines/answer_rationale/surface_tfidf_continuous.json,not_applicable
llama_primary,CM_B_UM_047,mechanics,nongoverning_distractor,original,5.21875,results/stage6/analysis_d2/stage6_d1_per_family.csv,"stage6_llama_behavioural_full_rerun,stage6_qwen_behavioural_full_rerun",,,,,not_applicable,,,,not_applicable,,,,not_applicable,,,,not_applicable,1.0,results/stage6/analysis_d2/stage6_d1_per_family.csv,"stage6_llama_behavioural_full_rerun,stage6_qwen_behavioural_full_rerun",,,,,not_measured,,,,not_applicable,,,,not_applicable,True,results/stage6/analysis_d2/stage6_d1_per_family.csv,"stage6_llama_behavioural_full_rerun,stage6_qwen_behavioural_full_rerun",,,,,not_applicable,,,,not_applicable,results/stage9/baselines/cot_text/surface_tfidf_continuous.json,not_applicable,results/stage9/baselines/answer_rationale/surface_tfidf_continuous.json,not_applicable
llama_primary,CM_B_UM_048,mechanics,nongoverning_distractor,original,0.203125,results/stage6/analysis_d2/stage6_d1_per_family.csv,"stage6_llama_behavioural_full_rerun,stage6_qwen_behavioural_full_rerun",,,,,not_applicable,,,,not_applicable,,,,not_applicable,,,,not_applicable,0.8333333333333334,results/stage6/analysis_d2/stage6_d1_per_family.csv,"stage6_llama_behavioural_full_rerun,stage6_qwen_behavioural_full_rerun",,,,,not_measured,,,,not_applicable,,,,not_applicable,True,results/stage6/analysis_d2/stage6_d1_per_family.csv,"stage6_llama_behavioural_full_rerun,stage6_qwen_behavioural_full_rerun",,,,,not_applicable,,,,not_applicable,results/stage9/baselines/cot_text/surface_tfidf_continuous.json,not_applicable,results/stage9/baselines/answer_rationale/surface_tfidf_continuous.json,not_applicable
llama_primary,CM_B_UM_049,mechanics,nongoverning_distractor,original,0.0,results/stage6/analysis_d2/stage6_d1_per_family.csv,"stage6_llama_behavioural_full_rerun,stage6_qwen_behavioural_full_rerun",,,,,not_applicable,,,,not_applicable,,,,not_applicable,,,,not_applicable,0.0,results/stage6/analysis_d2/stage6_d1_per_family.csv,"stage6_llama_behavioural_full_rerun,stage6_qwen_behavioural_full_rerun",,,,,not_measured,,,,not_applicable,,,,not_applicable,True,results/stage6/analysis_d2/stage6_d1_per_family.csv,"stage6_llama_behavioural_full_rerun,stage6_qwen_behavioural_full_rerun",,,,,not_applicable,,,,not_applicable,results/stage9/baselines/cot_text/surface_tfidf_continuous.json,not_applicable,results/stage9/baselines/answer_rationale/surface_tfidf_continuous.json,not_applicable
llama_primary,CM_B_UM_050,mechanics,nongoverning_distractor,original,0.0,results/stage6/analysis_d2/stage6_d1_per_family.csv,"stage6_llama_behavioural_full_rerun,stage6_qwen_behavioural_full_rerun",,,,,not_applicable,,,,not_applicable,,,,not_applicable,,,,not_applicable,0.0,results/stage6/analysis_d2/stage6_d1_per_family.csv,"stage6_llama_behavioural_full_rerun,stage6_qwen_behavioural_full_rerun",,,,,not_measured,,,,not_applicable,,,,not_applicable,True,results/stage6/analysis_d2/stage6_d1_per_family.csv,"stage6_llama_behavioural_full_rerun,stage6_qwen_behavioural_full_rerun",,,,,not_applicable,,,,not_applicable,results/stage9/baselines/cot_text/surface_tfidf_continuous.json,not_applicable,results/stage9/baselines/answer_rationale/surface_tfidf_continuous.json,not_applicable
llama_primary,CM_B_UM_051,mechanics,nongoverning_distractor,original,0.0,results/stage6/analysis_d2/stage6_d1_per_family.csv,"stage6_llama_behavioural_full_rerun,stage6_qwen_behavioural_full_rerun",,,,,not_applicable,,,,not_applicable,,,,not_applicable,,,,not_applicable,0.8333333333333334,results/stage6/analysis_d2/stage6_d1_per_family.csv,"stage6_llama_behavioural_full_rerun,stage6_qwen_behavioural_full_rerun",,,,,not_measured,,,,not_applicable,,,,not_applicable,True,results/stage6/analysis_d2/stage6_d1_per_family.csv,"stage6_llama_behavioural_full_rerun,stage6_qwen_behavioural_full_rerun",,,,,not_applicable,,,,not_applicable,results/stage9/baselines/cot_text/surface_tfidf_continuous.json,not_applicable,results/stage9/baselines/answer_rationale/surface_tfidf_continuous.json,not_applicable
llama_primary,CM_B_UM_052,mechanics,nongoverning_distractor,original,2.171875,results/stage6/analysis_d2/stage6_d1_per_family.csv,"stage6_llama_behavioural_full_rerun,stage6_qwen_behavioural_full_rerun",,,,,not_applicable,,,,not_applicable,,,,not_applicable,,,,not_applicable,0.5,results/stage6/analysis_d2/stage6_d1_per_family.csv,"stage6_llama_behavioural_full_rerun,stage6_qwen_behavioural_full_rerun",,0.06474820143884893,results/stage10/llama_mhk/patching_results.csv,stage10_llama_old_mhk,,,,,not_applicable,,,,not_applicable,True,results/stage6/analysis_d2/stage6_d1_per_family.csv,"stage6_llama_behavioural_full_rerun,stage6_qwen_behavioural_full_rerun",,,,,not_applicable,,,,not_applicable,results/stage9/baselines/cot_text/surface_tfidf_continuous.json,not_applicable,results/stage9/baselines/answer_rationale/surface_tfidf_continuous.json,not_applicable
llama_primary,CM_B_UM_053,mechanics,nongoverning_distractor,original,0.109375,results/stage6/analysis_d2/stage6_d1_per_family.csv,"stage6_llama_behavioural_full_rerun,stage6_qwen_behavioural_full_rerun",,,,,not_applicable,,,,not_applicable,,,,not_applicable,,,,not_applicable,0.0,results/stage6/analysis_d2/stage6_d1_per_family.csv,"stage6_llama_behavioural_full_rerun,stage6_qwen_behavioural_full_rerun",,,,,not_measured,,,,not_applicable,,,,not_applicable,True,results/stage6/analysis_d2/stage6_d1_per_family.csv,"stage6_llama_behavioural_full_rerun,stage6_qwen_behavioural_full_rerun",,,,,not_applicable,,,,not_applicable,results/stage9/baselines/cot_text/surface_tfidf_continuous.json,not_applicable,results/stage9/baselines/answer_rationale/surface_tfidf_continuous.json,not_applicable
llama_primary,CM_B_UM_054,electrostatics_circuits,nongoverning_distractor,original,0.0,results/stage6/analysis_d2/stage6_d1_per_family.csv,"stage6_llama_behavioural_full_rerun,stage6_qwen_behavioural_full_rerun",,,,,not_applicable,,,,not_applicable,,,,not_applicable,,,,not_applicable,0.8333333333333334,results/stage6/analysis_d2/stage6_d1_per_family.csv,"stage6_llama_behavioural_full_rerun,stage6_qwen_behavioural_full_rerun",,,,,not_measured,,,,not_applicable,,,,not_applicable,True,results/stage6/analysis_d2/stage6_d1_per_family.csv,"stage6_llama_behavioural_full_rerun,stage6_qwen_behavioural_full_rerun",,,,,not_applicable,,,,not_applicable,results/stage9/baselines/cot_text/surface_tfidf_continuous.json,not_applicable,results/stage9/baselines/answer_rationale/surface_tfidf_continuous.json,not_applicable
llama_primary,CM_B_UM_055,mechanics,nongoverning_distractor,original,0.546875,results/stage6/analysis_d2/stage6_d1_per_family.csv,"stage6_llama_behavioural_full_rerun,stage6_qwen_behavioural_full_rerun",,,,,not_applicable,,,,not_applicable,,,,not_applicable,,,,not_applicable,0.5,results/stage6/analysis_d2/stage6_d1_per_family.csv,"stage6_llama_behavioural_full_rerun,stage6_qwen_behavioural_full_rerun",,0.2448979591836735,results/stage10/llama_mhk/patching_results.csv,stage10_llama_old_mhk,,,,,not_applicable,,,,not_applicable,True,results/stage6/analysis_d2/stage6_d1_per_family.csv,"stage6_llama_behavioural_full_rerun,stage6_qwen_behavioural_full_rerun",,,,,not_applicable,,,,not_applicable,results/stage9/baselines/cot_text/surface_tfidf_continuous.json,not_applicable,results/stage9/baselines/answer_rationale/surface_tfidf_continuous.json,not_applicable
llama_primary,CM_B_UM_056,mechanics,nongoverning_distractor,original,0.0,results/stage6/analysis_d2/stage6_d1_per_family.csv,"stage6_llama_behavioural_full_rerun,stage6_qwen_behavioural_full_rerun",,,,,not_applicable,,,,not_applicable,,,,not_applicable,,,,not_applicable,0.5,results/stage6/analysis_d2/stage6_d1_per_family.csv,"stage6_llama_behavioural_full_rerun,stage6_qwen_behavioural_full_rerun",,,,,not_measured,,,,not_applicable,,,,not_applicable,True,results/stage6/analysis_d2/stage6_d1_per_family.csv,"stage6_llama_behavioural_full_rerun,stage6_qwen_behavioural_full_rerun",,,,,not_applicable,,,,not_applicable,results/stage9/baselines/cot_text/surface_tfidf_continuous.json,not_applicable,results/stage9/baselines/answer_rationale/surface_tfidf_continuous.json,not_applicable
llama_primary,CM_B_UM_057,mechanics,nongoverning_distractor,original,0.0,results/stage6/analysis_d2/stage6_d1_per_family.csv,"stage6_llama_behavioural_full_rerun,stage6_qwen_behavioural_full_rerun",,,,,not_applicable,,,,not_applicable,,,,not_applicable,,,,not_applicable,0.0,results/stage6/analysis_d2/stage6_d1_per_family.csv,"stage6_llama_behavioural_full_rerun,stage6_qwen_behavioural_full_rerun",,,,,not_measured,,,,not_applicable,,,,not_applicable,True,results/stage6/analysis_d2/stage6_d1_per_family.csv,"stage6_llama_behavioural_full_rerun,stage6_qwen_behavioural_full_rerun",,,,,not_applicable,,,,not_applicable,results/stage9/baselines/cot_text/surface_tfidf_continuous.json,not_applicable,results/stage9/baselines/answer_rationale/surface_tfidf_continuous.json,not_applicable
llama_primary,CM_B_UM_058,mechanics,nongoverning_distractor,original,0.0,results/stage6/analysis_d2/stage6_d1_per_family.csv,"stage6_llama_behavioural_full_rerun,stage6_qwen_behavioural_full_rerun",,,,,not_applicable,,,,not_applicable,,,,not_applicable,,,,not_applicable,0.0,results/stage6/analysis_d2/stage6_d1_per_family.csv,"stage6_llama_behavioural_full_rerun,stage6_qwen_behavioural_full_rerun",,,,,not_measured,,,,not_applicable,,,,not_applicable,True,results/stage6/analysis_d2/stage6_d1_per_family.csv,"stage6_llama_behavioural_full_rerun,stage6_qwen_behavioural_full_rerun",,,,,not_applicable,,,,not_applicable,results/stage9/baselines/cot_text/surface_tfidf_continuous.json,not_applicable,results/stage9/baselines/answer_rationale/surface_tfidf_continuous.json,not_applicable
llama_primary,CM_B_UM_059,mechanics,nongoverning_distractor,original,2.0,results/stage6/analysis_d2/stage6_d1_per_family.csv,"stage6_llama_behavioural_full_rerun,stage6_qwen_behavioural_full_rerun",,,,,not_applicable,,,,not_applicable,,,,not_applicable,,,,not_applicable,0.0,results/stage6/analysis_d2/stage6_d1_per_family.csv,"stage6_llama_behavioural_full_rerun,stage6_qwen_behavioural_full_rerun",,0.234375,results/stage10/llama_mhk/patching_results.csv,stage10_llama_old_mhk,,,,,not_applicable,,,,not_applicable,True,results/stage6/analysis_d2/stage6_d1_per_family.csv,"stage6_llama_behavioural_full_rerun,stage6_qwen_behavioural_full_rerun",,,,,not_applicable,,,,not_applicable,results/stage9/baselines/cot_text/surface_tfidf_continuous.json,not_applicable,results/stage9/baselines/answer_rationale/surface_tfidf_continuous.json,not_applicable
llama_primary,CM_B_UM_060,mechanics,nongoverning_distractor,original,0.0,results/stage6/analysis_d2/stage6_d1_per_family.csv,"stage6_llama_behavioural_full_rerun,stage6_qwen_behavioural_full_rerun",,,,,not_applicable,,,,not_applicable,,,,not_applicable,,,,not_applicable,0.0,results/stage6/analysis_d2/stage6_d1_per_family.csv,"stage6_llama_behavioural_full_rerun,stage6_qwen_behavioural_full_rerun",,,,,not_measured,,,,not_applicable,,,,not_applicable,True,results/stage6/analysis_d2/stage6_d1_per_family.csv,"stage6_llama_behavioural_full_rerun,stage6_qwen_behavioural_full_rerun",,,,,not_applicable,,,,not_applicable,results/stage9/baselines/cot_text/surface_tfidf_continuous.json,not_applicable,results/stage9/baselines/answer_rationale/surface_tfidf_continuous.json,not_applicable
llama_primary,CM_B_UM_061,mechanics,nongoverning_distractor,expansion,,,,not_measured,,,,not_applicable,,,,not_applicable,,,,not_applicable,,,,not_applicable,,,,not_measured,,,,not_measured,,,,not_applicable,,,,not_applicable,,,,not_measured,,,,not_applicable,,,,not_applicable,results/stage9/baselines/cot_text/surface_tfidf_continuous.json,not_applicable,results/stage9/baselines/answer_rationale/surface_tfidf_continuous.json,not_applicable
llama_primary,CM_B_UM_062,mechanics,nongoverning_distractor,expansion,,,,not_measured,,,,not_applicable,,,,not_applicable,,,,not_applicable,,,,not_applicable,,,,not_measured,,,,not_measured,,,,not_applicable,,,,not_applicable,,,,not_measured,,,,not_applicable,,,,not_applicable,results/stage9/baselines/cot_text/surface_tfidf_continuous.json,not_applicable,results/stage9/baselines/answer_rationale/surface_tfidf_continuous.json,not_applicable
llama_primary,CM_B_UM_063,mechanics,nongoverning_distractor,expansion,,,,not_measured,,,,not_applicable,,,,not_applicable,,,,not_applicable,,,,not_applicable,,,,not_measured,,,,not_measured,,,,not_applicable,,,,not_applicable,,,,not_measured,,,,not_applicable,,,,not_applicable,results/stage9/baselines/cot_text/surface_tfidf_continuous.json,not_applicable,results/stage9/baselines/answer_rationale/surface_tfidf_continuous.json,not_applicable
llama_primary,CM_C_001,mechanics,frame_rendering,original,0.46875,results/stage6/analysis_d2/stage6_d1_per_family.csv,"stage6_llama_behavioural_full_rerun,stage6_qwen_behavioural_full_rerun",,,,,not_applicable,,,,not_applicable,,,,not_applicable,,,,not_applicable,0.0,results/stage6/analysis_d2/stage6_d1_per_family.csv,"stage6_llama_behavioural_full_rerun,stage6_qwen_behavioural_full_rerun",,,,,not_measured,,,,not_applicable,,,,not_applicable,True,results/stage6/analysis_d2/stage6_d1_per_family.csv,"stage6_llama_behavioural_full_rerun,stage6_qwen_behavioural_full_rerun",,,,,not_applicable,,,,not_applicable,results/stage9/baselines/cot_text/surface_tfidf_continuous.json,not_applicable,results/stage9/baselines/answer_rationale/surface_tfidf_continuous.json,not_applicable
llama_primary,CM_C_002,mechanics,frame_rendering,original,5.078125,results/stage6/analysis_d2/stage6_d1_per_family.csv,"stage6_llama_behavioural_full_rerun,stage6_qwen_behavioural_full_rerun",,,,,not_applicable,,,,not_applicable,,,,not_applicable,,,,not_applicable,0.5,results/stage6/analysis_d2/stage6_d1_per_family.csv,"stage6_llama_behavioural_full_rerun,stage6_qwen_behavioural_full_rerun",,,,,not_measured,,,,not_applicable,,,,not_applicable,True,results/stage6/analysis_d2/stage6_d1_per_family.csv,"stage6_llama_behavioural_full_rerun,stage6_qwen_behavioural_full_rerun",,,,,not_applicable,,,,not_applicable,results/stage9/baselines/cot_text/surface_tfidf_continuous.json,not_applicable,results/stage9/baselines/answer_rationale/surface_tfidf_continuous.json,not_applicable
llama_primary,CM_C_003,mechanics,frame_rendering,original,0.0,results/stage6/analysis_d2/stage6_d1_per_family.csv,"stage6_llama_behavioural_full_rerun,stage6_qwen_behavioural_full_rerun",,,,,not_applicable,,,,not_applicable,,,,not_applicable,,,,not_applicable,0.0,results/stage6/analysis_d2/stage6_d1_per_family.csv,"stage6_llama_behavioural_full_rerun,stage6_qwen_behavioural_full_rerun",,,,,not_measured,,,,not_applicable,,,,not_applicable,True,results/stage6/analysis_d2/stage6_d1_per_family.csv,"stage6_llama_behavioural_full_rerun,stage6_qwen_behavioural_full_rerun",,,,,not_applicable,,,,not_applicable,results/stage9/baselines/cot_text/surface_tfidf_continuous.json,not_applicable,results/stage9/baselines/answer_rationale/surface_tfidf_continuous.json,not_applicable
llama_primary,CM_C_004,electrostatics_circuits,frame_rendering,original,3.25,results/stage6/analysis_d2/stage6_d1_per_family.csv,"stage6_llama_behavioural_full_rerun,stage6_qwen_behavioural_full_rerun",,,,,not_applicable,,,,not_applicable,,,,not_applicable,,,,not_applicable,0.0,results/stage6/analysis_d2/stage6_d1_per_family.csv,"stage6_llama_behavioural_full_rerun,stage6_qwen_behavioural_full_rerun",,,,,not_measured,,,,not_applicable,,,,not_applicable,True,results/stage6/analysis_d2/stage6_d1_per_family.csv,"stage6_llama_behavioural_full_rerun,stage6_qwen_behavioural_full_rerun",,,,,not_applicable,,,,not_applicable,results/stage9/baselines/cot_text/surface_tfidf_continuous.json,not_applicable,results/stage9/baselines/answer_rationale/surface_tfidf_continuous.json,not_applicable
llama_primary,CM_C_005,mechanics,frame_rendering,original,1.890625,results/stage6/analysis_d2/stage6_d1_per_family.csv,"stage6_llama_behavioural_full_rerun,stage6_qwen_behavioural_full_rerun",,,,,not_applicable,,,,not_applicable,,,,not_applicable,,,,not_applicable,0.0,results/stage6/analysis_d2/stage6_d1_per_family.csv,"stage6_llama_behavioural_full_rerun,stage6_qwen_behavioural_full_rerun",,,,,not_measured,,,,not_applicable,,,,not_applicable,True,results/stage6/analysis_d2/stage6_d1_per_family.csv,"stage6_llama_behavioural_full_rerun,stage6_qwen_behavioural_full_rerun",,,,,not_applicable,,,,not_applicable,results/stage9/baselines/cot_text/surface_tfidf_continuous.json,not_applicable,results/stage9/baselines/answer_rationale/surface_tfidf_continuous.json,not_applicable
llama_primary,CM_C_006,electrostatics_circuits,frame_rendering,expansion,,,,not_measured,,,,not_applicable,,,,not_applicable,,,,not_applicable,,,,not_applicable,,,,not_measured,,,,not_measured,,,,not_applicable,,,,not_applicable,,,,not_measured,,,,not_applicable,,,,not_applicable,results/stage9/baselines/cot_text/surface_tfidf_continuous.json,not_applicable,results/stage9/baselines/answer_rationale/surface_tfidf_continuous.json,not_applicable
llama_primary,CM_C_007,thermodynamics,frame_rendering,expansion,,,,not_measured,,,,not_applicable,,,,not_applicable,,,,not_applicable,,,,not_applicable,,,,not_measured,,,,not_measured,,,,not_applicable,,,,not_applicable,,,,not_measured,,,,not_applicable,,,,not_applicable,results/stage9/baselines/cot_text/surface_tfidf_continuous.json,not_applicable,results/stage9/baselines/answer_rationale/surface_tfidf_continuous.json,not_applicable
llama_primary,CM_C_008,electrostatics_circuits,frame_rendering,expansion,,,,not_measured,,,,not_applicable,,,,not_applicable,,,,not_applicable,,,,not_applicable,,,,not_measured,,,,not_measured,,,,not_applicable,,,,not_applicable,,,,not_measured,,,,not_applicable,,,,not_applicable,results/stage9/baselines/cot_text/surface_tfidf_continuous.json,not_applicable,results/stage9/baselines/answer_rationale/surface_tfidf_continuous.json,not_applicable
llama_primary,CM_C_009,electrostatics_circuits,frame_rendering,expansion,,,,not_measured,,,,not_applicable,,,,not_applicable,,,,not_applicable,,,,not_applicable,,,,not_measured,,,,not_measured,,,,not_applicable,,,,not_applicable,,,,not_measured,,,,not_applicable,,,,not_applicable,results/stage9/baselines/cot_text/surface_tfidf_continuous.json,not_applicable,results/stage9/baselines/answer_rationale/surface_tfidf_continuous.json,not_applicable
llama_primary,CM_C_010,electrostatics_circuits,frame_rendering,expansion,,,,not_measured,,,,not_applicable,,,,not_applicable,,,,not_applicable,,,,not_applicable,,,,not_measured,,,,not_measured,,,,not_applicable,,,,not_applicable,,,,not_measured,,,,not_applicable,,,,not_applicable,results/stage9/baselines/cot_text/surface_tfidf_continuous.json,not_applicable,results/stage9/baselines/answer_rationale/surface_tfidf_continuous.json,not_applicable
llama_primary,CM_C_011,electrostatics_circuits,frame_rendering,expansion,,,,not_measured,,,,not_applicable,,,,not_applicable,,,,not_applicable,,,,not_applicable,,,,not_measured,,,,not_measured,,,,not_applicable,,,,not_applicable,,,,not_measured,,,,not_applicable,,,,not_applicable,results/stage9/baselines/cot_text/surface_tfidf_continuous.json,not_applicable,results/stage9/baselines/answer_rationale/surface_tfidf_continuous.json,not_applicable
llama_primary,CM_C_012,mechanics,frame_rendering,expansion,,,,not_measured,,,,not_applicable,,,,not_applicable,,,,not_applicable,,,,not_applicable,,,,not_measured,,,,not_measured,,,,not_applicable,,,,not_applicable,,,,not_measured,,,,not_applicable,,,,not_applicable,results/stage9/baselines/cot_text/surface_tfidf_continuous.json,not_applicable,results/stage9/baselines/answer_rationale/surface_tfidf_continuous.json,not_applicable
llama_primary,CM_C_013,mechanics,frame_rendering,expansion,,,,not_measured,,,,not_applicable,,,,not_applicable,,,,not_applicable,,,,not_applicable,,,,not_measured,,,,not_measured,,,,not_applicable,,,,not_applicable,,,,not_measured,,,,not_applicable,,,,not_applicable,results/stage9/baselines/cot_text/surface_tfidf_continuous.json,not_applicable,results/stage9/baselines/answer_rationale/surface_tfidf_continuous.json,not_applicable
llama_primary,CM_C_014,electrostatics_circuits,frame_rendering,expansion,,,,not_measured,,,,not_applicable,,,,not_applicable,,,,not_applicable,,,,not_applicable,,,,not_measured,,,,not_measured,,,,not_applicable,,,,not_applicable,,,,not_measured,,,,not_applicable,,,,not_applicable,results/stage9/baselines/cot_text/surface_tfidf_continuous.json,not_applicable,results/stage9/baselines/answer_rationale/surface_tfidf_continuous.json,not_applicable
llama_primary,CM_C_015,thermodynamics,frame_rendering,expansion,,,,not_measured,,,,not_applicable,,,,not_applicable,,,,not_applicable,,,,not_applicable,,,,not_measured,,,,not_measured,,,,not_applicable,,,,not_applicable,,,,not_measured,,,,not_applicable,,,,not_applicable,results/stage9/baselines/cot_text/surface_tfidf_continuous.json,not_applicable,results/stage9/baselines/answer_rationale/surface_tfidf_continuous.json,not_applicable
llama_primary,EL_A_001,electrostatics_circuits,irrelevant_variable,original,0.609375,results/stage6/analysis_d2/stage6_d1_per_family.csv,"stage6_llama_behavioural_full_rerun,stage6_qwen_behavioural_full_rerun",,,,,not_applicable,,,,not_applicable,,,,not_applicable,,,,not_applicable,0.0,results/stage6/analysis_d2/stage6_d1_per_family.csv,"stage6_llama_behavioural_full_rerun,stage6_qwen_behavioural_full_rerun",,,,,not_measured,,,,not_applicable,,,,not_applicable,True,results/stage6/analysis_d2/stage6_d1_per_family.csv,"stage6_llama_behavioural_full_rerun,stage6_qwen_behavioural_full_rerun",,,,,not_applicable,,,,not_applicable,results/stage9/baselines/cot_text/surface_tfidf_continuous.json,not_applicable,results/stage9/baselines/answer_rationale/surface_tfidf_continuous.json,not_applicable
llama_primary,EL_A_002,electrostatics_circuits,irrelevant_variable,original,0.0,results/stage6/analysis_d2/stage6_d1_per_family.csv,"stage6_llama_behavioural_full_rerun,stage6_qwen_behavioural_full_rerun",,,,,not_applicable,,,,not_applicable,,,,not_applicable,,,,not_applicable,0.0,results/stage6/analysis_d2/stage6_d1_per_family.csv,"stage6_llama_behavioural_full_rerun,stage6_qwen_behavioural_full_rerun",,,,,not_measured,,,,not_applicable,,,,not_applicable,True,results/stage6/analysis_d2/stage6_d1_per_family.csv,"stage6_llama_behavioural_full_rerun,stage6_qwen_behavioural_full_rerun",,,,,not_applicable,,,,not_applicable,results/stage9/baselines/cot_text/surface_tfidf_continuous.json,not_applicable,results/stage9/baselines/answer_rationale/surface_tfidf_continuous.json,not_applicable
llama_primary,EL_A_003,electrostatics_circuits,irrelevant_variable,original,0.1875,results/stage6/analysis_d2/stage6_d1_per_family.csv,"stage6_llama_behavioural_full_rerun,stage6_qwen_behavioural_full_rerun",,,,,not_applicable,,,,not_applicable,,,,not_applicable,,,,not_applicable,0.5,results/stage6/analysis_d2/stage6_d1_per_family.csv,"stage6_llama_behavioural_full_rerun,stage6_qwen_behavioural_full_rerun",,,,,not_measured,,,,not_applicable,,,,not_applicable,True,results/stage6/analysis_d2/stage6_d1_per_family.csv,"stage6_llama_behavioural_full_rerun,stage6_qwen_behavioural_full_rerun",,,,,not_applicable,,,,not_applicable,results/stage9/baselines/cot_text/surface_tfidf_continuous.json,not_applicable,results/stage9/baselines/answer_rationale/surface_tfidf_continuous.json,not_applicable
llama_primary,EL_A_004,electrostatics_circuits,irrelevant_variable,original,0.484375,results/stage6/analysis_d2/stage6_d1_per_family.csv,"stage6_llama_behavioural_full_rerun,stage6_qwen_behavioural_full_rerun",,,,,not_applicable,,,,not_applicable,,,,not_applicable,,,,not_applicable,0.0,results/stage6/analysis_d2/stage6_d1_per_family.csv,"stage6_llama_behavioural_full_rerun,stage6_qwen_behavioural_full_rerun",,,,,not_measured,,,,not_applicable,,,,not_applicable,True,results/stage6/analysis_d2/stage6_d1_per_family.csv,"stage6_llama_behavioural_full_rerun,stage6_qwen_behavioural_full_rerun",,,,,not_applicable,,,,not_applicable,results/stage9/baselines/cot_text/surface_tfidf_continuous.json,not_applicable,results/stage9/baselines/answer_rationale/surface_tfidf_continuous.json,not_applicable
llama_primary,EL_A_005,electrostatics_circuits,irrelevant_variable,original,0.0,results/stage6/analysis_d2/stage6_d1_per_family.csv,"stage6_llama_behavioural_full_rerun,stage6_qwen_behavioural_full_rerun",,,,,not_applicable,,,,not_applicable,,,,not_applicable,,,,not_applicable,0.0,results/stage6/analysis_d2/stage6_d1_per_family.csv,"stage6_llama_behavioural_full_rerun,stage6_qwen_behavioural_full_rerun",,,,,not_measured,,,,not_applicable,,,,not_applicable,True,results/stage6/analysis_d2/stage6_d1_per_family.csv,"stage6_llama_behavioural_full_rerun,stage6_qwen_behavioural_full_rerun",,,,,not_applicable,,,,not_applicable,results/stage9/baselines/cot_text/surface_tfidf_continuous.json,not_applicable,results/stage9/baselines/answer_rationale/surface_tfidf_continuous.json,not_applicable
llama_primary,EL_B_001,electrostatics_circuits,nongoverning_distractor,original,0.71875,results/stage6/analysis_d2/stage6_d1_per_family.csv,"stage6_llama_behavioural_full_rerun,stage6_qwen_behavioural_full_rerun",,,,,not_applicable,,,,not_applicable,,,,not_applicable,,,,not_applicable,0.0,results/stage6/analysis_d2/stage6_d1_per_family.csv,"stage6_llama_behavioural_full_rerun,stage6_qwen_behavioural_full_rerun",,,,,not_measured,,,,not_applicable,,,,not_applicable,True,results/stage6/analysis_d2/stage6_d1_per_family.csv,"stage6_llama_behavioural_full_rerun,stage6_qwen_behavioural_full_rerun",,,,,not_applicable,,,,not_applicable,results/stage9/baselines/cot_text/surface_tfidf_continuous.json,not_applicable,results/stage9/baselines/answer_rationale/surface_tfidf_continuous.json,not_applicable
llama_primary,EL_B_002,electrostatics_circuits,nongoverning_distractor,original,0.0625,results/stage6/analysis_d2/stage6_d1_per_family.csv,"stage6_llama_behavioural_full_rerun,stage6_qwen_behavioural_full_rerun",,,,,not_applicable,,,,not_applicable,,,,not_applicable,,,,not_applicable,0.0,results/stage6/analysis_d2/stage6_d1_per_family.csv,"stage6_llama_behavioural_full_rerun,stage6_qwen_behavioural_full_rerun",,7.142857142857143,results/stage10/llama_mhk/patching_results.csv,stage10_llama_old_mhk,,,,,not_applicable,,,,not_applicable,True,results/stage6/analysis_d2/stage6_d1_per_family.csv,"stage6_llama_behavioural_full_rerun,stage6_qwen_behavioural_full_rerun",,,,,not_applicable,,,,not_applicable,results/stage9/baselines/cot_text/surface_tfidf_continuous.json,not_applicable,results/stage9/baselines/answer_rationale/surface_tfidf_continuous.json,not_applicable
llama_primary,EL_B_003,electrostatics_circuits,nongoverning_distractor,original,0.0,results/stage6/analysis_d2/stage6_d1_per_family.csv,"stage6_llama_behavioural_full_rerun,stage6_qwen_behavioural_full_rerun",,,,,not_applicable,,,,not_applicable,,,,not_applicable,,,,not_applicable,0.6666666666666666,results/stage6/analysis_d2/stage6_d1_per_family.csv,"stage6_llama_behavioural_full_rerun,stage6_qwen_behavioural_full_rerun",,,,,not_measured,,,,not_applicable,,,,not_applicable,True,results/stage6/analysis_d2/stage6_d1_per_family.csv,"stage6_llama_behavioural_full_rerun,stage6_qwen_behavioural_full_rerun",,,,,not_applicable,,,,not_applicable,results/stage9/baselines/cot_text/surface_tfidf_continuous.json,not_applicable,results/stage9/baselines/answer_rationale/surface_tfidf_continuous.json,not_applicable
llama_primary,EL_B_004,electrostatics_circuits,nongoverning_distractor,original,0.125,results/stage6/analysis_d2/stage6_d1_per_family.csv,"stage6_llama_behavioural_full_rerun,stage6_qwen_behavioural_full_rerun",,,,,not_applicable,,,,not_applicable,,,,not_applicable,,,,not_applicable,0.8333333333333334,results/stage6/analysis_d2/stage6_d1_per_family.csv,"stage6_llama_behavioural_full_rerun,stage6_qwen_behavioural_full_rerun",,,,,not_measured,,,,not_applicable,,,,not_applicable,True,results/stage6/analysis_d2/stage6_d1_per_family.csv,"stage6_llama_behavioural_full_rerun,stage6_qwen_behavioural_full_rerun",,,,,not_applicable,,,,not_applicable,results/stage9/baselines/cot_text/surface_tfidf_continuous.json,not_applicable,results/stage9/baselines/answer_rationale/surface_tfidf_continuous.json,not_applicable
llama_primary,EL_B_005,electrostatics_circuits,nongoverning_distractor,original,0.0,results/stage6/analysis_d2/stage6_d1_per_family.csv,"stage6_llama_behavioural_full_rerun,stage6_qwen_behavioural_full_rerun",,,,,not_applicable,,,,not_applicable,,,,not_applicable,,,,not_applicable,0.8333333333333334,results/stage6/analysis_d2/stage6_d1_per_family.csv,"stage6_llama_behavioural_full_rerun,stage6_qwen_behavioural_full_rerun",,,,,not_measured,,,,not_applicable,,,,not_applicable,True,results/stage6/analysis_d2/stage6_d1_per_family.csv,"stage6_llama_behavioural_full_rerun,stage6_qwen_behavioural_full_rerun",,,,,not_applicable,,,,not_applicable,results/stage9/baselines/cot_text/surface_tfidf_continuous.json,not_applicable,results/stage9/baselines/answer_rationale/surface_tfidf_continuous.json,not_applicable
llama_primary,TH_B_UM_001,thermodynamics,nongoverning_distractor,original,0.09375,results/stage6/analysis_d2/stage6_d1_per_family.csv,"stage6_llama_behavioural_full_rerun,stage6_qwen_behavioural_full_rerun",,,,,not_applicable,,,,not_applicable,,,,not_applicable,,,,not_applicable,0.5,results/stage6/analysis_d2/stage6_d1_per_family.csv,"stage6_llama_behavioural_full_rerun,stage6_qwen_behavioural_full_rerun",,,,,not_measured,,,,not_applicable,,,,not_applicable,True,results/stage6/analysis_d2/stage6_d1_per_family.csv,"stage6_llama_behavioural_full_rerun,stage6_qwen_behavioural_full_rerun",,,,,not_applicable,,,,not_applicable,results/stage9/baselines/cot_text/surface_tfidf_continuous.json,not_applicable,results/stage9/baselines/answer_rationale/surface_tfidf_continuous.json,not_applicable
llama_primary,TH_B_UM_002,thermodynamics,nongoverning_distractor,original,0.921875,results/stage6/analysis_d2/stage6_d1_per_family.csv,"stage6_llama_behavioural_full_rerun,stage6_qwen_behavioural_full_rerun",,,,,not_applicable,,,,not_applicable,,,,not_applicable,,,,not_applicable,0.0,results/stage6/analysis_d2/stage6_d1_per_family.csv,"stage6_llama_behavioural_full_rerun,stage6_qwen_behavioural_full_rerun",,,,,not_measured,,,,not_applicable,,,,not_applicable,True,results/stage6/analysis_d2/stage6_d1_per_family.csv,"stage6_llama_behavioural_full_rerun,stage6_qwen_behavioural_full_rerun",,,,,not_applicable,,,,not_applicable,results/stage9/baselines/cot_text/surface_tfidf_continuous.json,not_applicable,results/stage9/baselines/answer_rationale/surface_tfidf_continuous.json,not_applicable
llama_primary,TH_B_UM_003,thermodynamics,nongoverning_distractor,original,1.75,results/stage6/analysis_d2/stage6_d1_per_family.csv,"stage6_llama_behavioural_full_rerun,stage6_qwen_behavioural_full_rerun",,,,,not_applicable,,,,not_applicable,,,,not_applicable,,,,not_applicable,0.8333333333333334,results/stage6/analysis_d2/stage6_d1_per_family.csv,"stage6_llama_behavioural_full_rerun,stage6_qwen_behavioural_full_rerun",,,,,not_measured,,,,not_applicable,,,,not_applicable,True,results/stage6/analysis_d2/stage6_d1_per_family.csv,"stage6_llama_behavioural_full_rerun,stage6_qwen_behavioural_full_rerun",,,,,not_applicable,,,,not_applicable,results/stage9/baselines/cot_text/surface_tfidf_continuous.json,not_applicable,results/stage9/baselines/answer_rationale/surface_tfidf_continuous.json,not_applicable
llama_primary,TH_B_UM_004,thermodynamics,nongoverning_distractor,original,0.0,results/stage6/analysis_d2/stage6_d1_per_family.csv,"stage6_llama_behavioural_full_rerun,stage6_qwen_behavioural_full_rerun",,,,,not_applicable,,,,not_applicable,,,,not_applicable,,,,not_applicable,0.0,results/stage6/analysis_d2/stage6_d1_per_family.csv,"stage6_llama_behavioural_full_rerun,stage6_qwen_behavioural_full_rerun",,,,,not_measured,,,,not_applicable,,,,not_applicable,True,results/stage6/analysis_d2/stage6_d1_per_family.csv,"stage6_llama_behavioural_full_rerun,stage6_qwen_behavioural_full_rerun",,,,,not_applicable,,,,not_applicable,results/stage9/baselines/cot_text/surface_tfidf_continuous.json,not_applicable,results/stage9/baselines/answer_rationale/surface_tfidf_continuous.json,not_applicable
llama_primary,TH_B_UM_005,thermodynamics,nongoverning_distractor,original,0.0,results/stage6/analysis_d2/stage6_d1_per_family.csv,"stage6_llama_behavioural_full_rerun,stage6_qwen_behavioural_full_rerun",,,,,not_applicable,,,,not_applicable,,,,not_applicable,,,,not_applicable,0.0,results/stage6/analysis_d2/stage6_d1_per_family.csv,"stage6_llama_behavioural_full_rerun,stage6_qwen_behavioural_full_rerun",,,,,not_measured,,,,not_applicable,,,,not_applicable,True,results/stage6/analysis_d2/stage6_d1_per_family.csv,"stage6_llama_behavioural_full_rerun,stage6_qwen_behavioural_full_rerun",,,,,not_applicable,,,,not_applicable,results/stage9/baselines/cot_text/surface_tfidf_continuous.json,not_applicable,results/stage9/baselines/answer_rationale/surface_tfidf_continuous.json,not_applicable
llama_primary,TH_B_UM_006,thermodynamics,nongoverning_distractor,original,0.0,results/stage6/analysis_d2/stage6_d1_per_family.csv,"stage6_llama_behavioural_full_rerun,stage6_qwen_behavioural_full_rerun",,,,,not_applicable,,,,not_applicable,,,,not_applicable,,,,not_applicable,1.0,results/stage6/analysis_d2/stage6_d1_per_family.csv,"stage6_llama_behavioural_full_rerun,stage6_qwen_behavioural_full_rerun",,-5.976190476190476,results/stage10/llama_mhk/patching_results.csv,stage10_llama_old_mhk,,,,,not_applicable,,,,not_applicable,True,results/stage6/analysis_d2/stage6_d1_per_family.csv,"stage6_llama_behavioural_full_rerun,stage6_qwen_behavioural_full_rerun",,,,,not_applicable,,,,not_applicable,results/stage9/baselines/cot_text/surface_tfidf_continuous.json,not_applicable,results/stage9/baselines/answer_rationale/surface_tfidf_continuous.json,not_applicable
llama_primary,TH_B_UM_007,thermodynamics,nongoverning_distractor,original,0.265625,results/stage6/analysis_d2/stage6_d1_per_family.csv,"stage6_llama_behavioural_full_rerun,stage6_qwen_behavioural_full_rerun",,,,,not_applicable,,,,not_applicable,,,,not_applicable,,,,not_applicable,1.0,results/stage6/analysis_d2/stage6_d1_per_family.csv,"stage6_llama_behavioural_full_rerun,stage6_qwen_behavioural_full_rerun",,,,,not_measured,,,,not_applicable,,,,not_applicable,True,results/stage6/analysis_d2/stage6_d1_per_family.csv,"stage6_llama_behavioural_full_rerun,stage6_qwen_behavioural_full_rerun",,,,,not_applicable,,,,not_applicable,results/stage9/baselines/cot_text/surface_tfidf_continuous.json,not_applicable,results/stage9/baselines/answer_rationale/surface_tfidf_continuous.json,not_applicable
llama_primary,TH_B_UM_008,thermodynamics,nongoverning_distractor,original,0.984375,results/stage6/analysis_d2/stage6_d1_per_family.csv,"stage6_llama_behavioural_full_rerun,stage6_qwen_behavioural_full_rerun",,,,,not_applicable,,,,not_applicable,,,,not_applicable,,,,not_applicable,1.0,results/stage6/analysis_d2/stage6_d1_per_family.csv,"stage6_llama_behavioural_full_rerun,stage6_qwen_behavioural_full_rerun",,0.34013605442176875,results/stage10/llama_mhk/patching_results.csv,stage10_llama_old_mhk,,,,,not_applicable,,,,not_applicable,True,results/stage6/analysis_d2/stage6_d1_per_family.csv,"stage6_llama_behavioural_full_rerun,stage6_qwen_behavioural_full_rerun",,,,,not_applicable,,,,not_applicable,results/stage9/baselines/cot_text/surface_tfidf_continuous.json,not_applicable,results/stage9/baselines/answer_rationale/surface_tfidf_continuous.json,not_applicable
llama_primary,TH_B_UM_009,thermodynamics,nongoverning_distractor,original,0.09375,results/stage6/analysis_d2/stage6_d1_per_family.csv,"stage6_llama_behavioural_full_rerun,stage6_qwen_behavioural_full_rerun",,,,,not_applicable,,,,not_applicable,,,,not_applicable,,,,not_applicable,0.0,results/stage6/analysis_d2/stage6_d1_per_family.csv,"stage6_llama_behavioural_full_rerun,stage6_qwen_behavioural_full_rerun",,,,,not_measured,,,,not_applicable,,,,not_applicable,True,results/stage6/analysis_d2/stage6_d1_per_family.csv,"stage6_llama_behavioural_full_rerun,stage6_qwen_behavioural_full_rerun",,,,,not_applicable,,,,not_applicable,results/stage9/baselines/cot_text/surface_tfidf_continuous.json,not_applicable,results/stage9/baselines/answer_rationale/surface_tfidf_continuous.json,not_applicable
llama_primary,TH_B_UM_010,thermodynamics,nongoverning_distractor,original,0.0,results/stage6/analysis_d2/stage6_d1_per_family.csv,"stage6_llama_behavioural_full_rerun,stage6_qwen_behavioural_full_rerun",,,,,not_applicable,,,,not_applicable,,,,not_applicable,,,,not_applicable,0.0,results/stage6/analysis_d2/stage6_d1_per_family.csv,"stage6_llama_behavioural_full_rerun,stage6_qwen_behavioural_full_rerun",,,,,not_measured,,,,not_applicable,,,,not_applicable,True,results/stage6/analysis_d2/stage6_d1_per_family.csv,"stage6_llama_behavioural_full_rerun,stage6_qwen_behavioural_full_rerun",,,,,not_applicable,,,,not_applicable,results/stage9/baselines/cot_text/surface_tfidf_continuous.json,not_applicable,results/stage9/baselines/answer_rationale/surface_tfidf_continuous.json,not_applicable
llama_primary,TH_B_UM_011,thermodynamics,nongoverning_distractor,expansion,,,,not_measured,,,,not_applicable,,,,not_applicable,,,,not_applicable,,,,not_applicable,,,,not_measured,,,,not_measured,,,,not_applicable,,,,not_applicable,,,,not_measured,,,,not_applicable,,,,not_applicable,results/stage9/baselines/cot_text/surface_tfidf_continuous.json,not_applicable,results/stage9/baselines/answer_rationale/surface_tfidf_continuous.json,not_applicable
llama_primary,TH_B_UM_012,thermodynamics,nongoverning_distractor,expansion,,,,not_measured,,,,not_applicable,,,,not_applicable,,,,not_applicable,,,,not_applicable,,,,not_measured,,,,not_measured,,,,not_applicable,,,,not_applicable,,,,not_measured,,,,not_applicable,,,,not_applicable,results/stage9/baselines/cot_text/surface_tfidf_continuous.json,not_applicable,results/stage9/baselines/answer_rationale/surface_tfidf_continuous.json,not_applicable
deepseek_reasoning,CM_A_001,mechanics,irrelevant_variable,original,0.28125,results/stage8/analysis_deepseek/deepseek_per_family.csv,registry_experiment_unresolved,,,,,not_applicable,1.0,results/stage8/analysis_deepseek/deepseek_per_family.csv,registry_experiment_unresolved,,,,,not_applicable,,,,not_applicable,0.0,results/stage8/analysis_deepseek/deepseek_per_family.csv,registry_experiment_unresolved,,,,,not_measured,44,results/stage8/probing_deepseek/loo_predictions_variance.json,registry_experiment_unresolved,,0.24076628574509853,results/stage8/probing_deepseek/loo_predictions_variance.json,registry_experiment_unresolved,,,,,not_applicable,1.0,results/stage8/analysis_deepseek/deepseek_per_family.csv,registry_experiment_unresolved,,,,,not_applicable,results/stage9/baselines/cot_text/surface_tfidf_continuous.json,not_applicable,results/stage9/baselines/answer_rationale/surface_tfidf_continuous.json,not_applicable
deepseek_reasoning,CM_A_002,mechanics,irrelevant_variable,original,0.5625,results/stage8/analysis_deepseek/deepseek_per_family.csv,registry_experiment_unresolved,,,,,not_applicable,0.0,results/stage8/analysis_deepseek/deepseek_per_family.csv,registry_experiment_unresolved,,,,,not_applicable,,,,not_applicable,,,,not_measured,,,,not_measured,44,results/stage8/probing_deepseek/loo_predictions_variance.json,registry_experiment_unresolved,,0.39287673894060343,results/stage8/probing_deepseek/loo_predictions_variance.json,registry_experiment_unresolved,,,,,not_applicable,0.25,results/stage8/analysis_deepseek/deepseek_per_family.csv,registry_experiment_unresolved,,,,,not_applicable,results/stage9/baselines/cot_text/surface_tfidf_continuous.json,not_applicable,results/stage9/baselines/answer_rationale/surface_tfidf_continuous.json,not_applicable
deepseek_reasoning,CM_A_003,mechanics,irrelevant_variable,original,0.171875,results/stage8/analysis_deepseek/deepseek_per_family.csv,registry_experiment_unresolved,,,,,not_applicable,1.0,results/stage8/analysis_deepseek/deepseek_per_family.csv,registry_experiment_unresolved,,,,,not_applicable,,,,not_applicable,0.0,results/stage8/analysis_deepseek/deepseek_per_family.csv,registry_experiment_unresolved,,,,,not_measured,44,results/stage8/probing_deepseek/loo_predictions_variance.json,registry_experiment_unresolved,,0.5076731974096463,results/stage8/probing_deepseek/loo_predictions_variance.json,registry_experiment_unresolved,,,,,not_applicable,0.75,results/stage8/analysis_deepseek/deepseek_per_family.csv,registry_experiment_unresolved,,,,,not_applicable,results/stage9/baselines/cot_text/surface_tfidf_continuous.json,not_applicable,results/stage9/baselines/answer_rationale/surface_tfidf_continuous.json,not_applicable
deepseek_reasoning,CM_A_004,mechanics,irrelevant_variable,original,0.125,results/stage8/analysis_deepseek/deepseek_per_family.csv,registry_experiment_unresolved,,,,,not_applicable,1.0,results/stage8/analysis_deepseek/deepseek_per_family.csv,registry_experiment_unresolved,,,,,not_applicable,,,,not_applicable,0.0,results/stage8/analysis_deepseek/deepseek_per_family.csv,registry_experiment_unresolved,,,,,not_measured,44,results/stage8/probing_deepseek/loo_predictions_variance.json,registry_experiment_unresolved,,0.47992797393205766,results/stage8/probing_deepseek/loo_predictions_variance.json,registry_experiment_unresolved,,,,,not_applicable,1.0,results/stage8/analysis_deepseek/deepseek_per_family.csv,registry_experiment_unresolved,,,,,not_applicable,results/stage9/baselines/cot_text/surface_tfidf_continuous.json,not_applicable,results/stage9/baselines/answer_rationale/surface_tfidf_continuous.json,not_applicable
deepseek_reasoning,CM_A_005,mechanics,irrelevant_variable,original,0.046875,results/stage8/analysis_deepseek/deepseek_per_family.csv,registry_experiment_unresolved,,,,,not_applicable,0.0,results/stage8/analysis_deepseek/deepseek_per_family.csv,registry_experiment_unresolved,,,,,not_applicable,,,,not_applicable,,,,not_measured,,,,not_measured,44,results/stage8/probing_deepseek/loo_predictions_variance.json,registry_experiment_unresolved,,0.5503174875225213,results/stage8/probing_deepseek/loo_predictions_variance.json,registry_experiment_unresolved,,,,,not_applicable,0.0,results/stage8/analysis_deepseek/deepseek_per_family.csv,registry_experiment_unresolved,,,,,not_applicable,results/stage9/baselines/cot_text/surface_tfidf_continuous.json,not_applicable,results/stage9/baselines/answer_rationale/surface_tfidf_continuous.json,not_applicable
deepseek_reasoning,CM_A_006,mechanics,irrelevant_variable,original,0.484375,results/stage8/analysis_deepseek/deepseek_per_family.csv,registry_experiment_unresolved,,,,,not_applicable,1.0,results/stage8/analysis_deepseek/deepseek_per_family.csv,registry_experiment_unresolved,,,,,not_applicable,,,,not_applicable,0.0,results/stage8/analysis_deepseek/deepseek_per_family.csv,registry_experiment_unresolved,,,,,not_measured,44,results/stage8/probing_deepseek/loo_predictions_variance.json,registry_experiment_unresolved,,0.47877271223273743,results/stage8/probing_deepseek/loo_predictions_variance.json,registry_experiment_unresolved,,,,,not_applicable,1.0,results/stage8/analysis_deepseek/deepseek_per_family.csv,registry_experiment_unresolved,,,,,not_applicable,results/stage9/baselines/cot_text/surface_tfidf_continuous.json,not_applicable,results/stage9/baselines/answer_rationale/surface_tfidf_continuous.json,not_applicable
deepseek_reasoning,CM_A_007,mechanics,irrelevant_variable,original,0.296875,results/stage8/analysis_deepseek/deepseek_per_family.csv,registry_experiment_unresolved,,,,,not_applicable,1.0,results/stage8/analysis_deepseek/deepseek_per_family.csv,registry_experiment_unresolved,,,,,not_applicable,,,,not_applicable,0.0,results/stage8/analysis_deepseek/deepseek_per_family.csv,registry_experiment_unresolved,,,,,not_measured,44,results/stage8/probing_deepseek/loo_predictions_variance.json,registry_experiment_unresolved,,0.5598699630170191,results/stage8/probing_deepseek/loo_predictions_variance.json,registry_experiment_unresolved,,,,,not_applicable,0.5,results/stage8/analysis_deepseek/deepseek_per_family.csv,registry_experiment_unresolved,,,,,not_applicable,results/stage9/baselines/cot_text/surface_tfidf_continuous.json,not_applicable,results/stage9/baselines/answer_rationale/surface_tfidf_continuous.json,not_applicable
deepseek_reasoning,CM_A_008,mechanics,irrelevant_variable,original,0.625,results/stage8/analysis_deepseek/deepseek_per_family.csv,registry_experiment_unresolved,,,,,not_applicable,0.0,results/stage8/analysis_deepseek/deepseek_per_family.csv,registry_experiment_unresolved,,,,,not_applicable,,,,not_applicable,,,,not_measured,,,,not_measured,44,results/stage8/probing_deepseek/loo_predictions_variance.json,registry_experiment_unresolved,,0.5673209886929791,results/stage8/probing_deepseek/loo_predictions_variance.json,registry_experiment_unresolved,,,,,not_applicable,0.25,results/stage8/analysis_deepseek/deepseek_per_family.csv,registry_experiment_unresolved,,,,,not_applicable,results/stage9/baselines/cot_text/surface_tfidf_continuous.json,not_applicable,results/stage9/baselines/answer_rationale/surface_tfidf_continuous.json,not_applicable
deepseek_reasoning,CM_A_009,mechanics,irrelevant_variable,original,0.421875,results/stage8/analysis_deepseek/deepseek_per_family.csv,registry_experiment_unresolved,,,,,not_applicable,1.0,results/stage8/analysis_deepseek/deepseek_per_family.csv,registry_experiment_unresolved,,,,,not_applicable,,,,not_applicable,0.0,results/stage8/analysis_deepseek/deepseek_per_family.csv,registry_experiment_unresolved,,,,,not_measured,44,results/stage8/probing_deepseek/loo_predictions_variance.json,registry_experiment_unresolved,,0.22349345996511585,results/stage8/probing_deepseek/loo_predictions_variance.json,registry_experiment_unresolved,,,,,not_applicable,1.0,results/stage8/analysis_deepseek/deepseek_per_family.csv,registry_experiment_unresolved,,,,,not_applicable,results/stage9/baselines/cot_text/surface_tfidf_continuous.json,not_applicable,results/stage9/baselines/answer_rationale/surface_tfidf_continuous.json,not_applicable
deepseek_reasoning,CM_A_010,mechanics,irrelevant_variable,original,-0.046875,results/stage8/analysis_deepseek/deepseek_per_family.csv,registry_experiment_unresolved,,,,,not_applicable,1.0,results/stage8/analysis_deepseek/deepseek_per_family.csv,registry_experiment_unresolved,,,,,not_applicable,,,,not_applicable,0.0,results/stage8/analysis_deepseek/deepseek_per_family.csv,registry_experiment_unresolved,,,,,not_measured,44,results/stage8/probing_deepseek/loo_predictions_variance.json,registry_experiment_unresolved,,0.1015541714252718,results/stage8/probing_deepseek/loo_predictions_variance.json,registry_experiment_unresolved,,,,,not_applicable,1.0,results/stage8/analysis_deepseek/deepseek_per_family.csv,registry_experiment_unresolved,,,,,not_applicable,results/stage9/baselines/cot_text/surface_tfidf_continuous.json,not_applicable,results/stage9/baselines/answer_rationale/surface_tfidf_continuous.json,not_applicable
deepseek_reasoning,CM_A_STD_001,mechanics,irrelevant_variable,original,0.890625,results/stage8/analysis_deepseek/deepseek_per_family.csv,registry_experiment_unresolved,,,,,not_applicable,1.0,results/stage8/analysis_deepseek/deepseek_per_family.csv,registry_experiment_unresolved,,,,,not_applicable,,,,not_applicable,,,,not_measured,,,,not_measured,44,results/stage8/probing_deepseek/loo_predictions_variance.json,registry_experiment_unresolved,,0.20498870622092685,results/stage8/probing_deepseek/loo_predictions_variance.json,registry_experiment_unresolved,,,,,not_applicable,0.25,results/stage8/analysis_deepseek/deepseek_per_family.csv,registry_experiment_unresolved,,,,,not_applicable,results/stage9/baselines/cot_text/surface_tfidf_continuous.json,not_applicable,results/stage9/baselines/answer_rationale/surface_tfidf_continuous.json,not_applicable
deepseek_reasoning,CM_A_STD_002,mechanics,irrelevant_variable,original,0.234375,results/stage8/analysis_deepseek/deepseek_per_family.csv,registry_experiment_unresolved,,,,,not_applicable,1.0,results/stage8/analysis_deepseek/deepseek_per_family.csv,registry_experiment_unresolved,,,,,not_applicable,,,,not_applicable,,,,not_measured,,,,not_measured,44,results/stage8/probing_deepseek/loo_predictions_variance.json,registry_experiment_unresolved,,0.2652570543951862,results/stage8/probing_deepseek/loo_predictions_variance.json,registry_experiment_unresolved,,,,,not_applicable,0.25,results/stage8/analysis_deepseek/deepseek_per_family.csv,registry_experiment_unresolved,,,,,not_applicable,results/stage9/baselines/cot_text/surface_tfidf_continuous.json,not_applicable,results/stage9/baselines/answer_rationale/surface_tfidf_continuous.json,not_applicable
deepseek_reasoning,CM_A_STD_003,mechanics,irrelevant_variable,original,0.65625,results/stage8/analysis_deepseek/deepseek_per_family.csv,registry_experiment_unresolved,,,,,not_applicable,1.0,results/stage8/analysis_deepseek/deepseek_per_family.csv,registry_experiment_unresolved,,,,,not_applicable,,,,not_applicable,0.0,results/stage8/analysis_deepseek/deepseek_per_family.csv,registry_experiment_unresolved,,,,,not_measured,44,results/stage8/probing_deepseek/loo_predictions_variance.json,registry_experiment_unresolved,,0.23556122317437697,results/stage8/probing_deepseek/loo_predictions_variance.json,registry_experiment_unresolved,,,,,not_applicable,1.0,results/stage8/analysis_deepseek/deepseek_per_family.csv,registry_experiment_unresolved,,,,,not_applicable,results/stage9/baselines/cot_text/surface_tfidf_continuous.json,not_applicable,results/stage9/baselines/answer_rationale/surface_tfidf_continuous.json,not_applicable
deepseek_reasoning,CM_A_STD_004,mechanics,irrelevant_variable,original,0.5,results/stage8/analysis_deepseek/deepseek_per_family.csv,registry_experiment_unresolved,,,,,not_applicable,1.0,results/stage8/analysis_deepseek/deepseek_per_family.csv,registry_experiment_unresolved,,,,,not_applicable,,,,not_applicable,0.0,results/stage8/analysis_deepseek/deepseek_per_family.csv,registry_experiment_unresolved,,,,,not_measured,44,results/stage8/probing_deepseek/loo_predictions_variance.json,registry_experiment_unresolved,,0.5356102049346341,results/stage8/probing_deepseek/loo_predictions_variance.json,registry_experiment_unresolved,,,,,not_applicable,1.0,results/stage8/analysis_deepseek/deepseek_per_family.csv,registry_experiment_unresolved,,,,,not_applicable,results/stage9/baselines/cot_text/surface_tfidf_continuous.json,not_applicable,results/stage9/baselines/answer_rationale/surface_tfidf_continuous.json,not_applicable
deepseek_reasoning,CM_A_STD_005,mechanics,irrelevant_variable,original,3.625,results/stage8/analysis_deepseek/deepseek_per_family.csv,registry_experiment_unresolved,,,,,not_applicable,0.0,results/stage8/analysis_deepseek/deepseek_per_family.csv,registry_experiment_unresolved,,,,,not_applicable,,,,not_applicable,,,,not_measured,,,,not_measured,44,results/stage8/probing_deepseek/loo_predictions_variance.json,registry_experiment_unresolved,,0.5000811787621072,results/stage8/probing_deepseek/loo_predictions_variance.json,registry_experiment_unresolved,,,,,not_applicable,0.0,results/stage8/analysis_deepseek/deepseek_per_family.csv,registry_experiment_unresolved,,,,,not_applicable,results/stage9/baselines/cot_text/surface_tfidf_continuous.json,not_applicable,results/stage9/baselines/answer_rationale/surface_tfidf_continuous.json,not_applicable
deepseek_reasoning,CM_A_STD_006,mechanics,irrelevant_variable,original,0.28125,results/stage8/analysis_deepseek/deepseek_per_family.csv,registry_experiment_unresolved,,,,,not_applicable,1.0,results/stage8/analysis_deepseek/deepseek_per_family.csv,registry_experiment_unresolved,,,,,not_applicable,,,,not_applicable,0.0,results/stage8/analysis_deepseek/deepseek_per_family.csv,registry_experiment_unresolved,,,,,not_measured,44,results/stage8/probing_deepseek/loo_predictions_variance.json,registry_experiment_unresolved,,0.43471513083754854,results/stage8/probing_deepseek/loo_predictions_variance.json,registry_experiment_unresolved,,,,,not_applicable,1.0,results/stage8/analysis_deepseek/deepseek_per_family.csv,registry_experiment_unresolved,,,,,not_applicable,results/stage9/baselines/cot_text/surface_tfidf_continuous.json,not_applicable,results/stage9/baselines/answer_rationale/surface_tfidf_continuous.json,not_applicable
deepseek_reasoning,CM_A_STD_007,mechanics,irrelevant_variable,original,0.578125,results/stage8/analysis_deepseek/deepseek_per_family.csv,registry_experiment_unresolved,,,,,not_applicable,1.0,results/stage8/analysis_deepseek/deepseek_per_family.csv,registry_experiment_unresolved,,,,,not_applicable,,,,not_applicable,0.0,results/stage8/analysis_deepseek/deepseek_per_family.csv,registry_experiment_unresolved,,,,,not_measured,44,results/stage8/probing_deepseek/loo_predictions_variance.json,registry_experiment_unresolved,,0.18326652978049357,results/stage8/probing_deepseek/loo_predictions_variance.json,registry_experiment_unresolved,,,,,not_applicable,1.0,results/stage8/analysis_deepseek/deepseek_per_family.csv,registry_experiment_unresolved,,,,,not_applicable,results/stage9/baselines/cot_text/surface_tfidf_continuous.json,not_applicable,results/stage9/baselines/answer_rationale/surface_tfidf_continuous.json,not_applicable
deepseek_reasoning,CM_A_STD_008,mechanics,irrelevant_variable,original,7.109375,results/stage8/analysis_deepseek/deepseek_per_family.csv,registry_experiment_unresolved,,,,,not_applicable,1.0,results/stage8/analysis_deepseek/deepseek_per_family.csv,registry_experiment_unresolved,,,,,not_applicable,,,,not_applicable,0.0,results/stage8/analysis_deepseek/deepseek_per_family.csv,registry_experiment_unresolved,,,,,not_measured,44,results/stage8/probing_deepseek/loo_predictions_variance.json,registry_experiment_unresolved,,0.5049375411113705,results/stage8/probing_deepseek/loo_predictions_variance.json,registry_experiment_unresolved,,,,,not_applicable,0.75,results/stage8/analysis_deepseek/deepseek_per_family.csv,registry_experiment_unresolved,,,,,not_applicable,results/stage9/baselines/cot_text/surface_tfidf_continuous.json,not_applicable,results/stage9/baselines/answer_rationale/surface_tfidf_continuous.json,not_applicable
deepseek_reasoning,CM_A_STD_009,mechanics,irrelevant_variable,original,-1.15625,results/stage8/analysis_deepseek/deepseek_per_family.csv,registry_experiment_unresolved,,,,,not_applicable,1.0,results/stage8/analysis_deepseek/deepseek_per_family.csv,registry_experiment_unresolved,,,,,not_applicable,,,,not_applicable,,,,not_measured,,,,not_measured,44,results/stage8/probing_deepseek/loo_predictions_variance.json,registry_experiment_unresolved,,0.1684307471713299,results/stage8/probing_deepseek/loo_predictions_variance.json,registry_experiment_unresolved,,,,,not_applicable,0.25,results/stage8/analysis_deepseek/deepseek_per_family.csv,registry_experiment_unresolved,,,,,not_applicable,results/stage9/baselines/cot_text/surface_tfidf_continuous.json,not_applicable,results/stage9/baselines/answer_rationale/surface_tfidf_continuous.json,not_applicable
deepseek_reasoning,CM_A_STD_010,mechanics,irrelevant_variable,original,1.921875,results/stage8/analysis_deepseek/deepseek_per_family.csv,registry_experiment_unresolved,,,,,not_applicable,0.6666666666666666,results/stage8/analysis_deepseek/deepseek_per_family.csv,registry_experiment_unresolved,,,,,not_applicable,,,,not_applicable,0.6666666666666666,results/stage8/analysis_deepseek/deepseek_per_family.csv,registry_experiment_unresolved,,,,,not_measured,44,results/stage8/probing_deepseek/loo_predictions_variance.json,registry_experiment_unresolved,,0.4450769680570751,results/stage8/probing_deepseek/loo_predictions_variance.json,registry_experiment_unresolved,,,,,not_applicable,0.75,results/stage8/analysis_deepseek/deepseek_per_family.csv,registry_experiment_unresolved,,,,,not_applicable,results/stage9/baselines/cot_text/surface_tfidf_continuous.json,not_applicable,results/stage9/baselines/answer_rationale/surface_tfidf_continuous.json,not_applicable
deepseek_reasoning,CM_A_STD_011,electrostatics_circuits,irrelevant_variable,original,0.0625,results/stage8/analysis_deepseek/deepseek_per_family.csv,registry_experiment_unresolved,,,,,not_applicable,0.5,results/stage8/analysis_deepseek/deepseek_per_family.csv,registry_experiment_unresolved,,,,,not_applicable,,,,not_applicable,1.0,results/stage8/analysis_deepseek/deepseek_per_family.csv,registry_experiment_unresolved,,,,,not_measured,44,results/stage8/probing_deepseek/loo_predictions_variance.json,registry_experiment_unresolved,,0.3145867685773549,results/stage8/probing_deepseek/loo_predictions_variance.json,registry_experiment_unresolved,,,,,not_applicable,0.5,results/stage8/analysis_deepseek/deepseek_per_family.csv,registry_experiment_unresolved,,,,,not_applicable,results/stage9/baselines/cot_text/surface_tfidf_continuous.json,not_applicable,results/stage9/baselines/answer_rationale/surface_tfidf_continuous.json,not_applicable
deepseek_reasoning,CM_A_STD_012,electrostatics_circuits,irrelevant_variable,original,-0.625,results/stage8/analysis_deepseek/deepseek_per_family.csv,registry_experiment_unresolved,,,,,not_applicable,0.0,results/stage8/analysis_deepseek/deepseek_per_family.csv,registry_experiment_unresolved,,,,,not_applicable,,,,not_applicable,,,,not_measured,,,,not_measured,44,results/stage8/probing_deepseek/loo_predictions_variance.json,registry_experiment_unresolved,,0.5078677103147049,results/stage8/probing_deepseek/loo_predictions_variance.json,registry_experiment_unresolved,,,,,not_applicable,0.0,results/stage8/analysis_deepseek/deepseek_per_family.csv,registry_experiment_unresolved,,,,,not_applicable,results/stage9/baselines/cot_text/surface_tfidf_continuous.json,not_applicable,results/stage9/baselines/answer_rationale/surface_tfidf_continuous.json,not_applicable
deepseek_reasoning,CM_A_STD_013,electrostatics_circuits,irrelevant_variable,original,1.375,results/stage8/analysis_deepseek/deepseek_per_family.csv,registry_experiment_unresolved,,,,,not_applicable,1.0,results/stage8/analysis_deepseek/deepseek_per_family.csv,registry_experiment_unresolved,,,,,not_applicable,,,,not_applicable,0.0,results/stage8/analysis_deepseek/deepseek_per_family.csv,registry_experiment_unresolved,,,,,not_measured,44,results/stage8/probing_deepseek/loo_predictions_variance.json,registry_experiment_unresolved,,0.381552433668366,results/stage8/probing_deepseek/loo_predictions_variance.json,registry_experiment_unresolved,,,,,not_applicable,1.0,results/stage8/analysis_deepseek/deepseek_per_family.csv,registry_experiment_unresolved,,,,,not_applicable,results/stage9/baselines/cot_text/surface_tfidf_continuous.json,not_applicable,results/stage9/baselines/answer_rationale/surface_tfidf_continuous.json,not_applicable
deepseek_reasoning,CM_A_STD_014,electrostatics_circuits,irrelevant_variable,original,0.265625,results/stage8/analysis_deepseek/deepseek_per_family.csv,registry_experiment_unresolved,,,,,not_applicable,1.0,results/stage8/analysis_deepseek/deepseek_per_family.csv,registry_experiment_unresolved,,,,,not_applicable,,,,not_applicable,0.0,results/stage8/analysis_deepseek/deepseek_per_family.csv,registry_experiment_unresolved,,,,,not_measured,44,results/stage8/probing_deepseek/loo_predictions_variance.json,registry_experiment_unresolved,,0.2653156898572378,results/stage8/probing_deepseek/loo_predictions_variance.json,registry_experiment_unresolved,,,,,not_applicable,0.75,results/stage8/analysis_deepseek/deepseek_per_family.csv,registry_experiment_unresolved,,,,,not_applicable,results/stage9/baselines/cot_text/surface_tfidf_continuous.json,not_applicable,results/stage9/baselines/answer_rationale/surface_tfidf_continuous.json,not_applicable
deepseek_reasoning,CM_A_STD_015,electrostatics_circuits,irrelevant_variable,original,0.390625,results/stage8/analysis_deepseek/deepseek_per_family.csv,registry_experiment_unresolved,,,,,not_applicable,0.0,results/stage8/analysis_deepseek/deepseek_per_family.csv,registry_experiment_unresolved,,,,,not_applicable,,,,not_applicable,0.0,results/stage8/analysis_deepseek/deepseek_per_family.csv,registry_experiment_unresolved,,,,,not_measured,44,results/stage8/probing_deepseek/loo_predictions_variance.json,registry_experiment_unresolved,,0.3441271243512873,results/stage8/probing_deepseek/loo_predictions_variance.json,registry_experiment_unresolved,,,,,not_applicable,0.75,results/stage8/analysis_deepseek/deepseek_per_family.csv,registry_experiment_unresolved,,,,,not_applicable,results/stage9/baselines/cot_text/surface_tfidf_continuous.json,not_applicable,results/stage9/baselines/answer_rationale/surface_tfidf_continuous.json,not_applicable
deepseek_reasoning,CM_A_STD_016,electrostatics_circuits,irrelevant_variable,original,-0.15625,results/stage8/analysis_deepseek/deepseek_per_family.csv,registry_experiment_unresolved,,,,,not_applicable,0.0,results/stage8/analysis_deepseek/deepseek_per_family.csv,registry_experiment_unresolved,,,,,not_applicable,,,,not_applicable,,,,not_measured,,,,not_measured,44,results/stage8/probing_deepseek/loo_predictions_variance.json,registry_experiment_unresolved,,0.19332141685880402,results/stage8/probing_deepseek/loo_predictions_variance.json,registry_experiment_unresolved,,,,,not_applicable,0.0,results/stage8/analysis_deepseek/deepseek_per_family.csv,registry_experiment_unresolved,,,,,not_applicable,results/stage9/baselines/cot_text/surface_tfidf_continuous.json,not_applicable,results/stage9/baselines/answer_rationale/surface_tfidf_continuous.json,not_applicable
deepseek_reasoning,CM_A_STD_017,thermodynamics,irrelevant_variable,original,0.03125,results/stage8/analysis_deepseek/deepseek_per_family.csv,registry_experiment_unresolved,,,,,not_applicable,0.0,results/stage8/analysis_deepseek/deepseek_per_family.csv,registry_experiment_unresolved,,,,,not_applicable,,,,not_applicable,,,,not_measured,,,,not_measured,44,results/stage8/probing_deepseek/loo_predictions_variance.json,registry_experiment_unresolved,,0.3046699468713494,results/stage8/probing_deepseek/loo_predictions_variance.json,registry_experiment_unresolved,,,,,not_applicable,0.0,results/stage8/analysis_deepseek/deepseek_per_family.csv,registry_experiment_unresolved,,,,,not_applicable,results/stage9/baselines/cot_text/surface_tfidf_continuous.json,not_applicable,results/stage9/baselines/answer_rationale/surface_tfidf_continuous.json,not_applicable
deepseek_reasoning,CM_A_STD_018,thermodynamics,irrelevant_variable,original,0.25,results/stage8/analysis_deepseek/deepseek_per_family.csv,registry_experiment_unresolved,,,,,not_applicable,0.25,results/stage8/analysis_deepseek/deepseek_per_family.csv,registry_experiment_unresolved,,,,,not_applicable,,,,not_applicable,0.8333333333333334,results/stage8/analysis_deepseek/deepseek_per_family.csv,registry_experiment_unresolved,,,,,not_measured,44,results/stage8/probing_deepseek/loo_predictions_variance.json,registry_experiment_unresolved,,0.2085388498386596,results/stage8/probing_deepseek/loo_predictions_variance.json,registry_experiment_unresolved,,,,,not_applicable,1.0,results/stage8/analysis_deepseek/deepseek_per_family.csv,registry_experiment_unresolved,,,,,not_applicable,results/stage9/baselines/cot_text/surface_tfidf_continuous.json,not_applicable,results/stage9/baselines/answer_rationale/surface_tfidf_continuous.json,not_applicable
deepseek_reasoning,CM_A_STD_019,thermodynamics,irrelevant_variable,original,-0.03125,results/stage8/analysis_deepseek/deepseek_per_family.csv,registry_experiment_unresolved,,,,,not_applicable,1.0,results/stage8/analysis_deepseek/deepseek_per_family.csv,registry_experiment_unresolved,,,,,not_applicable,,,,not_applicable,0.0,results/stage8/analysis_deepseek/deepseek_per_family.csv,registry_experiment_unresolved,,,,,not_measured,44,results/stage8/probing_deepseek/loo_predictions_variance.json,registry_experiment_unresolved,,0.38714318774150214,results/stage8/probing_deepseek/loo_predictions_variance.json,registry_experiment_unresolved,,,,,not_applicable,1.0,results/stage8/analysis_deepseek/deepseek_per_family.csv,registry_experiment_unresolved,,,,,not_applicable,results/stage9/baselines/cot_text/surface_tfidf_continuous.json,not_applicable,results/stage9/baselines/answer_rationale/surface_tfidf_continuous.json,not_applicable
deepseek_reasoning,CM_A_STD_020,thermodynamics,irrelevant_variable,original,0.078125,results/stage8/analysis_deepseek/deepseek_per_family.csv,registry_experiment_unresolved,,,,,not_applicable,0.0,results/stage8/analysis_deepseek/deepseek_per_family.csv,registry_experiment_unresolved,,,,,not_applicable,,,,not_applicable,,,,not_measured,,,,not_measured,44,results/stage8/probing_deepseek/loo_predictions_variance.json,registry_experiment_unresolved,,0.5150787979745309,results/stage8/probing_deepseek/loo_predictions_variance.json,registry_experiment_unresolved,,,,,not_applicable,0.0,results/stage8/analysis_deepseek/deepseek_per_family.csv,registry_experiment_unresolved,,,,,not_applicable,results/stage9/baselines/cot_text/surface_tfidf_continuous.json,not_applicable,results/stage9/baselines/answer_rationale/surface_tfidf_continuous.json,not_applicable
deepseek_reasoning,CM_B_001,mechanics,nongoverning_distractor,original,0.25,results/stage8/analysis_deepseek/deepseek_per_family.csv,registry_experiment_unresolved,,,,,not_applicable,1.0,results/stage8/analysis_deepseek/deepseek_per_family.csv,registry_experiment_unresolved,,,,,not_applicable,,,,not_applicable,0.0,results/stage8/analysis_deepseek/deepseek_per_family.csv,registry_experiment_unresolved,,,,,not_measured,44,results/stage8/probing_deepseek/loo_predictions_variance.json,registry_experiment_unresolved,,0.15917528377597498,results/stage8/probing_deepseek/loo_predictions_variance.json,registry_experiment_unresolved,,,,,not_applicable,0.75,results/stage8/analysis_deepseek/deepseek_per_family.csv,registry_experiment_unresolved,,,,,not_applicable,results/stage9/baselines/cot_text/surface_tfidf_continuous.json,not_applicable,results/stage9/baselines/answer_rationale/surface_tfidf_continuous.json,not_applicable
deepseek_reasoning,CM_B_002,mechanics,nongoverning_distractor,original,0.03125,results/stage8/analysis_deepseek/deepseek_per_family.csv,registry_experiment_unresolved,,,,,not_applicable,1.0,results/stage8/analysis_deepseek/deepseek_per_family.csv,registry_experiment_unresolved,,,,,not_applicable,,,,not_applicable,0.0,results/stage8/analysis_deepseek/deepseek_per_family.csv,registry_experiment_unresolved,,,,,not_measured,44,results/stage8/probing_deepseek/loo_predictions_variance.json,registry_experiment_unresolved,,0.38194754471465375,results/stage8/probing_deepseek/loo_predictions_variance.json,registry_experiment_unresolved,,,,,not_applicable,1.0,results/stage8/analysis_deepseek/deepseek_per_family.csv,registry_experiment_unresolved,,,,,not_applicable,results/stage9/baselines/cot_text/surface_tfidf_continuous.json,not_applicable,results/stage9/baselines/answer_rationale/surface_tfidf_continuous.json,not_applicable
deepseek_reasoning,CM_B_003,mechanics,nongoverning_distractor,original,-0.4375,results/stage8/analysis_deepseek/deepseek_per_family.csv,registry_experiment_unresolved,,,,,not_applicable,0.0,results/stage8/analysis_deepseek/deepseek_per_family.csv,registry_experiment_unresolved,,,,,not_applicable,,,,not_applicable,,,,not_measured,,,,not_measured,44,results/stage8/probing_deepseek/loo_predictions_variance.json,registry_experiment_unresolved,,0.22025159111723985,results/stage8/probing_deepseek/loo_predictions_variance.json,registry_experiment_unresolved,,,,,not_applicable,0.0,results/stage8/analysis_deepseek/deepseek_per_family.csv,registry_experiment_unresolved,,,,,not_applicable,results/stage9/baselines/cot_text/surface_tfidf_continuous.json,not_applicable,results/stage9/baselines/answer_rationale/surface_tfidf_continuous.json,not_applicable
deepseek_reasoning,CM_B_004,mechanics,nongoverning_distractor,original,-0.078125,results/stage8/analysis_deepseek/deepseek_per_family.csv,registry_experiment_unresolved,,,,,not_applicable,0.0,results/stage8/analysis_deepseek/deepseek_per_family.csv,registry_experiment_unresolved,,,,,not_applicable,,,,not_applicable,1.0,results/stage8/analysis_deepseek/deepseek_per_family.csv,registry_experiment_unresolved,,2.0,results/stage10/deepseek_mhk/patching_results.csv,stage10_deepseek_top4_mhk_qwen_panel,,44,results/stage8/probing_deepseek/loo_predictions_variance.json,registry_experiment_unresolved,,0.19133544067002464,results/stage8/probing_deepseek/loo_predictions_variance.json,registry_experiment_unresolved,,,,,not_applicable,0.5,results/stage8/analysis_deepseek/deepseek_per_family.csv,registry_experiment_unresolved,,,,,not_applicable,results/stage9/baselines/cot_text/surface_tfidf_continuous.json,not_applicable,results/stage9/baselines/answer_rationale/surface_tfidf_continuous.json,not_applicable
deepseek_reasoning,CM_B_005,mechanics,nongoverning_distractor,original,0.328125,results/stage8/analysis_deepseek/deepseek_per_family.csv,registry_experiment_unresolved,,,,,not_applicable,1.0,results/stage8/analysis_deepseek/deepseek_per_family.csv,registry_experiment_unresolved,,,,,not_applicable,,,,not_applicable,0.0,results/stage8/analysis_deepseek/deepseek_per_family.csv,registry_experiment_unresolved,,,,,not_measured,44,results/stage8/probing_deepseek/loo_predictions_variance.json,registry_experiment_unresolved,,0.28862937604857974,results/stage8/probing_deepseek/loo_predictions_variance.json,registry_experiment_unresolved,,,,,not_applicable,1.0,results/stage8/analysis_deepseek/deepseek_per_family.csv,registry_experiment_unresolved,,,,,not_applicable,results/stage9/baselines/cot_text/surface_tfidf_continuous.json,not_applicable,results/stage9/baselines/answer_rationale/surface_tfidf_continuous.json,not_applicable
deepseek_reasoning,CM_B_006,mechanics,nongoverning_distractor,original,0.03125,results/stage8/analysis_deepseek/deepseek_per_family.csv,registry_experiment_unresolved,,,,,not_applicable,1.0,results/stage8/analysis_deepseek/deepseek_per_family.csv,registry_experiment_unresolved,,,,,not_applicable,,,,not_applicable,0.0,results/stage8/analysis_deepseek/deepseek_per_family.csv,registry_experiment_unresolved,,,,,not_measured,44,results/stage8/probing_deepseek/loo_predictions_variance.json,registry_experiment_unresolved,,0.09274580114460519,results/stage8/probing_deepseek/loo_predictions_variance.json,registry_experiment_unresolved,,,,,not_applicable,1.0,results/stage8/analysis_deepseek/deepseek_per_family.csv,registry_experiment_unresolved,,,,,not_applicable,results/stage9/baselines/cot_text/surface_tfidf_continuous.json,not_applicable,results/stage9/baselines/answer_rationale/surface_tfidf_continuous.json,not_applicable
deepseek_reasoning,CM_B_007,mechanics,nongoverning_distractor,original,0.03125,results/stage8/analysis_deepseek/deepseek_per_family.csv,registry_experiment_unresolved,,,,,not_applicable,0.0,results/stage8/analysis_deepseek/deepseek_per_family.csv,registry_experiment_unresolved,,,,,not_applicable,,,,not_applicable,,,,not_measured,,,,not_measured,44,results/stage8/probing_deepseek/loo_predictions_variance.json,registry_experiment_unresolved,,0.21041659963293255,results/stage8/probing_deepseek/loo_predictions_variance.json,registry_experiment_unresolved,,,,,not_applicable,0.0,results/stage8/analysis_deepseek/deepseek_per_family.csv,registry_experiment_unresolved,,,,,not_applicable,results/stage9/baselines/cot_text/surface_tfidf_continuous.json,not_applicable,results/stage9/baselines/answer_rationale/surface_tfidf_continuous.json,not_applicable
deepseek_reasoning,CM_B_008,mechanics,nongoverning_distractor,original,-0.125,results/stage8/analysis_deepseek/deepseek_per_family.csv,registry_experiment_unresolved,,,,,not_applicable,1.0,results/stage8/analysis_deepseek/deepseek_per_family.csv,registry_experiment_unresolved,,,,,not_applicable,,,,not_applicable,0.0,results/stage8/analysis_deepseek/deepseek_per_family.csv,registry_experiment_unresolved,,,,,not_measured,44,results/stage8/probing_deepseek/loo_predictions_variance.json,registry_experiment_unresolved,,0.20072660035648335,results/stage8/probing_deepseek/loo_predictions_variance.json,registry_experiment_unresolved,,,,,not_applicable,0.75,results/stage8/analysis_deepseek/deepseek_per_family.csv,registry_experiment_unresolved,,,,,not_applicable,results/stage9/baselines/cot_text/surface_tfidf_continuous.json,not_applicable,results/stage9/baselines/answer_rationale/surface_tfidf_continuous.json,not_applicable
deepseek_reasoning,CM_B_009,mechanics,nongoverning_distractor,original,0.234375,results/stage8/analysis_deepseek/deepseek_per_family.csv,registry_experiment_unresolved,,,,,not_applicable,0.0,results/stage8/analysis_deepseek/deepseek_per_family.csv,registry_experiment_unresolved,,,,,not_applicable,,,,not_applicable,,,,not_measured,,,,not_measured,44,results/stage8/probing_deepseek/loo_predictions_variance.json,registry_experiment_unresolved,,0.30888764997808477,results/stage8/probing_deepseek/loo_predictions_variance.json,registry_experiment_unresolved,,,,,not_applicable,0.0,results/stage8/analysis_deepseek/deepseek_per_family.csv,registry_experiment_unresolved,,,,,not_applicable,results/stage9/baselines/cot_text/surface_tfidf_continuous.json,not_applicable,results/stage9/baselines/answer_rationale/surface_tfidf_continuous.json,not_applicable
deepseek_reasoning,CM_B_010,mechanics,nongoverning_distractor,original,0.1875,results/stage8/analysis_deepseek/deepseek_per_family.csv,registry_experiment_unresolved,,,,,not_applicable,1.0,results/stage8/analysis_deepseek/deepseek_per_family.csv,registry_experiment_unresolved,,,,,not_applicable,,,,not_applicable,,,,not_measured,,,,not_measured,44,results/stage8/probing_deepseek/loo_predictions_variance.json,registry_experiment_unresolved,,0.5087891821560937,results/stage8/probing_deepseek/loo_predictions_variance.json,registry_experiment_unresolved,,,,,not_applicable,0.25,results/stage8/analysis_deepseek/deepseek_per_family.csv,registry_experiment_unresolved,,,,,not_applicable,results/stage9/baselines/cot_text/surface_tfidf_continuous.json,not_applicable,results/stage9/baselines/answer_rationale/surface_tfidf_continuous.json,not_applicable
deepseek_reasoning,CM_B_STD_001,mechanics,nongoverning_distractor,original,6.40625,results/stage8/analysis_deepseek/deepseek_per_family.csv,registry_experiment_unresolved,,,,,not_applicable,1.0,results/stage8/analysis_deepseek/deepseek_per_family.csv,registry_experiment_unresolved,,,,,not_applicable,,,,not_applicable,0.0,results/stage8/analysis_deepseek/deepseek_per_family.csv,registry_experiment_unresolved,,,,,not_measured,44,results/stage8/probing_deepseek/loo_predictions_variance.json,registry_experiment_unresolved,,0.33550868578210136,results/stage8/probing_deepseek/loo_predictions_variance.json,registry_experiment_unresolved,,,,,not_applicable,0.75,results/stage8/analysis_deepseek/deepseek_per_family.csv,registry_experiment_unresolved,,,,,not_applicable,results/stage9/baselines/cot_text/surface_tfidf_continuous.json,not_applicable,results/stage9/baselines/answer_rationale/surface_tfidf_continuous.json,not_applicable
deepseek_reasoning,CM_B_STD_002,mechanics,nongoverning_distractor,original,0.21875,results/stage8/analysis_deepseek/deepseek_per_family.csv,registry_experiment_unresolved,,,,,not_applicable,0.0,results/stage8/analysis_deepseek/deepseek_per_family.csv,registry_experiment_unresolved,,,,,not_applicable,,,,not_applicable,,,,not_measured,,,,not_measured,44,results/stage8/probing_deepseek/loo_predictions_variance.json,registry_experiment_unresolved,,0.3353679655834056,results/stage8/probing_deepseek/loo_predictions_variance.json,registry_experiment_unresolved,,,,,not_applicable,0.0,results/stage8/analysis_deepseek/deepseek_per_family.csv,registry_experiment_unresolved,,,,,not_applicable,results/stage9/baselines/cot_text/surface_tfidf_continuous.json,not_applicable,results/stage9/baselines/answer_rationale/surface_tfidf_continuous.json,not_applicable
deepseek_reasoning,CM_B_STD_003,mechanics,nongoverning_distractor,original,7.0,results/stage8/analysis_deepseek/deepseek_per_family.csv,registry_experiment_unresolved,,,,,not_applicable,1.0,results/stage8/analysis_deepseek/deepseek_per_family.csv,registry_experiment_unresolved,,,,,not_applicable,,,,not_applicable,0.0,results/stage8/analysis_deepseek/deepseek_per_family.csv,registry_experiment_unresolved,,,,,not_measured,44,results/stage8/probing_deepseek/loo_predictions_variance.json,registry_experiment_unresolved,,0.4229623125753884,results/stage8/probing_deepseek/loo_predictions_variance.json,registry_experiment_unresolved,,,,,not_applicable,0.5,results/stage8/analysis_deepseek/deepseek_per_family.csv,registry_experiment_unresolved,,,,,not_applicable,results/stage9/baselines/cot_text/surface_tfidf_continuous.json,not_applicable,results/stage9/baselines/answer_rationale/surface_tfidf_continuous.json,not_applicable
deepseek_reasoning,CM_B_STD_004,mechanics,nongoverning_distractor,original,-0.59375,results/stage8/analysis_deepseek/deepseek_per_family.csv,registry_experiment_unresolved,,,,,not_applicable,0.0,results/stage8/analysis_deepseek/deepseek_per_family.csv,registry_experiment_unresolved,,,,,not_applicable,,,,not_applicable,,,,not_measured,,,,not_measured,44,results/stage8/probing_deepseek/loo_predictions_variance.json,registry_experiment_unresolved,,0.4660584782909632,results/stage8/probing_deepseek/loo_predictions_variance.json,registry_experiment_unresolved,,,,,not_applicable,0.25,results/stage8/analysis_deepseek/deepseek_per_family.csv,registry_experiment_unresolved,,,,,not_applicable,results/stage9/baselines/cot_text/surface_tfidf_continuous.json,not_applicable,results/stage9/baselines/answer_rationale/surface_tfidf_continuous.json,not_applicable
deepseek_reasoning,CM_B_STD_005,mechanics,nongoverning_distractor,original,0.484375,results/stage8/analysis_deepseek/deepseek_per_family.csv,registry_experiment_unresolved,,,,,not_applicable,0.0,results/stage8/analysis_deepseek/deepseek_per_family.csv,registry_experiment_unresolved,,,,,not_applicable,,,,not_applicable,0.0,results/stage8/analysis_deepseek/deepseek_per_family.csv,registry_experiment_unresolved,,,,,not_measured,44,results/stage8/probing_deepseek/loo_predictions_variance.json,registry_experiment_unresolved,,0.14367988510551297,results/stage8/probing_deepseek/loo_predictions_variance.json,registry_experiment_unresolved,,,,,not_applicable,0.75,results/stage8/analysis_deepseek/deepseek_per_family.csv,registry_experiment_unresolved,,,,,not_applicable,results/stage9/baselines/cot_text/surface_tfidf_continuous.json,not_applicable,results/stage9/baselines/answer_rationale/surface_tfidf_continuous.json,not_applicable
deepseek_reasoning,CM_B_STD_006,mechanics,nongoverning_distractor,original,1.0,results/stage8/analysis_deepseek/deepseek_per_family.csv,registry_experiment_unresolved,,,,,not_applicable,0.0,results/stage8/analysis_deepseek/deepseek_per_family.csv,registry_experiment_unresolved,,,,,not_applicable,,,,not_applicable,,,,not_measured,-0.125,results/stage10/deepseek_mhk/patching_results.csv,stage10_deepseek_top4_mhk_qwen_panel,,44,results/stage8/probing_deepseek/loo_predictions_variance.json,registry_experiment_unresolved,,0.2902523643579312,results/stage8/probing_deepseek/loo_predictions_variance.json,registry_experiment_unresolved,,,,,not_applicable,0.25,results/stage8/analysis_deepseek/deepseek_per_family.csv,registry_experiment_unresolved,,,,,not_applicable,results/stage9/baselines/cot_text/surface_tfidf_continuous.json,not_applicable,results/stage9/baselines/answer_rationale/surface_tfidf_continuous.json,not_applicable
deepseek_reasoning,CM_B_STD_007,thermodynamics,nongoverning_distractor,original,0.34375,results/stage8/analysis_deepseek/deepseek_per_family.csv,registry_experiment_unresolved,,,,,not_applicable,1.0,results/stage8/analysis_deepseek/deepseek_per_family.csv,registry_experiment_unresolved,,,,,not_applicable,,,,not_applicable,0.0,results/stage8/analysis_deepseek/deepseek_per_family.csv,registry_experiment_unresolved,,,,,not_measured,44,results/stage8/probing_deepseek/loo_predictions_variance.json,registry_experiment_unresolved,,0.3764508632730404,results/stage8/probing_deepseek/loo_predictions_variance.json,registry_experiment_unresolved,,,,,not_applicable,0.5,results/stage8/analysis_deepseek/deepseek_per_family.csv,registry_experiment_unresolved,,,,,not_applicable,results/stage9/baselines/cot_text/surface_tfidf_continuous.json,not_applicable,results/stage9/baselines/answer_rationale/surface_tfidf_continuous.json,not_applicable
deepseek_reasoning,CM_B_STD_008,thermodynamics,nongoverning_distractor,original,0.203125,results/stage8/analysis_deepseek/deepseek_per_family.csv,registry_experiment_unresolved,,,,,not_applicable,1.0,results/stage8/analysis_deepseek/deepseek_per_family.csv,registry_experiment_unresolved,,,,,not_applicable,,,,not_applicable,,,,not_measured,,,,not_measured,44,results/stage8/probing_deepseek/loo_predictions_variance.json,registry_experiment_unresolved,,0.08646542086600226,results/stage8/probing_deepseek/loo_predictions_variance.json,registry_experiment_unresolved,,,,,not_applicable,0.25,results/stage8/analysis_deepseek/deepseek_per_family.csv,registry_experiment_unresolved,,,,,not_applicable,results/stage9/baselines/cot_text/surface_tfidf_continuous.json,not_applicable,results/stage9/baselines/answer_rationale/surface_tfidf_continuous.json,not_applicable
deepseek_reasoning,CM_B_STD_009,thermodynamics,nongoverning_distractor,original,0.125,results/stage8/analysis_deepseek/deepseek_per_family.csv,registry_experiment_unresolved,,,,,not_applicable,1.0,results/stage8/analysis_deepseek/deepseek_per_family.csv,registry_experiment_unresolved,,,,,not_applicable,,,,not_applicable,0.0,results/stage8/analysis_deepseek/deepseek_per_family.csv,registry_experiment_unresolved,,,,,not_measured,44,results/stage8/probing_deepseek/loo_predictions_variance.json,registry_experiment_unresolved,,0.06455010051160373,results/stage8/probing_deepseek/loo_predictions_variance.json,registry_experiment_unresolved,,,,,not_applicable,1.0,results/stage8/analysis_deepseek/deepseek_per_family.csv,registry_experiment_unresolved,,,,,not_applicable,results/stage9/baselines/cot_text/surface_tfidf_continuous.json,not_applicable,results/stage9/baselines/answer_rationale/surface_tfidf_continuous.json,not_applicable
deepseek_reasoning,CM_B_STD_010,electrostatics_circuits,nongoverning_distractor,original,-0.03125,results/stage8/analysis_deepseek/deepseek_per_family.csv,registry_experiment_unresolved,,,,,not_applicable,0.0,results/stage8/analysis_deepseek/deepseek_per_family.csv,registry_experiment_unresolved,,,,,not_applicable,,,,not_applicable,,,,not_measured,5.0,results/stage10/deepseek_mhk/patching_results.csv,stage10_deepseek_top4_mhk_qwen_panel,,44,results/stage8/probing_deepseek/loo_predictions_variance.json,registry_experiment_unresolved,,0.40782272327545654,results/stage8/probing_deepseek/loo_predictions_variance.json,registry_experiment_unresolved,,,,,not_applicable,0.25,results/stage8/analysis_deepseek/deepseek_per_family.csv,registry_experiment_unresolved,,,,,not_applicable,results/stage9/baselines/cot_text/surface_tfidf_continuous.json,not_applicable,results/stage9/baselines/answer_rationale/surface_tfidf_continuous.json,not_applicable
deepseek_reasoning,CM_B_STD_011,electrostatics_circuits,nongoverning_distractor,original,0.3125,results/stage8/analysis_deepseek/deepseek_per_family.csv,registry_experiment_unresolved,,,,,not_applicable,0.0,results/stage8/analysis_deepseek/deepseek_per_family.csv,registry_experiment_unresolved,,,,,not_applicable,,,,not_applicable,,,,not_measured,-0.3500000000000001,results/stage10/deepseek_mhk/patching_results.csv,stage10_deepseek_top4_mhk_qwen_panel,,44,results/stage8/probing_deepseek/loo_predictions_variance.json,registry_experiment_unresolved,,0.1814042114282119,results/stage8/probing_deepseek/loo_predictions_variance.json,registry_experiment_unresolved,,,,,not_applicable,0.0,results/stage8/analysis_deepseek/deepseek_per_family.csv,registry_experiment_unresolved,,,,,not_applicable,results/stage9/baselines/cot_text/surface_tfidf_continuous.json,not_applicable,results/stage9/baselines/answer_rationale/surface_tfidf_continuous.json,not_applicable
deepseek_reasoning,CM_B_STD_012,electrostatics_circuits,nongoverning_distractor,original,0.171875,results/stage8/analysis_deepseek/deepseek_per_family.csv,registry_experiment_unresolved,,,,,not_applicable,0.0,results/stage8/analysis_deepseek/deepseek_per_family.csv,registry_experiment_unresolved,,,,,not_applicable,,,,not_applicable,,,,not_measured,,,,not_measured,44,results/stage8/probing_deepseek/loo_predictions_variance.json,registry_experiment_unresolved,,0.4999814365950223,results/stage8/probing_deepseek/loo_predictions_variance.json,registry_experiment_unresolved,,,,,not_applicable,0.25,results/stage8/analysis_deepseek/deepseek_per_family.csv,registry_experiment_unresolved,,,,,not_applicable,results/stage9/baselines/cot_text/surface_tfidf_continuous.json,not_applicable,results/stage9/baselines/answer_rationale/surface_tfidf_continuous.json,not_applicable
deepseek_reasoning,CM_B_STD_013,mechanics,nongoverning_distractor,original,0.34375,results/stage8/analysis_deepseek/deepseek_per_family.csv,registry_experiment_unresolved,,,,,not_applicable,0.0,results/stage8/analysis_deepseek/deepseek_per_family.csv,registry_experiment_unresolved,,,,,not_applicable,,,,not_applicable,,,,not_measured,-0.18181818181818188,results/stage10/deepseek_mhk/patching_results.csv,stage10_deepseek_top4_mhk_qwen_panel,,44,results/stage8/probing_deepseek/loo_predictions_variance.json,registry_experiment_unresolved,,0.18819698608724708,results/stage8/probing_deepseek/loo_predictions_variance.json,registry_experiment_unresolved,,,,,not_applicable,0.25,results/stage8/analysis_deepseek/deepseek_per_family.csv,registry_experiment_unresolved,,,,,not_applicable,results/stage9/baselines/cot_text/surface_tfidf_continuous.json,not_applicable,results/stage9/baselines/answer_rationale/surface_tfidf_continuous.json,not_applicable
deepseek_reasoning,CM_B_STD_014,mechanics,nongoverning_distractor,original,1.234375,results/stage8/analysis_deepseek/deepseek_per_family.csv,registry_experiment_unresolved,,,,,not_applicable,0.0,results/stage8/analysis_deepseek/deepseek_per_family.csv,registry_experiment_unresolved,,,,,not_applicable,,,,not_applicable,,,,not_measured,-0.2278481012658229,results/stage10/deepseek_mhk/patching_results.csv,stage10_deepseek_top4_mhk_qwen_panel,,44,results/stage8/probing_deepseek/loo_predictions_variance.json,registry_experiment_unresolved,,0.1488194170071453,results/stage8/probing_deepseek/loo_predictions_variance.json,registry_experiment_unresolved,,,,,not_applicable,0.25,results/stage8/analysis_deepseek/deepseek_per_family.csv,registry_experiment_unresolved,,,,,not_applicable,results/stage9/baselines/cot_text/surface_tfidf_continuous.json,not_applicable,results/stage9/baselines/answer_rationale/surface_tfidf_continuous.json,not_applicable
deepseek_reasoning,CM_B_STD_015,mechanics,nongoverning_distractor,original,1.203125,results/stage8/analysis_deepseek/deepseek_per_family.csv,registry_experiment_unresolved,,,,,not_applicable,0.0,results/stage8/analysis_deepseek/deepseek_per_family.csv,registry_experiment_unresolved,,,,,not_applicable,,,,not_applicable,0.0,results/stage8/analysis_deepseek/deepseek_per_family.csv,registry_experiment_unresolved,,-0.11688311688311681,results/stage10/deepseek_mhk/patching_results.csv,stage10_deepseek_top4_mhk_qwen_panel,,44,results/stage8/probing_deepseek/loo_predictions_variance.json,registry_experiment_unresolved,,0.45211626926956483,results/stage8/probing_deepseek/loo_predictions_variance.json,registry_experiment_unresolved,,,,,not_applicable,0.5,results/stage8/analysis_deepseek/deepseek_per_family.csv,registry_experiment_unresolved,,,,,not_applicable,results/stage9/baselines/cot_text/surface_tfidf_continuous.json,not_applicable,results/stage9/baselines/answer_rationale/surface_tfidf_continuous.json,not_applicable
deepseek_reasoning,CM_B_UM_001,mechanics,nongoverning_distractor,original,-0.15625,results/stage8/analysis_deepseek/deepseek_per_family.csv,registry_experiment_unresolved,,,,,not_applicable,1.0,results/stage8/analysis_deepseek/deepseek_per_family.csv,registry_experiment_unresolved,,,,,not_applicable,,,,not_applicable,0.0,results/stage8/analysis_deepseek/deepseek_per_family.csv,registry_experiment_unresolved,,0.7,results/stage10/deepseek_mhk/patching_results.csv,stage10_deepseek_top4_mhk_qwen_panel,,44,results/stage8/probing_deepseek/loo_predictions_variance.json,registry_experiment_unresolved,,0.3381599428176323,results/stage8/probing_deepseek/loo_predictions_variance.json,registry_experiment_unresolved,,,,,not_applicable,0.75,results/stage8/analysis_deepseek/deepseek_per_family.csv,registry_experiment_unresolved,,,,,not_applicable,results/stage9/baselines/cot_text/surface_tfidf_continuous.json,not_applicable,results/stage9/baselines/answer_rationale/surface_tfidf_continuous.json,not_applicable
deepseek_reasoning,CM_B_UM_002,mechanics,nongoverning_distractor,original,0.359375,results/stage8/analysis_deepseek/deepseek_per_family.csv,registry_experiment_unresolved,,,,,not_applicable,0.75,results/stage8/analysis_deepseek/deepseek_per_family.csv,registry_experiment_unresolved,,,,,not_applicable,,,,not_applicable,0.5,results/stage8/analysis_deepseek/deepseek_per_family.csv,registry_experiment_unresolved,,,,,not_measured,44,results/stage8/probing_deepseek/loo_predictions_variance.json,registry_experiment_unresolved,,0.05999731597614182,results/stage8/probing_deepseek/loo_predictions_variance.json,registry_experiment_unresolved,,,,,not_applicable,1.0,results/stage8/analysis_deepseek/deepseek_per_family.csv,registry_experiment_unresolved,,,,,not_applicable,results/stage9/baselines/cot_text/surface_tfidf_continuous.json,not_applicable,results/stage9/baselines/answer_rationale/surface_tfidf_continuous.json,not_applicable
deepseek_reasoning,CM_B_UM_003,mechanics,nongoverning_distractor,original,-0.65625,results/stage8/analysis_deepseek/deepseek_per_family.csv,registry_experiment_unresolved,,,,,not_applicable,0.6666666666666666,results/stage8/analysis_deepseek/deepseek_per_family.csv,registry_experiment_unresolved,,,,,not_applicable,,,,not_applicable,0.6666666666666666,results/stage8/analysis_deepseek/deepseek_per_family.csv,registry_experiment_unresolved,,,,,not_measured,44,results/stage8/probing_deepseek/loo_predictions_variance.json,registry_experiment_unresolved,,0.14753061145068802,results/stage8/probing_deepseek/loo_predictions_variance.json,registry_experiment_unresolved,,,,,not_applicable,0.75,results/stage8/analysis_deepseek/deepseek_per_family.csv,registry_experiment_unresolved,,,,,not_applicable,results/stage9/baselines/cot_text/surface_tfidf_continuous.json,not_applicable,results/stage9/baselines/answer_rationale/surface_tfidf_continuous.json,not_applicable
deepseek_reasoning,CM_B_UM_004,mechanics,nongoverning_distractor,original,2.90625,results/stage8/analysis_deepseek/deepseek_per_family.csv,registry_experiment_unresolved,,,,,not_applicable,0.0,results/stage8/analysis_deepseek/deepseek_per_family.csv,registry_experiment_unresolved,,,,,not_applicable,,,,not_applicable,,,,not_measured,,,,not_measured,44,results/stage8/probing_deepseek/loo_predictions_variance.json,registry_experiment_unresolved,,0.29196171708413193,results/stage8/probing_deepseek/loo_predictions_variance.json,registry_experiment_unresolved,,,,,not_applicable,0.0,results/stage8/analysis_deepseek/deepseek_per_family.csv,registry_experiment_unresolved,,,,,not_applicable,results/stage9/baselines/cot_text/surface_tfidf_continuous.json,not_applicable,results/stage9/baselines/answer_rationale/surface_tfidf_continuous.json,not_applicable
deepseek_reasoning,CM_B_UM_005,mechanics,nongoverning_distractor,original,-0.328125,results/stage8/analysis_deepseek/deepseek_per_family.csv,registry_experiment_unresolved,,,,,not_applicable,1.0,results/stage8/analysis_deepseek/deepseek_per_family.csv,registry_experiment_unresolved,,,,,not_applicable,,,,not_applicable,0.0,results/stage8/analysis_deepseek/deepseek_per_family.csv,registry_experiment_unresolved,,,,,not_measured,44,results/stage8/probing_deepseek/loo_predictions_variance.json,registry_experiment_unresolved,,0.483187112374438,results/stage8/probing_deepseek/loo_predictions_variance.json,registry_experiment_unresolved,,,,,not_applicable,0.5,results/stage8/analysis_deepseek/deepseek_per_family.csv,registry_experiment_unresolved,,,,,not_applicable,results/stage9/baselines/cot_text/surface_tfidf_continuous.json,not_applicable,results/stage9/baselines/answer_rationale/surface_tfidf_continuous.json,not_applicable
deepseek_reasoning,CM_B_UM_006,mechanics,nongoverning_distractor,original,-0.484375,results/stage8/analysis_deepseek/deepseek_per_family.csv,registry_experiment_unresolved,,,,,not_applicable,1.0,results/stage8/analysis_deepseek/deepseek_per_family.csv,registry_experiment_unresolved,,,,,not_applicable,,,,not_applicable,,,,not_measured,0.32258064516129037,results/stage10/deepseek_mhk/patching_results.csv,stage10_deepseek_top4_mhk_qwen_panel,,44,results/stage8/probing_deepseek/loo_predictions_variance.json,registry_experiment_unresolved,,0.3653476782001446,results/stage8/probing_deepseek/loo_predictions_variance.json,registry_experiment_unresolved,,,,,not_applicable,0.25,results/stage8/analysis_deepseek/deepseek_per_family.csv,registry_experiment_unresolved,,,,,not_applicable,results/stage9/baselines/cot_text/surface_tfidf_continuous.json,not_applicable,results/stage9/baselines/answer_rationale/surface_tfidf_continuous.json,not_applicable
deepseek_reasoning,CM_B_UM_007,mechanics,nongoverning_distractor,original,0.203125,results/stage8/analysis_deepseek/deepseek_per_family.csv,registry_experiment_unresolved,,,,,not_applicable,0.0,results/stage8/analysis_deepseek/deepseek_per_family.csv,registry_experiment_unresolved,,,,,not_applicable,,,,not_applicable,,,,not_measured,,,,not_measured,44,results/stage8/probing_deepseek/loo_predictions_variance.json,registry_experiment_unresolved,,0.477504101064609,results/stage8/probing_deepseek/loo_predictions_variance.json,registry_experiment_unresolved,,,,,not_applicable,0.0,results/stage8/analysis_deepseek/deepseek_per_family.csv,registry_experiment_unresolved,,,,,not_applicable,results/stage9/baselines/cot_text/surface_tfidf_continuous.json,not_applicable,results/stage9/baselines/answer_rationale/surface_tfidf_continuous.json,not_applicable
deepseek_reasoning,CM_B_UM_008,mechanics,nongoverning_distractor,original,-0.140625,results/stage8/analysis_deepseek/deepseek_per_family.csv,registry_experiment_unresolved,,,,,not_applicable,1.0,results/stage8/analysis_deepseek/deepseek_per_family.csv,registry_experiment_unresolved,,,,,not_applicable,,,,not_applicable,0.0,results/stage8/analysis_deepseek/deepseek_per_family.csv,registry_experiment_unresolved,,,,,not_measured,44,results/stage8/probing_deepseek/loo_predictions_variance.json,registry_experiment_unresolved,,0.3399341105882175,results/stage8/probing_deepseek/loo_predictions_variance.json,registry_experiment_unresolved,,,,,not_applicable,1.0,results/stage8/analysis_deepseek/deepseek_per_family.csv,registry_experiment_unresolved,,,,,not_applicable,results/stage9/baselines/cot_text/surface_tfidf_continuous.json,not_applicable,results/stage9/baselines/answer_rationale/surface_tfidf_continuous.json,not_applicable
deepseek_reasoning,CM_B_UM_009,mechanics,nongoverning_distractor,original,-0.09375,results/stage8/analysis_deepseek/deepseek_per_family.csv,registry_experiment_unresolved,,,,,not_applicable,0.6666666666666666,results/stage8/analysis_deepseek/deepseek_per_family.csv,registry_experiment_unresolved,,,,,not_applicable,,,,not_applicable,0.6666666666666666,results/stage8/analysis_deepseek/deepseek_per_family.csv,registry_experiment_unresolved,,0.6666666666666667,results/stage10/deepseek_mhk/patching_results.csv,stage10_deepseek_top4_mhk_qwen_panel,,44,results/stage8/probing_deepseek/loo_predictions_variance.json,registry_experiment_unresolved,,0.17269429787327198,results/stage8/probing_deepseek/loo_predictions_variance.json,registry_experiment_unresolved,,,,,not_applicable,0.75,results/stage8/analysis_deepseek/deepseek_per_family.csv,registry_experiment_unresolved,,,,,not_applicable,results/stage9/baselines/cot_text/surface_tfidf_continuous.json,not_applicable,results/stage9/baselines/answer_rationale/surface_tfidf_continuous.json,not_applicable
deepseek_reasoning,CM_B_UM_010,mechanics,nongoverning_distractor,original,0.453125,results/stage8/analysis_deepseek/deepseek_per_family.csv,registry_experiment_unresolved,,,,,not_applicable,0.75,results/stage8/analysis_deepseek/deepseek_per_family.csv,registry_experiment_unresolved,,,,,not_applicable,,,,not_applicable,0.5,results/stage8/analysis_deepseek/deepseek_per_family.csv,registry_experiment_unresolved,,,,,not_measured,44,results/stage8/probing_deepseek/loo_predictions_variance.json,registry_experiment_unresolved,,0.2823371066587426,results/stage8/probing_deepseek/loo_predictions_variance.json,registry_experiment_unresolved,,,,,not_applicable,1.0,results/stage8/analysis_deepseek/deepseek_per_family.csv,registry_experiment_unresolved,,,,,not_applicable,results/stage9/baselines/cot_text/surface_tfidf_continuous.json,not_applicable,results/stage9/baselines/answer_rationale/surface_tfidf_continuous.json,not_applicable
deepseek_reasoning,CM_B_UM_011,mechanics,nongoverning_distractor,original,-0.09375,results/stage8/analysis_deepseek/deepseek_per_family.csv,registry_experiment_unresolved,,,,,not_applicable,1.0,results/stage8/analysis_deepseek/deepseek_per_family.csv,registry_experiment_unresolved,,,,,not_applicable,,,,not_applicable,0.0,results/stage8/analysis_deepseek/deepseek_per_family.csv,registry_experiment_unresolved,,,,,not_measured,44,results/stage8/probing_deepseek/loo_predictions_variance.json,registry_experiment_unresolved,,0.730744844278357,results/stage8/probing_deepseek/loo_predictions_variance.json,registry_experiment_unresolved,,,,,not_applicable,0.75,results/stage8/analysis_deepseek/deepseek_per_family.csv,registry_experiment_unresolved,,,,,not_applicable,results/stage9/baselines/cot_text/surface_tfidf_continuous.json,not_applicable,results/stage9/baselines/answer_rationale/surface_tfidf_continuous.json,not_applicable
deepseek_reasoning,CM_B_UM_012,mechanics,nongoverning_distractor,original,0.09375,results/stage8/analysis_deepseek/deepseek_per_family.csv,registry_experiment_unresolved,,,,,not_applicable,0.75,results/stage8/analysis_deepseek/deepseek_per_family.csv,registry_experiment_unresolved,,,,,not_applicable,,,,not_applicable,0.5,results/stage8/analysis_deepseek/deepseek_per_family.csv,registry_experiment_unresolved,,-0.6666666666666667,results/stage10/deepseek_mhk/patching_results.csv,stage10_deepseek_top4_mhk_qwen_panel,,44,results/stage8/probing_deepseek/loo_predictions_variance.json,registry_experiment_unresolved,,0.5574890443019659,results/stage8/probing_deepseek/loo_predictions_variance.json,registry_experiment_unresolved,,,,,not_applicable,1.0,results/stage8/analysis_deepseek/deepseek_per_family.csv,registry_experiment_unresolved,,,,,not_applicable,results/stage9/baselines/cot_text/surface_tfidf_continuous.json,not_applicable,results/stage9/baselines/answer_rationale/surface_tfidf_continuous.json,not_applicable
deepseek_reasoning,CM_B_UM_013,mechanics,nongoverning_distractor,original,0.625,results/stage8/analysis_deepseek/deepseek_per_family.csv,registry_experiment_unresolved,,,,,not_applicable,0.0,results/stage8/analysis_deepseek/deepseek_per_family.csv,registry_experiment_unresolved,,,,,not_applicable,,,,not_applicable,,,,not_measured,-0.07499999999999996,results/stage10/deepseek_mhk/patching_results.csv,stage10_deepseek_top4_mhk_qwen_panel,,44,results/stage8/probing_deepseek/loo_predictions_variance.json,registry_experiment_unresolved,,0.36435812741005197,results/stage8/probing_deepseek/loo_predictions_variance.json,registry_experiment_unresolved,,,,,not_applicable,0.0,results/stage8/analysis_deepseek/deepseek_per_family.csv,registry_experiment_unresolved,,,,,not_applicable,results/stage9/baselines/cot_text/surface_tfidf_continuous.json,not_applicable,results/stage9/baselines/answer_rationale/surface_tfidf_continuous.json,not_applicable
deepseek_reasoning,CM_B_UM_014,mechanics,nongoverning_distractor,original,0.359375,results/stage8/analysis_deepseek/deepseek_per_family.csv,registry_experiment_unresolved,,,,,not_applicable,0.0,results/stage8/analysis_deepseek/deepseek_per_family.csv,registry_experiment_unresolved,,,,,not_applicable,,,,not_applicable,,,,not_measured,,,,not_measured,44,results/stage8/probing_deepseek/loo_predictions_variance.json,registry_experiment_unresolved,,0.48109966287918954,results/stage8/probing_deepseek/loo_predictions_variance.json,registry_experiment_unresolved,,,,,not_applicable,0.25,results/stage8/analysis_deepseek/deepseek_per_family.csv,registry_experiment_unresolved,,,,,not_applicable,results/stage9/baselines/cot_text/surface_tfidf_continuous.json,not_applicable,results/stage9/baselines/answer_rationale/surface_tfidf_continuous.json,not_applicable
deepseek_reasoning,CM_B_UM_015,electrostatics_circuits,nongoverning_distractor,original,-0.0625,results/stage8/analysis_deepseek/deepseek_per_family.csv,registry_experiment_unresolved,,,,,not_applicable,1.0,results/stage8/analysis_deepseek/deepseek_per_family.csv,registry_experiment_unresolved,,,,,not_applicable,,,,not_applicable,0.0,results/stage8/analysis_deepseek/deepseek_per_family.csv,registry_experiment_unresolved,,,,,not_measured,44,results/stage8/probing_deepseek/loo_predictions_variance.json,registry_experiment_unresolved,,0.18911794860998418,results/stage8/probing_deepseek/loo_predictions_variance.json,registry_experiment_unresolved,,,,,not_applicable,1.0,results/stage8/analysis_deepseek/deepseek_per_family.csv,registry_experiment_unresolved,,,,,not_applicable,results/stage9/baselines/cot_text/surface_tfidf_continuous.json,not_applicable,results/stage9/baselines/answer_rationale/surface_tfidf_continuous.json,not_applicable
deepseek_reasoning,CM_B_UM_016,electrostatics_circuits,nongoverning_distractor,original,0.015625,results/stage8/analysis_deepseek/deepseek_per_family.csv,registry_experiment_unresolved,,,,,not_applicable,1.0,results/stage8/analysis_deepseek/deepseek_per_family.csv,registry_experiment_unresolved,,,,,not_applicable,,,,not_applicable,,,,not_measured,,,,not_measured,44,results/stage8/probing_deepseek/loo_predictions_variance.json,registry_experiment_unresolved,,0.36486002196056166,results/stage8/probing_deepseek/loo_predictions_variance.json,registry_experiment_unresolved,,,,,not_applicable,0.25,results/stage8/analysis_deepseek/deepseek_per_family.csv,registry_experiment_unresolved,,,,,not_applicable,results/stage9/baselines/cot_text/surface_tfidf_continuous.json,not_applicable,results/stage9/baselines/answer_rationale/surface_tfidf_continuous.json,not_applicable
deepseek_reasoning,CM_B_UM_017,electrostatics_circuits,nongoverning_distractor,original,-0.140625,results/stage8/analysis_deepseek/deepseek_per_family.csv,registry_experiment_unresolved,,,,,not_applicable,1.0,results/stage8/analysis_deepseek/deepseek_per_family.csv,registry_experiment_unresolved,,,,,not_applicable,,,,not_applicable,0.0,results/stage8/analysis_deepseek/deepseek_per_family.csv,registry_experiment_unresolved,,,,,not_measured,44,results/stage8/probing_deepseek/loo_predictions_variance.json,registry_experiment_unresolved,,0.16344855810425288,results/stage8/probing_deepseek/loo_predictions_variance.json,registry_experiment_unresolved,,,,,not_applicable,1.0,results/stage8/analysis_deepseek/deepseek_per_family.csv,registry_experiment_unresolved,,,,,not_applicable,results/stage9/baselines/cot_text/surface_tfidf_continuous.json,not_applicable,results/stage9/baselines/answer_rationale/surface_tfidf_continuous.json,not_applicable
deepseek_reasoning,CM_B_UM_018,electrostatics_circuits,nongoverning_distractor,original,-0.03125,results/stage8/analysis_deepseek/deepseek_per_family.csv,registry_experiment_unresolved,,,,,not_applicable,1.0,results/stage8/analysis_deepseek/deepseek_per_family.csv,registry_experiment_unresolved,,,,,not_applicable,,,,not_applicable,0.0,results/stage8/analysis_deepseek/deepseek_per_family.csv,registry_experiment_unresolved,,,,,not_measured,44,results/stage8/probing_deepseek/loo_predictions_variance.json,registry_experiment_unresolved,,0.37858875974673395,results/stage8/probing_deepseek/loo_predictions_variance.json,registry_experiment_unresolved,,,,,not_applicable,1.0,results/stage8/analysis_deepseek/deepseek_per_family.csv,registry_experiment_unresolved,,,,,not_applicable,results/stage9/baselines/cot_text/surface_tfidf_continuous.json,not_applicable,results/stage9/baselines/answer_rationale/surface_tfidf_continuous.json,not_applicable
deepseek_reasoning,CM_B_UM_019,electrostatics_circuits,nongoverning_distractor,original,-0.171875,results/stage8/analysis_deepseek/deepseek_per_family.csv,registry_experiment_unresolved,,,,,not_applicable,1.0,results/stage8/analysis_deepseek/deepseek_per_family.csv,registry_experiment_unresolved,,,,,not_applicable,,,,not_applicable,0.0,results/stage8/analysis_deepseek/deepseek_per_family.csv,registry_experiment_unresolved,,,,,not_measured,44,results/stage8/probing_deepseek/loo_predictions_variance.json,registry_experiment_unresolved,,0.3819596109698482,results/stage8/probing_deepseek/loo_predictions_variance.json,registry_experiment_unresolved,,,,,not_applicable,1.0,results/stage8/analysis_deepseek/deepseek_per_family.csv,registry_experiment_unresolved,,,,,not_applicable,results/stage9/baselines/cot_text/surface_tfidf_continuous.json,not_applicable,results/stage9/baselines/answer_rationale/surface_tfidf_continuous.json,not_applicable
deepseek_reasoning,CM_B_UM_020,electrostatics_circuits,nongoverning_distractor,original,0.296875,results/stage8/analysis_deepseek/deepseek_per_family.csv,registry_experiment_unresolved,,,,,not_applicable,1.0,results/stage8/analysis_deepseek/deepseek_per_family.csv,registry_experiment_unresolved,,,,,not_applicable,,,,not_applicable,0.0,results/stage8/analysis_deepseek/deepseek_per_family.csv,registry_experiment_unresolved,,,,,not_measured,44,results/stage8/probing_deepseek/loo_predictions_variance.json,registry_experiment_unresolved,,0.17544126114925715,results/stage8/probing_deepseek/loo_predictions_variance.json,registry_experiment_unresolved,,,,,not_applicable,1.0,results/stage8/analysis_deepseek/deepseek_per_family.csv,registry_experiment_unresolved,,,,,not_applicable,results/stage9/baselines/cot_text/surface_tfidf_continuous.json,not_applicable,results/stage9/baselines/answer_rationale/surface_tfidf_continuous.json,not_applicable
deepseek_reasoning,CM_B_UM_021,electrostatics_circuits,nongoverning_distractor,original,0.015625,results/stage8/analysis_deepseek/deepseek_per_family.csv,registry_experiment_unresolved,,,,,not_applicable,1.0,results/stage8/analysis_deepseek/deepseek_per_family.csv,registry_experiment_unresolved,,,,,not_applicable,,,,not_applicable,0.0,results/stage8/analysis_deepseek/deepseek_per_family.csv,registry_experiment_unresolved,,,,,not_measured,44,results/stage8/probing_deepseek/loo_predictions_variance.json,registry_experiment_unresolved,,0.3154114156001112,results/stage8/probing_deepseek/loo_predictions_variance.json,registry_experiment_unresolved,,,,,not_applicable,1.0,results/stage8/analysis_deepseek/deepseek_per_family.csv,registry_experiment_unresolved,,,,,not_applicable,results/stage9/baselines/cot_text/surface_tfidf_continuous.json,not_applicable,results/stage9/baselines/answer_rationale/surface_tfidf_continuous.json,not_applicable
deepseek_reasoning,CM_B_UM_022,electrostatics_circuits,nongoverning_distractor,original,0.515625,results/stage8/analysis_deepseek/deepseek_per_family.csv,registry_experiment_unresolved,,,,,not_applicable,1.0,results/stage8/analysis_deepseek/deepseek_per_family.csv,registry_experiment_unresolved,,,,,not_applicable,,,,not_applicable,0.0,results/stage8/analysis_deepseek/deepseek_per_family.csv,registry_experiment_unresolved,,,,,not_measured,44,results/stage8/probing_deepseek/loo_predictions_variance.json,registry_experiment_unresolved,,0.48091747870667456,results/stage8/probing_deepseek/loo_predictions_variance.json,registry_experiment_unresolved,,,,,not_applicable,1.0,results/stage8/analysis_deepseek/deepseek_per_family.csv,registry_experiment_unresolved,,,,,not_applicable,results/stage9/baselines/cot_text/surface_tfidf_continuous.json,not_applicable,results/stage9/baselines/answer_rationale/surface_tfidf_continuous.json,not_applicable
deepseek_reasoning,CM_B_UM_023,electrostatics_circuits,nongoverning_distractor,original,-0.234375,results/stage8/analysis_deepseek/deepseek_per_family.csv,registry_experiment_unresolved,,,,,not_applicable,0.0,results/stage8/analysis_deepseek/deepseek_per_family.csv,registry_experiment_unresolved,,,,,not_applicable,,,,not_applicable,,,,not_measured,,,,not_measured,44,results/stage8/probing_deepseek/loo_predictions_variance.json,registry_experiment_unresolved,,0.1786488572592037,results/stage8/probing_deepseek/loo_predictions_variance.json,registry_experiment_unresolved,,,,,not_applicable,0.0,results/stage8/analysis_deepseek/deepseek_per_family.csv,registry_experiment_unresolved,,,,,not_applicable,results/stage9/baselines/cot_text/surface_tfidf_continuous.json,not_applicable,results/stage9/baselines/answer_rationale/surface_tfidf_continuous.json,not_applicable
deepseek_reasoning,CM_B_UM_024,electrostatics_circuits,nongoverning_distractor,original,-0.0625,results/stage8/analysis_deepseek/deepseek_per_family.csv,registry_experiment_unresolved,,,,,not_applicable,0.5,results/stage8/analysis_deepseek/deepseek_per_family.csv,registry_experiment_unresolved,,,,,not_applicable,,,,not_applicable,1.0,results/stage8/analysis_deepseek/deepseek_per_family.csv,registry_experiment_unresolved,,,,,not_measured,44,results/stage8/probing_deepseek/loo_predictions_variance.json,registry_experiment_unresolved,,0.2319595015004992,results/stage8/probing_deepseek/loo_predictions_variance.json,registry_experiment_unresolved,,,,,not_applicable,0.5,results/stage8/analysis_deepseek/deepseek_per_family.csv,registry_experiment_unresolved,,,,,not_applicable,results/stage9/baselines/cot_text/surface_tfidf_continuous.json,not_applicable,results/stage9/baselines/answer_rationale/surface_tfidf_continuous.json,not_applicable
deepseek_reasoning,CM_B_UM_025,electrostatics_circuits,nongoverning_distractor,original,0.53125,results/stage8/analysis_deepseek/deepseek_per_family.csv,registry_experiment_unresolved,,,,,not_applicable,1.0,results/stage8/analysis_deepseek/deepseek_per_family.csv,registry_experiment_unresolved,,,,,not_applicable,,,,not_applicable,0.0,results/stage8/analysis_deepseek/deepseek_per_family.csv,registry_experiment_unresolved,,,,,not_measured,44,results/stage8/probing_deepseek/loo_predictions_variance.json,registry_experiment_unresolved,,0.3205051406253438,results/stage8/probing_deepseek/loo_predictions_variance.json,registry_experiment_unresolved,,,,,not_applicable,1.0,results/stage8/analysis_deepseek/deepseek_per_family.csv,registry_experiment_unresolved,,,,,not_applicable,results/stage9/baselines/cot_text/surface_tfidf_continuous.json,not_applicable,results/stage9/baselines/answer_rationale/surface_tfidf_continuous.json,not_applicable
deepseek_reasoning,CM_B_UM_026,electrostatics_circuits,nongoverning_distractor,original,0.28125,results/stage8/analysis_deepseek/deepseek_per_family.csv,registry_experiment_unresolved,,,,,not_applicable,1.0,results/stage8/analysis_deepseek/deepseek_per_family.csv,registry_experiment_unresolved,,,,,not_applicable,,,,not_applicable,0.0,results/stage8/analysis_deepseek/deepseek_per_family.csv,registry_experiment_unresolved,,,,,not_measured,44,results/stage8/probing_deepseek/loo_predictions_variance.json,registry_experiment_unresolved,,0.2902334992633655,results/stage8/probing_deepseek/loo_predictions_variance.json,registry_experiment_unresolved,,,,,not_applicable,0.5,results/stage8/analysis_deepseek/deepseek_per_family.csv,registry_experiment_unresolved,,,,,not_applicable,results/stage9/baselines/cot_text/surface_tfidf_continuous.json,not_applicable,results/stage9/baselines/answer_rationale/surface_tfidf_continuous.json,not_applicable
deepseek_reasoning,CM_B_UM_027,mechanics,nongoverning_distractor,original,1.15625,results/stage8/analysis_deepseek/deepseek_per_family.csv,registry_experiment_unresolved,,,,,not_applicable,1.0,results/stage8/analysis_deepseek/deepseek_per_family.csv,registry_experiment_unresolved,,,,,not_applicable,,,,not_applicable,0.0,results/stage8/analysis_deepseek/deepseek_per_family.csv,registry_experiment_unresolved,,,,,not_measured,44,results/stage8/probing_deepseek/loo_predictions_variance.json,registry_experiment_unresolved,,0.046420083906353944,results/stage8/probing_deepseek/loo_predictions_variance.json,registry_experiment_unresolved,,,,,not_applicable,1.0,results/stage8/analysis_deepseek/deepseek_per_family.csv,registry_experiment_unresolved,,,,,not_applicable,results/stage9/baselines/cot_text/surface_tfidf_continuous.json,not_applicable,results/stage9/baselines/answer_rationale/surface_tfidf_continuous.json,not_applicable
deepseek_reasoning,CM_B_UM_028,mechanics,nongoverning_distractor,original,-0.359375,results/stage8/analysis_deepseek/deepseek_per_family.csv,registry_experiment_unresolved,,,,,not_applicable,1.0,results/stage8/analysis_deepseek/deepseek_per_family.csv,registry_experiment_unresolved,,,,,not_applicable,,,,not_applicable,0.0,results/stage8/analysis_deepseek/deepseek_per_family.csv,registry_experiment_unresolved,,,,,not_measured,44,results/stage8/probing_deepseek/loo_predictions_variance.json,registry_experiment_unresolved,,0.3363642512266626,results/stage8/probing_deepseek/loo_predictions_variance.json,registry_experiment_unresolved,,,,,not_applicable,1.0,results/stage8/analysis_deepseek/deepseek_per_family.csv,registry_experiment_unresolved,,,,,not_applicable,results/stage9/baselines/cot_text/surface_tfidf_continuous.json,not_applicable,results/stage9/baselines/answer_rationale/surface_tfidf_continuous.json,not_applicable
deepseek_reasoning,CM_B_UM_029,mechanics,nongoverning_distractor,original,-0.015625,results/stage8/analysis_deepseek/deepseek_per_family.csv,registry_experiment_unresolved,,,,,not_applicable,1.0,results/stage8/analysis_deepseek/deepseek_per_family.csv,registry_experiment_unresolved,,,,,not_applicable,,,,not_applicable,0.0,results/stage8/analysis_deepseek/deepseek_per_family.csv,registry_experiment_unresolved,,,,,not_measured,44,results/stage8/probing_deepseek/loo_predictions_variance.json,registry_experiment_unresolved,,0.26631841777916243,results/stage8/probing_deepseek/loo_predictions_variance.json,registry_experiment_unresolved,,,,,not_applicable,1.0,results/stage8/analysis_deepseek/deepseek_per_family.csv,registry_experiment_unresolved,,,,,not_applicable,results/stage9/baselines/cot_text/surface_tfidf_continuous.json,not_applicable,results/stage9/baselines/answer_rationale/surface_tfidf_continuous.json,not_applicable
deepseek_reasoning,CM_B_UM_030,mechanics,nongoverning_distractor,original,0.21875,results/stage8/analysis_deepseek/deepseek_per_family.csv,registry_experiment_unresolved,,,,,not_applicable,1.0,results/stage8/analysis_deepseek/deepseek_per_family.csv,registry_experiment_unresolved,,,,,not_applicable,,,,not_applicable,0.0,results/stage8/analysis_deepseek/deepseek_per_family.csv,registry_experiment_unresolved,,,,,not_measured,44,results/stage8/probing_deepseek/loo_predictions_variance.json,registry_experiment_unresolved,,0.2596325350881996,results/stage8/probing_deepseek/loo_predictions_variance.json,registry_experiment_unresolved,,,,,not_applicable,1.0,results/stage8/analysis_deepseek/deepseek_per_family.csv,registry_experiment_unresolved,,,,,not_applicable,results/stage9/baselines/cot_text/surface_tfidf_continuous.json,not_applicable,results/stage9/baselines/answer_rationale/surface_tfidf_continuous.json,not_applicable
deepseek_reasoning,CM_B_UM_031,mechanics,nongoverning_distractor,original,-0.265625,results/stage8/analysis_deepseek/deepseek_per_family.csv,registry_experiment_unresolved,,,,,not_applicable,1.0,results/stage8/analysis_deepseek/deepseek_per_family.csv,registry_experiment_unresolved,,,,,not_applicable,,,,not_applicable,0.0,results/stage8/analysis_deepseek/deepseek_per_family.csv,registry_experiment_unresolved,,,,,not_measured,44,results/stage8/probing_deepseek/loo_predictions_variance.json,registry_experiment_unresolved,,0.4143184727862768,results/stage8/probing_deepseek/loo_predictions_variance.json,registry_experiment_unresolved,,,,,not_applicable,1.0,results/stage8/analysis_deepseek/deepseek_per_family.csv,registry_experiment_unresolved,,,,,not_applicable,results/stage9/baselines/cot_text/surface_tfidf_continuous.json,not_applicable,results/stage9/baselines/answer_rationale/surface_tfidf_continuous.json,not_applicable
deepseek_reasoning,CM_B_UM_032,mechanics,nongoverning_distractor,original,0.03125,results/stage8/analysis_deepseek/deepseek_per_family.csv,registry_experiment_unresolved,,,,,not_applicable,0.0,results/stage8/analysis_deepseek/deepseek_per_family.csv,registry_experiment_unresolved,,,,,not_applicable,,,,not_applicable,0.0,results/stage8/analysis_deepseek/deepseek_per_family.csv,registry_experiment_unresolved,,-8.0,results/stage10/deepseek_mhk/patching_results.csv,stage10_deepseek_top4_mhk_qwen_panel,,44,results/stage8/probing_deepseek/loo_predictions_variance.json,registry_experiment_unresolved,,0.7781145869543842,results/stage8/probing_deepseek/loo_predictions_variance.json,registry_experiment_unresolved,,,,,not_applicable,0.75,results/stage8/analysis_deepseek/deepseek_per_family.csv,registry_experiment_unresolved,,,,,not_applicable,results/stage9/baselines/cot_text/surface_tfidf_continuous.json,not_applicable,results/stage9/baselines/answer_rationale/surface_tfidf_continuous.json,not_applicable
deepseek_reasoning,CM_B_UM_033,mechanics,nongoverning_distractor,original,0.796875,results/stage8/analysis_deepseek/deepseek_per_family.csv,registry_experiment_unresolved,,,,,not_applicable,0.0,results/stage8/analysis_deepseek/deepseek_per_family.csv,registry_experiment_unresolved,,,,,not_applicable,,,,not_applicable,,,,not_measured,-0.21568627450980382,results/stage10/deepseek_mhk/patching_results.csv,stage10_deepseek_top4_mhk_qwen_panel,,44,results/stage8/probing_deepseek/loo_predictions_variance.json,registry_experiment_unresolved,,0.8910388840015758,results/stage8/probing_deepseek/loo_predictions_variance.json,registry_experiment_unresolved,,,,,not_applicable,0.25,results/stage8/analysis_deepseek/deepseek_per_family.csv,registry_experiment_unresolved,,,,,not_applicable,results/stage9/baselines/cot_text/surface_tfidf_continuous.json,not_applicable,results/stage9/baselines/answer_rationale/surface_tfidf_continuous.json,not_applicable
deepseek_reasoning,CM_B_UM_034,mechanics,nongoverning_distractor,original,0.90625,results/stage8/analysis_deepseek/deepseek_per_family.csv,registry_experiment_unresolved,,,,,not_applicable,0.0,results/stage8/analysis_deepseek/deepseek_per_family.csv,registry_experiment_unresolved,,,,,not_applicable,,,,not_applicable,0.0,results/stage8/analysis_deepseek/deepseek_per_family.csv,registry_experiment_unresolved,,,,,not_measured,44,results/stage8/probing_deepseek/loo_predictions_variance.json,registry_experiment_unresolved,,0.2306076202166031,results/stage8/probing_deepseek/loo_predictions_variance.json,registry_experiment_unresolved,,,,,not_applicable,0.5,results/stage8/analysis_deepseek/deepseek_per_family.csv,registry_experiment_unresolved,,,,,not_applicable,results/stage9/baselines/cot_text/surface_tfidf_continuous.json,not_applicable,results/stage9/baselines/answer_rationale/surface_tfidf_continuous.json,not_applicable
deepseek_reasoning,CM_B_UM_035,mechanics,nongoverning_distractor,original,-0.09375,results/stage8/analysis_deepseek/deepseek_per_family.csv,registry_experiment_unresolved,,,,,not_applicable,0.0,results/stage8/analysis_deepseek/deepseek_per_family.csv,registry_experiment_unresolved,,,,,not_applicable,,,,not_applicable,,,,not_measured,,,,not_measured,44,results/stage8/probing_deepseek/loo_predictions_variance.json,registry_experiment_unresolved,,0.45092706270742117,results/stage8/probing_deepseek/loo_predictions_variance.json,registry_experiment_unresolved,,,,,not_applicable,0.25,results/stage8/analysis_deepseek/deepseek_per_family.csv,registry_experiment_unresolved,,,,,not_applicable,results/stage9/baselines/cot_text/surface_tfidf_continuous.json,not_applicable,results/stage9/baselines/answer_rationale/surface_tfidf_continuous.json,not_applicable
deepseek_reasoning,CM_B_UM_036,mechanics,nongoverning_distractor,original,-0.390625,results/stage8/analysis_deepseek/deepseek_per_family.csv,registry_experiment_unresolved,,,,,not_applicable,0.0,results/stage8/analysis_deepseek/deepseek_per_family.csv,registry_experiment_unresolved,,,,,not_applicable,,,,not_applicable,,,,not_measured,,,,not_measured,44,results/stage8/probing_deepseek/loo_predictions_variance.json,registry_experiment_unresolved,,0.181507138701988,results/stage8/probing_deepseek/loo_predictions_variance.json,registry_experiment_unresolved,,,,,not_applicable,0.0,results/stage8/analysis_deepseek/deepseek_per_family.csv,registry_experiment_unresolved,,,,,not_applicable,results/stage9/baselines/cot_text/surface_tfidf_continuous.json,not_applicable,results/stage9/baselines/answer_rationale/surface_tfidf_continuous.json,not_applicable
deepseek_reasoning,CM_B_UM_037,electrostatics_circuits,nongoverning_distractor,original,0.71875,results/stage8/analysis_deepseek/deepseek_per_family.csv,registry_experiment_unresolved,,,,,not_applicable,1.0,results/stage8/analysis_deepseek/deepseek_per_family.csv,registry_experiment_unresolved,,,,,not_applicable,,,,not_applicable,,,,not_measured,,,,not_measured,44,results/stage8/probing_deepseek/loo_predictions_variance.json,registry_experiment_unresolved,,0.2446385764232837,results/stage8/probing_deepseek/loo_predictions_variance.json,registry_experiment_unresolved,,,,,not_applicable,0.25,results/stage8/analysis_deepseek/deepseek_per_family.csv,registry_experiment_unresolved,,,,,not_applicable,results/stage9/baselines/cot_text/surface_tfidf_continuous.json,not_applicable,results/stage9/baselines/answer_rationale/surface_tfidf_continuous.json,not_applicable
deepseek_reasoning,CM_B_UM_038,electrostatics_circuits,nongoverning_distractor,original,0.171875,results/stage8/analysis_deepseek/deepseek_per_family.csv,registry_experiment_unresolved,,,,,not_applicable,0.6666666666666666,results/stage8/analysis_deepseek/deepseek_per_family.csv,registry_experiment_unresolved,,,,,not_applicable,,,,not_applicable,0.6666666666666666,results/stage8/analysis_deepseek/deepseek_per_family.csv,registry_experiment_unresolved,,,,,not_measured,44,results/stage8/probing_deepseek/loo_predictions_variance.json,registry_experiment_unresolved,,0.02058481460625116,results/stage8/probing_deepseek/loo_predictions_variance.json,registry_experiment_unresolved,,,,,not_applicable,0.75,results/stage8/analysis_deepseek/deepseek_per_family.csv,registry_experiment_unresolved,,,,,not_applicable,results/stage9/baselines/cot_text/surface_tfidf_continuous.json,not_applicable,results/stage9/baselines/answer_rationale/surface_tfidf_continuous.json,not_applicable
deepseek_reasoning,CM_B_UM_039,electrostatics_circuits,nongoverning_distractor,original,0.4375,results/stage8/analysis_deepseek/deepseek_per_family.csv,registry_experiment_unresolved,,,,,not_applicable,1.0,results/stage8/analysis_deepseek/deepseek_per_family.csv,registry_experiment_unresolved,,,,,not_applicable,,,,not_applicable,0.0,results/stage8/analysis_deepseek/deepseek_per_family.csv,registry_experiment_unresolved,,,,,not_measured,44,results/stage8/probing_deepseek/loo_predictions_variance.json,registry_experiment_unresolved,,0.32257289618832097,results/stage8/probing_deepseek/loo_predictions_variance.json,registry_experiment_unresolved,,,,,not_applicable,0.5,results/stage8/analysis_deepseek/deepseek_per_family.csv,registry_experiment_unresolved,,,,,not_applicable,results/stage9/baselines/cot_text/surface_tfidf_continuous.json,not_applicable,results/stage9/baselines/answer_rationale/surface_tfidf_continuous.json,not_applicable
deepseek_reasoning,CM_B_UM_040,electrostatics_circuits,nongoverning_distractor,original,-0.109375,results/stage8/analysis_deepseek/deepseek_per_family.csv,registry_experiment_unresolved,,,,,not_applicable,0.75,results/stage8/analysis_deepseek/deepseek_per_family.csv,registry_experiment_unresolved,,,,,not_applicable,,,,not_applicable,0.5,results/stage8/analysis_deepseek/deepseek_per_family.csv,registry_experiment_unresolved,,,,,not_measured,44,results/stage8/probing_deepseek/loo_predictions_variance.json,registry_experiment_unresolved,,0.33948784877019267,results/stage8/probing_deepseek/loo_predictions_variance.json,registry_experiment_unresolved,,,,,not_applicable,1.0,results/stage8/analysis_deepseek/deepseek_per_family.csv,registry_experiment_unresolved,,,,,not_applicable,results/stage9/baselines/cot_text/surface_tfidf_continuous.json,not_applicable,results/stage9/baselines/answer_rationale/surface_tfidf_continuous.json,not_applicable
deepseek_reasoning,CM_B_UM_041,mechanics,nongoverning_distractor,original,-0.921875,results/stage8/analysis_deepseek/deepseek_per_family.csv,registry_experiment_unresolved,,,,,not_applicable,1.0,results/stage8/analysis_deepseek/deepseek_per_family.csv,registry_experiment_unresolved,,,,,not_applicable,,,,not_applicable,0.0,results/stage8/analysis_deepseek/deepseek_per_family.csv,registry_experiment_unresolved,,,,,not_measured,44,results/stage8/probing_deepseek/loo_predictions_variance.json,registry_experiment_unresolved,,0.11933935252073986,results/stage8/probing_deepseek/loo_predictions_variance.json,registry_experiment_unresolved,,,,,not_applicable,1.0,results/stage8/analysis_deepseek/deepseek_per_family.csv,registry_experiment_unresolved,,,,,not_applicable,results/stage9/baselines/cot_text/surface_tfidf_continuous.json,not_applicable,results/stage9/baselines/answer_rationale/surface_tfidf_continuous.json,not_applicable
deepseek_reasoning,CM_B_UM_042,mechanics,nongoverning_distractor,original,0.078125,results/stage8/analysis_deepseek/deepseek_per_family.csv,registry_experiment_unresolved,,,,,not_applicable,1.0,results/stage8/analysis_deepseek/deepseek_per_family.csv,registry_experiment_unresolved,,,,,not_applicable,,,,not_applicable,0.0,results/stage8/analysis_deepseek/deepseek_per_family.csv,registry_experiment_unresolved,,,,,not_measured,44,results/stage8/probing_deepseek/loo_predictions_variance.json,registry_experiment_unresolved,,0.24556196806813868,results/stage8/probing_deepseek/loo_predictions_variance.json,registry_experiment_unresolved,,,,,not_applicable,0.75,results/stage8/analysis_deepseek/deepseek_per_family.csv,registry_experiment_unresolved,,,,,not_applicable,results/stage9/baselines/cot_text/surface_tfidf_continuous.json,not_applicable,results/stage9/baselines/answer_rationale/surface_tfidf_continuous.json,not_applicable
deepseek_reasoning,CM_B_UM_043,mechanics,nongoverning_distractor,original,0.0,results/stage8/analysis_deepseek/deepseek_per_family.csv,registry_experiment_unresolved,,,,,not_applicable,1.0,results/stage8/analysis_deepseek/deepseek_per_family.csv,registry_experiment_unresolved,,,,,not_applicable,,,,not_applicable,0.0,results/stage8/analysis_deepseek/deepseek_per_family.csv,registry_experiment_unresolved,,,,,not_measured,44,results/stage8/probing_deepseek/loo_predictions_variance.json,registry_experiment_unresolved,,0.6160862548529733,results/stage8/probing_deepseek/loo_predictions_variance.json,registry_experiment_unresolved,,,,,not_applicable,1.0,results/stage8/analysis_deepseek/deepseek_per_family.csv,registry_experiment_unresolved,,,,,not_applicable,results/stage9/baselines/cot_text/surface_tfidf_continuous.json,not_applicable,results/stage9/baselines/answer_rationale/surface_tfidf_continuous.json,not_applicable
deepseek_reasoning,CM_B_UM_044,mechanics,nongoverning_distractor,original,0.015625,results/stage8/analysis_deepseek/deepseek_per_family.csv,registry_experiment_unresolved,,,,,not_applicable,1.0,results/stage8/analysis_deepseek/deepseek_per_family.csv,registry_experiment_unresolved,,,,,not_applicable,,,,not_applicable,0.0,results/stage8/analysis_deepseek/deepseek_per_family.csv,registry_experiment_unresolved,,,,,not_measured,44,results/stage8/probing_deepseek/loo_predictions_variance.json,registry_experiment_unresolved,,0.5042669472456947,results/stage8/probing_deepseek/loo_predictions_variance.json,registry_experiment_unresolved,,,,,not_applicable,1.0,results/stage8/analysis_deepseek/deepseek_per_family.csv,registry_experiment_unresolved,,,,,not_applicable,results/stage9/baselines/cot_text/surface_tfidf_continuous.json,not_applicable,results/stage9/baselines/answer_rationale/surface_tfidf_continuous.json,not_applicable
deepseek_reasoning,CM_B_UM_045,mechanics,nongoverning_distractor,original,0.03125,results/stage8/analysis_deepseek/deepseek_per_family.csv,registry_experiment_unresolved,,,,,not_applicable,0.0,results/stage8/analysis_deepseek/deepseek_per_family.csv,registry_experiment_unresolved,,,,,not_applicable,,,,not_applicable,,,,not_measured,,,,not_measured,44,results/stage8/probing_deepseek/loo_predictions_variance.json,registry_experiment_unresolved,,0.20581078998666452,results/stage8/probing_deepseek/loo_predictions_variance.json,registry_experiment_unresolved,,,,,not_applicable,0.0,results/stage8/analysis_deepseek/deepseek_per_family.csv,registry_experiment_unresolved,,,,,not_applicable,results/stage9/baselines/cot_text/surface_tfidf_continuous.json,not_applicable,results/stage9/baselines/answer_rationale/surface_tfidf_continuous.json,not_applicable
deepseek_reasoning,CM_B_UM_046,mechanics,nongoverning_distractor,original,1.21875,results/stage8/analysis_deepseek/deepseek_per_family.csv,registry_experiment_unresolved,,,,,not_applicable,1.0,results/stage8/analysis_deepseek/deepseek_per_family.csv,registry_experiment_unresolved,,,,,not_applicable,,,,not_applicable,0.0,results/stage8/analysis_deepseek/deepseek_per_family.csv,registry_experiment_unresolved,,,,,not_measured,44,results/stage8/probing_deepseek/loo_predictions_variance.json,registry_experiment_unresolved,,0.2478842301177514,results/stage8/probing_deepseek/loo_predictions_variance.json,registry_experiment_unresolved,,,,,not_applicable,1.0,results/stage8/analysis_deepseek/deepseek_per_family.csv,registry_experiment_unresolved,,,,,not_applicable,results/stage9/baselines/cot_text/surface_tfidf_continuous.json,not_applicable,results/stage9/baselines/answer_rationale/surface_tfidf_continuous.json,not_applicable
deepseek_reasoning,CM_B_UM_047,mechanics,nongoverning_distractor,original,1.46875,results/stage8/analysis_deepseek/deepseek_per_family.csv,registry_experiment_unresolved,,,,,not_applicable,0.0,results/stage8/analysis_deepseek/deepseek_per_family.csv,registry_experiment_unresolved,,,,,not_applicable,,,,not_applicable,0.0,results/stage8/analysis_deepseek/deepseek_per_family.csv,registry_experiment_unresolved,,,,,not_measured,44,results/stage8/probing_deepseek/loo_predictions_variance.json,registry_experiment_unresolved,,0.39063130225976106,results/stage8/probing_deepseek/loo_predictions_variance.json,registry_experiment_unresolved,,,,,not_applicable,0.75,results/stage8/analysis_deepseek/deepseek_per_family.csv,registry_experiment_unresolved,,,,,not_applicable,results/stage9/baselines/cot_text/surface_tfidf_continuous.json,not_applicable,results/stage9/baselines/answer_rationale/surface_tfidf_continuous.json,not_applicable
deepseek_reasoning,CM_B_UM_048,mechanics,nongoverning_distractor,original,1.546875,results/stage8/analysis_deepseek/deepseek_per_family.csv,registry_experiment_unresolved,,,,,not_applicable,0.5,results/stage8/analysis_deepseek/deepseek_per_family.csv,registry_experiment_unresolved,,,,,not_applicable,,,,not_applicable,1.0,results/stage8/analysis_deepseek/deepseek_per_family.csv,registry_experiment_unresolved,,,,,not_measured,44,results/stage8/probing_deepseek/loo_predictions_variance.json,registry_experiment_unresolved,,0.44868441455711905,results/stage8/probing_deepseek/loo_predictions_variance.json,registry_experiment_unresolved,,,,,not_applicable,0.5,results/stage8/analysis_deepseek/deepseek_per_family.csv,registry_experiment_unresolved,,,,,not_applicable,results/stage9/baselines/cot_text/surface_tfidf_continuous.json,not_applicable,results/stage9/baselines/answer_rationale/surface_tfidf_continuous.json,not_applicable
deepseek_reasoning,CM_B_UM_049,mechanics,nongoverning_distractor,original,-0.09375,results/stage8/analysis_deepseek/deepseek_per_family.csv,registry_experiment_unresolved,,,,,not_applicable,0.0,results/stage8/analysis_deepseek/deepseek_per_family.csv,registry_experiment_unresolved,,,,,not_applicable,,,,not_applicable,,,,not_measured,,,,not_measured,44,results/stage8/probing_deepseek/loo_predictions_variance.json,registry_experiment_unresolved,,0.4663466334796314,results/stage8/probing_deepseek/loo_predictions_variance.json,registry_experiment_unresolved,,,,,not_applicable,0.0,results/stage8/analysis_deepseek/deepseek_per_family.csv,registry_experiment_unresolved,,,,,not_applicable,results/stage9/baselines/cot_text/surface_tfidf_continuous.json,not_applicable,results/stage9/baselines/answer_rationale/surface_tfidf_continuous.json,not_applicable
deepseek_reasoning,CM_B_UM_050,mechanics,nongoverning_distractor,original,2.109375,results/stage8/analysis_deepseek/deepseek_per_family.csv,registry_experiment_unresolved,,,,,not_applicable,0.0,results/stage8/analysis_deepseek/deepseek_per_family.csv,registry_experiment_unresolved,,,,,not_applicable,,,,not_applicable,,,,not_measured,,,,not_measured,44,results/stage8/probing_deepseek/loo_predictions_variance.json,registry_experiment_unresolved,,0.5232487553675825,results/stage8/probing_deepseek/loo_predictions_variance.json,registry_experiment_unresolved,,,,,not_applicable,0.25,results/stage8/analysis_deepseek/deepseek_per_family.csv,registry_experiment_unresolved,,,,,not_applicable,results/stage9/baselines/cot_text/surface_tfidf_continuous.json,not_applicable,results/stage9/baselines/answer_rationale/surface_tfidf_continuous.json,not_applicable
deepseek_reasoning,CM_B_UM_051,mechanics,nongoverning_distractor,original,2.5625,results/stage8/analysis_deepseek/deepseek_per_family.csv,registry_experiment_unresolved,,,,,not_applicable,1.0,results/stage8/analysis_deepseek/deepseek_per_family.csv,registry_experiment_unresolved,,,,,not_applicable,,,,not_applicable,0.0,results/stage8/analysis_deepseek/deepseek_per_family.csv,registry_experiment_unresolved,,,,,not_measured,44,results/stage8/probing_deepseek/loo_predictions_variance.json,registry_experiment_unresolved,,0.5983602339557389,results/stage8/probing_deepseek/loo_predictions_variance.json,registry_experiment_unresolved,,,,,not_applicable,0.5,results/stage8/analysis_deepseek/deepseek_per_family.csv,registry_experiment_unresolved,,,,,not_applicable,results/stage9/baselines/cot_text/surface_tfidf_continuous.json,not_applicable,results/stage9/baselines/answer_rationale/surface_tfidf_continuous.json,not_applicable
deepseek_reasoning,CM_B_UM_052,mechanics,nongoverning_distractor,original,1.984375,results/stage8/analysis_deepseek/deepseek_per_family.csv,registry_experiment_unresolved,,,,,not_applicable,0.0,results/stage8/analysis_deepseek/deepseek_per_family.csv,registry_experiment_unresolved,,,,,not_applicable,,,,not_applicable,,,,not_measured,-0.09448818897637801,results/stage10/deepseek_mhk/patching_results.csv,stage10_deepseek_top4_mhk_qwen_panel,,44,results/stage8/probing_deepseek/loo_predictions_variance.json,registry_experiment_unresolved,,0.6297025242929215,results/stage8/probing_deepseek/loo_predictions_variance.json,registry_experiment_unresolved,,,,,not_applicable,0.25,results/stage8/analysis_deepseek/deepseek_per_family.csv,registry_experiment_unresolved,,,,,not_applicable,results/stage9/baselines/cot_text/surface_tfidf_continuous.json,not_applicable,results/stage9/baselines/answer_rationale/surface_tfidf_continuous.json,not_applicable
deepseek_reasoning,CM_B_UM_053,mechanics,nongoverning_distractor,original,-0.03125,results/stage8/analysis_deepseek/deepseek_per_family.csv,registry_experiment_unresolved,,,,,not_applicable,0.0,results/stage8/analysis_deepseek/deepseek_per_family.csv,registry_experiment_unresolved,,,,,not_applicable,,,,not_applicable,,,,not_measured,,,,not_measured,44,results/stage8/probing_deepseek/loo_predictions_variance.json,registry_experiment_unresolved,,0.4594457871208499,results/stage8/probing_deepseek/loo_predictions_variance.json,registry_experiment_unresolved,,,,,not_applicable,0.0,results/stage8/analysis_deepseek/deepseek_per_family.csv,registry_experiment_unresolved,,,,,not_applicable,results/stage9/baselines/cot_text/surface_tfidf_continuous.json,not_applicable,results/stage9/baselines/answer_rationale/surface_tfidf_continuous.json,not_applicable
deepseek_reasoning,CM_B_UM_054,electrostatics_circuits,nongoverning_distractor,original,1.21875,results/stage8/analysis_deepseek/deepseek_per_family.csv,registry_experiment_unresolved,,,,,not_applicable,0.0,results/stage8/analysis_deepseek/deepseek_per_family.csv,registry_experiment_unresolved,,,,,not_applicable,,,,not_applicable,0.0,results/stage8/analysis_deepseek/deepseek_per_family.csv,registry_experiment_unresolved,,,,,not_measured,44,results/stage8/probing_deepseek/loo_predictions_variance.json,registry_experiment_unresolved,,0.4670711512152036,results/stage8/probing_deepseek/loo_predictions_variance.json,registry_experiment_unresolved,,,,,not_applicable,0.5,results/stage8/analysis_deepseek/deepseek_per_family.csv,registry_experiment_unresolved,,,,,not_applicable,results/stage9/baselines/cot_text/surface_tfidf_continuous.json,not_applicable,results/stage9/baselines/answer_rationale/surface_tfidf_continuous.json,not_applicable
deepseek_reasoning,CM_B_UM_055,mechanics,nongoverning_distractor,original,3.09375,results/stage8/analysis_deepseek/deepseek_per_family.csv,registry_experiment_unresolved,,,,,not_applicable,0.25,results/stage8/analysis_deepseek/deepseek_per_family.csv,registry_experiment_unresolved,,,,,not_applicable,,,,not_applicable,0.8333333333333334,results/stage8/analysis_deepseek/deepseek_per_family.csv,registry_experiment_unresolved,,-0.05555555555555558,results/stage10/deepseek_mhk/patching_results.csv,stage10_deepseek_top4_mhk_qwen_panel,,44,results/stage8/probing_deepseek/loo_predictions_variance.json,registry_experiment_unresolved,,0.6623675749018162,results/stage8/probing_deepseek/loo_predictions_variance.json,registry_experiment_unresolved,,,,,not_applicable,1.0,results/stage8/analysis_deepseek/deepseek_per_family.csv,registry_experiment_unresolved,,,,,not_applicable,results/stage9/baselines/cot_text/surface_tfidf_continuous.json,not_applicable,results/stage9/baselines/answer_rationale/surface_tfidf_continuous.json,not_applicable
deepseek_reasoning,CM_B_UM_056,mechanics,nongoverning_distractor,original,1.578125,results/stage8/analysis_deepseek/deepseek_per_family.csv,registry_experiment_unresolved,,,,,not_applicable,1.0,results/stage8/analysis_deepseek/deepseek_per_family.csv,registry_experiment_unresolved,,,,,not_applicable,,,,not_applicable,0.0,results/stage8/analysis_deepseek/deepseek_per_family.csv,registry_experiment_unresolved,,,,,not_measured,44,results/stage8/probing_deepseek/loo_predictions_variance.json,registry_experiment_unresolved,,0.46987358688317854,results/stage8/probing_deepseek/loo_predictions_variance.json,registry_experiment_unresolved,,,,,not_applicable,1.0,results/stage8/analysis_deepseek/deepseek_per_family.csv,registry_experiment_unresolved,,,,,not_applicable,results/stage9/baselines/cot_text/surface_tfidf_continuous.json,not_applicable,results/stage9/baselines/answer_rationale/surface_tfidf_continuous.json,not_applicable
deepseek_reasoning,CM_B_UM_057,mechanics,nongoverning_distractor,original,-0.296875,results/stage8/analysis_deepseek/deepseek_per_family.csv,registry_experiment_unresolved,,,,,not_applicable,1.0,results/stage8/analysis_deepseek/deepseek_per_family.csv,registry_experiment_unresolved,,,,,not_applicable,,,,not_applicable,0.0,results/stage8/analysis_deepseek/deepseek_per_family.csv,registry_experiment_unresolved,,,,,not_measured,44,results/stage8/probing_deepseek/loo_predictions_variance.json,registry_experiment_unresolved,,0.4812917564051463,results/stage8/probing_deepseek/loo_predictions_variance.json,registry_experiment_unresolved,,,,,not_applicable,1.0,results/stage8/analysis_deepseek/deepseek_per_family.csv,registry_experiment_unresolved,,,,,not_applicable,results/stage9/baselines/cot_text/surface_tfidf_continuous.json,not_applicable,results/stage9/baselines/answer_rationale/surface_tfidf_continuous.json,not_applicable
deepseek_reasoning,CM_B_UM_058,mechanics,nongoverning_distractor,original,-0.03125,results/stage8/analysis_deepseek/deepseek_per_family.csv,registry_experiment_unresolved,,,,,not_applicable,1.0,results/stage8/analysis_deepseek/deepseek_per_family.csv,registry_experiment_unresolved,,,,,not_applicable,,,,not_applicable,0.0,results/stage8/analysis_deepseek/deepseek_per_family.csv,registry_experiment_unresolved,,,,,not_measured,44,results/stage8/probing_deepseek/loo_predictions_variance.json,registry_experiment_unresolved,,0.496552017369812,results/stage8/probing_deepseek/loo_predictions_variance.json,registry_experiment_unresolved,,,,,not_applicable,1.0,results/stage8/analysis_deepseek/deepseek_per_family.csv,registry_experiment_unresolved,,,,,not_applicable,results/stage9/baselines/cot_text/surface_tfidf_continuous.json,not_applicable,results/stage9/baselines/answer_rationale/surface_tfidf_continuous.json,not_applicable
deepseek_reasoning,CM_B_UM_059,mechanics,nongoverning_distractor,original,7.03125,results/stage8/analysis_deepseek/deepseek_per_family.csv,registry_experiment_unresolved,,,,,not_applicable,1.0,results/stage8/analysis_deepseek/deepseek_per_family.csv,registry_experiment_unresolved,,,,,not_applicable,,,,not_applicable,,,,not_measured,-0.03555555555555556,results/stage10/deepseek_mhk/patching_results.csv,stage10_deepseek_top4_mhk_qwen_panel,,44,results/stage8/probing_deepseek/loo_predictions_variance.json,registry_experiment_unresolved,,0.3181481348561509,results/stage8/probing_deepseek/loo_predictions_variance.json,registry_experiment_unresolved,,,,,not_applicable,0.25,results/stage8/analysis_deepseek/deepseek_per_family.csv,registry_experiment_unresolved,,,,,not_applicable,results/stage9/baselines/cot_text/surface_tfidf_continuous.json,not_applicable,results/stage9/baselines/answer_rationale/surface_tfidf_continuous.json,not_applicable
deepseek_reasoning,CM_B_UM_060,mechanics,nongoverning_distractor,original,0.296875,results/stage8/analysis_deepseek/deepseek_per_family.csv,registry_experiment_unresolved,,,,,not_applicable,1.0,results/stage8/analysis_deepseek/deepseek_per_family.csv,registry_experiment_unresolved,,,,,not_applicable,,,,not_applicable,0.0,results/stage8/analysis_deepseek/deepseek_per_family.csv,registry_experiment_unresolved,,,,,not_measured,44,results/stage8/probing_deepseek/loo_predictions_variance.json,registry_experiment_unresolved,,0.5326252159393445,results/stage8/probing_deepseek/loo_predictions_variance.json,registry_experiment_unresolved,,,,,not_applicable,1.0,results/stage8/analysis_deepseek/deepseek_per_family.csv,registry_experiment_unresolved,,,,,not_applicable,results/stage9/baselines/cot_text/surface_tfidf_continuous.json,not_applicable,results/stage9/baselines/answer_rationale/surface_tfidf_continuous.json,not_applicable
deepseek_reasoning,CM_B_UM_061,mechanics,nongoverning_distractor,expansion,,,,not_measured,,,,not_applicable,,,,not_measured,,,,not_applicable,,,,not_applicable,,,,not_measured,,,,not_measured,,,,not_measured,,,,not_measured,,,,not_applicable,,,,not_measured,,,,not_applicable,results/stage9/baselines/cot_text/surface_tfidf_continuous.json,not_applicable,results/stage9/baselines/answer_rationale/surface_tfidf_continuous.json,not_applicable
deepseek_reasoning,CM_B_UM_062,mechanics,nongoverning_distractor,expansion,,,,not_measured,,,,not_applicable,,,,not_measured,,,,not_applicable,,,,not_applicable,,,,not_measured,,,,not_measured,,,,not_measured,,,,not_measured,,,,not_applicable,,,,not_measured,,,,not_applicable,results/stage9/baselines/cot_text/surface_tfidf_continuous.json,not_applicable,results/stage9/baselines/answer_rationale/surface_tfidf_continuous.json,not_applicable
deepseek_reasoning,CM_B_UM_063,mechanics,nongoverning_distractor,expansion,,,,not_measured,,,,not_applicable,,,,not_measured,,,,not_applicable,,,,not_applicable,,,,not_measured,,,,not_measured,,,,not_measured,,,,not_measured,,,,not_applicable,,,,not_measured,,,,not_applicable,results/stage9/baselines/cot_text/surface_tfidf_continuous.json,not_applicable,results/stage9/baselines/answer_rationale/surface_tfidf_continuous.json,not_applicable
deepseek_reasoning,CM_C_001,mechanics,frame_rendering,original,1.78125,results/stage8/analysis_deepseek/deepseek_per_family.csv,registry_experiment_unresolved,,,,,not_applicable,1.0,results/stage8/analysis_deepseek/deepseek_per_family.csv,registry_experiment_unresolved,,,,,not_applicable,,,,not_applicable,0.0,results/stage8/analysis_deepseek/deepseek_per_family.csv,registry_experiment_unresolved,,,,,not_measured,44,results/stage8/probing_deepseek/loo_predictions_variance.json,registry_experiment_unresolved,,0.9956421964960196,results/stage8/probing_deepseek/loo_predictions_variance.json,registry_experiment_unresolved,,,,,not_applicable,1.0,results/stage8/analysis_deepseek/deepseek_per_family.csv,registry_experiment_unresolved,,,,,not_applicable,results/stage9/baselines/cot_text/surface_tfidf_continuous.json,not_applicable,results/stage9/baselines/answer_rationale/surface_tfidf_continuous.json,not_applicable
deepseek_reasoning,CM_C_002,mechanics,frame_rendering,original,2.71875,results/stage8/analysis_deepseek/deepseek_per_family.csv,registry_experiment_unresolved,,,,,not_applicable,1.0,results/stage8/analysis_deepseek/deepseek_per_family.csv,registry_experiment_unresolved,,,,,not_applicable,,,,not_applicable,0.0,results/stage8/analysis_deepseek/deepseek_per_family.csv,registry_experiment_unresolved,,,,,not_measured,44,results/stage8/probing_deepseek/loo_predictions_variance.json,registry_experiment_unresolved,,0.9972696975522231,results/stage8/probing_deepseek/loo_predictions_variance.json,registry_experiment_unresolved,,,,,not_applicable,1.0,results/stage8/analysis_deepseek/deepseek_per_family.csv,registry_experiment_unresolved,,,,,not_applicable,results/stage9/baselines/cot_text/surface_tfidf_continuous.json,not_applicable,results/stage9/baselines/answer_rationale/surface_tfidf_continuous.json,not_applicable
deepseek_reasoning,CM_C_003,mechanics,frame_rendering,original,10.8515625,results/stage8/analysis_deepseek/deepseek_per_family.csv,registry_experiment_unresolved,,,,,not_applicable,1.0,results/stage8/analysis_deepseek/deepseek_per_family.csv,registry_experiment_unresolved,,,,,not_applicable,,,,not_applicable,0.0,results/stage8/analysis_deepseek/deepseek_per_family.csv,registry_experiment_unresolved,,,,,not_measured,44,results/stage8/probing_deepseek/loo_predictions_variance.json,registry_experiment_unresolved,,0.8207563789343175,results/stage8/probing_deepseek/loo_predictions_variance.json,registry_experiment_unresolved,,,,,not_applicable,1.0,results/stage8/analysis_deepseek/deepseek_per_family.csv,registry_experiment_unresolved,,,,,not_applicable,results/stage9/baselines/cot_text/surface_tfidf_continuous.json,not_applicable,results/stage9/baselines/answer_rationale/surface_tfidf_continuous.json,not_applicable
deepseek_reasoning,CM_C_004,electrostatics_circuits,frame_rendering,original,8.765625,results/stage8/analysis_deepseek/deepseek_per_family.csv,registry_experiment_unresolved,,,,,not_applicable,1.0,results/stage8/analysis_deepseek/deepseek_per_family.csv,registry_experiment_unresolved,,,,,not_applicable,,,,not_applicable,0.0,results/stage8/analysis_deepseek/deepseek_per_family.csv,registry_experiment_unresolved,,,,,not_measured,44,results/stage8/probing_deepseek/loo_predictions_variance.json,registry_experiment_unresolved,,0.9686955432119075,results/stage8/probing_deepseek/loo_predictions_variance.json,registry_experiment_unresolved,,,,,not_applicable,1.0,results/stage8/analysis_deepseek/deepseek_per_family.csv,registry_experiment_unresolved,,,,,not_applicable,results/stage9/baselines/cot_text/surface_tfidf_continuous.json,not_applicable,results/stage9/baselines/answer_rationale/surface_tfidf_continuous.json,not_applicable
deepseek_reasoning,CM_C_005,mechanics,frame_rendering,original,8.5078125,results/stage8/analysis_deepseek/deepseek_per_family.csv,registry_experiment_unresolved,,,,,not_applicable,1.0,results/stage8/analysis_deepseek/deepseek_per_family.csv,registry_experiment_unresolved,,,,,not_applicable,,,,not_applicable,0.0,results/stage8/analysis_deepseek/deepseek_per_family.csv,registry_experiment_unresolved,,,,,not_measured,44,results/stage8/probing_deepseek/loo_predictions_variance.json,registry_experiment_unresolved,,0.9760329045154443,results/stage8/probing_deepseek/loo_predictions_variance.json,registry_experiment_unresolved,,,,,not_applicable,1.0,results/stage8/analysis_deepseek/deepseek_per_family.csv,registry_experiment_unresolved,,,,,not_applicable,results/stage9/baselines/cot_text/surface_tfidf_continuous.json,not_applicable,results/stage9/baselines/answer_rationale/surface_tfidf_continuous.json,not_applicable
deepseek_reasoning,CM_C_006,electrostatics_circuits,frame_rendering,expansion,,,,not_measured,,,,not_applicable,,,,not_measured,,,,not_applicable,,,,not_applicable,,,,not_measured,,,,not_measured,,,,not_measured,,,,not_measured,,,,not_applicable,,,,not_measured,,,,not_applicable,results/stage9/baselines/cot_text/surface_tfidf_continuous.json,not_applicable,results/stage9/baselines/answer_rationale/surface_tfidf_continuous.json,not_applicable
deepseek_reasoning,CM_C_007,thermodynamics,frame_rendering,expansion,,,,not_measured,,,,not_applicable,,,,not_measured,,,,not_applicable,,,,not_applicable,,,,not_measured,,,,not_measured,,,,not_measured,,,,not_measured,,,,not_applicable,,,,not_measured,,,,not_applicable,results/stage9/baselines/cot_text/surface_tfidf_continuous.json,not_applicable,results/stage9/baselines/answer_rationale/surface_tfidf_continuous.json,not_applicable
deepseek_reasoning,CM_C_008,electrostatics_circuits,frame_rendering,expansion,,,,not_measured,,,,not_applicable,,,,not_measured,,,,not_applicable,,,,not_applicable,,,,not_measured,,,,not_measured,,,,not_measured,,,,not_measured,,,,not_applicable,,,,not_measured,,,,not_applicable,results/stage9/baselines/cot_text/surface_tfidf_continuous.json,not_applicable,results/stage9/baselines/answer_rationale/surface_tfidf_continuous.json,not_applicable
deepseek_reasoning,CM_C_009,electrostatics_circuits,frame_rendering,expansion,,,,not_measured,,,,not_applicable,,,,not_measured,,,,not_applicable,,,,not_applicable,,,,not_measured,,,,not_measured,,,,not_measured,,,,not_measured,,,,not_applicable,,,,not_measured,,,,not_applicable,results/stage9/baselines/cot_text/surface_tfidf_continuous.json,not_applicable,results/stage9/baselines/answer_rationale/surface_tfidf_continuous.json,not_applicable
deepseek_reasoning,CM_C_010,electrostatics_circuits,frame_rendering,expansion,,,,not_measured,,,,not_applicable,,,,not_measured,,,,not_applicable,,,,not_applicable,,,,not_measured,,,,not_measured,,,,not_measured,,,,not_measured,,,,not_applicable,,,,not_measured,,,,not_applicable,results/stage9/baselines/cot_text/surface_tfidf_continuous.json,not_applicable,results/stage9/baselines/answer_rationale/surface_tfidf_continuous.json,not_applicable
deepseek_reasoning,CM_C_011,electrostatics_circuits,frame_rendering,expansion,,,,not_measured,,,,not_applicable,,,,not_measured,,,,not_applicable,,,,not_applicable,,,,not_measured,,,,not_measured,,,,not_measured,,,,not_measured,,,,not_applicable,,,,not_measured,,,,not_applicable,results/stage9/baselines/cot_text/surface_tfidf_continuous.json,not_applicable,results/stage9/baselines/answer_rationale/surface_tfidf_continuous.json,not_applicable
deepseek_reasoning,CM_C_012,mechanics,frame_rendering,expansion,,,,not_measured,,,,not_applicable,,,,not_measured,,,,not_applicable,,,,not_applicable,,,,not_measured,,,,not_measured,,,,not_measured,,,,not_measured,,,,not_applicable,,,,not_measured,,,,not_applicable,results/stage9/baselines/cot_text/surface_tfidf_continuous.json,not_applicable,results/stage9/baselines/answer_rationale/surface_tfidf_continuous.json,not_applicable
deepseek_reasoning,CM_C_013,mechanics,frame_rendering,expansion,,,,not_measured,,,,not_applicable,,,,not_measured,,,,not_applicable,,,,not_applicable,,,,not_measured,,,,not_measured,,,,not_measured,,,,not_measured,,,,not_applicable,,,,not_measured,,,,not_applicable,results/stage9/baselines/cot_text/surface_tfidf_continuous.json,not_applicable,results/stage9/baselines/answer_rationale/surface_tfidf_continuous.json,not_applicable
deepseek_reasoning,CM_C_014,electrostatics_circuits,frame_rendering,expansion,,,,not_measured,,,,not_applicable,,,,not_measured,,,,not_applicable,,,,not_applicable,,,,not_measured,,,,not_measured,,,,not_measured,,,,not_measured,,,,not_applicable,,,,not_measured,,,,not_applicable,results/stage9/baselines/cot_text/surface_tfidf_continuous.json,not_applicable,results/stage9/baselines/answer_rationale/surface_tfidf_continuous.json,not_applicable
deepseek_reasoning,CM_C_015,thermodynamics,frame_rendering,expansion,,,,not_measured,,,,not_applicable,,,,not_measured,,,,not_applicable,,,,not_applicable,,,,not_measured,,,,not_measured,,,,not_measured,,,,not_measured,,,,not_applicable,,,,not_measured,,,,not_applicable,results/stage9/baselines/cot_text/surface_tfidf_continuous.json,not_applicable,results/stage9/baselines/answer_rationale/surface_tfidf_continuous.json,not_applicable
deepseek_reasoning,EL_A_001,electrostatics_circuits,irrelevant_variable,original,0.09375,results/stage8/analysis_deepseek/deepseek_per_family.csv,registry_experiment_unresolved,,,,,not_applicable,1.0,results/stage8/analysis_deepseek/deepseek_per_family.csv,registry_experiment_unresolved,,,,,not_applicable,,,,not_applicable,0.0,results/stage8/analysis_deepseek/deepseek_per_family.csv,registry_experiment_unresolved,,,,,not_measured,44,results/stage8/probing_deepseek/loo_predictions_variance.json,registry_experiment_unresolved,,0.4887513925981937,results/stage8/probing_deepseek/loo_predictions_variance.json,registry_experiment_unresolved,,,,,not_applicable,1.0,results/stage8/analysis_deepseek/deepseek_per_family.csv,registry_experiment_unresolved,,,,,not_applicable,results/stage9/baselines/cot_text/surface_tfidf_continuous.json,not_applicable,results/stage9/baselines/answer_rationale/surface_tfidf_continuous.json,not_applicable
deepseek_reasoning,EL_A_002,electrostatics_circuits,irrelevant_variable,original,0.140625,results/stage8/analysis_deepseek/deepseek_per_family.csv,registry_experiment_unresolved,,,,,not_applicable,1.0,results/stage8/analysis_deepseek/deepseek_per_family.csv,registry_experiment_unresolved,,,,,not_applicable,,,,not_applicable,0.0,results/stage8/analysis_deepseek/deepseek_per_family.csv,registry_experiment_unresolved,,,,,not_measured,44,results/stage8/probing_deepseek/loo_predictions_variance.json,registry_experiment_unresolved,,0.17318253909106,results/stage8/probing_deepseek/loo_predictions_variance.json,registry_experiment_unresolved,,,,,not_applicable,1.0,results/stage8/analysis_deepseek/deepseek_per_family.csv,registry_experiment_unresolved,,,,,not_applicable,results/stage9/baselines/cot_text/surface_tfidf_continuous.json,not_applicable,results/stage9/baselines/answer_rationale/surface_tfidf_continuous.json,not_applicable
deepseek_reasoning,EL_A_003,electrostatics_circuits,irrelevant_variable,original,-0.03125,results/stage8/analysis_deepseek/deepseek_per_family.csv,registry_experiment_unresolved,,,,,not_applicable,1.0,results/stage8/analysis_deepseek/deepseek_per_family.csv,registry_experiment_unresolved,,,,,not_applicable,,,,not_applicable,0.0,results/stage8/analysis_deepseek/deepseek_per_family.csv,registry_experiment_unresolved,,,,,not_measured,44,results/stage8/probing_deepseek/loo_predictions_variance.json,registry_experiment_unresolved,,0.27183474935222357,results/stage8/probing_deepseek/loo_predictions_variance.json,registry_experiment_unresolved,,,,,not_applicable,1.0,results/stage8/analysis_deepseek/deepseek_per_family.csv,registry_experiment_unresolved,,,,,not_applicable,results/stage9/baselines/cot_text/surface_tfidf_continuous.json,not_applicable,results/stage9/baselines/answer_rationale/surface_tfidf_continuous.json,not_applicable
deepseek_reasoning,EL_A_004,electrostatics_circuits,irrelevant_variable,original,-0.015625,results/stage8/analysis_deepseek/deepseek_per_family.csv,registry_experiment_unresolved,,,,,not_applicable,0.0,results/stage8/analysis_deepseek/deepseek_per_family.csv,registry_experiment_unresolved,,,,,not_applicable,,,,not_applicable,0.6666666666666666,results/stage8/analysis_deepseek/deepseek_per_family.csv,registry_experiment_unresolved,,,,,not_measured,44,results/stage8/probing_deepseek/loo_predictions_variance.json,registry_experiment_unresolved,,0.44681681221875746,results/stage8/probing_deepseek/loo_predictions_variance.json,registry_experiment_unresolved,,,,,not_applicable,0.75,results/stage8/analysis_deepseek/deepseek_per_family.csv,registry_experiment_unresolved,,,,,not_applicable,results/stage9/baselines/cot_text/surface_tfidf_continuous.json,not_applicable,results/stage9/baselines/answer_rationale/surface_tfidf_continuous.json,not_applicable
deepseek_reasoning,EL_A_005,electrostatics_circuits,irrelevant_variable,original,0.125,results/stage8/analysis_deepseek/deepseek_per_family.csv,registry_experiment_unresolved,,,,,not_applicable,0.0,results/stage8/analysis_deepseek/deepseek_per_family.csv,registry_experiment_unresolved,,,,,not_applicable,,,,not_applicable,,,,not_measured,,,,not_measured,44,results/stage8/probing_deepseek/loo_predictions_variance.json,registry_experiment_unresolved,,0.2937598816932947,results/stage8/probing_deepseek/loo_predictions_variance.json,registry_experiment_unresolved,,,,,not_applicable,0.0,results/stage8/analysis_deepseek/deepseek_per_family.csv,registry_experiment_unresolved,,,,,not_applicable,results/stage9/baselines/cot_text/surface_tfidf_continuous.json,not_applicable,results/stage9/baselines/answer_rationale/surface_tfidf_continuous.json,not_applicable
deepseek_reasoning,EL_B_001,electrostatics_circuits,nongoverning_distractor,original,0.3125,results/stage8/analysis_deepseek/deepseek_per_family.csv,registry_experiment_unresolved,,,,,not_applicable,1.0,results/stage8/analysis_deepseek/deepseek_per_family.csv,registry_experiment_unresolved,,,,,not_applicable,,,,not_applicable,0.0,results/stage8/analysis_deepseek/deepseek_per_family.csv,registry_experiment_unresolved,,,,,not_measured,44,results/stage8/probing_deepseek/loo_predictions_variance.json,registry_experiment_unresolved,,0.17409620824049862,results/stage8/probing_deepseek/loo_predictions_variance.json,registry_experiment_unresolved,,,,,not_applicable,0.5,results/stage8/analysis_deepseek/deepseek_per_family.csv,registry_experiment_unresolved,,,,,not_applicable,results/stage9/baselines/cot_text/surface_tfidf_continuous.json,not_applicable,results/stage9/baselines/answer_rationale/surface_tfidf_continuous.json,not_applicable
deepseek_reasoning,EL_B_002,electrostatics_circuits,nongoverning_distractor,original,-0.1875,results/stage8/analysis_deepseek/deepseek_per_family.csv,registry_experiment_unresolved,,,,,not_applicable,0.0,results/stage8/analysis_deepseek/deepseek_per_family.csv,registry_experiment_unresolved,,,,,not_applicable,,,,not_applicable,,,,not_measured,1.0833333333333333,results/stage10/deepseek_mhk/patching_results.csv,stage10_deepseek_top4_mhk_qwen_panel,,44,results/stage8/probing_deepseek/loo_predictions_variance.json,registry_experiment_unresolved,,0.07115019181402871,results/stage8/probing_deepseek/loo_predictions_variance.json,registry_experiment_unresolved,,,,,not_applicable,0.0,results/stage8/analysis_deepseek/deepseek_per_family.csv,registry_experiment_unresolved,,,,,not_applicable,results/stage9/baselines/cot_text/surface_tfidf_continuous.json,not_applicable,results/stage9/baselines/answer_rationale/surface_tfidf_continuous.json,not_applicable
deepseek_reasoning,EL_B_003,electrostatics_circuits,nongoverning_distractor,original,0.3125,results/stage8/analysis_deepseek/deepseek_per_family.csv,registry_experiment_unresolved,,,,,not_applicable,0.75,results/stage8/analysis_deepseek/deepseek_per_family.csv,registry_experiment_unresolved,,,,,not_applicable,,,,not_applicable,0.5,results/stage8/analysis_deepseek/deepseek_per_family.csv,registry_experiment_unresolved,,,,,not_measured,44,results/stage8/probing_deepseek/loo_predictions_variance.json,registry_experiment_unresolved,,0.14350938286755544,results/stage8/probing_deepseek/loo_predictions_variance.json,registry_experiment_unresolved,,,,,not_applicable,1.0,results/stage8/analysis_deepseek/deepseek_per_family.csv,registry_experiment_unresolved,,,,,not_applicable,results/stage9/baselines/cot_text/surface_tfidf_continuous.json,not_applicable,results/stage9/baselines/answer_rationale/surface_tfidf_continuous.json,not_applicable
deepseek_reasoning,EL_B_004,electrostatics_circuits,nongoverning_distractor,original,-0.046875,results/stage8/analysis_deepseek/deepseek_per_family.csv,registry_experiment_unresolved,,,,,not_applicable,0.0,results/stage8/analysis_deepseek/deepseek_per_family.csv,registry_experiment_unresolved,,,,,not_applicable,,,,not_applicable,,,,not_measured,,,,not_measured,44,results/stage8/probing_deepseek/loo_predictions_variance.json,registry_experiment_unresolved,,0.2692951681470149,results/stage8/probing_deepseek/loo_predictions_variance.json,registry_experiment_unresolved,,,,,not_applicable,0.0,results/stage8/analysis_deepseek/deepseek_per_family.csv,registry_experiment_unresolved,,,,,not_applicable,results/stage9/baselines/cot_text/surface_tfidf_continuous.json,not_applicable,results/stage9/baselines/answer_rationale/surface_tfidf_continuous.json,not_applicable
deepseek_reasoning,EL_B_005,electrostatics_circuits,nongoverning_distractor,original,0.03125,results/stage8/analysis_deepseek/deepseek_per_family.csv,registry_experiment_unresolved,,,,,not_applicable,0.0,results/stage8/analysis_deepseek/deepseek_per_family.csv,registry_experiment_unresolved,,,,,not_applicable,,,,not_applicable,,,,not_measured,,,,not_measured,44,results/stage8/probing_deepseek/loo_predictions_variance.json,registry_experiment_unresolved,,0.33782712376229235,results/stage8/probing_deepseek/loo_predictions_variance.json,registry_experiment_unresolved,,,,,not_applicable,0.0,results/stage8/analysis_deepseek/deepseek_per_family.csv,registry_experiment_unresolved,,,,,not_applicable,results/stage9/baselines/cot_text/surface_tfidf_continuous.json,not_applicable,results/stage9/baselines/answer_rationale/surface_tfidf_continuous.json,not_applicable
deepseek_reasoning,TH_B_UM_001,thermodynamics,nongoverning_distractor,original,-0.234375,results/stage8/analysis_deepseek/deepseek_per_family.csv,registry_experiment_unresolved,,,,,not_applicable,0.0,results/stage8/analysis_deepseek/deepseek_per_family.csv,registry_experiment_unresolved,,,,,not_applicable,,,,not_applicable,,,,not_measured,,,,not_measured,44,results/stage8/probing_deepseek/loo_predictions_variance.json,registry_experiment_unresolved,,0.09419537739260588,results/stage8/probing_deepseek/loo_predictions_variance.json,registry_experiment_unresolved,,,,,not_applicable,0.25,results/stage8/analysis_deepseek/deepseek_per_family.csv,registry_experiment_unresolved,,,,,not_applicable,results/stage9/baselines/cot_text/surface_tfidf_continuous.json,not_applicable,results/stage9/baselines/answer_rationale/surface_tfidf_continuous.json,not_applicable
deepseek_reasoning,TH_B_UM_002,thermodynamics,nongoverning_distractor,original,-0.484375,results/stage8/analysis_deepseek/deepseek_per_family.csv,registry_experiment_unresolved,,,,,not_applicable,0.5,results/stage8/analysis_deepseek/deepseek_per_family.csv,registry_experiment_unresolved,,,,,not_applicable,,,,not_applicable,1.0,results/stage8/analysis_deepseek/deepseek_per_family.csv,registry_experiment_unresolved,,,,,not_measured,44,results/stage8/probing_deepseek/loo_predictions_variance.json,registry_experiment_unresolved,,0.2835001444836116,results/stage8/probing_deepseek/loo_predictions_variance.json,registry_experiment_unresolved,,,,,not_applicable,0.5,results/stage8/analysis_deepseek/deepseek_per_family.csv,registry_experiment_unresolved,,,,,not_applicable,results/stage9/baselines/cot_text/surface_tfidf_continuous.json,not_applicable,results/stage9/baselines/answer_rationale/surface_tfidf_continuous.json,not_applicable
deepseek_reasoning,TH_B_UM_003,thermodynamics,nongoverning_distractor,original,-0.1875,results/stage8/analysis_deepseek/deepseek_per_family.csv,registry_experiment_unresolved,,,,,not_applicable,0.5,results/stage8/analysis_deepseek/deepseek_per_family.csv,registry_experiment_unresolved,,,,,not_applicable,,,,not_applicable,1.0,results/stage8/analysis_deepseek/deepseek_per_family.csv,registry_experiment_unresolved,,,,,not_measured,44,results/stage8/probing_deepseek/loo_predictions_variance.json,registry_experiment_unresolved,,0.08206208906188898,results/stage8/probing_deepseek/loo_predictions_variance.json,registry_experiment_unresolved,,,,,not_applicable,0.5,results/stage8/analysis_deepseek/deepseek_per_family.csv,registry_experiment_unresolved,,,,,not_applicable,results/stage9/baselines/cot_text/surface_tfidf_continuous.json,not_applicable,results/stage9/baselines/answer_rationale/surface_tfidf_continuous.json,not_applicable
deepseek_reasoning,TH_B_UM_004,thermodynamics,nongoverning_distractor,original,0.234375,results/stage8/analysis_deepseek/deepseek_per_family.csv,registry_experiment_unresolved,,,,,not_applicable,0.75,results/stage8/analysis_deepseek/deepseek_per_family.csv,registry_experiment_unresolved,,,,,not_applicable,,,,not_applicable,0.5,results/stage8/analysis_deepseek/deepseek_per_family.csv,registry_experiment_unresolved,,,,,not_measured,44,results/stage8/probing_deepseek/loo_predictions_variance.json,registry_experiment_unresolved,,0.2163270256909291,results/stage8/probing_deepseek/loo_predictions_variance.json,registry_experiment_unresolved,,,,,not_applicable,1.0,results/stage8/analysis_deepseek/deepseek_per_family.csv,registry_experiment_unresolved,,,,,not_applicable,results/stage9/baselines/cot_text/surface_tfidf_continuous.json,not_applicable,results/stage9/baselines/answer_rationale/surface_tfidf_continuous.json,not_applicable
deepseek_reasoning,TH_B_UM_005,thermodynamics,nongoverning_distractor,original,0.34375,results/stage8/analysis_deepseek/deepseek_per_family.csv,registry_experiment_unresolved,,,,,not_applicable,1.0,results/stage8/analysis_deepseek/deepseek_per_family.csv,registry_experiment_unresolved,,,,,not_applicable,,,,not_applicable,,,,not_measured,,,,not_measured,44,results/stage8/probing_deepseek/loo_predictions_variance.json,registry_experiment_unresolved,,0.2640500273125887,results/stage8/probing_deepseek/loo_predictions_variance.json,registry_experiment_unresolved,,,,,not_applicable,0.25,results/stage8/analysis_deepseek/deepseek_per_family.csv,registry_experiment_unresolved,,,,,not_applicable,results/stage9/baselines/cot_text/surface_tfidf_continuous.json,not_applicable,results/stage9/baselines/answer_rationale/surface_tfidf_continuous.json,not_applicable
deepseek_reasoning,TH_B_UM_006,thermodynamics,nongoverning_distractor,original,-0.0625,results/stage8/analysis_deepseek/deepseek_per_family.csv,registry_experiment_unresolved,,,,,not_applicable,0.3333333333333333,results/stage8/analysis_deepseek/deepseek_per_family.csv,registry_experiment_unresolved,,,,,not_applicable,,,,not_applicable,0.6666666666666666,results/stage8/analysis_deepseek/deepseek_per_family.csv,registry_experiment_unresolved,,2.0,results/stage10/deepseek_mhk/patching_results.csv,stage10_deepseek_top4_mhk_qwen_panel,,44,results/stage8/probing_deepseek/loo_predictions_variance.json,registry_experiment_unresolved,,0.11079806038381512,results/stage8/probing_deepseek/loo_predictions_variance.json,registry_experiment_unresolved,,,,,not_applicable,0.75,results/stage8/analysis_deepseek/deepseek_per_family.csv,registry_experiment_unresolved,,,,,not_applicable,results/stage9/baselines/cot_text/surface_tfidf_continuous.json,not_applicable,results/stage9/baselines/answer_rationale/surface_tfidf_continuous.json,not_applicable
deepseek_reasoning,TH_B_UM_007,thermodynamics,nongoverning_distractor,original,-0.65625,results/stage8/analysis_deepseek/deepseek_per_family.csv,registry_experiment_unresolved,,,,,not_applicable,1.0,results/stage8/analysis_deepseek/deepseek_per_family.csv,registry_experiment_unresolved,,,,,not_applicable,,,,not_applicable,0.0,results/stage8/analysis_deepseek/deepseek_per_family.csv,registry_experiment_unresolved,,,,,not_measured,44,results/stage8/probing_deepseek/loo_predictions_variance.json,registry_experiment_unresolved,,0.12338098494922488,results/stage8/probing_deepseek/loo_predictions_variance.json,registry_experiment_unresolved,,,,,not_applicable,0.75,results/stage8/analysis_deepseek/deepseek_per_family.csv,registry_experiment_unresolved,,,,,not_applicable,results/stage9/baselines/cot_text/surface_tfidf_continuous.json,not_applicable,results/stage9/baselines/answer_rationale/surface_tfidf_continuous.json,not_applicable
deepseek_reasoning,TH_B_UM_008,thermodynamics,nongoverning_distractor,original,-1.296875,results/stage8/analysis_deepseek/deepseek_per_family.csv,registry_experiment_unresolved,,,,,not_applicable,0.3333333333333333,results/stage8/analysis_deepseek/deepseek_per_family.csv,registry_experiment_unresolved,,,,,not_applicable,,,,not_applicable,0.6666666666666666,results/stage8/analysis_deepseek/deepseek_per_family.csv,registry_experiment_unresolved,,0.09638554216867468,results/stage10/deepseek_mhk/patching_results.csv,stage10_deepseek_top4_mhk_qwen_panel,,44,results/stage8/probing_deepseek/loo_predictions_variance.json,registry_experiment_unresolved,,0.08621643467221536,results/stage8/probing_deepseek/loo_predictions_variance.json,registry_experiment_unresolved,,,,,not_applicable,0.75,results/stage8/analysis_deepseek/deepseek_per_family.csv,registry_experiment_unresolved,,,,,not_applicable,results/stage9/baselines/cot_text/surface_tfidf_continuous.json,not_applicable,results/stage9/baselines/answer_rationale/surface_tfidf_continuous.json,not_applicable
deepseek_reasoning,TH_B_UM_009,thermodynamics,nongoverning_distractor,original,-0.5625,results/stage8/analysis_deepseek/deepseek_per_family.csv,registry_experiment_unresolved,,,,,not_applicable,1.0,results/stage8/analysis_deepseek/deepseek_per_family.csv,registry_experiment_unresolved,,,,,not_applicable,,,,not_applicable,0.0,results/stage8/analysis_deepseek/deepseek_per_family.csv,registry_experiment_unresolved,,,,,not_measured,44,results/stage8/probing_deepseek/loo_predictions_variance.json,registry_experiment_unresolved,,0.2705581583750077,results/stage8/probing_deepseek/loo_predictions_variance.json,registry_experiment_unresolved,,,,,not_applicable,0.75,results/stage8/analysis_deepseek/deepseek_per_family.csv,registry_experiment_unresolved,,,,,not_applicable,results/stage9/baselines/cot_text/surface_tfidf_continuous.json,not_applicable,results/stage9/baselines/answer_rationale/surface_tfidf_continuous.json,not_applicable
deepseek_reasoning,TH_B_UM_010,thermodynamics,nongoverning_distractor,original,-0.625,results/stage8/analysis_deepseek/deepseek_per_family.csv,registry_experiment_unresolved,,,,,not_applicable,1.0,results/stage8/analysis_deepseek/deepseek_per_family.csv,registry_experiment_unresolved,,,,,not_applicable,,,,not_applicable,,,,not_measured,,,,not_measured,44,results/stage8/probing_deepseek/loo_predictions_variance.json,registry_experiment_unresolved,,0.31876778593803345,results/stage8/probing_deepseek/loo_predictions_variance.json,registry_experiment_unresolved,,,,,not_applicable,0.25,results/stage8/analysis_deepseek/deepseek_per_family.csv,registry_experiment_unresolved,,,,,not_applicable,results/stage9/baselines/cot_text/surface_tfidf_continuous.json,not_applicable,results/stage9/baselines/answer_rationale/surface_tfidf_continuous.json,not_applicable
deepseek_reasoning,TH_B_UM_011,thermodynamics,nongoverning_distractor,expansion,,,,not_measured,,,,not_applicable,,,,not_measured,,,,not_applicable,,,,not_applicable,,,,not_measured,,,,not_measured,,,,not_measured,,,,not_measured,,,,not_applicable,,,,not_measured,,,,not_applicable,results/stage9/baselines/cot_text/surface_tfidf_continuous.json,not_applicable,results/stage9/baselines/answer_rationale/surface_tfidf_continuous.json,not_applicable
deepseek_reasoning,TH_B_UM_012,thermodynamics,nongoverning_distractor,expansion,,,,not_measured,,,,not_applicable,,,,not_measured,,,,not_applicable,,,,not_applicable,,,,not_measured,,,,not_measured,,,,not_measured,,,,not_measured,,,,not_applicable,,,,not_measured,,,,not_applicable,results/stage9/baselines/cot_text/surface_tfidf_continuous.json,not_applicable,results/stage9/baselines/answer_rationale/surface_tfidf_continuous.json,not_applicable
