path,exists,size_bytes,sha256,artifact_class,stage,authority_status
results/.DS_Store,True,10244,1458e76e19a720824d269754ea72dcf2a7069409dc88afac0ddc60140b6514ca,derived_or_unknown,unknown,unresolved_pending_registry_link
results/appendix/formula_leakage/analysis/per_family_summary.csv,True,596,190827de811d3001521f44a41ee27d500062b9a96c9e3028ec768e6d82391289,summary,unknown,unresolved_pending_registry_link
results/appendix/formula_leakage/analysis/summary.json,True,298,991af8c57eb60814ffa6bb06e0c17271579fa5ab5ee7e78b1174c24765749dba,summary,unknown,unresolved_pending_registry_link
results/appendix/formula_leakage/behavioural/family_summaries.jsonl,True,6693,be1d7c560557b31c93a4e73602dd6f7dd167da56028bf8600f72480c82f2ef1f,raw_or_record,unknown,unresolved_pending_registry_link
results/appendix/formula_leakage/behavioural/llama_primary_formula_stub.jsonl,True,11270,37b9d200cb104018bcb5c738bf28196e0fcdc53ed884ec1a722e4f91e087e2b5,raw_or_record,unknown,unresolved_pending_registry_link
results/appendix/formula_leakage/behavioural/prompt_records.jsonl,True,27117,8408460f3b957b35827c0c6507c8fbbddf26f0083e55e59ab4277e35b6453038,raw_or_record,unknown,unresolved_pending_registry_link
results/appendix/formula_leakage/behavioural/qwen_primary_20260620T063936Z.jsonl,True,11270,37b9d200cb104018bcb5c738bf28196e0fcdc53ed884ec1a722e4f91e087e2b5,raw_or_record,unknown,unresolved_pending_registry_link
results/appendix/formula_leakage/behavioural/qwen_primary_20260620T074602Z.jsonl,True,11270,37b9d200cb104018bcb5c738bf28196e0fcdc53ed884ec1a722e4f91e087e2b5,raw_or_record,unknown,unresolved_pending_registry_link
results/appendix/formula_leakage/behavioural/qwen_primary_20260620T084819Z.jsonl,True,11270,37b9d200cb104018bcb5c738bf28196e0fcdc53ed884ec1a722e4f91e087e2b5,raw_or_record,unknown,unresolved_pending_registry_link
results/appendix/formula_leakage/behavioural/run_behavioural_events.jsonl,True,26736,fa857893d0bd16ce826331de531f33d6286289f3bd7a2961b8978a4d5c89b94b,run_log,unknown,unresolved_pending_registry_link
results/appendix/formula_leakage/formula_leakage_analysis_summary.json,True,1373,6eb17c51df35c6d55b096850b396da979d94188934f5f19ec484ae3711afa066,summary,unknown,unresolved_pending_registry_link
results/appendix/formula_leakage/formula_leakage_prompt_pairs.json,True,4736,141a5c636a5bcc2655ba438b40fd25e7dafa4495c6cb32260c0bd12557552d40,derived_or_unknown,unknown,unresolved_pending_registry_link
results/appendix/formula_leakage/formula_leakage_summary.json,True,1373,6eb17c51df35c6d55b096850b396da979d94188934f5f19ec484ae3711afa066,summary,unknown,unresolved_pending_registry_link
results/appendix/formula_leakage/generated_families/CM_A_STD_009_FORMULA.json,True,1038,abba27da27e17dae6491fe7b733f9e84fa1df45bf6e9c32792af0f95481442cc,derived_or_unknown,unknown,unresolved_pending_registry_link
results/appendix/formula_leakage/generated_families/CM_B_010_FORMULA.json,True,1264,191e840109d7800e539fd71b7bde936a98058e0b71abad59095f82fe4708da8e,derived_or_unknown,unknown,unresolved_pending_registry_link
results/appendix/formula_leakage/generated_families/CM_B_UM_028_FORMULA.json,True,1229,5560bd9dd148eee7b5ca7684697622519d65b56591b095996ebf3c84772a6585,derived_or_unknown,unknown,unresolved_pending_registry_link
results/appendix/formula_leakage/generated_families/TH_B_UM_001_FORMULA.json,True,1165,c5a380b41df05596c475dc0f4610945fbaeb4e83dcd77410182df7b050ba1882,derived_or_unknown,unknown,unresolved_pending_registry_link
results/appendix/formula_leakage/generated_families/TH_B_UM_003_FORMULA.json,True,1137,c9f8be22f5b0a43bb45bb83e62416ed02213184d897463aeb0337ccdfa654cce,derived_or_unknown,unknown,unresolved_pending_registry_link
results/appendix/formula_leakage/generated_families_manifest.json,True,914,22513beab5d95530ca3583858d94f5dca703e9b9cca995a6eaa3398ba26fe773,derived_or_unknown,unknown,unresolved_pending_registry_link
results/behavioural/.gitkeep,True,1,01ba4719c80b6fe911b091a7c05124b64eeece964e09c058ef8f9805daca546b,derived_or_unknown,unknown,unresolved_pending_registry_link
results/behavioural/dry_run_qwen/family_summaries.jsonl,True,11090,ec67745ce095c0a6d08c5ffe721a26c5182d45997ab4f8905ab1ca3c5c1391bd,raw_or_record,unknown,unresolved_pending_registry_link
results/behavioural/dry_run_qwen/prompt_records.jsonl,True,55906,6988a3d525cd5f8537250811af80f6816dba66cbd884a862624f0b82a4903a86,raw_or_record,unknown,unresolved_pending_registry_link
results/behavioural/dry_run_qwen/run_behavioural_events.jsonl,True,64647,12ddd78ca09ed5285149a2953654adcbb278c9a4fd28708ca1aa039bce737196,run_log,unknown,unresolved_pending_registry_link
results/causal/.gitkeep,True,1,01ba4719c80b6fe911b091a7c05124b64eeece964e09c058ef8f9805daca546b,derived_or_unknown,unknown,unresolved_pending_registry_link
results/probing/.gitkeep,True,1,01ba4719c80b6fe911b091a7c05124b64eeece964e09c058ef8f9805daca546b,derived_or_unknown,unknown,unresolved_pending_registry_link
results/stage10/answer_bias/answer_bias_results.csv,True,1075,8e4d11dcc0f2a14785994c094438f6b762cbb53f0f2e760b266e6c41e245410a,derived_or_unknown,stage10,unresolved_pending_registry_link
results/stage10/answer_bias/answer_bias_summary.json,True,1473,02a6d5c49cfb5877a7fbc20e72818f16c2a0d3db32de10a3af6b590f3d889031,summary,stage10,unresolved_pending_registry_link
results/stage10/answer_bias/run_causal_patching_events.jsonl,True,1409,eed01d829e75b3f327859097ea316afb1c0e7c1ea256719e3975e2cd927f4c82,run_log,stage10,unresolved_pending_registry_link
results/stage10/attention_llama/family_head_contributions.json,True,56325,4327956543eed3245cbee0695c6a7f78b4e56f0a225bf92bf09efdbc7d575e69,derived_or_unknown,stage10,unresolved_pending_registry_link
results/stage10/attention_llama/head_sensitivity_heatmap.png,True,95999,a4da1f24dbfff5db5a8949fb86b33b27730f73fc9bce1798b318023035b3da55,figure,stage10,unresolved_pending_registry_link
results/stage10/attention_llama/head_sensitivity_scores.json,True,5351,cb23ce8a9ec87755d411c9db0c4c02a4f54da6c41f60d31e0209505605eac20c,derived_or_unknown,stage10,unresolved_pending_registry_link
results/stage10/attention_llama/probe_weights_layer20.npy,True,16512,8777399118f73fb89caca70dcee0b3d3badd12246db9a706b43a021b1aae3133,derived_or_unknown,stage10,unresolved_pending_registry_link
results/stage10/attention_llama/run_attention_analysis_events.jsonl,True,292,092c024b7438a7c5da21731b77a925ae00a10dbbc58b5e30b576123c20d87c93,run_log,stage10,unresolved_pending_registry_link
results/stage10/attention_patterns/attention_pattern_per_family.json,True,25004,22204bd541f55df7b32371f0115a3e4792489ee8a842b0cd7c98ef0bef300865,derived_or_unknown,stage10,unresolved_pending_registry_link
results/stage10/attention_patterns/attention_pattern_summary.json,True,1575,16926675f025ed75270b0567139c690b962a8cf17b6dcf821b4e524c000c49b0,summary,stage10,unresolved_pending_registry_link
results/stage10/attention_patterns/run_causal_patching_events.jsonl,True,330,db52302ab3ab80080392c1eed829e2303f24011d39075ef96f5c2c2410bd79dc,run_log,stage10,unresolved_pending_registry_link
results/stage10/baselines/token_entropy/run_token_entropy_baseline_events.jsonl,True,1110,0de49f850101868835c0e8e0485d2e3abfb9329045d7ffcebd255193a695a1c1,run_log,stage10,unresolved_pending_registry_link
results/stage10/baselines/token_entropy/token_entropy_per_family.json,True,51988,03cb886f654126e148fcc6cda80cad072547b7454300bf77d4135358c6ab0c23,derived_or_unknown,stage10,unresolved_pending_registry_link
results/stage10/baselines/token_entropy/token_entropy_summary.json,True,368,84283c8bfe605b90836f2f9d1c592bbf3ca50e12a512c9ddeb763f697701af37,summary,stage10,unresolved_pending_registry_link
results/stage10/benchmark_expansion/expansion_summary.json,True,524,5121131b433ae2c9cd4656fec47ad9dc5fd25719a7883e613afabb13e1b0f793,summary,stage10,unresolved_pending_registry_link
results/stage10/benchmark_expansion/render_all_templates_events.jsonl,True,5835,e1a275b6cc062424a226908ef89e6a26f374efaf62cab3ffccdc961134865e7c,run_log,stage10,unresolved_pending_registry_link
results/stage10/benchmark_expansion/render_frame_rendering_electrostatics.json,True,136,6e1f3711c4ebffcdfcb20ab136c78d1ebb4a5b4346ea92731e21375ead755a9d,derived_or_unknown,stage10,unresolved_pending_registry_link
results/stage10/benchmark_expansion/render_frame_rendering_mechanics.json,True,136,5ebaad6a22d06e5dd58d36e0b7a5eaaeef4e112aaccb614b95f6e94e65cf0b8e,derived_or_unknown,stage10,unresolved_pending_registry_link
results/stage10/benchmark_expansion/render_frame_rendering_thermodynamics.json,True,136,5ebaad6a22d06e5dd58d36e0b7a5eaaeef4e112aaccb614b95f6e94e65cf0b8e,derived_or_unknown,stage10,unresolved_pending_registry_link
results/stage10/benchmark_expansion/render_nongoverning_mechanics.json,True,136,22bc59396410417cdf86f4fdfdbd21a703c7d40ee8301134edce7161ea462a14,derived_or_unknown,stage10,unresolved_pending_registry_link
results/stage10/benchmark_expansion/render_nongoverning_thermodynamics.json,True,136,5ebaad6a22d06e5dd58d36e0b7a5eaaeef4e112aaccb614b95f6e94e65cf0b8e,derived_or_unknown,stage10,unresolved_pending_registry_link
results/stage10/benchmark_expansion/rendered/frame_rendering/electrostatics_circuits/CM_C_006.json,True,1237,bd46078b12c911dcd1cee63b325df886e2342615d1227b5d60bb115a147622cf,derived_or_unknown,stage10,unresolved_pending_registry_link
results/stage10/benchmark_expansion/rendered/frame_rendering/electrostatics_circuits/CM_C_008.json,True,1252,694a0d786bc6bc99cb7838cbedaf45f58dfddac4b3bc7cc70252ef7598ef67d6,derived_or_unknown,stage10,unresolved_pending_registry_link
results/stage10/benchmark_expansion/rendered/frame_rendering/electrostatics_circuits/CM_C_009.json,True,1126,fcf355c40ecf75dbf928c7cf31b521fa7ddc322424f6052faed4e677897e83c7,derived_or_unknown,stage10,unresolved_pending_registry_link
results/stage10/benchmark_expansion/rendered/frame_rendering/electrostatics_circuits/CM_C_010.json,True,1196,8af83c2e1d6a86b4c49cf77409c6b736e11898ca5202a835518eadbf2382f073,derived_or_unknown,stage10,unresolved_pending_registry_link
results/stage10/benchmark_expansion/rendered/frame_rendering/electrostatics_circuits/CM_C_011.json,True,1252,d246f92cd6ab4b1fac2519dacee97f02b514d78f223c9ae7d962ad1f761fd58f,derived_or_unknown,stage10,unresolved_pending_registry_link
results/stage10/benchmark_expansion/rendered/frame_rendering/electrostatics_circuits/CM_C_014.json,True,1375,a1e87d82545c4ebfaad4a25a581f6810482625cdbcd98bdea055a66100d60786,derived_or_unknown,stage10,unresolved_pending_registry_link
results/stage10/benchmark_expansion/rendered/frame_rendering/mechanics/CM_C_012.json,True,1295,1650383fabbcaaaec4c74e7ae15a005b1298724201a372a8a78970f6e9dfc172,derived_or_unknown,stage10,unresolved_pending_registry_link
results/stage10/benchmark_expansion/rendered/frame_rendering/mechanics/CM_C_013.json,True,1397,16aee6fdba552944b448a79cb8f4ff59cfd152949282085a8e117a5296f85932,derived_or_unknown,stage10,unresolved_pending_registry_link
results/stage10/benchmark_expansion/rendered/frame_rendering/thermodynamics/CM_C_007.json,True,1395,63382396f6c58023c84f899dbf2e9a0d938f077535fc08eba494008fd9a2e690,derived_or_unknown,stage10,unresolved_pending_registry_link
results/stage10/benchmark_expansion/rendered/frame_rendering/thermodynamics/CM_C_015.json,True,1261,6ce098d5922e17dfdebb0b28e2f09ccc670784381566f0b446a5a59657412cf9,derived_or_unknown,stage10,unresolved_pending_registry_link
results/stage10/benchmark_expansion/rendered/nongoverning_distractor/mechanics/CM_B_UM_061.json,True,1868,4111a906dc4b958d6b05f577d9a51524ae43b2648798dc6024de8518ce669da6,derived_or_unknown,stage10,unresolved_pending_registry_link
results/stage10/benchmark_expansion/rendered/nongoverning_distractor/mechanics/CM_B_UM_062.json,True,1734,a443d1973ef11835ca7091200379c01b0cb97d44d7dc5d3d9589b8968e4cc265,derived_or_unknown,stage10,unresolved_pending_registry_link
results/stage10/benchmark_expansion/rendered/nongoverning_distractor/mechanics/CM_B_UM_063.json,True,1726,94abdcc1c4fe2dd9d309419a1e458e184d15660033d84ed098b06ea00a9b87f9,derived_or_unknown,stage10,unresolved_pending_registry_link
results/stage10/benchmark_expansion/rendered/nongoverning_distractor/thermodynamics/TH_B_UM_011.json,True,1644,877af6b263fc7c284a7912af4f099af862025bc9b217ac0c96c70bc46e3ab504,derived_or_unknown,stage10,unresolved_pending_registry_link
results/stage10/benchmark_expansion/rendered/nongoverning_distractor/thermodynamics/TH_B_UM_012.json,True,1599,b387e6759c130037d03b5bef1bf2e844c227241fa841967cdb923859e5dd8713,derived_or_unknown,stage10,unresolved_pending_registry_link
results/stage10/benchmark_expansion/verification/CM_B_UM_061.json,True,696,7625be4d458a5cb717f5ab3bd11a394c3a676f36196716b6eb806a238dd6085c,derived_or_unknown,stage10,unresolved_pending_registry_link
results/stage10/benchmark_expansion/verification/CM_B_UM_062.json,True,681,021026ce945e4cda685ca45bd31df0f8803df1b2c2233687bcda19e432aa4e01,derived_or_unknown,stage10,unresolved_pending_registry_link
results/stage10/benchmark_expansion/verification/CM_B_UM_063.json,True,694,9e1ff4dc6c2412ada04f5a2e06456b4ce8141a2d311fb3f518b7777bb16bcd20,derived_or_unknown,stage10,unresolved_pending_registry_link
results/stage10/benchmark_expansion/verification/CM_C_006.json,True,650,41ba7ab75a8b47270b97cc3f6900a29185affcb248f4705ca3c4e47863f0e439,derived_or_unknown,stage10,unresolved_pending_registry_link
results/stage10/benchmark_expansion/verification/CM_C_007.json,True,670,c30f95ed1efd3c08badce6c76c12589b4d743b6294fdbf584f8298a51d0e5d6c,derived_or_unknown,stage10,unresolved_pending_registry_link
results/stage10/benchmark_expansion/verification/CM_C_008.json,True,657,dca59fdb97feaab717ee80ffa420a3e8e28ccad757948f955ad992d2ba2e4a57,derived_or_unknown,stage10,unresolved_pending_registry_link
results/stage10/benchmark_expansion/verification/CM_C_009.json,True,655,a2e535f3d8b519ce39ddae9d9010978c6676133c79ff01951b3f3076cfc379ad,derived_or_unknown,stage10,unresolved_pending_registry_link
results/stage10/benchmark_expansion/verification/CM_C_010.json,True,658,63637669777a9c9971c3f9b6e0c66ca65bfffbcdc57a278ff37335828402e5ad,derived_or_unknown,stage10,unresolved_pending_registry_link
results/stage10/benchmark_expansion/verification/CM_C_011.json,True,659,c8e7feea00a0cd896a6a57eb273a8b033d2a0cca1caaffe99c3c6883adfa9793,derived_or_unknown,stage10,unresolved_pending_registry_link
results/stage10/benchmark_expansion/verification/CM_C_012.json,True,660,f556611751db925e20ed01a2dfaa79c0553b8ffbdb939419771ba0bc72fc75b1,derived_or_unknown,stage10,unresolved_pending_registry_link
results/stage10/benchmark_expansion/verification/CM_C_013.json,True,672,0b646d857fba84cf27b6e3a6785fdb78d94b207fb27742fccf62337569d27e92,derived_or_unknown,stage10,unresolved_pending_registry_link
results/stage10/benchmark_expansion/verification/CM_C_014.json,True,660,e9ed126e3c2d34a606aeb1df6f6ee019247c10e0ce65dcb12ad1ff4dd6a06f2e,derived_or_unknown,stage10,unresolved_pending_registry_link
results/stage10/benchmark_expansion/verification/CM_C_015.json,True,675,95f8a34ccc3019c2a9c5e8eb7aa1571bca3052f1a95b636a9c51e6a49b4e8dff,derived_or_unknown,stage10,unresolved_pending_registry_link
results/stage10/benchmark_expansion/verification/TH_B_UM_011.json,True,693,b03afb958330e31e59c70d03c0d1350385bad7119884da30bee890410d9e9134,derived_or_unknown,stage10,unresolved_pending_registry_link
results/stage10/benchmark_expansion/verification/TH_B_UM_012.json,True,689,bb149b024de66f360a76c01e470257e0aab68b5ce8635b706b75acd80669c53a,derived_or_unknown,stage10,unresolved_pending_registry_link
results/stage10/cot_distractor_mention/cot_mention_summary.json,True,18010,42549a49c5a7f2c190bc0043997bba79f0d2e87b90b63ff4521a4f84b7aceb22,summary,stage10,unresolved_pending_registry_link
results/stage10/cross_family_sufficiency/cross_family_sufficiency_results.csv,True,5601,4c5226d14decd59f09040356c3ff351935a0642ca023af2651a2085515163763,derived_or_unknown,stage10,unresolved_pending_registry_link
results/stage10/cross_family_sufficiency/cross_family_sufficiency_summary.json,True,136,2441f0b4ab875634c7ffa3584417c1442d536323d7086bf280769046b2df4031,summary,stage10,unresolved_pending_registry_link
results/stage10/cross_family_sufficiency/run_causal_patching_events.jsonl,True,397,d4943aac6078b59119fcb427be2b99b6eecbc7c6f983325279167777b5cbfe10,run_log,stage10,unresolved_pending_registry_link
results/stage10/cue_a_coincidence/coincidence_analysis.json,True,5802,847e74069ad466742d7e1e43c7ff26e2e45dccc1bdd4363b1b6e8e32bc5e12f3,derived_or_unknown,stage10,unresolved_pending_registry_link
results/stage10/cue_b_only_probe/layer_auroc_curve_resid_post_last_prompt.png,True,71881,5a137e981b55bee5858177c81717982ddf69ebd5e9be814b7cc5395b642761a2,summary,stage10,unresolved_pending_registry_link
results/stage10/cue_b_only_probe/layer_auroc_resid_post_last_prompt.json,True,3641,0bc71cf104148996c6f44c66552eba7ef67d41920dd7584aaa28b97fc34a2a29,summary,stage10,unresolved_pending_registry_link
results/stage10/cue_b_only_probe/layer_pearson_resid_post_last_prompt.json,True,2801,84137cbbb209ebff8eee38e172a472a04e72928ca92b3f4c424462495bbefad0,derived_or_unknown,stage10,unresolved_pending_registry_link
results/stage10/cue_b_only_probe/loo_predictions_resid_post_last_prompt.json,True,14236,9be114051cb94eedade77394f5d10f7d8574b809bac0a9841333a3923d5d47c4,derived_or_unknown,stage10,unresolved_pending_registry_link
results/stage10/cue_b_only_probe/run_probing_events.jsonl,True,414,1dfcadd2a0c9239196d5c88cd1c4c7fcf292bb69e0901853c6edf4ba9339bac1,run_log,stage10,unresolved_pending_registry_link
results/stage10/cue_b_only_probe/summary_resid_post_last_prompt.json,True,916,c25466ce16fc23e66f98ad53a990398a5cde55e71b33ee655deff7baf89f6b18,summary,stage10,unresolved_pending_registry_link
results/stage10/deepseek_attention/layer_42/family_head_contributions.json,True,140635,d8711ca3adf9c5042fb79c318b87c56d8ead8aa9ba25ee8f927e5bf2f5ce4130,derived_or_unknown,stage10,unresolved_pending_registry_link
results/stage10/deepseek_attention/layer_42/head_sensitivity_heatmap.png,True,140736,bbad5d072a89966e9476964ff558fb762259329107792527c78b123174603b32,figure,stage10,unresolved_pending_registry_link
results/stage10/deepseek_attention/layer_42/head_sensitivity_scores.json,True,6647,ffb6270c51610f47b49f4280e0184a43d869a72b9727a689b171dd548cf9bfd0,derived_or_unknown,stage10,unresolved_pending_registry_link
results/stage10/deepseek_attention/layer_42/probe_weights_layer42.npy,True,20608,7434389379121bfedb8f9d077343c664e6ff4448c69ba46db419e017b011aee5,derived_or_unknown,stage10,unresolved_pending_registry_link
results/stage10/deepseek_attention/layer_42/run_attention_analysis_events.jsonl,True,297,f44bfeec3c7c1671cb601912f8b1eca301b288b26bb0f7281eafac5bee36be0c,run_log,stage10,unresolved_pending_registry_link
results/stage10/deepseek_attention/layer_43/family_head_contributions.json,True,140442,a25a32509c4505b392deba7f0af42700c38488ff84df19a71ac45e0bd7b81a64,derived_or_unknown,stage10,unresolved_pending_registry_link
results/stage10/deepseek_attention/layer_43/head_sensitivity_heatmap.png,True,136225,1a2897bcc30e326dd4e058ae61c521115e3b6d2df06da59529e8c1a76d8a4d08,figure,stage10,unresolved_pending_registry_link
results/stage10/deepseek_attention/layer_43/head_sensitivity_scores.json,True,6626,ea5b8a1af4578e85dce8bce3771c3401f751aff069e88bfaf0b5738b31d2e150,derived_or_unknown,stage10,unresolved_pending_registry_link
results/stage10/deepseek_attention/layer_43/probe_weights_layer43.npy,True,20608,e16b5ec66ccae021fc01fb077f7b8db13d7a98e697c92caca9a21730121f6ab7,derived_or_unknown,stage10,unresolved_pending_registry_link
results/stage10/deepseek_attention/layer_43/run_attention_analysis_events.jsonl,True,297,9336821f438eb7be5dce630a04cab2419703fccd6f534053b66a28a98428cf79,run_log,stage10,unresolved_pending_registry_link
results/stage10/deepseek_attention/layer_44/family_head_contributions.json,True,140460,6a2f5c525d9f1bad14e523c963937614d472e3f6ecff37648b47c832ea3cd585,derived_or_unknown,stage10,unresolved_pending_registry_link
results/stage10/deepseek_attention/layer_44/head_sensitivity_heatmap.png,True,136422,9074a2d17a16f682f84d9ec37a3ddf07f93e029e21e8a299d690250d9e2649af,figure,stage10,unresolved_pending_registry_link
results/stage10/deepseek_attention/layer_44/head_sensitivity_scores.json,True,6633,b3494740474d74c3c8a0fc924db2b6349965b93d7eec51778bcc80a033365ebf,derived_or_unknown,stage10,unresolved_pending_registry_link
results/stage10/deepseek_attention/layer_44/probe_weights_layer44.npy,True,20608,cec0e33eede00d3214427f64041edbcf615dfb25cbc499f7daea4597d1779497,derived_or_unknown,stage10,unresolved_pending_registry_link
results/stage10/deepseek_attention/layer_44/run_attention_analysis_events.jsonl,True,297,07e9d192a96ce43434c54750fec09847569f5dc2ca2bbf5aa026d542d0bc12e6,run_log,stage10,unresolved_pending_registry_link
results/stage10/deepseek_attention/layer_45/family_head_contributions.json,True,140409,f34930c0fb891e3d02026150336bc8675c3ab64521c29b42dc0d2d0420ba3a21,derived_or_unknown,stage10,unresolved_pending_registry_link
results/stage10/deepseek_attention/layer_45/head_sensitivity_heatmap.png,True,139405,377f52f1b987285ab0cda9b9c2d4f4936c497e8c343ebc2ac5a8082727ad4feb,figure,stage10,unresolved_pending_registry_link
results/stage10/deepseek_attention/layer_45/head_sensitivity_scores.json,True,6620,ef158fca6a43380bfcbfb49e062daa04f1602e840d75fdb4a9aa708d379b66b8,derived_or_unknown,stage10,unresolved_pending_registry_link
results/stage10/deepseek_attention/layer_45/probe_weights_layer45.npy,True,20608,8ae8523da974f7d036a16be50be25749374d887a62499a0ccaba9e7dcb56875d,derived_or_unknown,stage10,unresolved_pending_registry_link
results/stage10/deepseek_attention/layer_45/run_attention_analysis_events.jsonl,True,297,5a99c88a056289849a12139a2a6f59bc2a39b25517a599070058ee83c589d7e5,run_log,stage10,unresolved_pending_registry_link
results/stage10/deepseek_mhk/patching_family_heatmap.png,True,119252,569ede2d9b388408e1990261e4229a47d8910f580c44a4b50409ef789e9e17e8,figure,stage10,unresolved_pending_registry_link
results/stage10/deepseek_mhk/patching_layer_curve.png,True,46880,172b25d71d4de58eeee815f1452d9560ce3bda336d1d709844e6995f8854fde8,figure,stage10,unresolved_pending_registry_link
results/stage10/deepseek_mhk/patching_results.csv,True,2226,50158b78ed1b445dab8f8b23f6f21a2a9d6b087ff9789304c16b2b436536c7dd,derived_or_unknown,stage10,unresolved_pending_registry_link
results/stage10/deepseek_mhk/patching_summary.json,True,1326,280fc83ed9fe7e36678983140a3a9dc28dcc598970c70e7c54057146c91ca942,summary,stage10,unresolved_pending_registry_link
results/stage10/deepseek_mhk/run_causal_patching_events.jsonl,True,8671,2357b8d6ef6affdd0634c7accf51737343e4ef0450976173573bc365f58872f6,run_log,stage10,unresolved_pending_registry_link
results/stage10/direct_logit_attribution/direct_logit_attribution_per_head.json,True,396332,cd4163de7eceff3ce7d61630dbfc5592a9bfa0fe04b9e65553a068d01eb66f5e,derived_or_unknown,stage10,unresolved_pending_registry_link
results/stage10/direct_logit_attribution/direct_logit_attribution_summary.json,True,10093,7a016d6ef592c26b26400b7703e1eadcb6c79c539d4e7cb8e2b30be32b8142e0,summary,stage10,unresolved_pending_registry_link
results/stage10/direct_logit_attribution/run_causal_patching_events.jsonl,True,350,6ee17ce6dab1824e28a60c52c9458de255b7740a4a2cf94c1bf134506154682a,run_log,stage10,unresolved_pending_registry_link
results/stage10/distractor_proximity/proximity_vs_slp.json,True,23828,d3beaedfd4ad0d224b451e7efa05f714c693565d031f7e9fa599da916722f6ed,derived_or_unknown,stage10,unresolved_pending_registry_link
results/stage10/domain_transfer_probe/layer_auroc_curve_resid_post_last_prompt.png,True,75442,fe72f511b04a9440dadd523a70a81990c6a245b7a1f3e8f06febd2674856e298,summary,stage10,unresolved_pending_registry_link
results/stage10/domain_transfer_probe/layer_auroc_resid_post_last_prompt.json,True,3642,72248f70b2a775cefeb30872a2baad89f6de77818fa1071342c80a4a208569bc,summary,stage10,unresolved_pending_registry_link
results/stage10/domain_transfer_probe/layer_pearson_resid_post_last_prompt.json,True,2790,465f407a1806ce99119afe692271d216b3a1629af3da53b7ad618b8add4440d7,derived_or_unknown,stage10,unresolved_pending_registry_link
results/stage10/domain_transfer_probe/loo_predictions_resid_post_last_prompt.json,True,25310,1004737b6328b6d3258f113c5d67bd6a62711822833571c6803fa66dc2d6c240,derived_or_unknown,stage10,unresolved_pending_registry_link
results/stage10/domain_transfer_probe/run_probing_events.jsonl,True,414,19f1af9fd916ab072e325bee234d536aee0ae6e44251ea6f33eaea0a730d24c1,run_log,stage10,unresolved_pending_registry_link
results/stage10/domain_transfer_probe/summary_resid_post_last_prompt.json,True,1628,0ea775a87dbb6bce08c95fac74b3ded10cbcf9f1a1aac3ddd5a00984b32c39c6,summary,stage10,unresolved_pending_registry_link
results/stage10/full_head_sweep_l16/head_0/patching_family_heatmap.png,True,119072,901856937912dfcd966eb30c710b4b509a95f338e8831af11d30fc22b624d6fe,figure,stage10,unresolved_pending_registry_link
results/stage10/full_head_sweep_l16/head_0/patching_layer_curve.png,True,49385,5f6378c760384e5c4c6066c14961d030d3755bed899d16cdcb2155c5e6ecd757,figure,stage10,unresolved_pending_registry_link
results/stage10/full_head_sweep_l16/head_0/patching_results.csv,True,2087,fd5d5318c064f59009b76da3d2dd41eca8bf9313f6961c11bd7683e48dc0706b,derived_or_unknown,stage10,unresolved_pending_registry_link
results/stage10/full_head_sweep_l16/head_0/patching_summary.json,True,1278,545e3f9c1cc38e85eafa8813fe2f075b8d0e793a0e220e42666b5675d8546386,summary,stage10,unresolved_pending_registry_link
results/stage10/full_head_sweep_l16/head_0/run_causal_patching_events.jsonl,True,8237,3deb3255a1d68c49095745c95b0f9e1cf166290ec801e1f01df5f49e27696a04,run_log,stage10,unresolved_pending_registry_link
results/stage10/full_head_sweep_l16/head_1/patching_family_heatmap.png,True,119323,7b5665d0414b556c101ee8bcfa59194604d805d3cc31d9ed5256792852982000,figure,stage10,unresolved_pending_registry_link
results/stage10/full_head_sweep_l16/head_1/patching_layer_curve.png,True,52692,6537a39b73e450e98b9a0f9a43791041829c74117bfe09954f9d964ff43fc088,figure,stage10,unresolved_pending_registry_link
results/stage10/full_head_sweep_l16/head_1/patching_results.csv,True,2096,e7da77308a914dcc0ba215f2c99bfe55a8bf081f93027299dc52b55f5fa9c5a1,derived_or_unknown,stage10,unresolved_pending_registry_link
results/stage10/full_head_sweep_l16/head_1/patching_summary.json,True,1183,25a0d7d501836cc5d85db2f6e5ceb62285df5c8ab0b45b0c2d68d481c021c82a,summary,stage10,unresolved_pending_registry_link
results/stage10/full_head_sweep_l16/head_1/run_causal_patching_events.jsonl,True,8237,4cd02cf4144af28ac14c54b991b1cca9c9564cbac47dfa66cbc3b048c4a1db82,run_log,stage10,unresolved_pending_registry_link
results/stage10/full_head_sweep_l16/head_10/patching_family_heatmap.png,True,119413,6bf7167c76a964308ccd8d1f18042f19d876fb9314833182256b780cd639cda5,figure,stage10,unresolved_pending_registry_link
results/stage10/full_head_sweep_l16/head_10/patching_layer_curve.png,True,49796,0935bb86f10bd77dd6892c3216c86f5ed998e092bc05424f52af495a2554495f,figure,stage10,unresolved_pending_registry_link
results/stage10/full_head_sweep_l16/head_10/patching_results.csv,True,2113,0d49cab9c980ee7c40c175c60ca466b35c39e39a74e2dafb2ff95f841e2db8e6,derived_or_unknown,stage10,unresolved_pending_registry_link
results/stage10/full_head_sweep_l16/head_10/patching_summary.json,True,1150,90036b1bd70e2c732d4de7f2a2ffd502fc54d3ebfe12bbc0088f4286ec9df4f9,summary,stage10,unresolved_pending_registry_link
results/stage10/full_head_sweep_l16/head_10/run_causal_patching_events.jsonl,True,8240,91fe211f66927477a7e1cf4b268981fb9d3fef89b3bd0b9ce47ca6d75c8ba3a1,run_log,stage10,unresolved_pending_registry_link
results/stage10/full_head_sweep_l16/head_11/patching_family_heatmap.png,True,119071,4cb47bf2731f1fa6c1798e5253d388137b794c7c4b9d066c0d0d8bb3b4b53e66,figure,stage10,unresolved_pending_registry_link
results/stage10/full_head_sweep_l16/head_11/patching_layer_curve.png,True,50661,4b4d3c5bf0adea02cc12fbdff6d97757ce44fa3b5c21f974a6e81abc1929a6e4,figure,stage10,unresolved_pending_registry_link
results/stage10/full_head_sweep_l16/head_11/patching_results.csv,True,2101,120e3161c77dc7c7ff2d72a547e0f00f74016f5dbf86880a9edee36aa095b7c5,derived_or_unknown,stage10,unresolved_pending_registry_link
results/stage10/full_head_sweep_l16/head_11/patching_summary.json,True,1311,71efe599e17fbceb2a0484d133f6eb983a8b6c5147bf61fee65104060c92375a,summary,stage10,unresolved_pending_registry_link
results/stage10/full_head_sweep_l16/head_11/run_causal_patching_events.jsonl,True,8239,14fd6573a474337a6da80720977a0df17a8c5bda3e11d2356ac7484472fe41e9,run_log,stage10,unresolved_pending_registry_link
results/stage10/full_head_sweep_l16/head_12/patching_family_heatmap.png,True,119301,4eeb54b8c880b0f32787cf375028ad6083e8d23885f4656e673e85fcbde66225,figure,stage10,unresolved_pending_registry_link
results/stage10/full_head_sweep_l16/head_12/patching_layer_curve.png,True,57598,92c2881298118965b9757d9884b29dbaf4627ff8f3eaebb8454528d867d476bf,figure,stage10,unresolved_pending_registry_link
results/stage10/full_head_sweep_l16/head_12/patching_results.csv,True,2148,bc239214a49f28d01b1045da7573c322120ab9a1e08ec3267fcbd5e22db763a4,derived_or_unknown,stage10,unresolved_pending_registry_link
results/stage10/full_head_sweep_l16/head_12/patching_summary.json,True,1281,14151508c6ed6f79f79e05df9f62a57c8e9c0aa853f636c763ea45ff7343eda6,summary,stage10,unresolved_pending_registry_link
results/stage10/full_head_sweep_l16/head_12/run_causal_patching_events.jsonl,True,8241,9a25445835e41cd8307f98bb97f707ca721797beebcc4c848fe0e83e3397eedd,run_log,stage10,unresolved_pending_registry_link
results/stage10/full_head_sweep_l16/head_13/patching_family_heatmap.png,True,119427,754472e225f64287bd75c163e470817bf5302745ba11a4ca12a262c5a5b53b4b,figure,stage10,unresolved_pending_registry_link
results/stage10/full_head_sweep_l16/head_13/patching_layer_curve.png,True,49125,def3f61bafb35121a85c97e585ff35983e50f6c5cbccf47245ca15fcab7e446a,figure,stage10,unresolved_pending_registry_link
results/stage10/full_head_sweep_l16/head_13/patching_results.csv,True,2138,8cfd2c6bc2493b768602b15b2dd13f163c4f71eb270022f506a55bc42bfd57d3,derived_or_unknown,stage10,unresolved_pending_registry_link
results/stage10/full_head_sweep_l16/head_13/patching_summary.json,True,1066,49bf062cff85000a29099bbbdb19820657a05b40098e29b2116ed73dbdd5a3ff,summary,stage10,unresolved_pending_registry_link
results/stage10/full_head_sweep_l16/head_13/run_causal_patching_events.jsonl,True,8239,f58b3decc517b00fd79a1ff0173171fa6969458ff5c99ea1b7682c376ba393d4,run_log,stage10,unresolved_pending_registry_link
results/stage10/full_head_sweep_l16/head_14/patching_family_heatmap.png,True,119154,f8bef8581e263e229161732dca09c67f55991fa3006f909f505560f9f37aba93,figure,stage10,unresolved_pending_registry_link
results/stage10/full_head_sweep_l16/head_14/patching_layer_curve.png,True,49088,99108ba88eee339c6077e4273e38db5cb4ed23d0857349a57872c226c6aca572,figure,stage10,unresolved_pending_registry_link
results/stage10/full_head_sweep_l16/head_14/patching_results.csv,True,2149,4f52a9a4061cfdc3f66a7c27ffbd0c77e5e636bd54458671f394a8cf3f4b3b49,derived_or_unknown,stage10,unresolved_pending_registry_link
results/stage10/full_head_sweep_l16/head_14/patching_summary.json,True,1246,fe31287205b1b75540c0ab020c8bbfe3e56fe5ceb2d1ceaa00465f6c3b640539,summary,stage10,unresolved_pending_registry_link
results/stage10/full_head_sweep_l16/head_14/run_causal_patching_events.jsonl,True,8241,26b401a0ce3878c6810944c7199e7c1f018984596eaf1a8254872deda486b3ee,run_log,stage10,unresolved_pending_registry_link
results/stage10/full_head_sweep_l16/head_15/patching_family_heatmap.png,True,118973,23d5ca02b4ef4aa79e3ecef5c77f3bf2062e5ee5f171322eba52da2b0ca57bea,figure,stage10,unresolved_pending_registry_link
results/stage10/full_head_sweep_l16/head_15/patching_layer_curve.png,True,55358,e94a5a9f712faee74c95fdc7e5b10565d48bb5a3f50c20b20b38b5fa2fb5f415,figure,stage10,unresolved_pending_registry_link
results/stage10/full_head_sweep_l16/head_15/patching_results.csv,True,2127,2c8063b784b80ce954395968c9c5f34e8bcb9a44a620098945ffe67225864434,derived_or_unknown,stage10,unresolved_pending_registry_link
results/stage10/full_head_sweep_l16/head_15/patching_summary.json,True,1296,fec2f090c42a1ce3e10e9b9f04d0eee2d95d1a71c3daa8246e714427c5d61909,summary,stage10,unresolved_pending_registry_link
results/stage10/full_head_sweep_l16/head_15/run_causal_patching_events.jsonl,True,8240,b16cb4b44982e3c4ae4ec474344882c3583d18574cbcb22be215156d5be6cccb,run_log,stage10,unresolved_pending_registry_link
results/stage10/full_head_sweep_l16/head_16/patching_family_heatmap.png,True,119365,9b3ec7b48229ea42de24a6ffd572ce362822d2d582978d02e35afd22121c6296,figure,stage10,unresolved_pending_registry_link
results/stage10/full_head_sweep_l16/head_16/patching_layer_curve.png,True,49622,baa9b05eff2b70badbca1a7e6a311f00ab5c1dd4791e361b8eb6fa6923fbfba8,figure,stage10,unresolved_pending_registry_link
results/stage10/full_head_sweep_l16/head_16/patching_results.csv,True,2132,995af2910b0b20931fca6aa8a7d07943c9584a7721860b3108099e7c3327da3f,derived_or_unknown,stage10,unresolved_pending_registry_link
results/stage10/full_head_sweep_l16/head_16/patching_summary.json,True,1142,13147b74d3f93b2a10c39026c454a27233866b29625444ba3d7421fd79d09560,summary,stage10,unresolved_pending_registry_link
results/stage10/full_head_sweep_l16/head_16/run_causal_patching_events.jsonl,True,8239,aeb1c331a127331cf42cb855692ee7102457b72600f46898ca77c18ac4f48ce0,run_log,stage10,unresolved_pending_registry_link
results/stage10/full_head_sweep_l16/head_17/patching_family_heatmap.png,True,119333,1995206e4488f94abb179c3a78efef6ceee77b7002bd434aba29684b33260a1d,figure,stage10,unresolved_pending_registry_link
results/stage10/full_head_sweep_l16/head_17/patching_layer_curve.png,True,54143,c580028ee92b7222360306e06521e3aaa2db560cab234730a87a05cf8c580e1c,figure,stage10,unresolved_pending_registry_link
results/stage10/full_head_sweep_l16/head_17/patching_results.csv,True,2138,9e540184fb2f961214ce2eb60ba4046c5abc811bf3a3507d298bb2c774bf7e51,derived_or_unknown,stage10,unresolved_pending_registry_link
results/stage10/full_head_sweep_l16/head_17/patching_summary.json,True,1092,922a0c1233d18533c65ea0f584c15f7c99682899fa3e81bf83de9c8f46133c32,summary,stage10,unresolved_pending_registry_link
results/stage10/full_head_sweep_l16/head_17/run_causal_patching_events.jsonl,True,8240,a45128e99720ce2094c5ab780e4326c1ee003711ca6f778684abe78479f83d3c,run_log,stage10,unresolved_pending_registry_link
results/stage10/full_head_sweep_l16/head_18/patching_family_heatmap.png,True,118944,631531cff8963c01afa1b647d36c51a8d03d66fc504856c69fd8b9a080a5c713,figure,stage10,unresolved_pending_registry_link
results/stage10/full_head_sweep_l16/head_18/patching_layer_curve.png,True,49342,9bf95558277ebcc37ac3966581545bbe82a8e85bad348ce88e39c7f78fddf632,figure,stage10,unresolved_pending_registry_link
results/stage10/full_head_sweep_l16/head_18/patching_results.csv,True,2144,fe0955e01572cf6731d6a0ea9c3c8febc6f8c284aedd513de794b4ab5ab65dca,derived_or_unknown,stage10,unresolved_pending_registry_link
results/stage10/full_head_sweep_l16/head_18/patching_summary.json,True,1312,7a498de6069b89c4e35727c5368f63d5ca8d42e744cf590fde848a4190f200e4,summary,stage10,unresolved_pending_registry_link
results/stage10/full_head_sweep_l16/head_18/run_causal_patching_events.jsonl,True,8239,9e56c85341b6d3c49c7143bac1a001abd9d878d4bcd81ce5fb32de4caa1c790f,run_log,stage10,unresolved_pending_registry_link
results/stage10/full_head_sweep_l16/head_19/patching_family_heatmap.png,True,119317,d12dbbfd82f139dd5a892003809d38bbf538b505327870610d68bad2235beccb,figure,stage10,unresolved_pending_registry_link
results/stage10/full_head_sweep_l16/head_19/patching_layer_curve.png,True,50025,4765983a954973de34ca345977939a719bca46dd5583976186918214c39dd12c,figure,stage10,unresolved_pending_registry_link
results/stage10/full_head_sweep_l16/head_19/patching_results.csv,True,2102,e18793737416c05838af480467e9d2b368f5bc6a63842f4a5a2e86e7b8b0370d,derived_or_unknown,stage10,unresolved_pending_registry_link
results/stage10/full_head_sweep_l16/head_19/patching_summary.json,True,1235,e4d60aeaf504e5593382eafe581124b478768b1694a1b8271941aab5f67d00bf,summary,stage10,unresolved_pending_registry_link
results/stage10/full_head_sweep_l16/head_19/run_causal_patching_events.jsonl,True,8239,b75dba2b891aa484ca831f3ea8714d31b6455a6619c6c8c51664e7cf82adb325,run_log,stage10,unresolved_pending_registry_link
results/stage10/full_head_sweep_l16/head_2/patching_family_heatmap.png,True,119335,ead7f2668be3187d8c2e28b0cacd75b813dacd43d67e8f5bc13ac47ffbe2cd3f,figure,stage10,unresolved_pending_registry_link
results/stage10/full_head_sweep_l16/head_2/patching_layer_curve.png,True,53193,cda76ef8663b2248533c9395081284660f719578530813663fb832e87c44160d,figure,stage10,unresolved_pending_registry_link
results/stage10/full_head_sweep_l16/head_2/patching_results.csv,True,2078,59d21d89df4a4107a4e295cfe291a88666da77982f445c86da6b671dbd023cc9,derived_or_unknown,stage10,unresolved_pending_registry_link
results/stage10/full_head_sweep_l16/head_2/patching_summary.json,True,1060,17a53652169997d8d26a614f70138489d3b5a53136bfccd4ad7d3fb4b1339547,summary,stage10,unresolved_pending_registry_link
results/stage10/full_head_sweep_l16/head_2/run_causal_patching_events.jsonl,True,8235,bcc601eb62b86c9b78cf664c1693dd22f83c6476c1d94ffd43cc03967e49771f,run_log,stage10,unresolved_pending_registry_link
results/stage10/full_head_sweep_l16/head_20/patching_family_heatmap.png,True,119392,96a9efd8b287ca3c13d83a71ca6fabf6169b11b2131ab6a47d1c5963a25d3474,figure,stage10,unresolved_pending_registry_link
results/stage10/full_head_sweep_l16/head_20/patching_layer_curve.png,True,51251,c552cbea186ef7c53dcabecb47efac099254cf1f3c34565057146b2f2b9fa7a5,figure,stage10,unresolved_pending_registry_link
results/stage10/full_head_sweep_l16/head_20/patching_results.csv,True,2120,043af2c08a6da038cfed553bb478a59029cdf6addba7395b070a59aa4164e6c9,derived_or_unknown,stage10,unresolved_pending_registry_link
results/stage10/full_head_sweep_l16/head_20/patching_summary.json,True,1144,bb981e1ef36c17007f00a8c2913e65775e53001ba4c85f0b816c44517907d089,summary,stage10,unresolved_pending_registry_link
results/stage10/full_head_sweep_l16/head_20/run_causal_patching_events.jsonl,True,8240,5226c527e533d809db2bf64352e4f9eab12a789e5fe5df6ddc188693677c01b0,run_log,stage10,unresolved_pending_registry_link
results/stage10/full_head_sweep_l16/head_21/patching_family_heatmap.png,True,119320,28da23cb8d48ed28fd0dc66d6750900a1112b6ba0fd0a3701400b8508f5e0bea,figure,stage10,unresolved_pending_registry_link
results/stage10/full_head_sweep_l16/head_21/patching_layer_curve.png,True,58442,9c4bf5875dbdb0f0b108a434ff452745bbbd7cb2ea5f65a35bf7bec78b036682,figure,stage10,unresolved_pending_registry_link
results/stage10/full_head_sweep_l16/head_21/patching_results.csv,True,2130,9c5175bc3e5448e607d63a713596d990c052f3fd51f9a3b532d5a2314c0ab5bd,derived_or_unknown,stage10,unresolved_pending_registry_link
results/stage10/full_head_sweep_l16/head_21/patching_summary.json,True,1258,43aa7150918f686792fd642e72530845c3639aaf4e3fc58e9b8ddb0ae68c48a3,summary,stage10,unresolved_pending_registry_link
results/stage10/full_head_sweep_l16/head_21/run_causal_patching_events.jsonl,True,8240,7f461f988564c6be611573ffdb110b97bd17d5cd99f62ee7c09cecdc84339b4e,run_log,stage10,unresolved_pending_registry_link
results/stage10/full_head_sweep_l16/head_22/patching_family_heatmap.png,True,118944,631531cff8963c01afa1b647d36c51a8d03d66fc504856c69fd8b9a080a5c713,figure,stage10,unresolved_pending_registry_link
results/stage10/full_head_sweep_l16/head_22/patching_layer_curve.png,True,46858,d5b9ab39020fb20de208557fce48dd61f79952cae910b1934633be64300ae475,figure,stage10,unresolved_pending_registry_link
results/stage10/full_head_sweep_l16/head_22/patching_results.csv,True,2150,9488e75b82fefa757f87be8a389cf7a32578ecf69b0ef47bc51e259041899952,derived_or_unknown,stage10,unresolved_pending_registry_link
results/stage10/full_head_sweep_l16/head_22/patching_summary.json,True,1318,72759b1849fe798bd47ca73936ed6d326277180299a1e21b5c5cea40335faaef,summary,stage10,unresolved_pending_registry_link
results/stage10/full_head_sweep_l16/head_22/run_causal_patching_events.jsonl,True,8241,0873fe46f9bcc33b5d97dfe4a7ebba94079d19be015497cb4a543327e79ddc4f,run_log,stage10,unresolved_pending_registry_link
results/stage10/full_head_sweep_l16/head_23/patching_family_heatmap.png,True,119070,83223ea1c82c2ce6c825a0a9e16e9447a99361cc01e12d744b24dd5c4fd3a21a,figure,stage10,unresolved_pending_registry_link
results/stage10/full_head_sweep_l16/head_23/patching_layer_curve.png,True,46364,9d921cea21c75a42c7c7d7358073cd4abfbe3b78d0860ac6eba7de3ebbb3764c,figure,stage10,unresolved_pending_registry_link
results/stage10/full_head_sweep_l16/head_23/patching_results.csv,True,2143,54891880dd5949ea6b05004154aa6572197df616a74069438b17e097c2645809,derived_or_unknown,stage10,unresolved_pending_registry_link
results/stage10/full_head_sweep_l16/head_23/patching_summary.json,True,1297,26c2701e4a853ec47e8c20dcbb6e4541bd6dce52d3a89f9776f092be717262ad,summary,stage10,unresolved_pending_registry_link
results/stage10/full_head_sweep_l16/head_23/run_causal_patching_events.jsonl,True,8240,0db29560aeea8956eed4cdedff9345b7683ce9ffc2979501b043d3b6dcac132e,run_log,stage10,unresolved_pending_registry_link
results/stage10/full_head_sweep_l16/head_24/patching_family_heatmap.png,True,118982,c1a646b9784f04ace5ba47da3806cce6bc51bb96a0e433db3956820f6c46df17,figure,stage10,unresolved_pending_registry_link
results/stage10/full_head_sweep_l16/head_24/patching_layer_curve.png,True,48673,c5258ad494503cc65482cd45beb8df80e91cffc26d8b4e6544e6fa7ba1b5091f,figure,stage10,unresolved_pending_registry_link
results/stage10/full_head_sweep_l16/head_24/patching_results.csv,True,2151,a6dd81d90e87c02c6f8df9208c4f35a8624091cf4ed7c706510ae70ec1197bdd,derived_or_unknown,stage10,unresolved_pending_registry_link
results/stage10/full_head_sweep_l16/head_24/patching_summary.json,True,1299,40adbdd6903a8c5a4720d091b78454928b3f6a3ac3031cdc026741de196bf1ef,summary,stage10,unresolved_pending_registry_link
results/stage10/full_head_sweep_l16/head_24/run_causal_patching_events.jsonl,True,8241,4958fad3e6efe8c075b6579e35bbf33071af407f866851ecc0f17970db7e58f5,run_log,stage10,unresolved_pending_registry_link
results/stage10/full_head_sweep_l16/head_25/patching_family_heatmap.png,True,119255,cdfb94a3c49de4e0eb7162ca0693fbe04df9db86c7919819e594b989773c79d3,figure,stage10,unresolved_pending_registry_link
results/stage10/full_head_sweep_l16/head_25/patching_layer_curve.png,True,59487,e06955d0de7fdb096cace77d9f4e013b1e0346cd93361ccb45a975fb93494641,figure,stage10,unresolved_pending_registry_link
results/stage10/full_head_sweep_l16/head_25/patching_results.csv,True,2128,b57e33dc115ee2b8b05c81da0762a20c00250f14f73d34f8a6fd154a46e7a4e3,derived_or_unknown,stage10,unresolved_pending_registry_link
results/stage10/full_head_sweep_l16/head_25/patching_summary.json,True,1301,9d605458389532cc43cf6eb2099f18ae3bf201c498d5140b45610039ebcc3718,summary,stage10,unresolved_pending_registry_link
results/stage10/full_head_sweep_l16/head_25/run_causal_patching_events.jsonl,True,8241,d4d967555a19a178b0c35709e4e35a8602480374390070e8ef5f50de35010aeb,run_log,stage10,unresolved_pending_registry_link
results/stage10/full_head_sweep_l16/head_26/patching_family_heatmap.png,True,119335,21e7193be7503c7c76a5d308ac8c9dca690b6e17e337908d7abb36c8f276ac78,figure,stage10,unresolved_pending_registry_link
results/stage10/full_head_sweep_l16/head_26/patching_layer_curve.png,True,49072,63cbb4aa35d0855fff26a116e88ad3c38b4eaa1e0c5b3f7259465cabcfe9eccc,figure,stage10,unresolved_pending_registry_link
results/stage10/full_head_sweep_l16/head_26/patching_results.csv,True,2135,50413df17c2e5b380027e539d415a5707bdc053673a1ce6b10eb73e44bba07f1,derived_or_unknown,stage10,unresolved_pending_registry_link
results/stage10/full_head_sweep_l16/head_26/patching_summary.json,True,1108,935be5d5941f150c56cea685893c04b65d713178f01d95630565f9d4c755590c,summary,stage10,unresolved_pending_registry_link
results/stage10/full_head_sweep_l16/head_26/run_causal_patching_events.jsonl,True,8239,1d0beedf5941021b8309e1dec793baa6fd710ddb32015b7ef44b22f021b32fa2,run_log,stage10,unresolved_pending_registry_link
results/stage10/full_head_sweep_l16/head_27/patching_family_heatmap.png,True,119368,b09993347a999c00c6c04774403cc147ccaaa95eafb27308a63beb79b284c758,figure,stage10,unresolved_pending_registry_link
results/stage10/full_head_sweep_l16/head_27/patching_layer_curve.png,True,53302,886d18678b64915b6a126304ea77d56bd2c71d8575ac9c8243945cd178dcd00a,figure,stage10,unresolved_pending_registry_link
results/stage10/full_head_sweep_l16/head_27/patching_results.csv,True,2134,045377c75183400901fe48962cd6905bf5d1b7196dc2725f7cba18b0eff2dae4,derived_or_unknown,stage10,unresolved_pending_registry_link
results/stage10/full_head_sweep_l16/head_27/patching_summary.json,True,1031,4a68a7604a71b2f659195eced72c6d26297b2ebbf77d8d734c64eb4152797bf9,summary,stage10,unresolved_pending_registry_link
results/stage10/full_head_sweep_l16/head_27/run_causal_patching_events.jsonl,True,8240,84988488fbc18f17fe1937e85bd22113b830b3328fc2f8450cad0b803c21fda6,run_log,stage10,unresolved_pending_registry_link
results/stage10/full_head_sweep_l16/head_3/patching_family_heatmap.png,True,119191,d507f746579a7a25c2b3343189cbbbcc957af4c43cdeee91b49e8caf63be7165,figure,stage10,unresolved_pending_registry_link
results/stage10/full_head_sweep_l16/head_3/patching_layer_curve.png,True,52427,8e04bd2c42419f998d2235a9242eaeecd2c951b71de7fca838475a9d39f80463,figure,stage10,unresolved_pending_registry_link
results/stage10/full_head_sweep_l16/head_3/patching_results.csv,True,2068,7807661eceaa1b7e22cc0232155612173476538acd56a0a600130c840fd2dfb6,derived_or_unknown,stage10,unresolved_pending_registry_link
results/stage10/full_head_sweep_l16/head_3/patching_summary.json,True,1279,804168b6073483bde8fea44aed549963612736b4b06c18a4d28929875e688fcf,summary,stage10,unresolved_pending_registry_link
results/stage10/full_head_sweep_l16/head_3/run_causal_patching_events.jsonl,True,8237,ea97177b563f89e0cac072df1daee2934aa79f6d028a55b2f92d9460164fefd5,run_log,stage10,unresolved_pending_registry_link
results/stage10/full_head_sweep_l16/head_4/patching_family_heatmap.png,True,118994,8bd0bf1aa0463db1d352938f582f3f502e01dee571bc8da65b2c28b46fd020d7,figure,stage10,unresolved_pending_registry_link
results/stage10/full_head_sweep_l16/head_4/patching_layer_curve.png,True,49944,d1d220271c9cc7efd782dcb1926316f8caf62e1fe258fda1e68e67096c825596,figure,stage10,unresolved_pending_registry_link
results/stage10/full_head_sweep_l16/head_4/patching_results.csv,True,2102,05ebb951d27abad42d9844c0547cbc418a1d9576cf1863d7f8054c78e42fb7e3,derived_or_unknown,stage10,unresolved_pending_registry_link
results/stage10/full_head_sweep_l16/head_4/patching_summary.json,True,1313,3ce75195daa582ce2e5fb0d8ccb9487c1cab5b76533271a85c339534bfeff42a,summary,stage10,unresolved_pending_registry_link
results/stage10/full_head_sweep_l16/head_4/run_causal_patching_events.jsonl,True,8236,7ffa6d104b495a1bc665dc74695845e1b1dc2ac495bee8562b20e011b732e3dc,run_log,stage10,unresolved_pending_registry_link
results/stage10/full_head_sweep_l16/head_5/patching_family_heatmap.png,True,119271,5c7ada89414a7c2ea1110b8f8ec87f7ef8d5f0d537688fa29d4913264f678148,figure,stage10,unresolved_pending_registry_link
results/stage10/full_head_sweep_l16/head_5/patching_layer_curve.png,True,48161,3e81133452cb659b82185d4f80e1e5e4c4574cd443fa0835e0bc36f31df92a76,figure,stage10,unresolved_pending_registry_link
results/stage10/full_head_sweep_l16/head_5/patching_results.csv,True,2064,c4905e1e8c478fe7ebbab0f10d0bd623811879eb36a955ba3cb68ab045a229e4,derived_or_unknown,stage10,unresolved_pending_registry_link
results/stage10/full_head_sweep_l16/head_5/patching_summary.json,True,1162,c670b00a3e8bbc80beaa829b7d922929dd10aa8909a39bc22bfe109896ed83b2,summary,stage10,unresolved_pending_registry_link
results/stage10/full_head_sweep_l16/head_5/run_causal_patching_events.jsonl,True,8236,ab8018bb967e48fd59b4519852d52a23e60ae3a6e5750bb2801c3c69affc2289,run_log,stage10,unresolved_pending_registry_link
results/stage10/full_head_sweep_l16/head_6/patching_family_heatmap.png,True,118944,631531cff8963c01afa1b647d36c51a8d03d66fc504856c69fd8b9a080a5c713,figure,stage10,unresolved_pending_registry_link
results/stage10/full_head_sweep_l16/head_6/patching_layer_curve.png,True,48987,5124921a2040fb11c49fa686246299adf38ef15bc864ec55968f7b5a6825bacc,figure,stage10,unresolved_pending_registry_link
results/stage10/full_head_sweep_l16/head_6/patching_results.csv,True,2091,c58fe2b24ca81c5bc970d47a1e2de2ceb8d163d1ab348c03f9e7512c29f1cc2e,derived_or_unknown,stage10,unresolved_pending_registry_link
results/stage10/full_head_sweep_l16/head_6/patching_summary.json,True,1313,ed61915ff63a108e55b18be5dc5d83c52236520d67c3def6ecb976487f42faee,summary,stage10,unresolved_pending_registry_link
results/stage10/full_head_sweep_l16/head_6/run_causal_patching_events.jsonl,True,8236,f52690ff5264d7495bfab783d3c1489606a2f1a62be40e536e9ba6aa1b3db6e9,run_log,stage10,unresolved_pending_registry_link
results/stage10/full_head_sweep_l16/head_7/patching_family_heatmap.png,True,119342,d71388812c66ad143332ab6cb66d5e15255df1857f4c69963fe8a71cc949e4ab,figure,stage10,unresolved_pending_registry_link
results/stage10/full_head_sweep_l16/head_7/patching_layer_curve.png,True,50830,6f1945d67e2b9c42ca1a6486e97d4a83dc6d93ed577e9a7966a5e2f8bd737f41,figure,stage10,unresolved_pending_registry_link
results/stage10/full_head_sweep_l16/head_7/patching_results.csv,True,2071,e87d81742179d37f6ff896f2cef763013c1466a750d067e57700ce8e8eb5945e,derived_or_unknown,stage10,unresolved_pending_registry_link
results/stage10/full_head_sweep_l16/head_7/patching_summary.json,True,1122,c0610fa9871ed17100d9c110ecf5d02735fb696e6243ba9c396c28b9f0c70735,summary,stage10,unresolved_pending_registry_link
results/stage10/full_head_sweep_l16/head_7/run_causal_patching_events.jsonl,True,8235,4756b514d8616178ff6bd5434f701d7fd787a21905e06743774004cf6b72d0e5,run_log,stage10,unresolved_pending_registry_link
results/stage10/full_head_sweep_l16/head_8/patching_family_heatmap.png,True,118944,631531cff8963c01afa1b647d36c51a8d03d66fc504856c69fd8b9a080a5c713,figure,stage10,unresolved_pending_registry_link
results/stage10/full_head_sweep_l16/head_8/patching_layer_curve.png,True,46851,dc3adfdcf431ba8c36eac09f2a9f875889f0ab2f336e5ad17d7cf0bbee3a88cf,figure,stage10,unresolved_pending_registry_link
results/stage10/full_head_sweep_l16/head_8/patching_results.csv,True,2109,2a771fe3ee24721badcbb948ef2481dfff952a3219eb2d01a5afcd7fcba8a51f,derived_or_unknown,stage10,unresolved_pending_registry_link
results/stage10/full_head_sweep_l16/head_8/patching_summary.json,True,1315,4338614dc0efcb16c59e2f39c3023305676527a49c099cdee6069dd4a04494af,summary,stage10,unresolved_pending_registry_link
results/stage10/full_head_sweep_l16/head_8/run_causal_patching_events.jsonl,True,8237,043a85838f6ab48ceeea0e720312f10babacb1a760428e6d33df205cc9e2a2bc,run_log,stage10,unresolved_pending_registry_link
results/stage10/full_head_sweep_l16/head_9/patching_family_heatmap.png,True,118944,631531cff8963c01afa1b647d36c51a8d03d66fc504856c69fd8b9a080a5c713,figure,stage10,unresolved_pending_registry_link
results/stage10/full_head_sweep_l16/head_9/patching_layer_curve.png,True,49230,bc51485abbc59bd7ae5aa5ae51b9b525ee6d6a9fe6cf5156b22bf8702c21df75,figure,stage10,unresolved_pending_registry_link
results/stage10/full_head_sweep_l16/head_9/patching_results.csv,True,2103,d4d51fb84ada320b93da87ab6bef8ee06142d83df8844cb90ce6934b781c8b12,derived_or_unknown,stage10,unresolved_pending_registry_link
results/stage10/full_head_sweep_l16/head_9/patching_summary.json,True,1314,887a85bdeef965252d64a43f59206c56d6e8227e8d2f9eca9345ef9103908deb,summary,stage10,unresolved_pending_registry_link
results/stage10/full_head_sweep_l16/head_9/run_causal_patching_events.jsonl,True,8236,535707716ced1b5b7e512bea5b85c9a9107782cd9075d3a48a37d5fcdf71fe57,run_log,stage10,unresolved_pending_registry_link
results/stage10/full_head_sweep_l16/head_sweep_summary.json,True,2054,8652060bc5d880d6bc0305dc09a4493e309581c061a8d8f12d8f86fccb4d977d,summary,stage10,unresolved_pending_registry_link
results/stage10/head_sweep_l16/family_head_contributions.json,True,48941,fc7d0efdb10deb6efbab9aeea6dbcf200680dc7a6221336147b1fab05206bba8,derived_or_unknown,stage10,unresolved_pending_registry_link
results/stage10/head_sweep_l16/head_sensitivity_heatmap.png,True,95820,501db47336baa0ef134b33ed2520d7a039b4a5aed03d0ae22bf3782e9b6ccbed,figure,stage10,unresolved_pending_registry_link
results/stage10/head_sweep_l16/head_sensitivity_scores.json,True,4644,93a94e101d406bc022830f23c5dfa9c84b4f5b5780c1fda6f5c9430f9e214c49,derived_or_unknown,stage10,unresolved_pending_registry_link
results/stage10/head_sweep_l16/probe_weights_layer16.npy,True,14464,13520e213d313c20643c245426720b319eeba114b838ec240f1a20e02e5c2e5a,derived_or_unknown,stage10,unresolved_pending_registry_link
results/stage10/head_sweep_l16/run_attention_analysis_events.jsonl,True,291,7766693f04e7d6e329426843663bb1acdbba4bb5fd86cb6b0115dc22419c0053,run_log,stage10,unresolved_pending_registry_link
results/stage10/llama_attention/layer_19/family_head_contributions.json,True,112721,ecf83d00944f2388b254a6bb3742094b9063d5c07c734b9fe6206464e1ba687b,derived_or_unknown,stage10,unresolved_pending_registry_link
results/stage10/llama_attention/layer_19/head_sensitivity_heatmap.png,True,140198,06f349e915d6e9e174334ec95fbb750307e15cbb73e2d6e66f61da11ceac0e6e,figure,stage10,unresolved_pending_registry_link
results/stage10/llama_attention/layer_19/head_sensitivity_scores.json,True,5347,e250d9f3566da3cc0acaf5624fa91a8ed542ff4bd4ec8934047f83641151db48,derived_or_unknown,stage10,unresolved_pending_registry_link
results/stage10/llama_attention/layer_19/probe_weights_layer19.npy,True,16512,1e2173833128c65401728eb3b18405022b2f685c159a56baaa66e4ceb3928930,derived_or_unknown,stage10,unresolved_pending_registry_link
results/stage10/llama_attention/layer_19/run_attention_analysis_events.jsonl,True,291,97b75fe6d6010980c9416f0cc9aecaa3adf89258a44b534fc8cc0b690ff5e92b,run_log,stage10,unresolved_pending_registry_link
results/stage10/llama_attention/layer_20/family_head_contributions.json,True,112758,24bab2f6c893f110dc4401c22de4ed229de772a2f894c1295a37afb71a647b1e,derived_or_unknown,stage10,unresolved_pending_registry_link
results/stage10/llama_attention/layer_20/head_sensitivity_heatmap.png,True,142459,4d77bc1fe782512d5490981fa45142975f831a582297736f3e45f50057ca7bcf,figure,stage10,unresolved_pending_registry_link
results/stage10/llama_attention/layer_20/head_sensitivity_scores.json,True,5351,d8dd6e617e683df58db950015ca0c10d5bce66d6cc42f01d99fea58024c4d819,derived_or_unknown,stage10,unresolved_pending_registry_link
results/stage10/llama_attention/layer_20/probe_weights_layer20.npy,True,16512,8777399118f73fb89caca70dcee0b3d3badd12246db9a706b43a021b1aae3133,derived_or_unknown,stage10,unresolved_pending_registry_link
results/stage10/llama_attention/layer_20/run_attention_analysis_events.jsonl,True,292,fe839e864043abaa2c304b6ed73839c27c7d57adbfc49fbf3cd7ca3a3aab920c,run_log,stage10,unresolved_pending_registry_link
results/stage10/llama_attention/layer_21/family_head_contributions.json,True,112850,88eb27f88218431de333963fcecb7d91f10c863ea8eb32584ef22a9c4abddb3b,derived_or_unknown,stage10,unresolved_pending_registry_link
results/stage10/llama_attention/layer_21/head_sensitivity_heatmap.png,True,145230,a882a4ac87da44abbe9cc8603fea07c4cd9c41791e1ab790423403cf4a5bb308,figure,stage10,unresolved_pending_registry_link
results/stage10/llama_attention/layer_21/head_sensitivity_scores.json,True,5358,331cc51b1a6098b647361b13e11f78ad59f310675c81d64d3f547d704053dfde,derived_or_unknown,stage10,unresolved_pending_registry_link
results/stage10/llama_attention/layer_21/probe_weights_layer21.npy,True,16512,adbfce6f545bc0da426076bf9eb81ef9a4dd93746b3906209453409fed474623,derived_or_unknown,stage10,unresolved_pending_registry_link
results/stage10/llama_attention/layer_21/run_attention_analysis_events.jsonl,True,291,03df9b30792f6613b6d2d2dd5c0dc8553a2a23f05e23e0b2bf3c95c445b83f1e,run_log,stage10,unresolved_pending_registry_link
results/stage10/llama_head_knockout/patching_family_heatmap.png,True,123763,2c3ca1fb062a4e472d9c226b7f393d987f44f7abdebee55ac77e1faeee354f04,figure,stage10,unresolved_pending_registry_link
results/stage10/llama_head_knockout/patching_layer_curve.png,True,71138,ef491a58d0d998dd96752e5dd3ed2ad2cf43286123cdbdcd87b318d2965a4b5e,figure,stage10,unresolved_pending_registry_link
results/stage10/llama_head_knockout/patching_results.csv,True,9835,00f4b05bfe341082b9e384bc2e20ffa709b60b098329cb6841c515da7ded1002,derived_or_unknown,stage10,unresolved_pending_registry_link
results/stage10/llama_head_knockout/patching_summary.json,True,1890,37ca4ff16a389ca14f298505b36d6e377af6d814c6074040a787c2a5db5eabec,summary,stage10,unresolved_pending_registry_link
results/stage10/llama_head_knockout/run_causal_patching_events.jsonl,True,8440,341eeaf74e1b12743a69bfd5d989128512711a22ce5a3068e1f40ee6c3d746c7,run_log,stage10,unresolved_pending_registry_link
results/stage10/llama_head_selection_sweep/head_selection_summary.json,True,3178,5358e81ad162a7cd202d14fbb53728c8b91b62a2883a01a845de8cf457334ed4,summary,stage10,unresolved_pending_registry_link
results/stage10/llama_head_selection_sweep/layer_19/head_0/patching_family_heatmap.png,True,119134,e5cb54c3968e4c014711bae05cda70bb7f6ddb63d34ca34ced05581d8e3686c0,figure,stage10,unresolved_pending_registry_link
results/stage10/llama_head_selection_sweep/layer_19/head_0/patching_layer_curve.png,True,55110,2188917f638d526d6322c0e86287a68eeaa3dc06f206136222589b13b1192234,figure,stage10,unresolved_pending_registry_link
results/stage10/llama_head_selection_sweep/layer_19/head_0/patching_results.csv,True,2068,026fa8dd3110bbc41cd50c6cf1233c537e0a075832ea73749131435df1ede691,derived_or_unknown,stage10,unresolved_pending_registry_link
results/stage10/llama_head_selection_sweep/layer_19/head_0/patching_summary.json,True,1297,3727eec9756ca7ee696703466d7e29d4a745879f18b9baf7e86c3af8040253d3,summary,stage10,unresolved_pending_registry_link
results/stage10/llama_head_selection_sweep/layer_19/head_0/run_causal_patching_events.jsonl,True,8421,9298f763880252cda21f08847d7e72655974b7aa4b6b85c27e850ab6273e3a1c,run_log,stage10,unresolved_pending_registry_link
results/stage10/llama_head_selection_sweep/layer_19/head_12/patching_family_heatmap.png,True,119297,07140448f24440c27ae7dab53b02a592a12cbbbb842615f6eed544349be18154,figure,stage10,unresolved_pending_registry_link
results/stage10/llama_head_selection_sweep/layer_19/head_12/patching_layer_curve.png,True,50817,3767f2c4b34cacf34822d8bae07b736c99f7d0f52bba9c3cc1a7b0d98892c9bb,figure,stage10,unresolved_pending_registry_link
results/stage10/llama_head_selection_sweep/layer_19/head_12/patching_results.csv,True,2051,f6c8142cfa9485afcf1f900dfce978e2c51f8413f32bbdf48c6fd3305c44a7f1,derived_or_unknown,stage10,unresolved_pending_registry_link
results/stage10/llama_head_selection_sweep/layer_19/head_12/patching_summary.json,True,1200,a43beea232d6c72de4d4fc3aa796f7e3d9d2e20d41c7d43e80fead84ed58b546,summary,stage10,unresolved_pending_registry_link
results/stage10/llama_head_selection_sweep/layer_19/head_12/run_causal_patching_events.jsonl,True,8425,0e3f52767638d19d8823713ceafa159ab8a79858def103c7c7ab690f09bfeddf,run_log,stage10,unresolved_pending_registry_link
results/stage10/llama_head_selection_sweep/layer_19/head_14/patching_family_heatmap.png,True,119171,9793c841b3e551d4aaebd6a6550486d5cbf5a056b8b421dee2406f27b7cccc7c,figure,stage10,unresolved_pending_registry_link
results/stage10/llama_head_selection_sweep/layer_19/head_14/patching_layer_curve.png,True,47843,dd08bcbd0049aba45724581936267100e2acee207212fba3f72cbf775ef330f2,figure,stage10,unresolved_pending_registry_link
results/stage10/llama_head_selection_sweep/layer_19/head_14/patching_results.csv,True,2071,ffea4a9b5789ea9b21a1e6aaca336e613e9deba1a4a9ef4ab9c0925a93fbd6c6,derived_or_unknown,stage10,unresolved_pending_registry_link
results/stage10/llama_head_selection_sweep/layer_19/head_14/patching_summary.json,True,1223,4b29658e26608b45f4dcf017a30b6cde3006400ba63c625d6d25de7b63f66589,summary,stage10,unresolved_pending_registry_link
results/stage10/llama_head_selection_sweep/layer_19/head_14/run_causal_patching_events.jsonl,True,8426,5b6762614617e30cbe55557b86d1b841fc66894ee0866c4cd35d6f8291248523,run_log,stage10,unresolved_pending_registry_link
results/stage10/llama_head_selection_sweep/layer_19/head_26/patching_family_heatmap.png,True,119313,c4d3638ee291fe8eefaf751058814c5c587b697057d28ad2f0195e1102305250,figure,stage10,unresolved_pending_registry_link
results/stage10/llama_head_selection_sweep/layer_19/head_26/patching_layer_curve.png,True,50144,ec993c855b1e2623646ae49eb168d281c96c200f2606c85c091f473bf3489551,figure,stage10,unresolved_pending_registry_link
results/stage10/llama_head_selection_sweep/layer_19/head_26/patching_results.csv,True,2048,bcb971234d710251dc2be0b44d55785d57c286cab9e6513798809346e3a6903c,derived_or_unknown,stage10,unresolved_pending_registry_link
results/stage10/llama_head_selection_sweep/layer_19/head_26/patching_summary.json,True,1248,0c47c5f7ccdcfc8810f888e398c4649af9e7c1a96856ccd422401bd5c865480c,summary,stage10,unresolved_pending_registry_link
results/stage10/llama_head_selection_sweep/layer_19/head_26/run_causal_patching_events.jsonl,True,8426,61f357b58a1c329794ed5c654666c5d85622926da1bd5a4cec0bb6074f8e358e,run_log,stage10,unresolved_pending_registry_link
results/stage10/llama_head_selection_sweep/layer_20/head_18/patching_family_heatmap.png,True,119412,3ad4afff196687ee775ad863d8908e3cdba21829a89973174b34c5c25dc2f016,figure,stage10,unresolved_pending_registry_link
results/stage10/llama_head_selection_sweep/layer_20/head_18/patching_layer_curve.png,True,53500,55bff4d102ca7604449ff2d087c6389fb6d784699c9eb9e819f73c49ef5df085,figure,stage10,unresolved_pending_registry_link
results/stage10/llama_head_selection_sweep/layer_20/head_18/patching_results.csv,True,2095,65200c742e58ebc824d28032b1c320e3b6e7fbba42662d35e8bbacdf56ffba19,derived_or_unknown,stage10,unresolved_pending_registry_link
results/stage10/llama_head_selection_sweep/layer_20/head_18/patching_summary.json,True,1245,6555ab6addca537999274bea6b833336d2ba3ce925f2a924f7bdc33c4007c338,summary,stage10,unresolved_pending_registry_link
results/stage10/llama_head_selection_sweep/layer_20/head_18/run_causal_patching_events.jsonl,True,8427,ea39558a4f48243d2dc51cc3baf57184019faf1a138a6224f0f07e3f9d8b1cae,run_log,stage10,unresolved_pending_registry_link
results/stage10/llama_head_selection_sweep/layer_20/head_2/patching_family_heatmap.png,True,119348,1bc10fd06d6fef4c2587897a5603e8bd06d2476daf75ce70a8066ff8a5366136,figure,stage10,unresolved_pending_registry_link
results/stage10/llama_head_selection_sweep/layer_20/head_2/patching_layer_curve.png,True,49216,f45225dc59f048c8adfb6be727700fbd22c01f9b12926ac6aca7e4390586e856,figure,stage10,unresolved_pending_registry_link
results/stage10/llama_head_selection_sweep/layer_20/head_2/patching_results.csv,True,2040,ebe8aaf8d1e14296caf16912454a709636d8cc8f71dda93b382fe9aca71bd512,derived_or_unknown,stage10,unresolved_pending_registry_link
results/stage10/llama_head_selection_sweep/layer_20/head_2/patching_summary.json,True,1218,42328be7bdf34057bc6d6c58fd20ad578439fe9d623f0df718e5a321d17d7948,summary,stage10,unresolved_pending_registry_link
results/stage10/llama_head_selection_sweep/layer_20/head_2/run_causal_patching_events.jsonl,True,8420,7953f54beb5e2647efe1464283e305ffbbc01cdd8ae8cd11bb54b1b1c0fcb9d1,run_log,stage10,unresolved_pending_registry_link
results/stage10/llama_head_selection_sweep/layer_20/head_20/patching_family_heatmap.png,True,119338,8c57a76346243694a429f83bf6253a4775bf80cc95f7af099a3dae5611828bcc,figure,stage10,unresolved_pending_registry_link
results/stage10/llama_head_selection_sweep/layer_20/head_20/patching_layer_curve.png,True,47618,3cd0fa1d70946176a584314fda5e441d66b30783a21fdd6f2ab54351a7e43188,figure,stage10,unresolved_pending_registry_link
results/stage10/llama_head_selection_sweep/layer_20/head_20/patching_results.csv,True,2058,7a4f427e81e9f66ac4ae13b7bd78e2f7374c7994115542e55f9434a818a9126a,derived_or_unknown,stage10,unresolved_pending_registry_link
results/stage10/llama_head_selection_sweep/layer_20/head_20/patching_summary.json,True,1281,d8a89c1bc3c8d3a0c3adf1c806c040df3902d219737b7464d46c899a9c454039,summary,stage10,unresolved_pending_registry_link
results/stage10/llama_head_selection_sweep/layer_20/head_20/run_causal_patching_events.jsonl,True,8426,fe19956c56a5035ae0cabf7b2dd820b845eccc63877557f32a6f653e6cc72f56,run_log,stage10,unresolved_pending_registry_link
results/stage10/llama_head_selection_sweep/layer_20/head_23/patching_family_heatmap.png,True,119325,87136d7f8504107a3bbbc3649dc7b6171b6b4c8238cb36920b3b01d00956fe47,figure,stage10,unresolved_pending_registry_link
results/stage10/llama_head_selection_sweep/layer_20/head_23/patching_layer_curve.png,True,55172,5f7296b609d163c75427b171fa3b6f32a5c7175f7f6c548cb24f8be0524daaa2,figure,stage10,unresolved_pending_registry_link
results/stage10/llama_head_selection_sweep/layer_20/head_23/patching_results.csv,True,2095,508127d556ffef89b62385697ae40cced9696a1469c03645e80ff994d9a40997,derived_or_unknown,stage10,unresolved_pending_registry_link
results/stage10/llama_head_selection_sweep/layer_20/head_23/patching_summary.json,True,1201,cbaaf0cf657ec9343c4f5e51093d842000c28859b9ebb30738d4076b512c105e,summary,stage10,unresolved_pending_registry_link
results/stage10/llama_head_selection_sweep/layer_20/head_23/run_causal_patching_events.jsonl,True,8425,82b71325249abe4ce583a8e601f1c909f0447979e94d70c1cf77704a7f0375eb,run_log,stage10,unresolved_pending_registry_link
results/stage10/llama_head_selection_sweep/layer_21/head_19/patching_family_heatmap.png,True,118945,5e9ff2260f9ed0793baa05077882c61e45c3bfdbc643ac1c144a859b01cfe297,figure,stage10,unresolved_pending_registry_link
results/stage10/llama_head_selection_sweep/layer_21/head_19/patching_layer_curve.png,True,45558,553d352f70e04be941dbd636993e137633871ab45f86c59e865ea0221569a517,figure,stage10,unresolved_pending_registry_link
results/stage10/llama_head_selection_sweep/layer_21/head_19/patching_results.csv,True,2127,4b737c79335ddf40f19cf7368d0f61152b18fb17cc66aad1c5fdc6af630a2581,derived_or_unknown,stage10,unresolved_pending_registry_link
results/stage10/llama_head_selection_sweep/layer_21/head_19/patching_summary.json,True,1246,47a6098661a69b510141634def8743d6fbaa5b5f862dc7aaa6f4083c6223cbcb,summary,stage10,unresolved_pending_registry_link
results/stage10/llama_head_selection_sweep/layer_21/head_19/run_causal_patching_events.jsonl,True,8427,53a34fa3f9332d0a45e6b526465e7d63384ab6589fa6944e97c815f6519426fb,run_log,stage10,unresolved_pending_registry_link
results/stage10/llama_head_selection_sweep/layer_21/head_5/patching_family_heatmap.png,True,118989,f48ece7ee1b357a34988cbc8b09b7c3f50b4ead07a522bd04bda85a64d4c21cb,figure,stage10,unresolved_pending_registry_link
results/stage10/llama_head_selection_sweep/layer_21/head_5/patching_layer_curve.png,True,48586,6492f399ece4826d76cb87b2e969ef69df9c76813c728a39e59d6fc6da410008,figure,stage10,unresolved_pending_registry_link
results/stage10/llama_head_selection_sweep/layer_21/head_5/patching_results.csv,True,2029,4ac1f0935baa66ef636e23ed2b80dc03d6bf5dfc0552055b52913feb6ac42c60,derived_or_unknown,stage10,unresolved_pending_registry_link
results/stage10/llama_head_selection_sweep/layer_21/head_5/patching_summary.json,True,1159,fc68f1b9a04bf612c55c18d4d23e1e96b1df5b9b4a70dc18bd2394d786dae912,summary,stage10,unresolved_pending_registry_link
results/stage10/llama_head_selection_sweep/layer_21/head_5/run_causal_patching_events.jsonl,True,8420,78917e9ede1bf0584e972ba2234bbe594f845f4165d4d2b1630b573e93fa29d9,run_log,stage10,unresolved_pending_registry_link
results/stage10/llama_head_selection_sweep/layer_21/head_7/patching_family_heatmap.png,True,118910,1bf67dc96415363490773c17f87fbd199583a275d1d100f6a69b84cc98e98e9a,figure,stage10,unresolved_pending_registry_link
results/stage10/llama_head_selection_sweep/layer_21/head_7/patching_layer_curve.png,True,52427,5a555c582d910eb7aa6df5d9916b7c9bb37d5843afd9108717c3b7f4d2a4503b,figure,stage10,unresolved_pending_registry_link
results/stage10/llama_head_selection_sweep/layer_21/head_7/patching_results.csv,True,2056,fb8f43aadfacf35f3bfb2f427c465da61dc8db213a825919cf88c2bc362af4c5,derived_or_unknown,stage10,unresolved_pending_registry_link
results/stage10/llama_head_selection_sweep/layer_21/head_7/patching_summary.json,True,1261,575b8ecc7fcb3d6d96b37c6418f0f62fcfe423c3f35c6d324c9e8abab7fc0e4f,summary,stage10,unresolved_pending_registry_link
results/stage10/llama_head_selection_sweep/layer_21/head_7/run_causal_patching_events.jsonl,True,8422,f729ada9ed2778127d6faff6127c6d374e910462993dcb7c9bbadbd2b6f91ee8,run_log,stage10,unresolved_pending_registry_link
results/stage10/llama_head_selection_sweep/layer_21/head_8/patching_family_heatmap.png,True,119033,c8e241851d96b9b92f08a75214ab515308d43487afbffff685d3002c38037c8a,figure,stage10,unresolved_pending_registry_link
results/stage10/llama_head_selection_sweep/layer_21/head_8/patching_layer_curve.png,True,44587,ea8209f05e57ec4054c435f62f2fa4bb111b84a84846dc8da6da347581443b3f,figure,stage10,unresolved_pending_registry_link
results/stage10/llama_head_selection_sweep/layer_21/head_8/patching_results.csv,True,2072,61d81f06fd52662cbd426acb0e1d1c677c9672e06017777c00d5c47feee1fca3,derived_or_unknown,stage10,unresolved_pending_registry_link
results/stage10/llama_head_selection_sweep/layer_21/head_8/patching_summary.json,True,1278,03346a9d687285e9440bdcd1abab33653ce2d107ad8cba88f09743ec140326f5,summary,stage10,unresolved_pending_registry_link
results/stage10/llama_head_selection_sweep/layer_21/head_8/run_causal_patching_events.jsonl,True,8421,d413d915d5fe36e2450891160c32251ff74fd77f6028c6eeaaa3d032722897a0,run_log,stage10,unresolved_pending_registry_link
results/stage10/llama_mhk/patching_family_heatmap.png,True,125335,ba0595ba7b9dee15d2815ea063824c2c1461dfd98697ea9e000287db1b616bf8,figure,stage10,unresolved_pending_registry_link
results/stage10/llama_mhk/patching_layer_curve.png,True,84785,16b1d755edab842b0c9354d397991bfdc9a46946ae9d23b68ef2ec0155c13c8c,figure,stage10,unresolved_pending_registry_link
results/stage10/llama_mhk/patching_results.csv,True,14765,49f422412ad0d48c9677034b9d36aa8c4c2313536ca5a0a674e759ee1df94f0f,derived_or_unknown,stage10,unresolved_pending_registry_link
results/stage10/llama_mhk/patching_summary.json,True,2238,374e5b533b4db767eb159ab2c6cc1d0614e4e338b0793bcc79c6b5054080aa74,summary,stage10,unresolved_pending_registry_link
results/stage10/llama_mhk/run_causal_patching_events.jsonl,True,8474,08a3345605056ffe232f1a2d288f228dc49915ee12f3896756065984e5f55d78,run_log,stage10,unresolved_pending_registry_link
results/stage10/llama_mhk_v2/attn_layer19/patching_family_heatmap.png,True,123596,26de8b3f79178e829d28d965dcd4556f303f5c44950cdf0dc4c2faefcc0d837a,figure,stage10,unresolved_pending_registry_link
results/stage10/llama_mhk_v2/attn_layer19/patching_layer_curve.png,True,72880,b8f4079ef308f3c479be969c6e17575fa7fcadc639cd26d16e7ecb34091d711f,figure,stage10,unresolved_pending_registry_link
results/stage10/llama_mhk_v2/attn_layer19/patching_results.csv,True,10612,ce4736258c6caf9058d17cf1928b4d81cc8c1e64776df3bd176664cb07ed68a0,derived_or_unknown,stage10,unresolved_pending_registry_link
results/stage10/llama_mhk_v2/attn_layer19/patching_summary.json,True,1917,81755c9b521c5223acc51f45a0ee66464f67e010e703936d7b2b5f3ec8c29a76,summary,stage10,unresolved_pending_registry_link
results/stage10/llama_mhk_v2/attn_layer19/run_causal_patching_events.jsonl,True,8466,79f0de0af07986bb5c8fb51d4f3d901f98d9000414212f4a8bdaa50aadabb57c,run_log,stage10,unresolved_pending_registry_link
results/stage10/llama_mhk_v2/causal_sweep/patching_family_heatmap.png,True,123661,cb5a1554af8c68e2aad3625ee3a8afb686d4532ce8484d51497a4d9f96e49f32,figure,stage10,unresolved_pending_registry_link
results/stage10/llama_mhk_v2/causal_sweep/patching_layer_curve.png,True,70080,48ad2d3d17cb510f9752e33adcd8d7e14261f4bb9f49ac142466727d9c115e1b,figure,stage10,unresolved_pending_registry_link
results/stage10/llama_mhk_v2/causal_sweep/patching_results.csv,True,10519,76e41b22321f74f6ed3fa73f259aad70f09fdd4b8e059ed2b84969fa9a8fafb7,derived_or_unknown,stage10,unresolved_pending_registry_link
results/stage10/llama_mhk_v2/causal_sweep/patching_summary.json,True,1838,02c37ed0c1f9635c1356ec8eef76e5663a650839f7c6ddf9be97b52e45f4c48f,summary,stage10,unresolved_pending_registry_link
results/stage10/llama_mhk_v2/causal_sweep/run_causal_patching_events.jsonl,True,8465,a32a886ea3a472d20c17cb95312f172dcade627679ae49a86eb052ecb2ed3be0,run_log,stage10,unresolved_pending_registry_link
results/stage10/logit_lens/logit_lens_per_family.json,True,74879,39a12d565c966968c9f138a73c17fead8599ce2a58d7f34ac3a42ecb982cf46b,derived_or_unknown,stage10,unresolved_pending_registry_link
results/stage10/logit_lens/logit_lens_summary.json,True,322,96c35ab7ddca7467128c1a6e9adb94457fb19f6bb62063688b050cd4bcd1fe57,summary,stage10,unresolved_pending_registry_link
results/stage10/logit_lens/run_causal_patching_events.jsonl,True,514,14cc3b6fd3ab90146a0526db49d9ab1114bcd818502261127188f6a251d4bdda,run_log,stage10,unresolved_pending_registry_link
results/stage10/mean_probe_entropy_correlation.json,True,1478,8f6b1e63210f2490c9858f5d9b63a77c4a85a6ecd48b47d8a768c59f72e16575,derived_or_unknown,stage10,unresolved_pending_registry_link
results/stage10/mean_probe_full_sweep_bigcompute/layer_auroc_curve_resid_post_last_prompt.png,True,85512,2fcb89044ca28c1daee22d8f377a87ef83502fbe6d8fb2fff5f7569b91ef42b9,summary,stage10,unresolved_pending_registry_link
results/stage10/mean_probe_full_sweep_bigcompute/layer_auroc_resid_post_last_prompt.json,True,3638,f5ee74943f718bea32a7f19b13a8b479673685b9f2ceecaaa60d5f266d55cb37,summary,stage10,unresolved_pending_registry_link
results/stage10/mean_probe_full_sweep_bigcompute/layer_pearson_resid_post_last_prompt.json,True,2780,5098949e4fb9eef3ea2b7b55864c31046ee466982952f5b0152d6759eb937a69,derived_or_unknown,stage10,unresolved_pending_registry_link
results/stage10/mean_probe_full_sweep_bigcompute/loo_predictions_resid_post_last_prompt.json,True,19956,e31b8d4ddda086ab6dc1bfe6aadb891414cc5817103ea49ecff8df45ab8b2b46,derived_or_unknown,stage10,unresolved_pending_registry_link
results/stage10/mean_probe_full_sweep_bigcompute/run_probing_events.jsonl,True,414,7940e5b1ab507deecc7d61d0c2d4690e12b1ad3de8a4646d05a770f72127478b,run_log,stage10,unresolved_pending_registry_link
results/stage10/mean_probe_full_sweep_bigcompute/summary_resid_post_last_prompt.json,True,966,638439519e72b08b0d622c8a32975b67f33a449b57680c53b6d8160cc5d26305,summary,stage10,unresolved_pending_registry_link
results/stage10/mhk_cue_generalization/patching_family_heatmap.png,True,82780,2d9c905c1d918a00a5cbbc5c6d4883ff477997a3e02e53d99297a8a6a818ce0d,figure,stage10,unresolved_pending_registry_link
results/stage10/mhk_cue_generalization/patching_layer_curve.png,True,76360,fa58364f7bdcf957ea73acbbde14bf7f95b170c4cb5647e99df839674c89b407,figure,stage10,unresolved_pending_registry_link
results/stage10/mhk_cue_generalization/patching_results.csv,True,5539,54bfe0ae235882819d64680b5012798eb1b0ac6dfbfbd09383f555684e2c536d,derived_or_unknown,stage10,unresolved_pending_registry_link
results/stage10/mhk_cue_generalization/patching_summary.json,True,1484,d3185c72f3d29d2a834421d6bbaec0b5d5947f27e9c1784129f53ae5614b3e44,summary,stage10,unresolved_pending_registry_link
results/stage10/mhk_cue_generalization/run_causal_patching_events.jsonl,True,4600,9ef2b585f5b48b985ddadcab0b1fea1aee6f9a89b47b02d9b0d2fa4c2aa7a721,run_log,stage10,unresolved_pending_registry_link
results/stage10/mhk_dose_response/heads_1/patching_family_heatmap.png,True,125660,4dd3826920dabfab7fee52ee4f4b1d7e702c70cb0a4397b954c3ba05a9d0e767,figure,stage10,unresolved_pending_registry_link
results/stage10/mhk_dose_response/heads_1/patching_layer_curve.png,True,84099,3b62326870453d626538ae57bc7dc525e7693caae2c0f5893f2b1e2295307117,figure,stage10,unresolved_pending_registry_link
results/stage10/mhk_dose_response/heads_1/patching_results.csv,True,13982,0e90e75c6fed8f6d3dfda5a793885af9b905fabca133eb01cee87dc94c451f81,derived_or_unknown,stage10,unresolved_pending_registry_link
results/stage10/mhk_dose_response/heads_1/patching_summary.json,True,1875,a54da3ef9bafe9ddaaa5d30f05803ff0e36c10761264f3bede237e13d0a32016,summary,stage10,unresolved_pending_registry_link
results/stage10/mhk_dose_response/heads_1/run_causal_patching_events.jsonl,True,8264,fd7a79343f9fffe69242ae94993bc4fef97fdcad8f58ac45a56bbafd1e0eaefd,run_log,stage10,unresolved_pending_registry_link
results/stage10/mhk_dose_response/heads_2/patching_family_heatmap.png,True,125703,40947350ecc149224f88b714d1d8d05f3914e8dce16fbbedef5bdc3b8488a1b3,figure,stage10,unresolved_pending_registry_link
results/stage10/mhk_dose_response/heads_2/patching_layer_curve.png,True,74550,c61d7a309389c991cf0614308c4e0d5f0721043ff2cc5a844ce66fd1e1c8cb3a,figure,stage10,unresolved_pending_registry_link
results/stage10/mhk_dose_response/heads_2/patching_results.csv,True,14367,99c7b3be5531a101f457ba97f7db812648d392d3761ba9b912ace0241bba76aa,derived_or_unknown,stage10,unresolved_pending_registry_link
results/stage10/mhk_dose_response/heads_2/patching_summary.json,True,2073,3f8f759ffc5d5839ab648a278f929bcd93f2ea5ce2de385a4fc53f2da7ffc8f5,summary,stage10,unresolved_pending_registry_link
results/stage10/mhk_dose_response/heads_2/run_causal_patching_events.jsonl,True,8275,5d42b4bac46117f28be7909af7b6727d71421a04ddf67d583bb51699aca87207,run_log,stage10,unresolved_pending_registry_link
results/stage10/mhk_dose_response/heads_3/patching_family_heatmap.png,True,125819,9cdfbc5ec7882b49a91d01640c1ae0114267ce7c7efcace5f7882a05a85df302,figure,stage10,unresolved_pending_registry_link
results/stage10/mhk_dose_response/heads_3/patching_layer_curve.png,True,67146,aa7439762f7516a3b3ba309abd18ca0f954dcd35b1520f77ce6b882bf3820c09,figure,stage10,unresolved_pending_registry_link
results/stage10/mhk_dose_response/heads_3/patching_results.csv,True,14785,414f248e592ce55f30156e4052e9bfae65b87cc30bf0f1dc8a9fa36a1f0fc1b9,derived_or_unknown,stage10,unresolved_pending_registry_link
results/stage10/mhk_dose_response/heads_3/patching_summary.json,True,2065,d03cb86186cb94a22506d6e151b630d8d9f2b3b9c5807b1597f4c9661f07be7c,summary,stage10,unresolved_pending_registry_link
results/stage10/mhk_dose_response/heads_3/run_causal_patching_events.jsonl,True,8284,db0aecfb86def628f9ed914a3b0d09a1f4c96f36aa02e083cb00730be7fc87b8,run_log,stage10,unresolved_pending_registry_link
results/stage10/mhk_dose_response/heads_4/patching_family_heatmap.png,True,125593,e17876b8f6e4198b9ffe7dfa1cd242f2e035eaceedfe1d79b34d592b4df1ad01,figure,stage10,unresolved_pending_registry_link
results/stage10/mhk_dose_response/heads_4/patching_layer_curve.png,True,72603,40ca469501d4c4385925ef2e96388caffa841025d38a2efc688d2df674649371,figure,stage10,unresolved_pending_registry_link
results/stage10/mhk_dose_response/heads_4/patching_results.csv,True,15143,86166d2fba77e5311c4d38b292820766e672174f94d6598044a51ae87384102f,derived_or_unknown,stage10,unresolved_pending_registry_link
results/stage10/mhk_dose_response/heads_4/patching_summary.json,True,2255,a502b7ddf5c510681b28984885a375bce4c29e9347220d77753f0f68745dd971,summary,stage10,unresolved_pending_registry_link
results/stage10/mhk_dose_response/heads_4/run_causal_patching_events.jsonl,True,8291,d5dce49ab8323c6695fbf2b8179de014a69e95eac53b9fbe51c5b272b5eb0fb1,run_log,stage10,unresolved_pending_registry_link
results/stage10/pairwise_head_interactions/interaction_summary.json,True,3707,1fc1d5f9fe0147be089cd94bdccc4e6aa0d27d7e4b9ebd306765587e32ef5849,summary,stage10,unresolved_pending_registry_link
results/stage10/pairwise_head_interactions/subset_11/patching_family_heatmap.png,True,119071,4cb47bf2731f1fa6c1798e5253d388137b794c7c4b9d066c0d0d8bb3b4b53e66,figure,stage10,unresolved_pending_registry_link
results/stage10/pairwise_head_interactions/subset_11/patching_layer_curve.png,True,50661,4b4d3c5bf0adea02cc12fbdff6d97757ce44fa3b5c21f974a6e81abc1929a6e4,figure,stage10,unresolved_pending_registry_link
results/stage10/pairwise_head_interactions/subset_11/patching_results.csv,True,2061,f74a5f697081d39d7d31fe09fb1a97a5eabdd6caed91212d821900b29be7be0e,derived_or_unknown,stage10,unresolved_pending_registry_link
results/stage10/pairwise_head_interactions/subset_11/patching_summary.json,True,1313,7082e4769c46cb64aea37ca90124fb086790d696b6cb9aa06fef65b65be448c7,summary,stage10,unresolved_pending_registry_link
results/stage10/pairwise_head_interactions/subset_11/run_causal_patching_events.jsonl,True,8243,3843f8aae58c8d651bbcbf7a73c0f522b5a7885a3aed5637b33272f338bfe13f,run_log,stage10,unresolved_pending_registry_link
results/stage10/pairwise_head_interactions/subset_13/patching_family_heatmap.png,True,119427,754472e225f64287bd75c163e470817bf5302745ba11a4ca12a262c5a5b53b4b,figure,stage10,unresolved_pending_registry_link
results/stage10/pairwise_head_interactions/subset_13/patching_layer_curve.png,True,49125,def3f61bafb35121a85c97e585ff35983e50f6c5cbccf47245ca15fcab7e446a,figure,stage10,unresolved_pending_registry_link
results/stage10/pairwise_head_interactions/subset_13/patching_results.csv,True,2098,e6de8b0fd33eae698bdb83c1d5372bb0963f676272512c11b90cc88b80fc4d97,derived_or_unknown,stage10,unresolved_pending_registry_link
results/stage10/pairwise_head_interactions/subset_13/patching_summary.json,True,1068,92a17a34cf86d29aaee407f72034e73427d22b7e2c99f90e8d2171a81ca65346,summary,stage10,unresolved_pending_registry_link
results/stage10/pairwise_head_interactions/subset_13/run_causal_patching_events.jsonl,True,8243,08c43d58a56e3a733a44c66fdf9ed0c4a9feac1347154843e73d4bd88ba4e274,run_log,stage10,unresolved_pending_registry_link
results/stage10/pairwise_head_interactions/subset_13_11/patching_family_heatmap.png,True,119068,303778997d76a93b0fd5b0395a5493ae91be62f1600d1d6812dbf5bacc1b39b8,figure,stage10,unresolved_pending_registry_link
results/stage10/pairwise_head_interactions/subset_13_11/patching_layer_curve.png,True,51374,75b83d215f27604c7b6ec5354cff8e618963474c3e4f5caf7d2267106d144980,figure,stage10,unresolved_pending_registry_link
results/stage10/pairwise_head_interactions/subset_13_11/patching_results.csv,True,2179,0b06b9f22c9b948a39e5e4515f9441416c0e32aa8343ecddf80efb0bbc476b54,derived_or_unknown,stage10,unresolved_pending_registry_link
results/stage10/pairwise_head_interactions/subset_13_11/patching_summary.json,True,1320,5500920f4dd271e1ddbadba42742f218ebf5d628e213326e22445466180ad1e9,summary,stage10,unresolved_pending_registry_link
results/stage10/pairwise_head_interactions/subset_13_11/run_causal_patching_events.jsonl,True,8251,2548d31bcdf7620465276bc8dfa8e4a8e096bd177465b574a3e7db493aaa27cb,run_log,stage10,unresolved_pending_registry_link
results/stage10/pairwise_head_interactions/subset_24/patching_family_heatmap.png,True,118982,c1a646b9784f04ace5ba47da3806cce6bc51bb96a0e433db3956820f6c46df17,figure,stage10,unresolved_pending_registry_link
results/stage10/pairwise_head_interactions/subset_24/patching_layer_curve.png,True,48673,c5258ad494503cc65482cd45beb8df80e91cffc26d8b4e6544e6fa7ba1b5091f,figure,stage10,unresolved_pending_registry_link
results/stage10/pairwise_head_interactions/subset_24/patching_results.csv,True,2111,808ad0e27b6e2a67dfd6e839101c69cd1d53d5089f3f7a00f29f1184b54d92ee,derived_or_unknown,stage10,unresolved_pending_registry_link
results/stage10/pairwise_head_interactions/subset_24/patching_summary.json,True,1301,30a4401e17ca6acbfb2fff8cdc3f6a1fee97e6b06656eb254ec05c3b6295b62c,summary,stage10,unresolved_pending_registry_link
results/stage10/pairwise_head_interactions/subset_24/run_causal_patching_events.jsonl,True,8245,b9953479bb702af1940b1a0f4b0772495ff68cada0ce0e3780df73125eeebb8a,run_log,stage10,unresolved_pending_registry_link
results/stage10/pairwise_head_interactions/subset_24_11/patching_family_heatmap.png,True,119133,e1440ac9d5efc95e72caa4ed5e5aeaf6f904e84aa6fb26cfa816188fde347f01,figure,stage10,unresolved_pending_registry_link
results/stage10/pairwise_head_interactions/subset_24_11/patching_layer_curve.png,True,48191,1e6abdbc0692fc13d3b0073546a76c1b95f78f497ff1f7bfa39bd75f711bd9e6,figure,stage10,unresolved_pending_registry_link
results/stage10/pairwise_head_interactions/subset_24_11/patching_results.csv,True,2185,e271f91a7b18c84df57ccd4494c900474f3cfddb1f04e26c9f2f805fbe7425b6,derived_or_unknown,stage10,unresolved_pending_registry_link
results/stage10/pairwise_head_interactions/subset_24_11/patching_summary.json,True,1322,d1545ac6e0c4b949b6adc881f88a0886527f91896ad2522148c29ca64813cea5,summary,stage10,unresolved_pending_registry_link
results/stage10/pairwise_head_interactions/subset_24_11/run_causal_patching_events.jsonl,True,8251,418871429ff15973022a7fe542ffbf1d3535b02e156fa02e10d028c32bfbee29,run_log,stage10,unresolved_pending_registry_link
results/stage10/pairwise_head_interactions/subset_24_13/patching_family_heatmap.png,True,119314,801610503baddf116f0ddbda9d87a3d145dfc743ef83346b1a0c7cfdfe0c75dc,figure,stage10,unresolved_pending_registry_link
results/stage10/pairwise_head_interactions/subset_24_13/patching_layer_curve.png,True,51719,57512ea4a5744557debcdf75bb92f64f48ff164dc8445340c6a821c8ff767214,figure,stage10,unresolved_pending_registry_link
results/stage10/pairwise_head_interactions/subset_24_13/patching_results.csv,True,2176,b15b591b91a4c22ea23fa172628ff391c67cdc4cb5ea48cdc015b81a61cfeff2,derived_or_unknown,stage10,unresolved_pending_registry_link
results/stage10/pairwise_head_interactions/subset_24_13/patching_summary.json,True,1190,3337232183908eec236bafeb9ab8aac3c0b443adbaaceb737bac0f904254d56f,summary,stage10,unresolved_pending_registry_link
results/stage10/pairwise_head_interactions/subset_24_13/run_causal_patching_events.jsonl,True,8253,49a044a81cc4a99518d684bf7bfa95297bef005e2f7156f8949d94214f381ece,run_log,stage10,unresolved_pending_registry_link
results/stage10/pairwise_head_interactions/subset_24_13_11/patching_family_heatmap.png,True,119072,43b4c23044338884b32d0ed54dab6c6d455ee798a5a68514f81f52e532e2afd2,figure,stage10,unresolved_pending_registry_link
results/stage10/pairwise_head_interactions/subset_24_13_11/patching_layer_curve.png,True,53335,d405d2dc1237f5cf372a157b6f0825c83dc8bb1580d3159d6c166f5158af7f13,figure,stage10,unresolved_pending_registry_link
results/stage10/pairwise_head_interactions/subset_24_13_11/patching_results.csv,True,2224,c444d5a7a49ffec51aea90fa69f05f6efe94f8eb4aa45c57a89a390e1540f43b,derived_or_unknown,stage10,unresolved_pending_registry_link
results/stage10/pairwise_head_interactions/subset_24_13_11/patching_summary.json,True,1330,8070b44943e625c88b1119933c39bd329ae87996f1c53000db2c20f248dcd30c,summary,stage10,unresolved_pending_registry_link
results/stage10/pairwise_head_interactions/subset_24_13_11/run_causal_patching_events.jsonl,True,8259,ce891a8123fedcd46751d9c0babe0e73deeab49fbb226ab68d979b0fe703b9aa,run_log,stage10,unresolved_pending_registry_link
results/stage10/pairwise_head_interactions/subset_26/patching_family_heatmap.png,True,119335,21e7193be7503c7c76a5d308ac8c9dca690b6e17e337908d7abb36c8f276ac78,figure,stage10,unresolved_pending_registry_link
results/stage10/pairwise_head_interactions/subset_26/patching_layer_curve.png,True,49072,63cbb4aa35d0855fff26a116e88ad3c38b4eaa1e0c5b3f7259465cabcfe9eccc,figure,stage10,unresolved_pending_registry_link
results/stage10/pairwise_head_interactions/subset_26/patching_results.csv,True,2095,8e6df0d68b01e5f920accf7220e43ef8f7e11eb0a6b5945e9ad26f014551bb33,derived_or_unknown,stage10,unresolved_pending_registry_link
results/stage10/pairwise_head_interactions/subset_26/patching_summary.json,True,1110,849d3d0804231b63cf374eb8a4788729cc49332878bed1c8f48944c277bf9848,summary,stage10,unresolved_pending_registry_link
results/stage10/pairwise_head_interactions/subset_26/run_causal_patching_events.jsonl,True,8243,a3245354e7ba1b7b7b75c1b55db6eb87aecb26e7ae03fa3e5000ecf31d68e281,run_log,stage10,unresolved_pending_registry_link
results/stage10/pairwise_head_interactions/subset_26_11/patching_family_heatmap.png,True,119072,0dcf2bbb6dba139e7be69b5ad1358ba10f011f102449dc733e46f2a128c23736,figure,stage10,unresolved_pending_registry_link
results/stage10/pairwise_head_interactions/subset_26_11/patching_layer_curve.png,True,49939,ae0a8036c497b9e59d2b2815807c353e9a1f0746046dfbdd80262ec3943ad4e6,figure,stage10,unresolved_pending_registry_link
results/stage10/pairwise_head_interactions/subset_26_11/patching_results.csv,True,2165,05da414d08c82134a35308a989fa6d2ff9de23e4083e10e14c7973025ec9db35,derived_or_unknown,stage10,unresolved_pending_registry_link
results/stage10/pairwise_head_interactions/subset_26_11/patching_summary.json,True,1320,f1f32e4ea3562c3a6538d2b100027d3a0773d33a42bd1372f72851eb8f2ae589,summary,stage10,unresolved_pending_registry_link
results/stage10/pairwise_head_interactions/subset_26_11/run_causal_patching_events.jsonl,True,8250,b3c0641b8d674ad860458ac89c5b2046b8d29645ec0b65751ccf38238b80a64c,run_log,stage10,unresolved_pending_registry_link
results/stage10/pairwise_head_interactions/subset_26_13/patching_family_heatmap.png,True,119283,8ecf49b1194765252817f8beceb75bb90c7f74af75934039db37a29f431b0972,figure,stage10,unresolved_pending_registry_link
results/stage10/pairwise_head_interactions/subset_26_13/patching_layer_curve.png,True,47029,6aff056ba67c08e715aa4673444a6c31f29229f8d3ad584a37833026be47c950,figure,stage10,unresolved_pending_registry_link
results/stage10/pairwise_head_interactions/subset_26_13/patching_results.csv,True,2190,ee594091e1dde50ea266cf211a3abba892becdcb46646fc74a42af1291af8a8d,derived_or_unknown,stage10,unresolved_pending_registry_link
results/stage10/pairwise_head_interactions/subset_26_13/patching_summary.json,True,1096,2e84fa33e62e7709a5b18439c35f31a2265ace9b5d7979320b98f1413b1800a5,summary,stage10,unresolved_pending_registry_link
results/stage10/pairwise_head_interactions/subset_26_13/run_causal_patching_events.jsonl,True,8252,8bbaaa48cf7431a68cb5cb44e1ef6b605f3224e98bc784c7e163e43bee7f5b5d,run_log,stage10,unresolved_pending_registry_link
results/stage10/pairwise_head_interactions/subset_26_13_11/patching_family_heatmap.png,True,119062,cac1e556bcc15ee7295577b49affbc4ded8d72ff7a9d9a3619d08e29585fe3b6,figure,stage10,unresolved_pending_registry_link
results/stage10/pairwise_head_interactions/subset_26_13_11/patching_layer_curve.png,True,53403,a1ba00c4699f52c3a9d3c3f0cae638383c1cd6ce14ebb18655f0e82c31c181e3,figure,stage10,unresolved_pending_registry_link
results/stage10/pairwise_head_interactions/subset_26_13_11/patching_results.csv,True,2249,8cd44dbf08d4f060294c71e3f64ab10aba16a7b6a0878e15b684a609215fb2ac,derived_or_unknown,stage10,unresolved_pending_registry_link
results/stage10/pairwise_head_interactions/subset_26_13_11/patching_summary.json,True,1330,33200a3fd2c39558e7a58b03be5bc42792d65391fdb3cf08611e9b2afa9b802b,summary,stage10,unresolved_pending_registry_link
results/stage10/pairwise_head_interactions/subset_26_13_11/run_causal_patching_events.jsonl,True,8259,1a9cb7df728f914dd8a968807a8e0ff9548b4ad8ed8f000befb7701204f53d25,run_log,stage10,unresolved_pending_registry_link
results/stage10/pairwise_head_interactions/subset_26_24/patching_family_heatmap.png,True,119321,e3506ace46461fa709aafe89bc47c7f24f446012251b779f0cd58a1bd12808e3,figure,stage10,unresolved_pending_registry_link
results/stage10/pairwise_head_interactions/subset_26_24/patching_layer_curve.png,True,56950,3af9937d394d3e4a574fc06c483ac7bf29bdf5f0e28c7120f14e871e05bb6057,figure,stage10,unresolved_pending_registry_link
results/stage10/pairwise_head_interactions/subset_26_24/patching_results.csv,True,2184,12aaaeb01e3a9b7b5310e11bcfdf649e8f8ce14211ffe8e7df5005b5644d517c,derived_or_unknown,stage10,unresolved_pending_registry_link
results/stage10/pairwise_head_interactions/subset_26_24/patching_summary.json,True,1236,e6eeaf8ec6a86cf136e146c2b095971707eebf681bd9cae054e051e7826c460f,summary,stage10,unresolved_pending_registry_link
results/stage10/pairwise_head_interactions/subset_26_24/run_causal_patching_events.jsonl,True,8252,e664c05bda04c8ba03cf45a1bcbce38138fe25e225c9f59475ccdec4ce87a849,run_log,stage10,unresolved_pending_registry_link
results/stage10/pairwise_head_interactions/subset_26_24_11/patching_family_heatmap.png,True,119073,eb2606235235e37b183f7a4d24e1eee852c499d5792f5031dad9492cbce67015,figure,stage10,unresolved_pending_registry_link
results/stage10/pairwise_head_interactions/subset_26_24_11/patching_layer_curve.png,True,49833,19fff8050153e7137902e2290eec15ed9869c26044a646e18d36f3221b8d3e81,figure,stage10,unresolved_pending_registry_link
results/stage10/pairwise_head_interactions/subset_26_24_11/patching_results.csv,True,2209,1553f6979e59f72cc2939d03f8fe0f60fbc8494da37ca8d370c2851ffef353c5,derived_or_unknown,stage10,unresolved_pending_registry_link
results/stage10/pairwise_head_interactions/subset_26_24_11/patching_summary.json,True,1330,144caf694cb1b84a81e2b1bc3db9d6b322449c7c7e2cc0391323d9530b3c099c,summary,stage10,unresolved_pending_registry_link
results/stage10/pairwise_head_interactions/subset_26_24_11/run_causal_patching_events.jsonl,True,8259,2cf957b7f9f5733fab975ad4015b38494d582b51d58c46a299ea75e80f560fc4,run_log,stage10,unresolved_pending_registry_link
results/stage10/pairwise_head_interactions/subset_26_24_13/patching_family_heatmap.png,True,119360,d3290d6ee8d9877e2aa70846e02d704b9a13ac25cfa2d4c30a7b419af21e2f64,figure,stage10,unresolved_pending_registry_link
results/stage10/pairwise_head_interactions/subset_26_24_13/patching_layer_curve.png,True,52087,ea072805d2b3dbf493844e933b638c0f82d96f1c2592209323b72614b9158ff8,figure,stage10,unresolved_pending_registry_link
results/stage10/pairwise_head_interactions/subset_26_24_13/patching_results.csv,True,2240,603d6b2e5e0da567a368a85d4b93b6ab3becfd2dbeb13d14d2b158d77468725a,derived_or_unknown,stage10,unresolved_pending_registry_link
results/stage10/pairwise_head_interactions/subset_26_24_13/patching_summary.json,True,1067,04df2c07686217bd0cc91f3d5f2ffb8a923fea938fda06aff3941236da68d9ed,summary,stage10,unresolved_pending_registry_link
results/stage10/pairwise_head_interactions/subset_26_24_13/run_causal_patching_events.jsonl,True,8260,093cbd1914a3289df1cf0295de46e28e42b7a185ae86efb670150b05d26f3783,run_log,stage10,unresolved_pending_registry_link
results/stage10/pairwise_head_interactions/subset_26_24_13_11/patching_family_heatmap.png,True,119061,2a3a195f0d6c7a8571ac2af46cba85f5d8b31d51e1125c46f958bc7a47882262,figure,stage10,unresolved_pending_registry_link
results/stage10/pairwise_head_interactions/subset_26_24_13_11/patching_layer_curve.png,True,50767,e2c74172e9904f2a8f5a4a197fac9bb8979b7e4d5d7e0d0159c5a6a55fe446b4,figure,stage10,unresolved_pending_registry_link
results/stage10/pairwise_head_interactions/subset_26_24_13_11/patching_results.csv,True,2301,8d182a3889e647cdc7ea645979b41db4d56d2e45e6ed1d0bb0cc6867acee969d,derived_or_unknown,stage10,unresolved_pending_registry_link
results/stage10/pairwise_head_interactions/subset_26_24_13_11/patching_summary.json,True,1336,c5dd6007ceb0707dc46a6db5174b5156018979d51a861749679fb0d25a25054d,summary,stage10,unresolved_pending_registry_link
results/stage10/pairwise_head_interactions/subset_26_24_13_11/run_causal_patching_events.jsonl,True,8266,378ba4c13d4f70f4c73a9508daa595c4fd565e47afcaa525d3ee7e5f941f22bc,run_log,stage10,unresolved_pending_registry_link
results/stage10/per_cue_probe_comparison.json,True,3148,e488f57e53b47034e53524917cb0f58033ce4d602198dcd8a2f415dec9e8eda9,derived_or_unknown,stage10,unresolved_pending_registry_link
results/stage10/per_variant_probe_sweep/layer_auroc_per_variant.json,True,2706,3d7a181dc9b2f2930ecedf28122d466975e262dfa59b08cfda3c22123ae82620,summary,stage10,unresolved_pending_registry_link
results/stage10/per_variant_probe_sweep/loo_predictions_per_variant.json,True,78391,2a37aebb1c79374474aa9a06073f5a9b1875fe3b3be06d9e3300c50438de4160,derived_or_unknown,stage10,unresolved_pending_registry_link
results/stage10/per_variant_probe_sweep/run_per_variant_probe_sweep_events.jsonl,True,522,7c0f0c600527e12752d16c5c76079d067a5cc6baab4ad2aa204df0df819d5172,run_log,stage10,unresolved_pending_registry_link
results/stage10/per_variant_probe_sweep/summary_per_variant_sweep.json,True,309,5d4a91127e15a809a7d2b5805b81ecbfa3d533ed052dca87f74fe9f2728c8e76,summary,stage10,unresolved_pending_registry_link
results/stage10/probe_direction_cosine/probe_direction_cosine.json,True,1892,77fcb47da4b478ce7cce81b6d74ee495576998c1dd89d33cafd61cdd29b42dac,derived_or_unknown,stage10,unresolved_pending_registry_link
results/stage10/random_site_control/patching_family_heatmap.png,True,124535,ea22c1cff7d11c36b31a4f2a871eb81f372474f73ac9957cd9aee96809544a48,figure,stage10,unresolved_pending_registry_link
results/stage10/random_site_control/patching_layer_curve.png,True,73386,883aac15293d196a96ea38f69e9bf89458fc06e89c995fed97eb25fdba7784a2,figure,stage10,unresolved_pending_registry_link
results/stage10/random_site_control/patching_results.csv,True,13055,a774f42a96377ce4a7135d505520e6f0a73e9f90ae9b6b961fdf1bbfbc4d1051,derived_or_unknown,stage10,unresolved_pending_registry_link
results/stage10/random_site_control/patching_summary.json,True,1880,7022c8a86a4019fe570e8f84fc2e9fa09867ae75f8b9feab373cd930a3645031,summary,stage10,unresolved_pending_registry_link
results/stage10/random_site_control/run_causal_patching_events.jsonl,True,8285,43aaaa65699f062c37fbb2fe060826d581ad6bbb0b6790982af3d257b7c2bc30,run_log,stage10,unresolved_pending_registry_link
results/stage10/same_answer_donor/run_causal_patching_events.jsonl,True,476,636cc198903206344ac6ac3c86aa97829076c4dd57a39a98bbe2858c2b980e68,run_log,stage10,unresolved_pending_registry_link
results/stage10/same_answer_donor/same_answer_donor_results.csv,True,1825,fcbb1a1b16b705ba8c324f9a8517c714b7b73e56264b498897c6084a0d519396,derived_or_unknown,stage10,unresolved_pending_registry_link
results/stage10/same_answer_donor/same_answer_donor_summary.json,True,228,0e9782c47f8a4a3eb7cfccc8a63260967baf94cf6895916e5f240c98839c6b29,summary,stage10,unresolved_pending_registry_link
results/stage10/stable_donor/run_causal_patching_events.jsonl,True,365,e96b0d5cb6b349870d8d5127b4590c4f750f11131481ae84dc97926f733f593c,run_log,stage10,unresolved_pending_registry_link
results/stage10/stable_donor/stable_donor_results.csv,True,3697,69bde11e16188c2565b22747848f51315d77ce82e128db43127940d46c8be049,derived_or_unknown,stage10,unresolved_pending_registry_link
results/stage10/stable_donor/stable_donor_summary.json,True,123,ed24d231925a78981da3a9eadd3eb6359e599ebe2d68df97831a7f74a7401bc1,summary,stage10,unresolved_pending_registry_link
results/stage11/behavioural_expansion/family_summaries.jsonl,True,6579,1091509f360aa10cd2913cd658326277e7b2e1552ed21d983b19b44efaf074f4,raw_or_record,stage11,unresolved_pending_registry_link
results/stage11/behavioural_expansion/per_family_summary.csv,True,1351,ef6161de5431e647ed7cc0f4fc94d820a0dd1eae87ca59e8a455703a8710bb3b,summary,stage11,unresolved_pending_registry_link
results/stage11/behavioural_expansion/prompt_records.jsonl,True,43731,89e84448de79bb54314e5eba4e3ab2373b6317d9849c470a162b7d497030708b,raw_or_record,stage11,unresolved_pending_registry_link
results/stage11/behavioural_expansion/qwen_primary_20260620T084819Z.jsonl,True,50310,3d48085aaf67c72e461586a32e4656685b9221393d202807232135c4a05cc922,raw_or_record,stage11,unresolved_pending_registry_link
results/stage11/behavioural_expansion/run_behavioural_events.jsonl,True,34611,043f5d04bbe587ab2eb46b20a8fc28ebfe4d6d016ac9dbba367d7680e56287bb,run_log,stage11,unresolved_pending_registry_link
results/stage11/behavioural_expansion/summary.json,True,350,065113c30af2dcf8b1b41311bba2a2ac04ab10d950617812eca620b7ba17805c,summary,stage11,unresolved_pending_registry_link
results/stage11/science/cross_cue_transfer/cross_cue_transfer_summary.json,True,489,80cb5e030480b59b7b91f25d2b9ed66d84841f1a8f25f37d6f1b864f5f1c177a,summary,stage11,unresolved_pending_registry_link
results/stage11/science/cross_cue_transfer/cue_a_weight_vector_layer16.npy,True,28800,1c8a49bf440956be7b9d1c94bca165912347c36436cfa0bf451329e47f1f24e5,derived_or_unknown,stage11,unresolved_pending_registry_link
results/stage11/science/cross_cue_transfer/cue_b_weight_vector_layer16.npy,True,28800,30b67bcdf55d807f2412aa0675606319a4c4d6281c0df1e960539a15fae17fda,derived_or_unknown,stage11,unresolved_pending_registry_link
results/stage11/science/cue_c_circuit/combined_cuec_manifest.json,True,22950,c75e04b0e9c929b7215ecfb59a9b8927e2ab11998448176cf1107d4d108ebb15,derived_or_unknown,stage11,unresolved_pending_registry_link
results/stage11/science/cue_c_circuit/combined_cuec_positive_families.json,True,243,a36afb1c381b21280f824e85a0674a7a3b5af2920dea97eb4406de281a19f6d3,derived_or_unknown,stage11,unresolved_pending_registry_link
results/stage11/science/cue_c_circuit/cuec_behavioural_merged.jsonl,True,47993,05b4f7bf74debf62f524378dde32a79dee2868cf2ce99809025f36b8b07d2453,raw_or_record,stage11,unresolved_pending_registry_link
results/stage11/science/cue_c_circuit/cuec_probe_sweep/layer_auroc_per_variant.json,True,2620,12ddd20b7c9cb243ff929bbd6a9f5c5c385244b7ad328e2f8a54e22f2c38ea0a,summary,stage11,unresolved_pending_registry_link
results/stage11/science/cue_c_circuit/cuec_probe_sweep/loo_predictions_per_variant.json,True,7947,8563c271f0e0eadd405403aeab45731b8a20b875bd3dd3355a1aa6ca52977821,derived_or_unknown,stage11,unresolved_pending_registry_link
results/stage11/science/cue_c_circuit/cuec_probe_sweep/run_per_variant_probe_sweep_events.jsonl,True,522,55d0ffd7cd41f3c70a35dc38ae99ad3412713e0acb55f24ec669b3e28448ca5d,run_log,stage11,unresolved_pending_registry_link
results/stage11/science/cue_c_circuit/cuec_probe_sweep/summary_per_variant_sweep.json,True,309,8fe48c94483252dddd5d50cd442ae6a99ef2c2bf77b4cf6bd7f8bc949585a264,summary,stage11,unresolved_pending_registry_link
results/stage11/science/cue_c_circuit/expansion_cuec_manifest.json,True,14932,d1c1cea88fd13afe88754a9ac0fc608e4964fc7974e4e3a33d7978519e67aae5,derived_or_unknown,stage11,unresolved_pending_registry_link
results/stage11/science/cue_c_circuit/expansion_cuec_positive_families.json,True,163,a6a5c7944abd45e6382123a0485b349c5f069dfd45db7e83dd94f20067c16ab2,derived_or_unknown,stage11,unresolved_pending_registry_link
results/stage11/science/cue_c_circuit/h11_h13_knockout/patching_family_heatmap.png,True,79462,5cdc8308c9b05b74009012e9ff223a9fe5eebcf3c2aa87bde10bf52890233739,figure,stage11,unresolved_pending_registry_link
results/stage11/science/cue_c_circuit/h11_h13_knockout/patching_layer_curve.png,True,50361,13d65a08e28bc3786d7ca3191cda3d61318894c3a0cb4eeb7c0355e486996a22,figure,stage11,unresolved_pending_registry_link
results/stage11/science/cue_c_circuit/h11_h13_knockout/patching_results.csv,True,1362,47aa4ffc30b94e1d86d943b0804e2182f2228448db0b8c597e79467d7246804d,derived_or_unknown,stage11,unresolved_pending_registry_link
results/stage11/science/cue_c_circuit/h11_h13_knockout/patching_summary.json,True,839,3fcc09b2c345d44920785aece948759687f0599cba44b2642dd69d25dbbd890d,summary,stage11,unresolved_pending_registry_link
results/stage11/science/cue_c_circuit/h11_h13_knockout/run_causal_patching_events.jsonl,True,5283,93f78e688a2b7e5d96a8025a5e50c8bc2f3b000adc1549315a4224664043f46d,run_log,stage11,unresolved_pending_registry_link
results/stage11/science/cue_c_circuit/h11_knockout/patching_family_heatmap.png,True,79469,5d7916130fd2f6539c852ec5c4a3de6fa650d1f83a01ff055e88d86e6cce8068,figure,stage11,unresolved_pending_registry_link
results/stage11/science/cue_c_circuit/h11_knockout/patching_layer_curve.png,True,47922,8c1440671d1901d6f7f1ff7c45996aeea7809eaa161de1f63e4621fee435ab3e,figure,stage11,unresolved_pending_registry_link
results/stage11/science/cue_c_circuit/h11_knockout/patching_results.csv,True,1322,7783e2a0486c7e95f95a4a6775b8119d9d7d781c74976640ace784ee762ffbf8,derived_or_unknown,stage11,unresolved_pending_registry_link
results/stage11/science/cue_c_circuit/h11_knockout/patching_summary.json,True,861,78ad286b58ce8c03e25d060f3fa28e412263a8fa7582cddc554c34b9398265d6,summary,stage11,unresolved_pending_registry_link
results/stage11/science/cue_c_circuit/h11_knockout/run_causal_patching_events.jsonl,True,5271,e9dc85dbd963464b892094fcf0e1895ea4022a0c291be7e212c89513cf95875e,run_log,stage11,unresolved_pending_registry_link
results/stage11/science/cue_c_circuit/heldout_inference/family_mean_predictions.json,True,916,dcd3d8612fa62193d30f15caa7d8bf2a805dd21da58e94d8ba61e4ba40d8425f,derived_or_unknown,stage11,unresolved_pending_registry_link
results/stage11/science/cue_c_circuit/heldout_inference/per_variant_predictions.json,True,4914,94b8472665d178dea64e03da68e658b35c976bf2f28a463dd4d06f78008fd135,derived_or_unknown,stage11,unresolved_pending_registry_link
results/stage11/science/cue_c_circuit/heldout_inference/summary.json,True,288,aa4b93722a1e3b58bccb49bb7eb4d5efa69fa30413f29566870a79a1fddbb0ed,summary,stage11,unresolved_pending_registry_link
results/stage11/science/cue_c_circuit/rendered_merged/CM_C_001.json,True,1310,d51d8c099a837368f1d224f0a9eca5dc90532dab79e7ccab9556cf0de8cfa405,derived_or_unknown,stage11,unresolved_pending_registry_link
results/stage11/science/cue_c_circuit/rendered_merged/CM_C_002.json,True,1297,579b7b90d10ab4c5f40998ef9a55c51d336950023fa74cce7f3b0d15ecbf40ff,derived_or_unknown,stage11,unresolved_pending_registry_link
results/stage11/science/cue_c_circuit/rendered_merged/CM_C_003.json,True,1197,84e47b69827b811cf0e5ad9d54d6f5fc15df2760237d3cb6cb55d34eece308fd,derived_or_unknown,stage11,unresolved_pending_registry_link
results/stage11/science/cue_c_circuit/rendered_merged/CM_C_004.json,True,1179,3e4d54a1ed7b2a54c8e1b108beb2ca7c34fa90f4f8ecb926a7e85d237e0a9f22,derived_or_unknown,stage11,unresolved_pending_registry_link
results/stage11/science/cue_c_circuit/rendered_merged/CM_C_005.json,True,1352,b3759d834a7413e075c4c073aa3e9a6c93a103b66b85593aac5bf6290fc3dd0a,derived_or_unknown,stage11,unresolved_pending_registry_link
results/stage11/science/cue_c_circuit/rendered_merged/CM_C_006.json,True,1236,9fb5486c0c320df05397c4444f78495b0aadbeffecdd29afae0c2de458dbd849,derived_or_unknown,stage11,unresolved_pending_registry_link
results/stage11/science/cue_c_circuit/rendered_merged/CM_C_007.json,True,1394,55e18f21834f1420aa19a44064ce887718a60fa59d85cb25614e843138ce21d0,derived_or_unknown,stage11,unresolved_pending_registry_link
results/stage11/science/cue_c_circuit/rendered_merged/CM_C_008.json,True,1251,c454baf6a306f643d345b9348c236a2748f2af21312b17fc87d4ddcbacd778ae,derived_or_unknown,stage11,unresolved_pending_registry_link
results/stage11/science/cue_c_circuit/rendered_merged/CM_C_009.json,True,1125,3d7644561a061951d5bf7dd3f0b8c0c7f843b6a1c654cb7e76429694a33f6416,derived_or_unknown,stage11,unresolved_pending_registry_link
results/stage11/science/cue_c_circuit/rendered_merged/CM_C_010.json,True,1195,40810913db4129cd4a9f3a1a1c7de53a5397d6c754d1dc87cb82bcae01ca491a,derived_or_unknown,stage11,unresolved_pending_registry_link
results/stage11/science/cue_c_circuit/rendered_merged/CM_C_011.json,True,1251,d6b4e5af48f913486d4b4fd2f2693b07ee2264ec34d01b1d22ffbfa0f32b19c3,derived_or_unknown,stage11,unresolved_pending_registry_link
results/stage11/science/cue_c_circuit/rendered_merged/CM_C_012.json,True,1294,c66bcb4746446af4981f7041522e8faa9f84926126d2e9747872ea589c14b0fb,derived_or_unknown,stage11,unresolved_pending_registry_link
results/stage11/science/cue_c_circuit/rendered_merged/CM_C_013.json,True,1396,60f4d1cf658382ea65ed86c2ffee16d4a7fd5c42d6e339d3d9cd980043e82c78,derived_or_unknown,stage11,unresolved_pending_registry_link
results/stage11/science/cue_c_circuit/rendered_merged/CM_C_014.json,True,1374,3b0773d2edbe7ac9f4d6d0722d5b67d01a5fd77956d226f97fdc51fa88162e99,derived_or_unknown,stage11,unresolved_pending_registry_link
results/stage11/science/cue_c_circuit/rendered_merged/CM_C_015.json,True,1260,fc30075ecd877d85817fc2c8d662f6b07d75699d1e098db4bcba71f00dcdf8c3,derived_or_unknown,stage11,unresolved_pending_registry_link
results/stage11/science/cue_c_circuit/valid_new_cuec_families.json,True,166,a47258c05eeb143b55d99e24aee9c6fad6d64f274ef31c881a5c88a72000441e,derived_or_unknown,stage11,unresolved_pending_registry_link
results/stage11/science/deepseek_single_heads/deepseek_valid_subset_summary.json,True,1898,0f050bed930203037dcb83c412e047b4bc897681ccc08ad985fb0910acf9abed,summary,stage11,unresolved_pending_registry_link
results/stage11/science/deepseek_single_heads/head_20/patching_family_heatmap.png,True,119259,c443a06452cbf380f4c2e601ede93f5a783555b397b131017d95fd21bc589213,figure,stage11,unresolved_pending_registry_link
results/stage11/science/deepseek_single_heads/head_20/patching_layer_curve.png,True,52580,55a631984a89420ee2ef96cc5ce74469c8c6630b6d15622d4416444def13a1cd,figure,stage11,unresolved_pending_registry_link
results/stage11/science/deepseek_single_heads/head_20/patching_results.csv,True,2036,0262bc4ff4dd10b546164f8245b4682da8692e63e390d82674861b795a607d64,derived_or_unknown,stage11,unresolved_pending_registry_link
results/stage11/science/deepseek_single_heads/head_20/patching_summary.json,True,1301,d670c0af173c9e1380f35b88f1b215edec62d266dce5894d0ee622c911152b0b,summary,stage11,unresolved_pending_registry_link
results/stage11/science/deepseek_single_heads/head_20/run_causal_patching_events.jsonl,True,8645,820f4ee549214a87ce256c9b3df995f40d436151f8282862ed47ae199e84c3cf,run_log,stage11,unresolved_pending_registry_link
results/stage11/science/deepseek_single_heads/head_26/patching_family_heatmap.png,True,119250,2aaa29d54c183ef9d197e43c392d36797001abf86ad377abfe7b48023e02d63b,figure,stage11,unresolved_pending_registry_link
results/stage11/science/deepseek_single_heads/head_26/patching_layer_curve.png,True,52373,1df732a912e1351923ff0c30f46a2fe89e6d79b2a6604ab3a4b160a2e51684ad,figure,stage11,unresolved_pending_registry_link
results/stage11/science/deepseek_single_heads/head_26/patching_results.csv,True,2035,ed40fc8264ee1f412a077bffc44b3fa0fd8ebd92586df714a11df99d74ce4b50,derived_or_unknown,stage11,unresolved_pending_registry_link
results/stage11/science/deepseek_single_heads/head_26/patching_summary.json,True,1284,4ec3ddd8fbed89601d12aaa1d3a98f2314f62be78eebdd5d59e7bd31b0fe7d8e,summary,stage11,unresolved_pending_registry_link
results/stage11/science/deepseek_single_heads/head_26/run_causal_patching_events.jsonl,True,8644,dd5d4b02b6635e8ac663dee45d216b4a496d286600ad7a1de43690adf749375b,run_log,stage11,unresolved_pending_registry_link
results/stage11/science/h11_layer_sweep/patching_family_heatmap.png,True,129161,0b56ad562cba22f398c33f1cb2fc7e56d636aae283e8be50fef29f01a7ea1b14,figure,stage11,unresolved_pending_registry_link
results/stage11/science/h11_layer_sweep/patching_layer_curve.png,True,73205,be6c15ea530e2b5f8675cacf7e67e697bd8d5919eb9a0ba0059a23d72c5ea541,figure,stage11,unresolved_pending_registry_link
results/stage11/science/h11_layer_sweep/patching_results.csv,True,25794,a522af944723f6f826293ce0231fcde87e97e7532007c1bbf9da34923dc2e45e,derived_or_unknown,stage11,unresolved_pending_registry_link
results/stage11/science/h11_layer_sweep/patching_summary.json,True,3161,360943b434a7426166e995a1cdf7ee8d517392949d3906a5adad6a4f3ecefe92,summary,stage11,unresolved_pending_registry_link
results/stage11/science/h11_layer_sweep/run_causal_patching_events.jsonl,True,8287,00df76a0ccf111e1d55f956cc82a08f0a6a245716cf0d30f6564fe641b5e785a,run_log,stage11,unresolved_pending_registry_link
results/stage11/science/h11_mechanism/h11_output_cosine_per_family.json,True,26633,b9055064a02f584dff8f6e1a1f85a898d4947da53344b221876ebb4155207128,derived_or_unknown,stage11,unresolved_pending_registry_link
results/stage11/science/h11_mechanism/h11_output_cosine_summary.json,True,1583,fcfece2d4940197fa23c5d0756e543ba31096e0af432e6a38dff59f548f0010a,summary,stage11,unresolved_pending_registry_link
results/stage11/science/h11_mechanism/head_output_probe_predictions.json,True,361438,18a01fa996bd058275a33b890a88b01cdb11d8e06e5b108089bf1bb6f5492fd5,derived_or_unknown,stage11,unresolved_pending_registry_link
results/stage11/science/h11_mechanism/head_output_probe_summary.json,True,842,f1e065bab6b53c462830fbe91c0eeb3b1b70906aeb9763b9d9561ec06b47ad2f,summary,stage11,unresolved_pending_registry_link
results/stage11/science/h24_inhibitory/h11_h24_combo/patching_family_heatmap.png,True,119137,de4ec6396cfa11f5a1b0410a48b2cf0384887022d8b795cb47d710dc45df870c,figure,stage11,unresolved_pending_registry_link
results/stage11/science/h24_inhibitory/h11_h24_combo/patching_layer_curve.png,True,49937,31fba2128abf22b2330120bbd8b749e531b1e13cf862fc8e991c22bc3f1d8746,figure,stage11,unresolved_pending_registry_link
results/stage11/science/h24_inhibitory/h11_h24_combo/patching_results.csv,True,2189,8f3dfa27f2fa1e632a6628ff3af7ddd7b0526019770ec6db69a34e2555dde699,derived_or_unknown,stage11,unresolved_pending_registry_link
results/stage11/science/h24_inhibitory/h11_h24_combo/patching_summary.json,True,1320,a0389152882dd6e5f0f9ef48ccab0d1d09fffb991122c807e6197c194d98b919,summary,stage11,unresolved_pending_registry_link
results/stage11/science/h24_inhibitory/h11_h24_combo/run_causal_patching_events.jsonl,True,8250,0a5ab8c412ffebfaded6d49cef90741853552f9f32a3f55fbbed970755367f5f,run_log,stage11,unresolved_pending_registry_link
results/stage11/science/h24_inhibitory/head24_layer_sweep/patching_family_heatmap.png,True,125434,d5280a2e844d983b691a7c510b547252027612857915a550fea6646de5b379f8,figure,stage11,unresolved_pending_registry_link
results/stage11/science/h24_inhibitory/head24_layer_sweep/patching_layer_curve.png,True,82539,cb9d99b6f549277fad7acfaf4fdd5d6349f2cd252f0944956a4b21047c2a6390,figure,stage11,unresolved_pending_registry_link
results/stage11/science/h24_inhibitory/head24_layer_sweep/patching_results.csv,True,13927,ed7613cca18ad453d30c13813a33c33c3d38ef4f65da1d8ce8780a141a56412f,derived_or_unknown,stage11,unresolved_pending_registry_link
results/stage11/science/h24_inhibitory/head24_layer_sweep/patching_summary.json,True,2046,f2a4c998b30f3783f7975872edebee17c9a50177bd2fd6cf9a5e11763b1adb05,summary,stage11,unresolved_pending_registry_link
results/stage11/science/h24_inhibitory/head24_layer_sweep/run_causal_patching_events.jsonl,True,8262,b0b75143ae1401c08553997d7e1b7fc42ffa2ec204803425f93927c8533107bd,run_log,stage11,unresolved_pending_registry_link
results/stage11/science/latent_family_geometry/latent_family_geometry.json,True,53044,68a43404f635fcdf376c1d1eedc0c58026d50d1e26bbe133f072776e1bf07e2e,derived_or_unknown,stage11,unresolved_pending_registry_link
results/stage11/science/precursor_characterisation/per_variant_predictions.json,True,2189227,cd273b967749682af0a3c0f43a6dd7996b501832a029060ba850d1dd77ec8c9f,derived_or_unknown,stage11,unresolved_pending_registry_link
results/stage11/science/precursor_characterisation/prompt_condition_layer_sweep.json,True,14263,77fc171bfb3ea570395eb02bedb99f0c757d862ab7baf4340c0ed20ed971b59d,derived_or_unknown,stage11,unresolved_pending_registry_link
results/stage11/science/precursor_characterisation/prompt_condition_probe_summary.json,True,266,32bbc68298eb18249d47896e82c8407a4c002c7b5155655e2854e94f2c9caa71,summary,stage11,unresolved_pending_registry_link
results/stage11/science/precursor_characterisation/run_prompt_condition_probe_events.jsonl,True,388,11ae8a89d2d0bb57e5a1c1cb1ec4a0ddfb7dd1122930ff36d9ea73c37bab3e80,run_log,stage11,unresolved_pending_registry_link
results/stage11/science/proximity_gradient/proximity_gradient_summary.json,True,27664,aa8a81e3b69356ce4cfce2f8e20e44b0d9a27246ca79e1293ac59c43e98ee57c,summary,stage11,unresolved_pending_registry_link
results/stage11/science/proximity_gradient/proximity_vs_slp.png,True,45665,3f0e019daf37d774b3f3236af6c317bcbc916215933dbf29bd0262eb50d91c0d,figure,stage11,unresolved_pending_registry_link
results/stage11/science/variable_renaming/h11_knockout/patching_family_heatmap.png,True,94874,8f3038369a543ae2514eab1065673e8d79bb95f7ed2b82c39ad286e911e18001,figure,stage11,unresolved_pending_registry_link
results/stage11/science/variable_renaming/h11_knockout/patching_layer_curve.png,True,42676,0843b436ff461bacae88bfb87ce78eaf9171aabbe1acfd7169bb607000413340,figure,stage11,unresolved_pending_registry_link
results/stage11/science/variable_renaming/h11_knockout/patching_results.csv,True,1205,9c7274b6057ce39032b7e765aca6ee58499720a99eedf94119c6ff23f93f3a19,derived_or_unknown,stage11,unresolved_pending_registry_link
results/stage11/science/variable_renaming/h11_knockout/patching_summary.json,True,1052,2de65085d9601cb4e0869fe580b7489b200922756c436103f17b34153e703d99,summary,stage11,unresolved_pending_registry_link
results/stage11/science/variable_renaming/h11_knockout/run_causal_patching_events.jsonl,True,4634,2505171a5c9a29471cd3695e198373792eb94644b1448eba1e12add232da6e7a,run_log,stage11,unresolved_pending_registry_link
results/stage11/science/variable_renaming/probe_inference/family_mean_predictions.json,True,1143,790480f54bbad1b3af827bda652e1bada3ab2fffe3b765dccf5a54d1142a1656,derived_or_unknown,stage11,unresolved_pending_registry_link
results/stage11/science/variable_renaming/probe_inference/per_variant_predictions.json,True,6125,7b29b507b30364467b20504719d6de9c3996bb38855c6437d7e4d521608420c0,derived_or_unknown,stage11,unresolved_pending_registry_link
results/stage11/science/variable_renaming/probe_inference/summary.json,True,277,408d331a2465ff303b5146c59c3241725aaebf321f5ebf188ef760f040072cd0,summary,stage11,unresolved_pending_registry_link
results/stage11/variable_renaming/behavioural/analysis/per_family_summary.csv,True,1062,fbbe27743d995b1509c9a64c7dfd7bffcce94551c83d98f6491556a7af65b929,summary,stage11,unresolved_pending_registry_link
results/stage11/variable_renaming/behavioural/analysis/summary.json,True,408,9dd77256fa9fa4cae25c6bf47cd7c3fe3c49bcc315b55cb303f80f9214bb4034,summary,stage11,unresolved_pending_registry_link
results/stage11/variable_renaming/behavioural/family_summaries.jsonl,True,4631,1e1e675fc6a46d46ee2cea221b86b9d57a8ed0417c63852f03ff5e8e47228630,raw_or_record,stage11,unresolved_pending_registry_link
results/stage11/variable_renaming/behavioural/prompt_records.jsonl,True,35371,4d0203b5a1adb072ff2132d1a2f29aa9948aba67fdf80c0bea550e878a6b99de,raw_or_record,stage11,unresolved_pending_registry_link
results/stage11/variable_renaming/behavioural/qwen_primary_20260620T105904Z.jsonl,True,40002,06e195efffac1bf92bb8ebed3bcc3a5e30d95be21fd385797b036d0a5b1fc4b7,raw_or_record,stage11,unresolved_pending_registry_link
results/stage11/variable_renaming/behavioural/run_behavioural_events.jsonl,True,24066,7ab294dd906641d6a1357fe3fddb1671dcbee0f7fb2a4c7366d74bc452a717e8,run_log,stage11,unresolved_pending_registry_link
results/stage11/variable_renaming/renamed_positive_families.json,True,386,55749c778ec263162d854212d081686d043d33b7053a04d11865d30406c5ae0e,derived_or_unknown,stage11,unresolved_pending_registry_link
results/stage11/variable_renaming/rendered/CM_B_STD_006_RENAME.json,True,2900,561a6ceecd43f04592e842644d304bdebec6b7e85391821afe8ef36557d3a477,derived_or_unknown,stage11,unresolved_pending_registry_link
results/stage11/variable_renaming/rendered/CM_B_STD_010_RENAME.json,True,3314,07e0cf7f387e45be91105c4c4d79d86d98024aca9aeffefd120690138f552d32,derived_or_unknown,stage11,unresolved_pending_registry_link
results/stage11/variable_renaming/rendered/CM_B_STD_011_RENAME.json,True,3176,bdffc7459d504dbee0f97c5ab22dcb46078cce1d6721bbbbe4047f0075eec122,derived_or_unknown,stage11,unresolved_pending_registry_link
results/stage11/variable_renaming/rendered/CM_B_STD_013_RENAME.json,True,3090,c1f25e1b7fb2dc5c9b0e5648caeacb66e661f1e5b9a19fc9ebef0bf9b3a08c4a,derived_or_unknown,stage11,unresolved_pending_registry_link
results/stage11/variable_renaming/rendered/CM_B_UM_009_RENAME.json,True,2638,add39156f56105a4ac9f62912748bf263c32af2e797ad3fd339e18d98144c8f7,derived_or_unknown,stage11,unresolved_pending_registry_link
results/stage11/variable_renaming/rendered/CM_B_UM_032_RENAME.json,True,2986,fec5d8f9ba53e2d374a9fde2b31b6c502f86bfdd6a019e875539a5f71bdae60c,derived_or_unknown,stage11,unresolved_pending_registry_link
results/stage11/variable_renaming/rendered/CM_B_UM_033_RENAME.json,True,2840,431bf15709616d9689a35b0433eae8190f2d9792e12fe885fc4e7b077370639d,derived_or_unknown,stage11,unresolved_pending_registry_link
results/stage11/variable_renaming/rendered/CM_B_UM_052_RENAME.json,True,2850,f81d4e87b837cb5e300a71b99fe5124138142aab55ec0c4bb3f492d03b0b1f26,derived_or_unknown,stage11,unresolved_pending_registry_link
results/stage11/variable_renaming/rendered/CM_B_UM_055_RENAME.json,True,2799,f13f99adad2f1247e569ea935cc49cf549be5e8e01ee0fb99dbb24da64266ef3,derived_or_unknown,stage11,unresolved_pending_registry_link
results/stage11/variable_renaming/rendered/CM_B_UM_059_RENAME.json,True,3221,9cbed1ccd529f46cacae30ce0286b8d60b7436248a470897076d30849ce2ee23,derived_or_unknown,stage11,unresolved_pending_registry_link
results/stage11/variable_renaming/rendered/renamed_manifest.json,True,1384,c6c13e2d4eddab30a2bbbdc2e13a50a1f36d50698c76bc5214b5aa61734a11a8,derived_or_unknown,stage11,unresolved_pending_registry_link
results/stage12/expanded_probe_training/combined_manifest.json,True,248101,e217fcb4c22e23aa5d2b36028e26fe1cf2bfddb335767ec3dba2516dd2f6af69,derived_or_unknown,stage12,unresolved_pending_registry_link
results/stage12/expanded_probe_training/combined_positive_families.json,True,1517,cf0f5ebb61a3f9ff159afe0b89e888cba407f5249218d46a67931dfc9521f5a9,derived_or_unknown,stage12,unresolved_pending_registry_link
results/stage12/expanded_probe_training/per_variant_sweep/layer_auroc_per_variant.json,True,2692,3ddd417925adfb666ead69f04b3d294a82361fbf332832b419a2c5a9fd68b3d4,summary,stage12,unresolved_pending_registry_link
results/stage12/expanded_probe_training/per_variant_sweep/loo_predictions_per_variant.json,True,86976,917b5ad4ff5f64785b4bddb260869bd8f9bdaabd0733a4c06be107b086367794,derived_or_unknown,stage12,unresolved_pending_registry_link
results/stage12/expanded_probe_training/per_variant_sweep/run_per_variant_probe_sweep_events.jsonl,True,523,c7f416a0545004786d4edc9408ecfa52883cd56048d129dee8c6f5ae7cacb56c,run_log,stage12,unresolved_pending_registry_link
results/stage12/expanded_probe_training/per_variant_sweep/summary_per_variant_sweep.json,True,310,994feffbf01a6abba32ceb4f0ed18e98060a9e60a549e2987e2c15d10bd46b2b,summary,stage12,unresolved_pending_registry_link
results/stage12/expansion_probe_inference/expansion_family_rows_snapshot.json,True,5100,c89718c2c8e7fbf1e215e2ccc4779feef6214a112a37b63ef0e1cfc6b2638ee5,derived_or_unknown,stage12,unresolved_pending_registry_link
results/stage12/expansion_probe_inference/expansion_positive_families.json,True,198,18caa7c0bb86dc929027b72a448377b3d0ade9add35e1b23a96fe837a8189293,derived_or_unknown,stage12,unresolved_pending_registry_link
results/stage12/expansion_probe_inference/family_mean_predictions.json,True,1555,c893923c15046dc2b0d984ae40dcb8f73d73e31eb27a8e5bf0ae13e64d3c23ef,derived_or_unknown,stage12,unresolved_pending_registry_link
results/stage12/expansion_probe_inference/per_variant_predictions.json,True,8382,088ca5d7cdd085587ea83cc82269faf9ddf6f120da98b7fb5e790dc2319ca1de,derived_or_unknown,stage12,unresolved_pending_registry_link
results/stage12/expansion_probe_inference/summary.json,True,289,4779725304a722f131468eea6e3eabe61603100b55c01c4efadf3dea509fb3de,summary,stage12,unresolved_pending_registry_link
results/stage12/llama_full_head_sweep/head_0/patching_family_heatmap.png,True,121770,ecad17da114ee6df4937d959a3e17bc3e8ecf08cb4d6562cefaaea5a3ff56a78,figure,stage12,unresolved_pending_registry_link
results/stage12/llama_full_head_sweep/head_0/patching_layer_curve.png,True,78641,819f1b0d57e5fcd3186870122fe197eee7effa78e884b70bea8640732f4a225f,figure,stage12,unresolved_pending_registry_link
results/stage12/llama_full_head_sweep/head_0/patching_results.csv,True,5852,366bc68ad76361ebfbe17aad9f51d104443f90197b12f4d45c7ea17c39d72f82,derived_or_unknown,stage12,unresolved_pending_registry_link
results/stage12/llama_full_head_sweep/head_0/patching_summary.json,True,1605,903b95c70d53bf4bd6770cbdd5a0c83c4f43b65fdcaab6b9294a9938d0880f3a,summary,stage12,unresolved_pending_registry_link
results/stage12/llama_full_head_sweep/head_0/run_causal_patching_events.jsonl,True,8429,3e724767e1d924118a0574edccd77dc20d89713bcee02268548ae20bad750e43,run_log,stage12,unresolved_pending_registry_link
results/stage12/llama_full_head_sweep/head_1/patching_family_heatmap.png,True,121756,93be359b66862ad6134833f0865e7d11fd39443d847b9dc9346862f1344d750e,figure,stage12,unresolved_pending_registry_link
results/stage12/llama_full_head_sweep/head_1/patching_layer_curve.png,True,74704,55a1348542f0d0517fde46f1f9dc956c3c3a78a2eef2dc5ccebef8fd218690c7,figure,stage12,unresolved_pending_registry_link
results/stage12/llama_full_head_sweep/head_1/patching_results.csv,True,5816,63141b2b4dda4eb78a7dbcaf83b97bcc8c6238308aee9f34d97969ccac3fb3d6,derived_or_unknown,stage12,unresolved_pending_registry_link
results/stage12/llama_full_head_sweep/head_1/patching_summary.json,True,1525,a98838a25a5a5f4f88b32ba51df07c8c093c7e72b412b24736de7b6b31a30289,summary,stage12,unresolved_pending_registry_link
results/stage12/llama_full_head_sweep/head_1/run_causal_patching_events.jsonl,True,8428,c643c41802c8b66a7924fb773bfcf27ec1e4a95595090be68d6791d097c45831,run_log,stage12,unresolved_pending_registry_link
results/stage12/llama_full_head_sweep/head_10/patching_family_heatmap.png,True,121846,6e516ff865d499acce8595858ec575bbe478df4c7486a37f3ce8b5cf4a3c9919,figure,stage12,unresolved_pending_registry_link
results/stage12/llama_full_head_sweep/head_10/patching_layer_curve.png,True,65036,6d801590606c2ef9b3e91545880ea89f0ad7e4de994d21f3e85383424d19d6dd,figure,stage12,unresolved_pending_registry_link
results/stage12/llama_full_head_sweep/head_10/patching_results.csv,True,5893,71f07081677df83b16b508f7ada86c22f14799a2adf75281d1a5d1202fe9b896,derived_or_unknown,stage12,unresolved_pending_registry_link
results/stage12/llama_full_head_sweep/head_10/patching_summary.json,True,1510,03c295c97c4fd4224cf3bd48cbdb7f4f8c23b7017c9826873cd41c52b2a2b4dd,summary,stage12,unresolved_pending_registry_link
results/stage12/llama_full_head_sweep/head_10/run_causal_patching_events.jsonl,True,8431,0906c30834f73bdeac1c969a187f093516dd49015d54d95210efb544f28e94bc,run_log,stage12,unresolved_pending_registry_link
results/stage12/llama_full_head_sweep/head_11/patching_family_heatmap.png,True,121728,2c56da9a0687db732e7af636a7f4bb2d7e7273f150b3083234758ece9c9116f1,figure,stage12,unresolved_pending_registry_link
results/stage12/llama_full_head_sweep/head_11/patching_layer_curve.png,True,75854,4fd8301b56d3ae102d1f600e4208a441efdb9da60aa1bc4ddaef26bbd222598f,figure,stage12,unresolved_pending_registry_link
results/stage12/llama_full_head_sweep/head_11/patching_results.csv,True,5957,ec64e93c6d80cc310416189f232e2f83ba8995ede93c94a56fb18795d2703589,derived_or_unknown,stage12,unresolved_pending_registry_link
results/stage12/llama_full_head_sweep/head_11/patching_summary.json,True,1551,3d70dddf4e224614ae5df3b0591b4931f8fcf05de7bc2c602da2909329a4c9f1,summary,stage12,unresolved_pending_registry_link
results/stage12/llama_full_head_sweep/head_11/run_causal_patching_events.jsonl,True,8432,9c42813918a5541541b3fdef1d0487cd88c71c548496121e1efaaac5cb2e7e1f,run_log,stage12,unresolved_pending_registry_link
results/stage12/llama_full_head_sweep/head_12/patching_family_heatmap.png,True,121880,ee6777d8ea6fd5e966704ed816651a0dc1e7b37e46a83c448dd4c8258b329df5,figure,stage12,unresolved_pending_registry_link
results/stage12/llama_full_head_sweep/head_12/patching_layer_curve.png,True,68997,ad88a38c806fd23fa572b997463aca4d64c3f6c697c308779e394f5bedd73872,figure,stage12,unresolved_pending_registry_link
results/stage12/llama_full_head_sweep/head_12/patching_results.csv,True,5931,585fefae324a1af036ebc7c8b87210dfa920b24059560dec1f8655a3ae2fdea3,derived_or_unknown,stage12,unresolved_pending_registry_link
results/stage12/llama_full_head_sweep/head_12/patching_summary.json,True,1464,c209ab13b088ee149aa5271623b11cef1de54f23f19adfaaced197ac38864aa4,summary,stage12,unresolved_pending_registry_link
results/stage12/llama_full_head_sweep/head_12/run_causal_patching_events.jsonl,True,8431,c14a1a6f4fd6f816ad60d51fb65f0bcafd6dc9dee7a328d83b83f8114b9b6fc6,run_log,stage12,unresolved_pending_registry_link
results/stage12/llama_full_head_sweep/head_13/patching_family_heatmap.png,True,121658,6e985b0b9ce32fe11a27ed39b3cd63bde12f4b8619976ed5ba20e886bfc97020,figure,stage12,unresolved_pending_registry_link
results/stage12/llama_full_head_sweep/head_13/patching_layer_curve.png,True,71206,0b56bf8fde4bc5a926dccda017339020eeecbd8d3c5faa149ab6093b633a99c1,figure,stage12,unresolved_pending_registry_link
results/stage12/llama_full_head_sweep/head_13/patching_results.csv,True,5902,ee95564dfbebdc6207dbcd2c7b37caf32aa149fc79191c3ee8b5ac573b14e7ca,derived_or_unknown,stage12,unresolved_pending_registry_link
results/stage12/llama_full_head_sweep/head_13/patching_summary.json,True,1530,477ed0aa2deab8bb1a3b2d033b324a12b3de6c04a265d37f7425d134993a1d14,summary,stage12,unresolved_pending_registry_link
results/stage12/llama_full_head_sweep/head_13/run_causal_patching_events.jsonl,True,8432,3a8dbc3ca86defb4bdc316d2bec1ae2d2513b014b9d3e5110d892d0f1e782d59,run_log,stage12,unresolved_pending_registry_link
results/stage12/llama_full_head_sweep/head_14/patching_family_heatmap.png,True,121889,7f242ea325890b38e91eefb1670cd48d98b4cc423e12acc754badc02ff3d3ff6,figure,stage12,unresolved_pending_registry_link
results/stage12/llama_full_head_sweep/head_14/patching_layer_curve.png,True,68124,fc27c57c0d8f47facf026052202f818bbcc555de6ba9e347c457e476d1112271,figure,stage12,unresolved_pending_registry_link
results/stage12/llama_full_head_sweep/head_14/patching_results.csv,True,5919,e39b96725642279ab45235e28b875148da619fe0e04ee34f6ccb73e62e6eca72,derived_or_unknown,stage12,unresolved_pending_registry_link
results/stage12/llama_full_head_sweep/head_14/patching_summary.json,True,1551,3753c86dc70156546eb98bcb310b6bf11ccfcd60b28fa2931b509ba97541b3e7,summary,stage12,unresolved_pending_registry_link
results/stage12/llama_full_head_sweep/head_14/run_causal_patching_events.jsonl,True,8433,8c9ec71e33095e07523f66c3da737ef0a0afe60af7db8a805d66404127c5e60f,run_log,stage12,unresolved_pending_registry_link
results/stage12/llama_full_head_sweep/head_15/patching_family_heatmap.png,True,121895,e930499ca19b14c4e3c8f3257812a926eccd326c98332e47c7f8ca1373524052,figure,stage12,unresolved_pending_registry_link
results/stage12/llama_full_head_sweep/head_15/patching_layer_curve.png,True,77602,a7d9a998f13afb7805da090ed3ca1bd2d267275bfc1291dc769b75c37bd1b4f7,figure,stage12,unresolved_pending_registry_link
results/stage12/llama_full_head_sweep/head_15/patching_results.csv,True,5932,7a05ee3c89e31e89d376ff89a6e44d6407753ee96f05854565a721cbaaa11a62,derived_or_unknown,stage12,unresolved_pending_registry_link
results/stage12/llama_full_head_sweep/head_15/patching_summary.json,True,1511,7e274d0714daa261872429de5deecbe552aa8b28e1872345c1aeee6a66b1ec16,summary,stage12,unresolved_pending_registry_link
results/stage12/llama_full_head_sweep/head_15/run_causal_patching_events.jsonl,True,8433,129a5c3007dac2eb39f44d322cc6d1641a7df2c913d189d3e0f3f65bfdec84c0,run_log,stage12,unresolved_pending_registry_link
results/stage12/llama_full_head_sweep/head_16/patching_family_heatmap.png,True,121836,4bb34053a878bd7accbbb77ad37b53dcd21c54b20540d048a6c1e53eeef550d5,figure,stage12,unresolved_pending_registry_link
results/stage12/llama_full_head_sweep/head_16/patching_layer_curve.png,True,70765,10c6573958d6d61b7c12ffde31eb272f8985111bc9bc6304da8e2841d7eab15d,figure,stage12,unresolved_pending_registry_link
results/stage12/llama_full_head_sweep/head_16/patching_results.csv,True,5882,2232086120974ea65aeb14f5279bfa2a527fe3197e52d147df7600492404c871,derived_or_unknown,stage12,unresolved_pending_registry_link
results/stage12/llama_full_head_sweep/head_16/patching_summary.json,True,1588,2d356fd32a397866c8dbb391505d9c90db8e75ee3220977385675600a67e7d47,summary,stage12,unresolved_pending_registry_link
results/stage12/llama_full_head_sweep/head_16/run_causal_patching_events.jsonl,True,8433,b880d5ee5b839f5883c94b0202edcdc77e55c981761b37b9697895a904075e74,run_log,stage12,unresolved_pending_registry_link
results/stage12/llama_full_head_sweep/head_17/patching_family_heatmap.png,True,121687,c530af3f4e65434532346017e565f27b6d76b479b827281ec0407ffdbd18ae89,figure,stage12,unresolved_pending_registry_link
results/stage12/llama_full_head_sweep/head_17/patching_layer_curve.png,True,79308,7d60e39725568d4b8c4f0b86a55dd9f84f653662960d397c21bdd0fc00b30fe5,figure,stage12,unresolved_pending_registry_link
results/stage12/llama_full_head_sweep/head_17/patching_results.csv,True,5919,f3270ef8e1a7d50ff1cfeff5f2d90f5a026277e56c397b491527a0df01a33af9,derived_or_unknown,stage12,unresolved_pending_registry_link
results/stage12/llama_full_head_sweep/head_17/patching_summary.json,True,1497,16da5b7b59d8fb219188ea76b8bfbf7bff9e7b08f0160be5db7842e8dc1ca45b,summary,stage12,unresolved_pending_registry_link
results/stage12/llama_full_head_sweep/head_17/run_causal_patching_events.jsonl,True,8433,52b8a7c985bf51bf5db38c7d35abf8ba1f433e5f73e750be132976539576c5a6,run_log,stage12,unresolved_pending_registry_link
results/stage12/llama_full_head_sweep/head_18/patching_family_heatmap.png,True,121712,83b06ca6ce4b37349ce840d500eeaf07346784d3ec2f9249b164b0ffb8b42421,figure,stage12,unresolved_pending_registry_link
results/stage12/llama_full_head_sweep/head_18/patching_layer_curve.png,True,70458,fea5b1221d3b5b57043fdf30b7152fbde0d49fa972ca9b0503f42d499ac36595,figure,stage12,unresolved_pending_registry_link
results/stage12/llama_full_head_sweep/head_18/patching_results.csv,True,5951,d2a39df38f348dae8d96c785da64d6d10d0c8dbf5f1ff59a602ef85c3d5cde71,derived_or_unknown,stage12,unresolved_pending_registry_link
results/stage12/llama_full_head_sweep/head_18/patching_summary.json,True,1557,4557ee124e77ed2e2d25a4e061941d46ed447e61cec50de9996b3016880f3102,summary,stage12,unresolved_pending_registry_link
results/stage12/llama_full_head_sweep/head_18/run_causal_patching_events.jsonl,True,8435,d9249a4b667f0de087ba22d6619c9b32f9fcc9ee2b51c90aaa259d99825c4361,run_log,stage12,unresolved_pending_registry_link
results/stage12/llama_full_head_sweep/head_19/patching_family_heatmap.png,True,121528,5e868b5c9b4d9ebcb181a07b8d46c2b9c81c6b4a974926e78295134154dc4769,figure,stage12,unresolved_pending_registry_link
results/stage12/llama_full_head_sweep/head_19/patching_layer_curve.png,True,79150,b09cc61597bba4889972f9f15776478cb5421ccf68a50d63c101d90247d4f88d,figure,stage12,unresolved_pending_registry_link
results/stage12/llama_full_head_sweep/head_19/patching_results.csv,True,5940,82d1d3093634a6d04806682da3c4e151b6a75ed2631677cee4c537b46924cfb0,derived_or_unknown,stage12,unresolved_pending_registry_link
results/stage12/llama_full_head_sweep/head_19/patching_summary.json,True,1573,0267c445e7aa298ab550455d46e10225acf7c548bbc3d15e1d9823dc58a09dcd,summary,stage12,unresolved_pending_registry_link
results/stage12/llama_full_head_sweep/head_19/run_causal_patching_events.jsonl,True,8433,97935fe50f62ebf003e15529031771182aa979375db9ad85cdb01475542dcb28,run_log,stage12,unresolved_pending_registry_link
results/stage12/llama_full_head_sweep/head_2/patching_family_heatmap.png,True,121657,03b70cd7f08e7f5896531bc5202b4362d37f49d9c92391d230ac2d2ccda7ee65,figure,stage12,unresolved_pending_registry_link
results/stage12/llama_full_head_sweep/head_2/patching_layer_curve.png,True,69922,1cfe0a64aa142bbcce10a4f1cb1e7fdfc688a2bd3877792d542db0a1fef50f6c,figure,stage12,unresolved_pending_registry_link
results/stage12/llama_full_head_sweep/head_2/patching_results.csv,True,5791,a9e106476a951bf6d1f6fafb115f2643c4a42ee06d41776f62ec033b9e969f35,derived_or_unknown,stage12,unresolved_pending_registry_link
results/stage12/llama_full_head_sweep/head_2/patching_summary.json,True,1581,4af9d328c9604bb79947fde1f2981cfc9e0b1a7b627a453f4e28aa51ed22adc1,summary,stage12,unresolved_pending_registry_link
results/stage12/llama_full_head_sweep/head_2/run_causal_patching_events.jsonl,True,8428,3199d9d3ab39cb79813f743b616288b58d2297263e1f437d91022741de66478d,run_log,stage12,unresolved_pending_registry_link
results/stage12/llama_full_head_sweep/head_20/patching_family_heatmap.png,True,121703,0c974df5cf32a3d0a2dbdd25a30e8a52f2201b8db0df72e7dc4675d4b3b350fd,figure,stage12,unresolved_pending_registry_link
results/stage12/llama_full_head_sweep/head_20/patching_layer_curve.png,True,63859,c4ab3bcce5eadb89e22acbaad70495ce0bbb9694f344d25e32f291d7522e6b15,figure,stage12,unresolved_pending_registry_link
results/stage12/llama_full_head_sweep/head_20/patching_results.csv,True,5850,b93562130173d890b2891a6f15655cadf29dd5dcdb70237f0740bede68ffe535,derived_or_unknown,stage12,unresolved_pending_registry_link
results/stage12/llama_full_head_sweep/head_20/patching_summary.json,True,1531,009eb640436dffdd49ad3255c1d8b87efbdffd0547107fea1b3102755c21badf,summary,stage12,unresolved_pending_registry_link
results/stage12/llama_full_head_sweep/head_20/run_causal_patching_events.jsonl,True,8432,58b189b24b54b4edd1524840aec83c4e6b83b9780db56c6e13654d2dc9bd4fba,run_log,stage12,unresolved_pending_registry_link
results/stage12/llama_full_head_sweep/head_21/patching_family_heatmap.png,True,121677,8ddf360a6edd7320c07a3f8cdf245b3ea807a65184f3798deb1e59ba4ce64b2c,figure,stage12,unresolved_pending_registry_link
results/stage12/llama_full_head_sweep/head_21/patching_layer_curve.png,True,65631,2e5eaa2cb2640ee372dee7706761228a6e8ff3ff1cbd7ae47729a8eeb30b3ead,figure,stage12,unresolved_pending_registry_link
results/stage12/llama_full_head_sweep/head_21/patching_results.csv,True,5905,4a9350447c82cb228b83b3f29e5c0c496b90bc534c19f9fbf63c93ad3e7d3dda,derived_or_unknown,stage12,unresolved_pending_registry_link
results/stage12/llama_full_head_sweep/head_21/patching_summary.json,True,1530,93f0125e8709fc51a7698c71b8b28229d82ba24853643dc074f5faf944eb937e,summary,stage12,unresolved_pending_registry_link
results/stage12/llama_full_head_sweep/head_21/run_causal_patching_events.jsonl,True,8432,d18e099fdf179338baafec1ea70ca8d51f55865a2fbd48ee52842eb3ab27fa08,run_log,stage12,unresolved_pending_registry_link
results/stage12/llama_full_head_sweep/head_22/patching_family_heatmap.png,True,121821,b09005c3edb2c6cbe6f35c56a4f36a433423f14e22122ca7efc24f90a0729938,figure,stage12,unresolved_pending_registry_link
results/stage12/llama_full_head_sweep/head_22/patching_layer_curve.png,True,84035,c26b2b325ebe089e966849e18d8611b30c4dfc9843c39288f4186a3942c4ff48,figure,stage12,unresolved_pending_registry_link
results/stage12/llama_full_head_sweep/head_22/patching_results.csv,True,5887,265a0b4c0a938cd9269ca500789580c5217363e135760a0560f0904c15144f3c,derived_or_unknown,stage12,unresolved_pending_registry_link
results/stage12/llama_full_head_sweep/head_22/patching_summary.json,True,1565,ab4b97202983f87b6aae157b4cca16ef917fd08b13d1738d398914ba4939a6dc,summary,stage12,unresolved_pending_registry_link
results/stage12/llama_full_head_sweep/head_22/run_causal_patching_events.jsonl,True,8432,97dd56316609414a07693b512f1aa8f1d700839ffc075dd0a1dee8609ae099fa,run_log,stage12,unresolved_pending_registry_link
results/stage12/llama_full_head_sweep/head_23/patching_family_heatmap.png,True,121762,066f895c6ab3fc87ab1bcce09f3360e9c579e0348eeb528286f9cf4466c6765f,figure,stage12,unresolved_pending_registry_link
results/stage12/llama_full_head_sweep/head_23/patching_layer_curve.png,True,67863,4a835d43947f796b0203a1d5490e31adb2bee5f265fabea6cd34adf100d5410d,figure,stage12,unresolved_pending_registry_link
results/stage12/llama_full_head_sweep/head_23/patching_results.csv,True,5958,a80de1df02edea968aabb7abfb0c6d3495e3ef8abc0ff1e18fd2b248b14bc325,derived_or_unknown,stage12,unresolved_pending_registry_link
results/stage12/llama_full_head_sweep/head_23/patching_summary.json,True,1471,31c13eb332484e9c351e1b9ae595d033b18bc0bbd79d05d100bccdcca9dc6147,summary,stage12,unresolved_pending_registry_link
results/stage12/llama_full_head_sweep/head_23/run_causal_patching_events.jsonl,True,8433,d9fc49b76783eabb48814aa2f332ed71c253d0aeb8a2f42764b175b33b8560d8,run_log,stage12,unresolved_pending_registry_link
results/stage12/llama_full_head_sweep/head_24/patching_family_heatmap.png,True,121745,6363c7ba6c6ddea2bbaeae7468bd12733302c6ea4650c5f6ba9e9171cb59f8b9,figure,stage12,unresolved_pending_registry_link
results/stage12/llama_full_head_sweep/head_24/patching_layer_curve.png,True,79799,7817503f3c2f5a92db23d61b2a48120ce1e37c4b6097acec5786ff1de1f5aa3d,figure,stage12,unresolved_pending_registry_link
results/stage12/llama_full_head_sweep/head_24/patching_results.csv,True,5909,5166872a9f08f5a1a9e862832c3bb7b6f8972bade304f8a3c14bd61f213ef62b,derived_or_unknown,stage12,unresolved_pending_registry_link
results/stage12/llama_full_head_sweep/head_24/patching_summary.json,True,1552,21b37fdffcc5dfab7735ac9270598238667a8b11cbc21414dfe2e11d6d9c06a6,summary,stage12,unresolved_pending_registry_link
results/stage12/llama_full_head_sweep/head_24/run_causal_patching_events.jsonl,True,8433,0a9f0ece2a038467e0878962906b95e3c834868d294f7efe0b48aba14d333a58,run_log,stage12,unresolved_pending_registry_link
results/stage12/llama_full_head_sweep/head_25/patching_family_heatmap.png,True,121818,9b437522ff1dac9eb1e290c86c6cfc0d291ea1c53d4256cfe686f1a8b82473a6,figure,stage12,unresolved_pending_registry_link
results/stage12/llama_full_head_sweep/head_25/patching_layer_curve.png,True,70387,13d5a2da50380a7477512dcc75baa3abf4130f7f11270c114b6fad333ccecdf7,figure,stage12,unresolved_pending_registry_link
results/stage12/llama_full_head_sweep/head_25/patching_results.csv,True,5911,d79e5cf4f7cfcd6b5e993987a6071202025c049444aaf068992034cc957d4972,derived_or_unknown,stage12,unresolved_pending_registry_link
results/stage12/llama_full_head_sweep/head_25/patching_summary.json,True,1531,cc47b8769154594e38f7b7e53f5a87af0ecbee6140271abdb293281935ae7e9f,summary,stage12,unresolved_pending_registry_link
results/stage12/llama_full_head_sweep/head_25/run_causal_patching_events.jsonl,True,8433,e1c176f8a411851152d2d85fc7b87d7d74cbf332429f17bf78dfe8c30377d230,run_log,stage12,unresolved_pending_registry_link
results/stage12/llama_full_head_sweep/head_26/patching_family_heatmap.png,True,121866,7118b71542772006e3efb069c9ea424da9ce70a1b623e380317a09be951095e6,figure,stage12,unresolved_pending_registry_link
results/stage12/llama_full_head_sweep/head_26/patching_layer_curve.png,True,73758,82d2be8504d70e753615ee05c98a80f398396a891c3d1e269ae122fc5ad2add2,figure,stage12,unresolved_pending_registry_link
results/stage12/llama_full_head_sweep/head_26/patching_results.csv,True,5937,2443faab038ce0d53669f919fc903d3e75104686b073ecf7bacd0b928d1d8c4c,derived_or_unknown,stage12,unresolved_pending_registry_link
results/stage12/llama_full_head_sweep/head_26/patching_summary.json,True,1526,1062e29cc630d40036296a25915845274998d47e7cf63d12cc268c9b486580ff,summary,stage12,unresolved_pending_registry_link
results/stage12/llama_full_head_sweep/head_26/run_causal_patching_events.jsonl,True,8432,a801824900a99caa688d4f667ed6ff9d64a3341eddc3e9bc11a0eae121f4d8d3,run_log,stage12,unresolved_pending_registry_link
results/stage12/llama_full_head_sweep/head_27/patching_family_heatmap.png,True,121602,531121c2b49e1d901dcce1036029499bc143d81fa93289136da6a01b2072b7d0,figure,stage12,unresolved_pending_registry_link
results/stage12/llama_full_head_sweep/head_27/patching_layer_curve.png,True,84110,c3ae227fb457f4ac4ffd12e258ef390233455a8eecd8454af289a2d86930d4fc,figure,stage12,unresolved_pending_registry_link
results/stage12/llama_full_head_sweep/head_27/patching_results.csv,True,5823,20e1d328b9cf0d0b3a09eaffb735c28291f87965d7f50a8d904020949220617f,derived_or_unknown,stage12,unresolved_pending_registry_link
results/stage12/llama_full_head_sweep/head_27/patching_summary.json,True,1534,b7977a2aa117b30b7d6236f4421a31b97eab9375641c95604abe675eebc7aa16,summary,stage12,unresolved_pending_registry_link
results/stage12/llama_full_head_sweep/head_27/run_causal_patching_events.jsonl,True,8433,97ca9cc13a5ede55d1c76692de8321024c74c5b0ad5483cb2568fe2a799cd5d0,run_log,stage12,unresolved_pending_registry_link
results/stage12/llama_full_head_sweep/head_28/patching_family_heatmap.png,True,121852,fb3be24181edb3b275b28f3e3185c443f5aaf3952fec7f34bba1ba47c855b6d3,figure,stage12,unresolved_pending_registry_link
results/stage12/llama_full_head_sweep/head_28/patching_layer_curve.png,True,83434,0e860f7d60815bfc1910bc9350646f77d212e9761472bfca097cdd98f08b8a4a,figure,stage12,unresolved_pending_registry_link
results/stage12/llama_full_head_sweep/head_28/patching_results.csv,True,5910,1b804c7ac480440a4a4bd707ec842f440b22778069f1010ad0f836adb7cb8a81,derived_or_unknown,stage12,unresolved_pending_registry_link
results/stage12/llama_full_head_sweep/head_28/patching_summary.json,True,1531,4a3abcd689f6655a3cb107b63ba1726f51dc2f974e2d959599249957758e174b,summary,stage12,unresolved_pending_registry_link
results/stage12/llama_full_head_sweep/head_28/run_causal_patching_events.jsonl,True,8433,3102791c03c3f1c94e1c53f029456390b9f5e8b325cc6896f7c88078f8812f57,run_log,stage12,unresolved_pending_registry_link
results/stage12/llama_full_head_sweep/head_29/patching_family_heatmap.png,True,121722,d8d29c5f9a9059203ef9bdc76b05af72f00a5d71900ddf9fb89f2370d5362e03,figure,stage12,unresolved_pending_registry_link
results/stage12/llama_full_head_sweep/head_29/patching_layer_curve.png,True,74599,85c70ad8f096aa4ee3333d73e07d8f99f3c9d9d3ee0b7d1d631932fde2763715,figure,stage12,unresolved_pending_registry_link
results/stage12/llama_full_head_sweep/head_29/patching_results.csv,True,5919,f75a9db63e951f40af23acc9446d87216f6482b9c370592590f8b0e38f4a7c04,derived_or_unknown,stage12,unresolved_pending_registry_link
results/stage12/llama_full_head_sweep/head_29/patching_summary.json,True,1531,09036ee293020e07b474a52d0f5939c3eb23965ddf5ba317b0b96320f89467f7,summary,stage12,unresolved_pending_registry_link
results/stage12/llama_full_head_sweep/head_29/run_causal_patching_events.jsonl,True,8433,ab366f19127c01f4a68437c55f08920f3bc09162937329dc860a8fb9c1622389,run_log,stage12,unresolved_pending_registry_link
results/stage12/llama_full_head_sweep/head_3/patching_family_heatmap.png,True,121665,143b43bfd0ffb0be14c813a8819825c0efc32f63c6a683c0ac2e4b3eb0e53cd2,figure,stage12,unresolved_pending_registry_link
results/stage12/llama_full_head_sweep/head_3/patching_layer_curve.png,True,69558,a422321923c25253e8973eb9ca222c036a394e0f398fdee9dd1716eb848e61de,figure,stage12,unresolved_pending_registry_link
results/stage12/llama_full_head_sweep/head_3/patching_results.csv,True,5767,1cab099e9e560a7567a86c6cf4546e0c4ef91739a5c37157814f32b301d613a9,derived_or_unknown,stage12,unresolved_pending_registry_link
results/stage12/llama_full_head_sweep/head_3/patching_summary.json,True,1528,e212179e45d061fd5a56e56f5b3d370f42d1e030b64b41cf21719744c704815c,summary,stage12,unresolved_pending_registry_link
results/stage12/llama_full_head_sweep/head_3/run_causal_patching_events.jsonl,True,8429,3fe0caf1aa624696bb77fd0168f142bffbf96be7030afab257abe3a7cd18c4c6,run_log,stage12,unresolved_pending_registry_link
results/stage12/llama_full_head_sweep/head_30/patching_family_heatmap.png,True,121815,62db9970fa8213194a68ba3ecab6e1c60b93d5a43f870f103c63e40e6bfdb232,figure,stage12,unresolved_pending_registry_link
results/stage12/llama_full_head_sweep/head_30/patching_layer_curve.png,True,71448,4fa755aa5e84f2f4093b0ee5799cdb439561e31f0ca2d7a432adbb53f6ab0982,figure,stage12,unresolved_pending_registry_link
results/stage12/llama_full_head_sweep/head_30/patching_results.csv,True,5884,75a3a3ffa80ed3b61a35070c9dfd9551b51c21d24cdb6477ae87b31a102e7a6c,derived_or_unknown,stage12,unresolved_pending_registry_link
results/stage12/llama_full_head_sweep/head_30/patching_summary.json,True,1477,d404c66df6bba93855b07d61685be3ad716a1e25c239b0cedc8bc3e0c18dc0eb,summary,stage12,unresolved_pending_registry_link
results/stage12/llama_full_head_sweep/head_30/run_causal_patching_events.jsonl,True,8434,b5308e2e7d34afb1889617999e353806d64ff42c1dccad03dbc0c4e1d126dbf3,run_log,stage12,unresolved_pending_registry_link
results/stage12/llama_full_head_sweep/head_31/patching_family_heatmap.png,True,121643,4bdc8f5f0a5a6c932670bb8da33457fcb646c59a23323d6fd7ffe68a2d8f8755,figure,stage12,unresolved_pending_registry_link
results/stage12/llama_full_head_sweep/head_31/patching_layer_curve.png,True,73663,3aaa59b00669af0c2d1a2aacedfd3bafbef735f1281b94a293b7bdbdf1f4278d,figure,stage12,unresolved_pending_registry_link
results/stage12/llama_full_head_sweep/head_31/patching_results.csv,True,5860,53ddfdf38dd0f5646c561de40e27b35f9bdff15c2418043ebdcc5fd82df539c8,derived_or_unknown,stage12,unresolved_pending_registry_link
results/stage12/llama_full_head_sweep/head_31/patching_summary.json,True,1570,79cf818e9f62815ed957fa0bea6b601f5ed7d1b991a3a25923739200b2ba74bc,summary,stage12,unresolved_pending_registry_link
results/stage12/llama_full_head_sweep/head_31/run_causal_patching_events.jsonl,True,8434,de64584d7e74dddf9fdce05853b997964619a8261740fcc3759361a3b2d97621,run_log,stage12,unresolved_pending_registry_link
results/stage12/llama_full_head_sweep/head_4/patching_family_heatmap.png,True,121656,2e43f4ae51f949701f7a00278a51fc867a465505878ffdca870319d0a6675d5d,figure,stage12,unresolved_pending_registry_link
results/stage12/llama_full_head_sweep/head_4/patching_layer_curve.png,True,77297,b25db31592cf835038de22fc0959ce36c27672270c59ac25abddcc26825d8d4d,figure,stage12,unresolved_pending_registry_link
results/stage12/llama_full_head_sweep/head_4/patching_results.csv,True,5789,f40e0d1b83df828abb827485cb3e265ab3f3e87fac658019bf89b120ed736d51,derived_or_unknown,stage12,unresolved_pending_registry_link
results/stage12/llama_full_head_sweep/head_4/patching_summary.json,True,1571,2e6e8a8a897946b2b04e1ba9f3ed7638aef5b4852a918a591aeeaab7eb822b67,summary,stage12,unresolved_pending_registry_link
results/stage12/llama_full_head_sweep/head_4/run_causal_patching_events.jsonl,True,8429,2e074160fa85153871e59428ac6c2ccbf0cf5fc273c04f9689578e3820eac19b,run_log,stage12,unresolved_pending_registry_link
results/stage12/llama_full_head_sweep/head_5/patching_family_heatmap.png,True,121737,0760cceca99e103e4ffd7cac3ce015341dac84f5742ed6d1257dcc06b111b68e,figure,stage12,unresolved_pending_registry_link
results/stage12/llama_full_head_sweep/head_5/patching_layer_curve.png,True,70253,538c35a3ed043be8465c4617ecedf22e50bbc9dd4d732aed8033e550074f7544,figure,stage12,unresolved_pending_registry_link
results/stage12/llama_full_head_sweep/head_5/patching_results.csv,True,5792,f8ca0d947a087cdc5eda565ebc39dbaf53744030555907f4893892dff5f2c3a8,derived_or_unknown,stage12,unresolved_pending_registry_link
results/stage12/llama_full_head_sweep/head_5/patching_summary.json,True,1454,56c2515a4e4dc924f5efe6b6740cf5348c9ec1362f5ea6a4702283807bbf2169,summary,stage12,unresolved_pending_registry_link
results/stage12/llama_full_head_sweep/head_5/run_causal_patching_events.jsonl,True,8428,f0ef04c0843cd78631d6a1e877f083e943c451cbead80c29754f9673838bd324,run_log,stage12,unresolved_pending_registry_link
results/stage12/llama_full_head_sweep/head_6/patching_family_heatmap.png,True,121851,00ccb4484224cd19bb4b2899ff1cb49a5807c83f2e3b9baf9ea7b3d70f840ecc,figure,stage12,unresolved_pending_registry_link
results/stage12/llama_full_head_sweep/head_6/patching_layer_curve.png,True,70737,ad40a14da831fba3e6a4a9061c627e35c6371866e76a8f53973834f5984da1a3,figure,stage12,unresolved_pending_registry_link
results/stage12/llama_full_head_sweep/head_6/patching_results.csv,True,5781,52168933ad1b829d402e3fc1db1f349e428bc355fc5a99e256fafc526df192eb,derived_or_unknown,stage12,unresolved_pending_registry_link
results/stage12/llama_full_head_sweep/head_6/patching_summary.json,True,1589,891b7bfb10694ea8f51fdc1290ccee48800e001e24beb6ed7bf91ca0c8067789,summary,stage12,unresolved_pending_registry_link
results/stage12/llama_full_head_sweep/head_6/run_causal_patching_events.jsonl,True,8429,6f5991825c81dcfde869643306e49e51ac7b70393d625ed97124c27fb878a7ed,run_log,stage12,unresolved_pending_registry_link
results/stage12/llama_full_head_sweep/head_7/patching_family_heatmap.png,True,121703,5da88f005dbdc213adf7ca810cfa87184b947641cedf2fd5439ea3a8c4096144,figure,stage12,unresolved_pending_registry_link
results/stage12/llama_full_head_sweep/head_7/patching_layer_curve.png,True,70972,c0c4ba22e73adc2f45c3bf8168112c6ed64d3ab070113077e9f0c93b00482d26,figure,stage12,unresolved_pending_registry_link
results/stage12/llama_full_head_sweep/head_7/patching_results.csv,True,5753,0de6fdc82e4973e79e69d3d8a399711f1dc1a74ceee809d9cb7925bf9ece5a41,derived_or_unknown,stage12,unresolved_pending_registry_link
results/stage12/llama_full_head_sweep/head_7/patching_summary.json,True,1530,be24347dc61486f1b817c0241c7a6e08709c6963ceffacf1f798ffdc3de09be1,summary,stage12,unresolved_pending_registry_link
results/stage12/llama_full_head_sweep/head_7/run_causal_patching_events.jsonl,True,8430,15732bd587d005e93b38bd52a4aa4d9c750c79540e2bec7730bc950032a660ee,run_log,stage12,unresolved_pending_registry_link
results/stage12/llama_full_head_sweep/head_8/patching_family_heatmap.png,True,121657,5b0e9a5ce9340969975eb8567b7a6a6bfca63388089039bb4c10913bad9cf95b,figure,stage12,unresolved_pending_registry_link
results/stage12/llama_full_head_sweep/head_8/patching_layer_curve.png,True,67509,540ad182c0ecbe8df1630df80d0c5faa70812b80dabef732f408875400e3aa19,figure,stage12,unresolved_pending_registry_link
results/stage12/llama_full_head_sweep/head_8/patching_results.csv,True,5826,589e8627be31e33e0a49a2dbd1566dce7ae690de8f41d0829bafa0e729ebb323,derived_or_unknown,stage12,unresolved_pending_registry_link
results/stage12/llama_full_head_sweep/head_8/patching_summary.json,True,1607,3ba2d0082ffe864a0f8fcec55e46883de7a0312afcb0cd92608dccc39436cad7,summary,stage12,unresolved_pending_registry_link
results/stage12/llama_full_head_sweep/head_8/run_causal_patching_events.jsonl,True,8428,71b07b540fb05bbfb3f3f1b05b1bbf5778a044eac31b8b2c39ddca8eb9f65076,run_log,stage12,unresolved_pending_registry_link
results/stage12/llama_full_head_sweep/head_9/patching_family_heatmap.png,True,121694,a84129be5c8f1e75c70c5f36836dbbc161aa7dadcb03920827603ffc4df9e667,figure,stage12,unresolved_pending_registry_link
results/stage12/llama_full_head_sweep/head_9/patching_layer_curve.png,True,71903,d4a5b9832732b0a038975e0aa9040ffe610be25356e6c8a614f7a5721057c92c,figure,stage12,unresolved_pending_registry_link
results/stage12/llama_full_head_sweep/head_9/patching_results.csv,True,5803,9a5c14b230d13219ccba5325bae2d7f1e32c154c016eb5627f9f2ff0636a4d30,derived_or_unknown,stage12,unresolved_pending_registry_link
results/stage12/llama_full_head_sweep/head_9/patching_summary.json,True,1511,5ac43a5e59ca51f30a3a1d18f7d385ea876c69a5cac68700f5e247a3512cc28b,summary,stage12,unresolved_pending_registry_link
results/stage12/llama_full_head_sweep/head_9/run_causal_patching_events.jsonl,True,8429,b22b28db095c954d44be96225360d4f2017fb0c24fe35603e0287918a04e4b26,run_log,stage12,unresolved_pending_registry_link
results/stage12/llama_full_head_sweep/head_sweep_summary.json,True,1559,d211a94153e87e0cb3e8c63181f018152a2b4741e75af3dcca802efe326234bb,summary,stage12,unresolved_pending_registry_link
results/stage12/llama_full_head_sweep/head_sweep_summary.partial.json,True,4336,a7f8075f34cd4b25e91f1be6c9c08450b5380af6754b0e79f2829cb3a010bd53,summary,stage12,unresolved_pending_registry_link
results/stage12/llama_head2_combos/subset_2/patching_family_heatmap.png,True,118968,e88bedd2145c0e00f7641d522be3cad3167bdc8759d07c89d1c76859f24ec782,figure,stage12,unresolved_pending_registry_link
results/stage12/llama_head2_combos/subset_2/patching_layer_curve.png,True,48765,b00e64a4b48480a45c67fc969869b5efdbf302bcf6545bd14b07037527d6d4ed,figure,stage12,unresolved_pending_registry_link
results/stage12/llama_head2_combos/subset_2/patching_results.csv,True,2003,b570a47940ab8f52b0b2531643a22ea4026c80d34243a9ce91d94189dd180fe2,derived_or_unknown,stage12,unresolved_pending_registry_link
results/stage12/llama_head2_combos/subset_2/patching_summary.json,True,1296,0486f24a2cae0b1c28ba37a598ef2a6959aa8dfa58947ba48abb76dd66345040,summary,stage12,unresolved_pending_registry_link
results/stage12/llama_head2_combos/subset_2/run_causal_patching_events.jsonl,True,8426,50770a1cb824674f42e40c308cd863143ae89829cd4e62b810db8f2005d0cf29,run_log,stage12,unresolved_pending_registry_link
results/stage12/llama_head2_combos/subset_2_10/patching_family_heatmap.png,True,118941,8bb8817e5f40ec91acd1933e301bd0bbddfbdd5965ea1af7cb24bea9f4641140,figure,stage12,unresolved_pending_registry_link
results/stage12/llama_head2_combos/subset_2_10/patching_layer_curve.png,True,42861,72e39907a0ba733ae5dd123a16410a29bc5490312a027feab2af6ac8de42c91f,figure,stage12,unresolved_pending_registry_link
results/stage12/llama_head2_combos/subset_2_10/patching_results.csv,True,2117,6f7aa606b2042cc7ff100f585ddab4f7a2de36326e958f1cb949cf887370b7c2,derived_or_unknown,stage12,unresolved_pending_registry_link
results/stage12/llama_head2_combos/subset_2_10/patching_summary.json,True,1323,723b43c34d7678561fbbb9957f023243cf4f88dea4e9610f97dd7e403ee8edc8,summary,stage12,unresolved_pending_registry_link
results/stage12/llama_head2_combos/subset_2_10/run_causal_patching_events.jsonl,True,8434,7a7590da799d88536a77d1e2a2b0c976f9faf3ac2845a692c43fbfbc2ef641a1,run_log,stage12,unresolved_pending_registry_link
results/stage12/llama_head2_combos/subset_2_10_23/patching_family_heatmap.png,True,118918,ca489c4e295f3efc5c9196cff4be2e83e85c812a086da829c0b006ecc9e44d65,figure,stage12,unresolved_pending_registry_link
results/stage12/llama_head2_combos/subset_2_10_23/patching_layer_curve.png,True,42899,c7080d593080bab8e003045067d3a0c75ef10e829871e9ba3fcc2f204b52f7a3,figure,stage12,unresolved_pending_registry_link
results/stage12/llama_head2_combos/subset_2_10_23/patching_results.csv,True,2178,f0597885607b6710f1baa3f12e0ad50aaa390ee9b7cf11ea068b781cdf69a723,derived_or_unknown,stage12,unresolved_pending_registry_link
results/stage12/llama_head2_combos/subset_2_10_23/patching_summary.json,True,1331,566a2df514a056f27e75006aaeb1da02e3ab196be139842b8c1bee137b752ba0,summary,stage12,unresolved_pending_registry_link
results/stage12/llama_head2_combos/subset_2_10_23/run_causal_patching_events.jsonl,True,8442,a165d1c5321da57985bd8b08a3c54c58063b137a81857d11186d1c83d893bae7,run_log,stage12,unresolved_pending_registry_link
results/stage12/llama_head2_combos/subset_2_10_23_9/patching_family_heatmap.png,True,118922,2998730896878e6361aff72e7baa0aa6b02591486e152fe58470d4719cfab3f6,figure,stage12,unresolved_pending_registry_link
results/stage12/llama_head2_combos/subset_2_10_23_9/patching_layer_curve.png,True,44684,4b7de71145ff28b52829cfdbfd539249579163464f2dfa5d73a43bd386c77272,figure,stage12,unresolved_pending_registry_link
results/stage12/llama_head2_combos/subset_2_10_23_9/patching_results.csv,True,2194,cfef06fa65e709ee654944be9de05b1025a4a1759ae74b33bae0d82514d81017,derived_or_unknown,stage12,unresolved_pending_registry_link
results/stage12/llama_head2_combos/subset_2_10_23_9/patching_summary.json,True,1336,a6f72867eeabd9d28503d38aed9fac06d074cf84d0e43d7cba31b56d20c816e2,summary,stage12,unresolved_pending_registry_link
results/stage12/llama_head2_combos/subset_2_10_23_9/run_causal_patching_events.jsonl,True,8447,636ee13727571dc64ca11dca549c0beec55e1006e43ef3048256443f1157079e,run_log,stage12,unresolved_pending_registry_link
results/stage12/llama_head2_combos/subset_2_23/patching_family_heatmap.png,True,118964,c6ee5465c89503372f76a25a16b1f73c30be7893e4619aef87179d31415f51a6,figure,stage12,unresolved_pending_registry_link
results/stage12/llama_head2_combos/subset_2_23/patching_layer_curve.png,True,49709,3c49e09ced73f263699c666f8479822d147573ae3c49e7d3f0184450386937e0,figure,stage12,unresolved_pending_registry_link
results/stage12/llama_head2_combos/subset_2_23/patching_results.csv,True,2132,6441179be7631379908cd72ab8b6888b1222b2b2a86434801705ad23ef0b58dc,derived_or_unknown,stage12,unresolved_pending_registry_link
results/stage12/llama_head2_combos/subset_2_23/patching_summary.json,True,1321,a813c4a9c7c77168d87c95231aaba8e8a31290763127249a5aacbe875503dd61,summary,stage12,unresolved_pending_registry_link
results/stage12/llama_head2_combos/subset_2_23/run_causal_patching_events.jsonl,True,8433,62aad6303f14239d56aac3fdd25ec98915a469c9a39d160dbaed20ecee25d676,run_log,stage12,unresolved_pending_registry_link
results/stage12/qwen_3b/behavioural/family_summaries.jsonl,True,32316,66ef1f6bc6f220406287b6263c0e9f1491b429a06afdd663281dfcd995b71da2,raw_or_record,stage12,unresolved_pending_registry_link
results/stage12/qwen_3b/behavioural/prompt_records.jsonl,True,245899,a354a186b6f1f23a018de5ee195c69d4d785ce938118a74bd5a9be04b833019e,raw_or_record,stage12,unresolved_pending_registry_link
results/stage12/qwen_3b/behavioural/qwen_3b_20260621T093919Z.jsonl,True,41037,f7d70ebb77074eaa05091165917cb29caa27d4088f9eaa68aa5879ad771487e6,raw_or_record,stage12,unresolved_pending_registry_link
results/stage12/qwen_3b/behavioural/qwen_3b_20260621T125247Z.jsonl,True,237178,38bb182ac26b2c8ae779c27acf05ff04742762e043ab9490da3076ad9eac45c0,raw_or_record,stage12,unresolved_pending_registry_link
results/stage12/qwen_3b/behavioural/run_behavioural_events.jsonl,True,164555,18f4ec81edfc008d8335ed02c652dcb26a910fd44d36110e9f4c8111a57f08de,run_log,stage12,unresolved_pending_registry_link
results/stage12/science/cross_cue_layer_sweep/cross_cue_layer_sweep.json,True,10764,68a1993c869258fd90cc0d71255f9c2e1ad895e76ea882db7d973737f2dc80ef,derived_or_unknown,stage12,unresolved_pending_registry_link
results/stage12/science/cross_cue_layer_sweep/cross_cue_transfer_summary.json,True,471,8c99e9fec73090547fd29b7560da70b6e2f14160ce190b09bc03fd22fc106ed0,summary,stage12,unresolved_pending_registry_link
results/stage12/science/cross_cue_layer_sweep/cue_a_weight_vector_layer0.npy,True,28800,a6b2c0206a0f7f33e2b7f172fab5f5fe9789a66485ce1e91149a0b64127e0e9f,derived_or_unknown,stage12,unresolved_pending_registry_link
results/stage12/science/cross_cue_layer_sweep/cue_a_weight_vector_layer1.npy,True,28800,270796a5b0fd7302db5c3b2bb8176beae49626df16dfbb05561a01b333f8fb4f,derived_or_unknown,stage12,unresolved_pending_registry_link
results/stage12/science/cross_cue_layer_sweep/cue_a_weight_vector_layer10.npy,True,28800,7cf367e1fe46b0df45d96ccbfd5aa1d9ed650645c52c329935275caab11e940f,derived_or_unknown,stage12,unresolved_pending_registry_link
results/stage12/science/cross_cue_layer_sweep/cue_a_weight_vector_layer11.npy,True,28800,9103ba4ba5dd72dd419c7508d07b90bcd574e0b2378b81618fc091eacb36041a,derived_or_unknown,stage12,unresolved_pending_registry_link
results/stage12/science/cross_cue_layer_sweep/cue_a_weight_vector_layer12.npy,True,28800,5db1c41665e8c18558ba39fb61e508070a626221395f917e06e6f44dd89337e8,derived_or_unknown,stage12,unresolved_pending_registry_link
results/stage12/science/cross_cue_layer_sweep/cue_a_weight_vector_layer13.npy,True,28800,6294b669313ad506325d2118bdc75d69700b95370a67ccb01c73544f969bd576,derived_or_unknown,stage12,unresolved_pending_registry_link
results/stage12/science/cross_cue_layer_sweep/cue_a_weight_vector_layer14.npy,True,28800,54c368542d098030d272c4147a500f6183e2437e9cfd364eed84fa0ac5cf0f21,derived_or_unknown,stage12,unresolved_pending_registry_link
results/stage12/science/cross_cue_layer_sweep/cue_a_weight_vector_layer15.npy,True,28800,1841551bc71dcd7151ba0bc969b415c324ef9cbdf9685d4a6ca99678d3394dca,derived_or_unknown,stage12,unresolved_pending_registry_link
results/stage12/science/cross_cue_layer_sweep/cue_a_weight_vector_layer16.npy,True,28800,1c8a49bf440956be7b9d1c94bca165912347c36436cfa0bf451329e47f1f24e5,derived_or_unknown,stage12,unresolved_pending_registry_link
results/stage12/science/cross_cue_layer_sweep/cue_a_weight_vector_layer17.npy,True,28800,e5be4f2129b6079d65514f0d57bc161da0fa4c671bd7ee14c0b5d5f7798f525e,derived_or_unknown,stage12,unresolved_pending_registry_link
results/stage12/science/cross_cue_layer_sweep/cue_a_weight_vector_layer18.npy,True,28800,215e26ec3bfc2c11667400c85a396f0df204b7ed001234ad508e611914eefa50,derived_or_unknown,stage12,unresolved_pending_registry_link
results/stage12/science/cross_cue_layer_sweep/cue_a_weight_vector_layer19.npy,True,28800,c92b15ab85acc20b04f324330c66b02e8c0a81c1006a7549b46d08c78a5a0485,derived_or_unknown,stage12,unresolved_pending_registry_link
results/stage12/science/cross_cue_layer_sweep/cue_a_weight_vector_layer2.npy,True,28800,9bcb5523ecc792ff63393a9a829167d0b75b8f74905e2664bc6044d9b0d8843d,derived_or_unknown,stage12,unresolved_pending_registry_link
results/stage12/science/cross_cue_layer_sweep/cue_a_weight_vector_layer20.npy,True,28800,d62a1b87212b9c1bae9914e9579dccf401a0ddb6ef2d9dd668f948403d9737d1,derived_or_unknown,stage12,unresolved_pending_registry_link
results/stage12/science/cross_cue_layer_sweep/cue_a_weight_vector_layer21.npy,True,28800,0119d3942d60da7871a3c2aa1caa1d1721de07f0ff93f69c7b51cd08ba1112f4,derived_or_unknown,stage12,unresolved_pending_registry_link
results/stage12/science/cross_cue_layer_sweep/cue_a_weight_vector_layer22.npy,True,28800,910ff945b30beb2ff70f5652df0e98a2473f78f9c6261e0433e9612780c8fc4a,derived_or_unknown,stage12,unresolved_pending_registry_link
results/stage12/science/cross_cue_layer_sweep/cue_a_weight_vector_layer23.npy,True,28800,e38b762abc3907c6b1fbb6190c1b7607ef6e625959d3b9fdf220fced15e12634,derived_or_unknown,stage12,unresolved_pending_registry_link
results/stage12/science/cross_cue_layer_sweep/cue_a_weight_vector_layer24.npy,True,28800,6a42ffbd51d7021ecca1ef6b0928551e8134f73c21a5c904cb559108d37d4c33,derived_or_unknown,stage12,unresolved_pending_registry_link
results/stage12/science/cross_cue_layer_sweep/cue_a_weight_vector_layer25.npy,True,28800,09a9d4bf494566f0b4d4a7bf5b49fb62e4abdd6a39f78091d72e9b1aafc7715a,derived_or_unknown,stage12,unresolved_pending_registry_link
results/stage12/science/cross_cue_layer_sweep/cue_a_weight_vector_layer26.npy,True,28800,dbdf44b77033105a66aba9f9698462bcc3c96990a7272765863279308c13f8b0,derived_or_unknown,stage12,unresolved_pending_registry_link
results/stage12/science/cross_cue_layer_sweep/cue_a_weight_vector_layer27.npy,True,28800,74d32c1e64100947a52d055ff47f6a77325ff2869de508f62cea2bad391f19e7,derived_or_unknown,stage12,unresolved_pending_registry_link
results/stage12/science/cross_cue_layer_sweep/cue_a_weight_vector_layer3.npy,True,28800,18e9447641d36fe1c48ab0627287cb19d163a2028a21e96325c285c2c2baa729,derived_or_unknown,stage12,unresolved_pending_registry_link
results/stage12/science/cross_cue_layer_sweep/cue_a_weight_vector_layer4.npy,True,28800,39ac3c73a565ad1d080dfd54c10bee42bf368882d71b933ff80b9a6676721f7c,derived_or_unknown,stage12,unresolved_pending_registry_link
results/stage12/science/cross_cue_layer_sweep/cue_a_weight_vector_layer5.npy,True,28800,5caaceea90601812a641230fc5d5d7035b2a49f4f510b8b6de05ae1760169d2f,derived_or_unknown,stage12,unresolved_pending_registry_link
results/stage12/science/cross_cue_layer_sweep/cue_a_weight_vector_layer6.npy,True,28800,a1d03c3a38f7835c2f10d1de04bd7cb730d01606c4c05962b69a7029dc8b4608,derived_or_unknown,stage12,unresolved_pending_registry_link
results/stage12/science/cross_cue_layer_sweep/cue_a_weight_vector_layer7.npy,True,28800,838abae43839d759660508deff0078c2a7a92c34aa7ecfc982b4d123abf0e1df,derived_or_unknown,stage12,unresolved_pending_registry_link
results/stage12/science/cross_cue_layer_sweep/cue_a_weight_vector_layer8.npy,True,28800,3fd8b2a4396afa0cf589b28c78e49204b17d3e6602cbcd83f3c9404ab3708e2f,derived_or_unknown,stage12,unresolved_pending_registry_link
results/stage12/science/cross_cue_layer_sweep/cue_a_weight_vector_layer9.npy,True,28800,5d3a30f64df3adc3e90a76ffb160425eeff008598b4fc9fb6f5b7b3734068abf,derived_or_unknown,stage12,unresolved_pending_registry_link
results/stage12/science/cross_cue_layer_sweep/cue_b_weight_vector_layer0.npy,True,28800,39770757fc67acb78efc768761c6cea40e56ae82524af25be64f712d2d060df4,derived_or_unknown,stage12,unresolved_pending_registry_link
results/stage12/science/cross_cue_layer_sweep/cue_b_weight_vector_layer1.npy,True,28800,52d5ca8f1355c66ae4340f3ed54bc3a58acc66f1f7215a20604667fb314fcf7d,derived_or_unknown,stage12,unresolved_pending_registry_link
results/stage12/science/cross_cue_layer_sweep/cue_b_weight_vector_layer10.npy,True,28800,83ad467c920334983a69e21d5133c19cc2a64245c7b68de329a326d7bd7b5682,derived_or_unknown,stage12,unresolved_pending_registry_link
results/stage12/science/cross_cue_layer_sweep/cue_b_weight_vector_layer11.npy,True,28800,c04b1c6773bc3386d324d78710680d5df006c20c120cedc507e0cfd8dc06e479,derived_or_unknown,stage12,unresolved_pending_registry_link
results/stage12/science/cross_cue_layer_sweep/cue_b_weight_vector_layer12.npy,True,28800,b9fa012352dda61fa75f86eb20683bbdad5bca5880b27f649e40f8fd1aa017e8,derived_or_unknown,stage12,unresolved_pending_registry_link
results/stage12/science/cross_cue_layer_sweep/cue_b_weight_vector_layer13.npy,True,28800,3fccef28b0f9b373ce71348e1eb00f6d21160450d8456ec8685bfc13a01540f2,derived_or_unknown,stage12,unresolved_pending_registry_link
results/stage12/science/cross_cue_layer_sweep/cue_b_weight_vector_layer14.npy,True,28800,62355fe51cf1a25825ce4d1b24e9e818a7866129f18d08759b35710bfb564b4e,derived_or_unknown,stage12,unresolved_pending_registry_link
results/stage12/science/cross_cue_layer_sweep/cue_b_weight_vector_layer15.npy,True,28800,646152a534fa763dd4ed3ada40531b29cbdc1dc6c22f7375f84c879ee0dd8348,derived_or_unknown,stage12,unresolved_pending_registry_link
results/stage12/science/cross_cue_layer_sweep/cue_b_weight_vector_layer16.npy,True,28800,30b67bcdf55d807f2412aa0675606319a4c4d6281c0df1e960539a15fae17fda,derived_or_unknown,stage12,unresolved_pending_registry_link
results/stage12/science/cross_cue_layer_sweep/cue_b_weight_vector_layer17.npy,True,28800,47bf0615ca4d6bcc209022e2a47292d70aee2256aa296cd549afa6bb79cae7a3,derived_or_unknown,stage12,unresolved_pending_registry_link
results/stage12/science/cross_cue_layer_sweep/cue_b_weight_vector_layer18.npy,True,28800,ed937043e9caaa4427debb781929dd6f3880c5440225ade68ab8973f78406bb1,derived_or_unknown,stage12,unresolved_pending_registry_link
results/stage12/science/cross_cue_layer_sweep/cue_b_weight_vector_layer19.npy,True,28800,87d9cecbd4110476b9af7a27660ff2a86ebb3817b716ec5ae5f146ee02603206,derived_or_unknown,stage12,unresolved_pending_registry_link
results/stage12/science/cross_cue_layer_sweep/cue_b_weight_vector_layer2.npy,True,28800,bb1af8aee53061a8b6d985d93e8de8c41d6aa0c9c0f5d5b45c5aede4d229d9b8,derived_or_unknown,stage12,unresolved_pending_registry_link
results/stage12/science/cross_cue_layer_sweep/cue_b_weight_vector_layer20.npy,True,28800,be283a58098e5309828d2f3d40e5165de5301e953cea6a7c998e682a5d3eb05b,derived_or_unknown,stage12,unresolved_pending_registry_link
results/stage12/science/cross_cue_layer_sweep/cue_b_weight_vector_layer21.npy,True,28800,593f11eb6df728f40c3b904353e81c76dfd3e69a4bb55fa43ba3aa27060b64d9,derived_or_unknown,stage12,unresolved_pending_registry_link
results/stage12/science/cross_cue_layer_sweep/cue_b_weight_vector_layer22.npy,True,28800,96be113d5bb4e47cabeebd11046536d5d7100e637609622457adae01b8d71c12,derived_or_unknown,stage12,unresolved_pending_registry_link
results/stage12/science/cross_cue_layer_sweep/cue_b_weight_vector_layer23.npy,True,28800,f7c6b9f2bd0980941e2c88c735028923c14d95ab0224868b403b67f70bcfcf71,derived_or_unknown,stage12,unresolved_pending_registry_link
results/stage12/science/cross_cue_layer_sweep/cue_b_weight_vector_layer24.npy,True,28800,8bd832dcd053805243e4912ddd47710ec6f12e27502c42ca0d7c876e99fc8377,derived_or_unknown,stage12,unresolved_pending_registry_link
results/stage12/science/cross_cue_layer_sweep/cue_b_weight_vector_layer25.npy,True,28800,7ab2aa9322a0a7f8c2c224593cabf67528ad1fdca9fa27796e016290781bae6f,derived_or_unknown,stage12,unresolved_pending_registry_link
results/stage12/science/cross_cue_layer_sweep/cue_b_weight_vector_layer26.npy,True,28800,7179946d2dbb4060ea96825c11081d35521caa1c869ddb862a723826ba5de245,derived_or_unknown,stage12,unresolved_pending_registry_link
results/stage12/science/cross_cue_layer_sweep/cue_b_weight_vector_layer27.npy,True,28800,668705a03aa8bf8f65ba71f6d7e07ecef292be3af50be40ae676be5874633920,derived_or_unknown,stage12,unresolved_pending_registry_link
results/stage12/science/cross_cue_layer_sweep/cue_b_weight_vector_layer3.npy,True,28800,849c86052c9cbf6be7701ab94a38f82560595364ff42ba6165ff544b46a50aa5,derived_or_unknown,stage12,unresolved_pending_registry_link
results/stage12/science/cross_cue_layer_sweep/cue_b_weight_vector_layer4.npy,True,28800,2214ed134883519df0b67261fe0a04af40248e9833994d2248c6e9ef1663987b,derived_or_unknown,stage12,unresolved_pending_registry_link
results/stage12/science/cross_cue_layer_sweep/cue_b_weight_vector_layer5.npy,True,28800,1e3928cca65ea84360affcc572718b7ae538ad618644e9759be14e07fc73e6d5,derived_or_unknown,stage12,unresolved_pending_registry_link
results/stage12/science/cross_cue_layer_sweep/cue_b_weight_vector_layer6.npy,True,28800,7d125641b3ace9324930dc73f2c1cd8359bd23d38cb0aa7046c572bbd25c8527,derived_or_unknown,stage12,unresolved_pending_registry_link
results/stage12/science/cross_cue_layer_sweep/cue_b_weight_vector_layer7.npy,True,28800,abfe102195e9015cf1cd507ff7cf56e4fc1133339315a099a46c7f8d7fb022f5,derived_or_unknown,stage12,unresolved_pending_registry_link
results/stage12/science/cross_cue_layer_sweep/cue_b_weight_vector_layer8.npy,True,28800,1d3b1d0fda128b654f56b9a699a05d09bf5333505fe167b12534deb6378e2a38,derived_or_unknown,stage12,unresolved_pending_registry_link
results/stage12/science/cross_cue_layer_sweep/cue_b_weight_vector_layer9.npy,True,28800,c0abac4b66c8e51364c958ba19593780bb6a4cd46cac982ef1f964b1c8cb47b2,derived_or_unknown,stage12,unresolved_pending_registry_link
results/stage12/science/donor_renamed/same_answer/run_causal_patching_events.jsonl,True,430,d26477418806f5f5b843fc3f844d96a06dfc9cf25141cdf65dff27a2850ca38b,run_log,stage12,unresolved_pending_registry_link
results/stage12/science/donor_renamed/same_answer/same_answer_donor_results.csv,True,77,98e27ac1856ee0c41cd891393b0eb7cdf379f1c27e3d6598811a299bc6e9dbff,derived_or_unknown,stage12,unresolved_pending_registry_link
results/stage12/science/donor_renamed/same_answer/same_answer_donor_summary.json,True,182,b77739d11085211f3c7fd451d042643a640c49fdd9bd35ee204feb9356f4d741,summary,stage12,unresolved_pending_registry_link
results/stage12/science/donor_renamed/stable/run_causal_patching_events.jsonl,True,335,3dcb1af95333abb96dea2df39c2b077914660c6afef4d887fe1b967d7a3cd042,run_log,stage12,unresolved_pending_registry_link
results/stage12/science/donor_renamed/stable/stable_donor_results.csv,True,77,98e27ac1856ee0c41cd891393b0eb7cdf379f1c27e3d6598811a299bc6e9dbff,derived_or_unknown,stage12,unresolved_pending_registry_link
results/stage12/science/donor_renamed/stable/stable_donor_summary.json,True,93,148a8f7807f10b102af9816b7a4baf0e10d8e45cb139859edda05c9a22280927,summary,stage12,unresolved_pending_registry_link
results/stage12/science/donor_specificity/donor_specificity_summary.json,True,528,028537d9ad5845faf534129f28e4d06770aab86cce228457bb13cbe7ce865c0c,summary,stage12,unresolved_pending_registry_link
results/stage12/science/h11_h15_gating/gating_test_per_family.json,True,16727,6ba3826f68ec969fdda9012aa2d5731338ad9db4177a43ad14937c730dba149e,derived_or_unknown,stage12,unresolved_pending_registry_link
results/stage12/science/h11_h15_gating/gating_test_summary.json,True,394,75017f9d2c959e4642f1850765befde60e4a4e7b384e1b58e6dffefafed19bd5,summary,stage12,unresolved_pending_registry_link
results/stage12/science/h11_h15_gating/run_causal_patching_events.jsonl,True,441,eb0292f3d19bfe819b2b895b59d1b1e5afeb9f3cceec14404e041816c65d6807,run_log,stage12,unresolved_pending_registry_link
results/stage12/science/head_output_probes/head14/head_output_probe_best_by_head.json,True,234,1db1ff44a85049fbe8e8b58264a099f9ec6f50904e1761c6863541448a77f6d2,derived_or_unknown,stage12,unresolved_pending_registry_link
results/stage12/science/head_output_probes/head14/head_output_probe_predictions.json,True,2525223,571c79ecfb230c0bbd01d174b48d8234f94c9e3e654850595ee8fec7d65a559b,derived_or_unknown,stage12,unresolved_pending_registry_link
results/stage12/science/head_output_probes/head14/head_output_probe_summary.json,True,6508,45f46859f61870fcd9bc664c4646ce6b177e2e6d5accc3c0c2833ef42a4b9f6f,summary,stage12,unresolved_pending_registry_link
results/stage12/science/head_output_probes/head15/head_output_probe_best_by_head.json,True,235,1fcf2a316badc5ed11793c51f6a4998f7781c008e454bb2f90f5b4f287910f60,derived_or_unknown,stage12,unresolved_pending_registry_link
results/stage12/science/head_output_probes/head15/head_output_probe_predictions.json,True,2525831,1f15892c902f808055027f27292f071306b37a6af046837a2886553acbc1f545,derived_or_unknown,stage12,unresolved_pending_registry_link
results/stage12/science/head_output_probes/head15/head_output_probe_summary.json,True,6489,8048cc1d928d58b5ddccc483fb3dd9c1519bb56bb235b85da5160478c462cc22,summary,stage12,unresolved_pending_registry_link
results/stage12/science/multi_site_probe/multi_site_probe_predictions.json,True,78574,86212832a0074301b9fc9a683c7840612fa062ce5626d053134c55da2407572f,derived_or_unknown,stage12,unresolved_pending_registry_link
results/stage12/science/multi_site_probe/multi_site_probe_summary.json,True,270,e439d841cd8ddd0d6477720c6a7100c188b5d1398844359d4684196f1182cc4b,summary,stage12,unresolved_pending_registry_link
results/stage12/science/multi_site_probe/run_multi_site_probe_events.jsonl,True,335,097eb0c7f9f30955d59053f113510c00334ca8b6a0d7aabe5a3c5fe58ffbe8de,run_log,stage12,unresolved_pending_registry_link
results/stage13/benchmark_integrity/mutation_test_records.csv,True,15618,68cf76dbe10e7f6588ff9b15484248d98454929e756d10c2c618d38646fff634,raw_or_record,stage13,unresolved_pending_registry_link
results/stage13/benchmark_integrity/mutation_test_summary.json,True,215,2c278d8dd6d17931180431e965e41fb4a4fa1450a1faceaa63d08d5f01c4cc0d,summary,stage13,unresolved_pending_registry_link
results/stage2/compute_estimate.json,True,893,c6c9db9121af11ef3a74fcf4b66972f33da945f8f3bec4ff0b707f4f625d127d,derived_or_unknown,stage2,unresolved_pending_registry_link
results/stage2/compute_estimate_events.jsonl,True,1003,9613afec547f036e13f145f059575630b5703603957098a05223de4763f9afb3,run_log,stage2,unresolved_pending_registry_link
results/stage2/hook_validation/llama_primary_hook_validation.json,True,408,00f9c427e8c9b04056724c0924cbe85b99ed8f91f6e176feb8449bc70f1ffea7,derived_or_unknown,stage2,unresolved_pending_registry_link
results/stage2/hook_validation/qwen_primary_hook_validation.json,True,400,f9063eeac3c986d60e58baecc17126511d51971538f3c3c042a86e95e725d402,derived_or_unknown,stage2,unresolved_pending_registry_link
results/stage2/hook_validation/validate_hooks_events.jsonl,True,1224,890663eed5613e90691aae4c4a66a87e22f433b49e3854b1a277a7ddeb392a69,run_log,stage2,unresolved_pending_registry_link
results/stage2/logprob_validation/deepseek_r1_32b_logprob_validation.json,True,2284,c8ed3137454830cd0f3949ab44df609ca13aa1078c4c16deb07ce595fca84b02,derived_or_unknown,stage2,unresolved_pending_registry_link
results/stage2/logprob_validation/llama_primary_logprob_validation.json,True,1911,d8c731617654c82d1d6d09819ac5d691ca02b0e7c5259dcbfa3826d9f07588ed,derived_or_unknown,stage2,unresolved_pending_registry_link
results/stage2/logprob_validation/qwen_primary_logprob_validation.json,True,1890,247150625a93a09fc90b9521203c5fddac6db882e9ae5548b4ffa6bd3b92abf7,derived_or_unknown,stage2,unresolved_pending_registry_link
results/stage2/logprob_validation/validate_logprob_events.jsonl,True,5702,9ffe40b56a900b499228e341c00b30f67d1b8ec97e410a87a6d0e3ea95f88c22,run_log,stage2,unresolved_pending_registry_link
results/stage3/artefact_checks/stage3_artefact_checks_events.jsonl,True,127608,beded679035a7739e1692a74395ec705ca2174259935ffd3a11b59ea91f95364,run_log,stage3,unresolved_pending_registry_link
results/stage3/artefact_checks/stage3_artefact_report.json,True,29972,9ab738ea3c218459e77ae2dab44d5e02a1ae43e85c584a13e1e9c3ecf7e517b2,derived_or_unknown,stage3,unresolved_pending_registry_link
results/stage3/artefact_checks/stage3_artefact_report_repair_el_a_003.json,True,29968,6b801cc656f87806e4f18762fd763cbb912154f941eed39db10996e0353759da,derived_or_unknown,stage3,unresolved_pending_registry_link
results/stage3/rendering/render_all_templates_events.jsonl,True,60496,59c94bf6318e5bb9eae4fb5f5a5d7aef0dfd78ae503a8526d531434edb9b5a81,run_log,stage3,unresolved_pending_registry_link
results/stage3/rendering/render_summary.json,True,138,9ac015fe76120c82495725f0c3c321fccce15fa0c44dffb52545e0999c479be1,summary,stage3,unresolved_pending_registry_link
results/stage3/rendering/render_summary_repair_el_a_003.json,True,136,3e55b7b16cf6ac23379a992253b4b2d1762db2d4ca2cf1c6b3732dcfb64c63da,summary,stage3,unresolved_pending_registry_link
results/stage3/verification/CM_A_001.json,True,667,b59ac9699e75595d7986f4ee54204b1f1a837a58ac46c859352d1eeac601f0c5,derived_or_unknown,stage3,unresolved_pending_registry_link
results/stage3/verification/CM_A_002.json,True,665,dec5e87e6ce49da79f166da90babcd1c50e416866b5459334541013c138beb41,derived_or_unknown,stage3,unresolved_pending_registry_link
results/stage3/verification/CM_A_003.json,True,658,667b78e52111ebfd83ff7d4399e88668b18fb38fb86e1a5747043581ca1a1951,derived_or_unknown,stage3,unresolved_pending_registry_link
results/stage3/verification/CM_A_004.json,True,678,df6e1ea5b1edd7ad5eb2283f468d2a9552545ed7fb34154b4dc9cee9a20a5b90,derived_or_unknown,stage3,unresolved_pending_registry_link
results/stage3/verification/CM_A_005.json,True,663,a4defb7c507696fc575ea361fd06b1259a87e2f3e4269f9cd1987d100463f0a5,derived_or_unknown,stage3,unresolved_pending_registry_link
results/stage3/verification/CM_A_006.json,True,672,3faaee141e23821ac7eabde7eb88fc29d988bafd9e2f2497fd07dc1936e04575,derived_or_unknown,stage3,unresolved_pending_registry_link
results/stage3/verification/CM_A_007.json,True,658,4ce51f3ee927d15f3f98a8f5695fa634c6554a67f45d01a44cabd7f2984d8222,derived_or_unknown,stage3,unresolved_pending_registry_link
results/stage3/verification/CM_A_008.json,True,673,5789a613fd84b075dacd57a3195ed5ec734bd44e6d412732347f439de3e8a227,derived_or_unknown,stage3,unresolved_pending_registry_link
results/stage3/verification/CM_A_009.json,True,674,063054d95c48f7f2b046e70daa9e1ccd16ba841f582a1f9f8db414c231ad9ea3,derived_or_unknown,stage3,unresolved_pending_registry_link
results/stage3/verification/CM_A_010.json,True,673,054cdaed66c471c74bb1054fa1f0ddec97c944e8aff45efd569e342378f621b0,derived_or_unknown,stage3,unresolved_pending_registry_link
results/stage3/verification/CM_B_001.json,True,693,eeba8857ada2fb657bc4924c6938fb8fe04b69e835d4e0a7f1a092d22927f9a1,derived_or_unknown,stage3,unresolved_pending_registry_link
results/stage3/verification/CM_B_002.json,True,694,977d19f61df9d74a31a1bf35df0ce4122d39d70b10d2b8e054a45f727dbb8831,derived_or_unknown,stage3,unresolved_pending_registry_link
results/stage3/verification/CM_B_003.json,True,686,e77e35539d125a2d30854271e9ca55abfc0fbbad8e396c0fac109441100b52ef,derived_or_unknown,stage3,unresolved_pending_registry_link
results/stage3/verification/CM_B_004.json,True,709,dd616b04f812f4f80d00c1953b8838216fc0d498da61c1faf2bef0f2cf57f6cd,derived_or_unknown,stage3,unresolved_pending_registry_link
results/stage3/verification/CM_B_005.json,True,671,4cbef85c5aec45156a8d8dbe675fd625cd5f931803f362a3faef09c7acc960a5,derived_or_unknown,stage3,unresolved_pending_registry_link
results/stage3/verification/CM_B_006.json,True,676,55b6a11001a456e426cdda60aadefb9644ebd15e84d2b50718374fe6bb25b8a5,derived_or_unknown,stage3,unresolved_pending_registry_link
results/stage3/verification/CM_B_007.json,True,671,fe90f2588d830e95cc2db46d60cb2b9f6c747f7fbe7eaf1bf52e101c6a4e49b0,derived_or_unknown,stage3,unresolved_pending_registry_link
results/stage3/verification/CM_B_008.json,True,689,2705cfbded1bf0d20f14be1ba6b7cd440335546be544db3826ab56e6b729eb4b,derived_or_unknown,stage3,unresolved_pending_registry_link
results/stage3/verification/CM_B_009.json,True,682,ae4cb1e0e7bb80d6ca056b6054a662923979ffea189ea8dca7f0d0b71fbe34b2,derived_or_unknown,stage3,unresolved_pending_registry_link
results/stage3/verification/CM_B_010.json,True,688,34e4559e076560973fe5ccbfd7c25624ebcba9064771ce5df99201e9d048cba1,derived_or_unknown,stage3,unresolved_pending_registry_link
results/stage3/verification/EL_A_001.json,True,673,a79a3b43e2cf203eff476961ed8742dd330fcf86343fca64be65b39dad2950c7,derived_or_unknown,stage3,unresolved_pending_registry_link
results/stage3/verification/EL_A_002.json,True,673,38f1b5b796bb21c5adfe10bc5daeec7411be66c073fae3c4ead816ed87bb9cc8,derived_or_unknown,stage3,unresolved_pending_registry_link
results/stage3/verification/EL_A_003.json,True,696,ba9c3964956068917ad46ea0da791bf44f4005aa3e3a12a0406532075ce34625,derived_or_unknown,stage3,unresolved_pending_registry_link
results/stage3/verification/EL_A_004.json,True,685,a45d628e89dbf681a5be413dba5961a3d3a0b44950a9a2e58aaff1cc1c5f4105,derived_or_unknown,stage3,unresolved_pending_registry_link
results/stage3/verification/EL_A_005.json,True,679,08aa4eae4e40c37a8de881d869d2ca2d07d4c52039153599d5629d6a48de2b2d,derived_or_unknown,stage3,unresolved_pending_registry_link
results/stage3/verification/EL_B_001.json,True,694,4b0ea2f4093c76bce24f1c4feb88638374b734fcb6a48b00862a968f9f0b0c6f,derived_or_unknown,stage3,unresolved_pending_registry_link
results/stage3/verification/EL_B_002.json,True,671,0c9e63f71e1f895654e90836c2e66ed21f4463b3812d303267b590de6456c6da,derived_or_unknown,stage3,unresolved_pending_registry_link
results/stage3/verification/EL_B_003.json,True,712,71764bbeefc62f1bafa6ff31c6c18d2e8126e04fc53c86878c7185d140f388c1,derived_or_unknown,stage3,unresolved_pending_registry_link
results/stage3/verification/EL_B_004.json,True,701,783623976241d77e3495f19713e56a3e27ef56aeafd63ae79149aa8267c27036,derived_or_unknown,stage3,unresolved_pending_registry_link
results/stage3/verification/EL_B_005.json,True,704,e8e988036574894ec06a4b3b5c24152f6056a6009c4f19d932b465b5a410e6e8,derived_or_unknown,stage3,unresolved_pending_registry_link
results/stage3/verification/verification_summary.json,True,99,fc27542360bd9286f37b24562c2b9905e6980906f26eb8773fdd1f4bc1dee9ec,summary,stage3,unresolved_pending_registry_link
results/stage4/analysis/analyse_stage4_events.jsonl,True,970,b57e9c957ca106156d35ea7967a4e90295712e01c027f5dd6f06e58d0e84c3fe,run_log,stage4,unresolved_pending_registry_link
results/stage4/analysis/stage4_per_family.csv,True,4074,b59f1efd7cdf3a9ea1c6d9b0b52cb545726861e35c6f4ab28d30017f6acb33e3,derived_or_unknown,stage4,unresolved_pending_registry_link
results/stage4/analysis/stage4_sensitivity_hist.png,True,49858,37881700346e07c6cb2cc9803b2a59e04321376c5edaa4042d8be8cf1dc0d5d9,figure,stage4,unresolved_pending_registry_link
results/stage4/analysis/stage4_sensitivity_summary.json,True,2812,8f9c76652bf79e3d82677f69765de12f0ec7fd8220cf5de811f477d013a2ab3d,summary,stage4,unresolved_pending_registry_link
results/stage4/behavioural/family_summaries.jsonl,True,77146,098ccb995a6a17731ad5a4ebe3532d0e4a92008ca855b1c5a64219375dcfe330,raw_or_record,stage4,unresolved_pending_registry_link
results/stage4/behavioural/llama_primary_20260613T213548Z.jsonl,True,120371,0f94c1e8ca571cd83454f56c1deeb4ad4c8c150e91364462fdcb9982bb6e3725,raw_or_record,stage4,unresolved_pending_registry_link
results/stage4/behavioural/prompt_records.jsonl,True,579756,e2f6a892d0af7efefe2c014dbc936083bd3a7a6f9fe886caaa8e4846ec0d7908,raw_or_record,stage4,unresolved_pending_registry_link
results/stage4/behavioural/qwen_primary_20260613T210506Z.jsonl,True,414572,1e4e429aad61c058fcdd0789cf84bc7f366aafa9c39062e2dbb969d4691e6775,raw_or_record,stage4,unresolved_pending_registry_link
results/stage4/behavioural/qwen_primary_20260613T215759Z.jsonl,True,121959,831a23f3328980b9655699333a3670f7ef585d57586c291004bb65a6a26f643e,raw_or_record,stage4,unresolved_pending_registry_link
results/stage4/behavioural/run_behavioural_events.jsonl,True,401817,d6b3c73afb2a7a2f11efc9695abbec52f8fcc8536df11760e4122105e19aa65d,run_log,stage4,unresolved_pending_registry_link
results/stage4/behavioural_local_dryrun/family_summaries.jsonl,True,12770,fca493f91d88faff5584b3823ee507d13a2159b8313c25f18ca3dd8ac5673f90,raw_or_record,stage4,unresolved_pending_registry_link
results/stage4/behavioural_local_dryrun/prompt_records.jsonl,True,90841,fff53648923c63ca7e6d1dc59239b91511f731f0e175110c0e567b39d3845a0f,raw_or_record,stage4,unresolved_pending_registry_link
results/stage4/behavioural_local_dryrun/qwen_primary_20260613T205222Z.jsonl,True,103611,97f0688c3a807b3afef90be773f11224a88d31ecf09a1007fc6c6c88a46bb171,raw_or_record,stage4,unresolved_pending_registry_link
results/stage4/behavioural_local_dryrun/run_behavioural_events.jsonl,True,66647,e0cd74ead3a36eebcead33feaf50eba202938ea92e4514627d2eeb252cf335cf,run_log,stage4,unresolved_pending_registry_link
results/stage4/behavioural_local_dryrun2/family_summaries.jsonl,True,12770,368affb67eccb43576058ad452c568eb86fed71e451d03e59512f23ee9c57588,raw_or_record,stage4,unresolved_pending_registry_link
results/stage4/behavioural_local_dryrun2/prompt_records.jsonl,True,90873,c5855524902c82932b2fabd42ac3e7fb496380a4214fe3cf2506c67f8107551b,raw_or_record,stage4,unresolved_pending_registry_link
results/stage4/behavioural_local_dryrun2/qwen_primary_20260613T210417Z.jsonl,True,103643,8fec5f5109745e995a7d231f1a16bb61bcecade466c842894be92628e4caf2fe,raw_or_record,stage4,unresolved_pending_registry_link
results/stage4/behavioural_local_dryrun2/run_behavioural_events.jsonl,True,66650,536d22d4cfe4f1f2467217fc6db73ff4c211df6b04e86f7fa99c26fccd26146f,run_log,stage4,unresolved_pending_registry_link
results/stage4_repair/analysis/analyse_stage4_events.jsonl,True,1274,db8f7c5db21145386141fa8ce54cc282a1432fab71ab700d47152cc450f3a09d,run_log,stage4_repair,unresolved_pending_registry_link
results/stage4_repair/analysis/stage4_per_family.csv,True,3871,dd31e6487ad08b61a5309f0863db6ca1c80cb88aed5ad472d0adf9d355da55a9,derived_or_unknown,stage4_repair,unresolved_pending_registry_link
results/stage4_repair/analysis/stage4_sensitivity_hist.png,True,50944,d5f83ef1c13e2226c261710d24ed7359c67b285e005f6d105417d6b625a76a86,figure,stage4_repair,unresolved_pending_registry_link
results/stage4_repair/analysis/stage4_sensitivity_summary.json,True,2051,eb15a7be0e66ea2ec532135ca466adde8377567b6602f83cd36e7cfaecdeea26,summary,stage4_repair,unresolved_pending_registry_link
results/stage4_repair/analysis_v2/analyse_stage4_events.jsonl,True,1327,b9864c87ce5380ca488e1646db30f8149575a5bddcba092b3f0facc197259473,run_log,stage4_repair,unresolved_pending_registry_link
results/stage4_repair/analysis_v2/stage4_per_family.csv,True,4219,1b94817b58a87747355aab4088ed164b8bd77217b2b081f359a01ac6a193d88f,derived_or_unknown,stage4_repair,unresolved_pending_registry_link
results/stage4_repair/analysis_v2/stage4_sensitivity_hist.png,True,100425,1c3d507441e767fc3b6b9599a3c3af062a6e7e99721b22be03fab050bf29d63e,figure,stage4_repair,unresolved_pending_registry_link
results/stage4_repair/analysis_v2/stage4_sensitivity_summary.json,True,3118,312f69b1a68e1b8adf91838a25534e46110dc404e155e3d04a9a592d6d8ae1f9,summary,stage4_repair,unresolved_pending_registry_link
results/stage4_repair/behavioural/family_summaries.jsonl,True,26349,a54cc2071cc467d615c5a3f9a6af7c66a81e437144fb94d5f546be752b355f45,raw_or_record,stage4_repair,unresolved_pending_registry_link
results/stage4_repair/behavioural/llama_primary_20260614T095723Z.jsonl,True,181854,5b5bf5224e97b8ba1e3d70f0e92a6040e2cccd149c9a386bb9e986e643c0ce2b,raw_or_record,stage4_repair,unresolved_pending_registry_link
results/stage4_repair/behavioural/prompt_records.jsonl,True,363916,7bf88ff50f2d27c71aa2efaa10b947bf695f95db97c2170edf72e2d383530b85,raw_or_record,stage4_repair,unresolved_pending_registry_link
results/stage4_repair/behavioural/qwen_primary_20260614T095718Z.jsonl,True,208411,f05cfd2236c3cf6a6fdb489b42e0e17d906851a5a1f9aef02ba37077119cd4b6,raw_or_record,stage4_repair,unresolved_pending_registry_link
results/stage4_repair/behavioural/run_behavioural_events.jsonl,True,136446,a22999653397ae458411f4f564ecc357a6ab932b377f8f73d739b1144ad93046,run_log,stage4_repair,unresolved_pending_registry_link
results/stage4_repair/mini_validation/family_summaries.jsonl,True,5240,38905021b3f8d9973041f18208c6025ed97cceee3714bfb23896871df6ab7119,raw_or_record,stage4_repair,unresolved_pending_registry_link
results/stage4_repair/mini_validation/llama_primary_20260614T090024Z.jsonl,True,15441,84fb47a6c31b9e0b402a6e1b395dd3f6de71019aaf9c1f54bb0ea93d01dd5198,raw_or_record,stage4_repair,unresolved_pending_registry_link
results/stage4_repair/mini_validation/llama_primary_20260614T093611Z.jsonl,True,15441,84fb47a6c31b9e0b402a6e1b395dd3f6de71019aaf9c1f54bb0ea93d01dd5198,raw_or_record,stage4_repair,unresolved_pending_registry_link
results/stage4_repair/mini_validation/prompt_records.jsonl,True,62638,f18b18d3c516eac9e487cf1c819b383f2fe5a47c9a75fd915dcd5ad7aea814c1,raw_or_record,stage4_repair,unresolved_pending_registry_link
results/stage4_repair/mini_validation/qwen_primary_20260614T090415Z.jsonl,True,18402,06770277f2675137dc2a082bf4c20f68dc679fa6000222046c12ec5bab4d581f,raw_or_record,stage4_repair,unresolved_pending_registry_link
results/stage4_repair/mini_validation/qwen_primary_20260614T093606Z.jsonl,True,18594,cb37e5b018dc5e7c92c93e8c3dc53a421f4175fb57986adeee481e0b6e07591f,raw_or_record,stage4_repair,unresolved_pending_registry_link
results/stage4_repair/mini_validation/run_behavioural_events.jsonl,True,31518,ea93b229392689540a29dfba66bf5a7713a8f904a0828903173f9112b9130da6,run_log,stage4_repair,unresolved_pending_registry_link
results/stage5/baselines/run_baselines_surface_events.jsonl,True,1220,508d51f0293af9f5a5ecbf03480edb258e334c7dd74211fcf94e6f90c79dc9a7,run_log,stage5,unresolved_pending_registry_link
results/stage5/baselines/surface_bag_of_words.json,True,471,a4d10a1c80e5b30e43309fb9961fbb75a643898558b4e4d76f38f06bf854368c,derived_or_unknown,stage5,unresolved_pending_registry_link
results/stage5/baselines/surface_cue_span_only.json,True,456,6f2c20cf3902b8a92c54473a2e907d9d6a3e0e144d6dd92168d11739eb35997f,derived_or_unknown,stage5,unresolved_pending_registry_link
results/stage5/baselines/surface_prompt_statistics.json,True,473,cfdbe1491c6c542bbd10850d90c94c4b2cbfe58be2e2d10681c98894c50e0cdd,derived_or_unknown,stage5,unresolved_pending_registry_link
results/stage5/baselines/surface_tfidf_logistic.json,True,457,728533b26ba50713025c4a476d7c8ec6a3d00bd004e12b1d6500a847301dbddc,derived_or_unknown,stage5,unresolved_pending_registry_link
results/stage5/baselines_repair/run_baselines_surface_events.jsonl,True,1220,5ab95a1cfd59a141b0ad9e7611895b65c27d21fc6f3c601ed9df02b3c81487a1,run_log,stage5,unresolved_pending_registry_link
results/stage5/baselines_repair/surface_bag_of_words.json,True,547,2f6a8c0c574398fa2cd8a646928ed5e8267e6d257909c5c05d427f326b90517a,derived_or_unknown,stage5,unresolved_pending_registry_link
results/stage5/baselines_repair/surface_cue_span_only.json,True,545,b2e1b14a3e5b653fb3d9d44a3f34cf100746d2b15e1fbeac6ffdd61a5c0c4f07,derived_or_unknown,stage5,unresolved_pending_registry_link
results/stage5/baselines_repair/surface_prompt_statistics.json,True,549,b176bb45d2139ec628268059270e7e2c92954e05571e35d681c7388873a44c22,derived_or_unknown,stage5,unresolved_pending_registry_link
results/stage5/baselines_repair/surface_tfidf_logistic.json,True,547,261983575f0860efafa56e9312eb67a9094075117b48d10e35dc2eb9f85e0836,derived_or_unknown,stage5,unresolved_pending_registry_link
results/stage5/baselines_repair_v2/run_baselines_surface_events.jsonl,True,3136,39c52639a65c0a0a420cf4384fcd884701d85f4feadb8822bdbebb2a3a8c42d1,run_log,stage5,unresolved_pending_registry_link
results/stage5/baselines_repair_v2/surface_bag_of_words.json,True,479,d9a0b0d164b1c7f669e7990b9f045f6e541658b47ef4343cc2f4d2cc3a288d73,derived_or_unknown,stage5,unresolved_pending_registry_link
results/stage5/baselines_repair_v2/surface_bag_of_words_slp_binary.json,True,550,9b47f14728ffe3ca7990ace159cde8b5c4960f276aa4e07308232799115eb0dd,derived_or_unknown,stage5,unresolved_pending_registry_link
results/stage5/baselines_repair_v2/surface_cue_span_only.json,True,480,7b895ba40f644c35e429100cd4fa3fc6ca1283f776790a7a6a791b1b98615f16,derived_or_unknown,stage5,unresolved_pending_registry_link
results/stage5/baselines_repair_v2/surface_cue_span_only_slp_binary.json,True,548,3581df439104b797d3ddb18cf905faa280089067a6824e8586ce45c76390beb6,derived_or_unknown,stage5,unresolved_pending_registry_link
results/stage5/baselines_repair_v2/surface_prompt_statistics.json,True,484,5eb58c3894aa16724b04a743c08f6795dc2c0cb4b9ecad80290e854b4904d2fb,derived_or_unknown,stage5,unresolved_pending_registry_link
results/stage5/baselines_repair_v2/surface_prompt_statistics_slp_binary.json,True,540,4fb3e561ff7ed1fb8b12146db6957987f883557a3fb8faf0f58d1430887cd166,derived_or_unknown,stage5,unresolved_pending_registry_link
results/stage5/baselines_repair_v2/surface_tfidf_continuous.json,True,541,1c564d0dd21d86d13bfc275abbc9450f48190cad5133e901d064dadbc4019ac2,derived_or_unknown,stage5,unresolved_pending_registry_link
results/stage5/baselines_repair_v2/surface_tfidf_logistic.json,True,481,90469154671d370023b9d248e37718ab7e017637b7a1a53d3e1a8b792582ba2c,derived_or_unknown,stage5,unresolved_pending_registry_link
results/stage5/baselines_repair_v2/surface_tfidf_logistic_slp_binary.json,True,549,7b1f7f8c1d76dd2b65719974192b62fcdefc09de356eab80bc151d8575642b3b,derived_or_unknown,stage5,unresolved_pending_registry_link
results/stage5/diagnostic/cm_b006_analysis.json,True,25670,1a077a8e8be6faa2cbdc1703a91121564443a6e1dfa82262a7787819d54ef6f9,derived_or_unknown,stage5,unresolved_pending_registry_link
results/stage5/diagnostic/cm_b006_pca.png,True,90811,42821cb23e666b6179fa415566d0322078c65f588d91c8bd8b2513f296c3f840,figure,stage5,unresolved_pending_registry_link
results/stage5/followup_comparison.json,True,436,9aac1843f0115304f947fc88d999bbcbb3457b93cd960ba520b9ca15dbd5919f,derived_or_unknown,stage5,unresolved_pending_registry_link
results/stage5/probing/layer_auroc_contrast.json,True,3669,ae112707538827c2bfe8b4a01c2252031f77ff5ce0f220e610f488e8017c8f2e,summary,stage5,unresolved_pending_registry_link
results/stage5/probing/layer_auroc_curve_contrast.png,True,88475,9a512900c15e5969a9327e420978d8968687e0e5898b8711447cd7651701b513,summary,stage5,unresolved_pending_registry_link
results/stage5/probing/layer_auroc_curve_pca10.png,True,41140,70b9333ecbee89b788ce8f6cc5612394f17cba9662f70524013e9798423c9459,summary,stage5,unresolved_pending_registry_link
results/stage5/probing/layer_auroc_curve_pca20.png,True,43782,4dc5e99db1a18cd715e0c881ad0bee938c591dee9e8c2bc0768afb4c33cf5d45,summary,stage5,unresolved_pending_registry_link
results/stage5/probing/layer_auroc_curve_pca50.png,True,38324,f4c42042032c6e31c4915d998b0e216d0eb7c31bb7ccaf8a48c5d72bd829dd7b,summary,stage5,unresolved_pending_registry_link
results/stage5/probing/layer_auroc_curve_resid_post_last_prompt.png,True,90963,db5b7d73dc899bc06de1890f841110dcf53d77fde732abd8fef184583ebbf954,summary,stage5,unresolved_pending_registry_link
results/stage5/probing/layer_auroc_pca10.json,True,135,f5fa783f8ae60e858ca5f2e1d73b4a04ab0f1a0112adab28ce4618fdb811c010,summary,stage5,unresolved_pending_registry_link
results/stage5/probing/layer_auroc_pca20.json,True,133,cb5e4b1c6e269b65a1c9d02858f07690f6c065ab0f2f374ac629383580bde311,summary,stage5,unresolved_pending_registry_link
results/stage5/probing/layer_auroc_pca50.json,True,134,718bc90d3e9aababad45af54c0cd41f4de17ac3e47381a218cf9d065ac5b3ad0,summary,stage5,unresolved_pending_registry_link
results/stage5/probing/layer_auroc_resid_post_last_prompt.json,True,3672,c187b47d20a9fb0655ec7fabb994b068f7d980cc2eabb0185b0b36955bdb45fa,summary,stage5,unresolved_pending_registry_link
results/stage5/probing/layer_pearson_pca10.json,True,104,a0c5aa6a7b427710f605a25dbc0571a45c7ea8aa3990ac4cca6970ee784c8f9b,derived_or_unknown,stage5,unresolved_pending_registry_link
results/stage5/probing/layer_pearson_pca20.json,True,105,015d4756bc19bc67f06e863456f91e5a77bec06b1f1fdebc10cce6657c3ced91,derived_or_unknown,stage5,unresolved_pending_registry_link
results/stage5/probing/layer_pearson_pca50.json,True,106,0589240500bdc2fe7d73e3ba4475b340f6ab4c4e44822fc3da005418804e5361,derived_or_unknown,stage5,unresolved_pending_registry_link
results/stage5/probing/layer_pearson_resid_post_last_prompt.json,True,2841,41a40c2ee82b3dd49903c66e6a67909d677408550fd2b9061c3aa92de32276cc,derived_or_unknown,stage5,unresolved_pending_registry_link
results/stage5/probing/loo_predictions_contrast.json,True,4329,4bd62732340d14f7d070fdee6b40683bcd3fdb0abd0074d68afb9e82ade85659,derived_or_unknown,stage5,unresolved_pending_registry_link
results/stage5/probing/loo_predictions_pca10.json,True,4358,c6c43d32cb6b7831814a24ec8e739c37e08d98037145aa3ad223523016c008e2,derived_or_unknown,stage5,unresolved_pending_registry_link
results/stage5/probing/loo_predictions_pca20.json,True,4345,2c7dd88bcc7ed32d39907db94f7416dd3de513a08a0a3a9792e92815a01d1dd4,derived_or_unknown,stage5,unresolved_pending_registry_link
results/stage5/probing/loo_predictions_pca50.json,True,4354,f4d5ab1b547325d7c9ad8b4c8392d8682a63348963bd10a53d876b2b5420436f,derived_or_unknown,stage5,unresolved_pending_registry_link
results/stage5/probing/loo_predictions_resid_post_last_prompt.json,True,4355,14a5061b48ba3988916040fabaf08edb86b58a31ca46ee30dfa1cfc5586de63d,derived_or_unknown,stage5,unresolved_pending_registry_link
results/stage5/probing/run_probing_events.jsonl,True,2017,492a7047b593b8a915f4246bfb68ea993be56ebcf25d5e82300d12321016b56c,run_log,stage5,unresolved_pending_registry_link
results/stage5/probing/summary_contrast.json,True,996,1a09d33f4fcf359b96fdf8172a7f330f339ae72565c572da17fbb6260205dd08,summary,stage5,unresolved_pending_registry_link
results/stage5/probing/summary_pca10.json,True,666,bc8da6b2d29cbe827f23bc6a1bc30050396c1de94db290e7f819655bc1b2f423,summary,stage5,unresolved_pending_registry_link
results/stage5/probing/summary_pca20.json,True,664,f21c89655caa1493b79ea3dd6b12c025306ef7dda61e9fb5bffc787b2461fa27,summary,stage5,unresolved_pending_registry_link
results/stage5/probing/summary_pca50.json,True,665,2ae5f8196b62668b56f14d244c528c28c68f4ea3ef2d9d7a45ff1d965f3367ad,summary,stage5,unresolved_pending_registry_link
results/stage5/probing/summary_resid_post_last_prompt.json,True,808,34031cb9375c76f99694bb47ee3ad1bacb83679e1f0e9554853cc934a4f7fb89,summary,stage5,unresolved_pending_registry_link
results/stage5/probing_tier2/layer_auroc_curve_resid_post_cue_token.png,True,81088,c4f994c0d7d4d3f530090b3394c89b2d453cdd030f4193f7f9fe38527a6da39d,summary,stage5,unresolved_pending_registry_link
results/stage5/probing_tier2/layer_auroc_resid_post_cue_token.json,True,3667,bdbff4c302a4c55266e77c1a46ce0b3111a7f307dcf9723463d9ecff30dc4e66,summary,stage5,unresolved_pending_registry_link
results/stage5/probing_tier2/layer_pearson_resid_post_cue_token.json,True,2829,f17a1350bb9381cbc8f0d1c657d6b581f794999beb6edd7fd9365f84cf750392,derived_or_unknown,stage5,unresolved_pending_registry_link
results/stage5/probing_tier2/loo_predictions_resid_post_cue_token.json,True,4408,9150da72e60b49ab8412390cc1554e3d21997540116bd23ac58392209fceb2ba,derived_or_unknown,stage5,unresolved_pending_registry_link
results/stage5/probing_tier2/run_probing_events.jsonl,True,411,fcbb6b76f68d6472aafcacf050c1eba516bf2623eb443cffeb248f01ab0d5810,run_log,stage5,unresolved_pending_registry_link
results/stage5/probing_tier2/summary_resid_post_cue_token.json,True,883,0114a7ef3f8a86f721a666d2b7ad18eca41448f4eb271dfd7631edfbcada75f1,summary,stage5,unresolved_pending_registry_link
results/stage5/probing_variance/layer_auroc_curve_variance.png,True,77641,a269898d7f70eae0d9f7bb5db1347af339b2b1237818264c3d74566dbfeeeddc,summary,stage5,unresolved_pending_registry_link
results/stage5/probing_variance/layer_auroc_variance.json,True,3667,20b83f4edbbe79ba25b0a0be8e8c250847676ef1e996cdb5189d74f3774671bc,summary,stage5,unresolved_pending_registry_link
results/stage5/probing_variance/layer_pearson_variance.json,True,2830,5abb54c230423177c30d522b3661d56809859ebd2564f3e6d4d06c85d756cb4a,derived_or_unknown,stage5,unresolved_pending_registry_link
results/stage5/probing_variance/loo_predictions_variance.json,True,4352,2cfc52e79bd7805f26ea39c4014ae12a414745a3b3129d84fc4428cece2af092,derived_or_unknown,stage5,unresolved_pending_registry_link
results/stage5/probing_variance/run_probing_events.jsonl,True,419,2c5c28a850ff1b261ffd7986d46fe120e2142c317324f8f45675d584d2e0dae8,run_log,stage5,unresolved_pending_registry_link
results/stage5/probing_variance/summary_variance.json,True,891,9bdb63b4fa886a3650d07585a100d8b55fbf419b261707f3b312d15f67505930,summary,stage5,unresolved_pending_registry_link
results/stage5/probing_variance_tier2/layer_auroc_curve_variance.png,True,86137,90ea20933a9f299d002acf49d534e0a9623afb73ef84854fbb650a82d600a7ed,summary,stage5,unresolved_pending_registry_link
results/stage5/probing_variance_tier2/layer_auroc_variance.json,True,3669,42b6e2ac9474aadff2e96330a8c879f215b6b6c37369c9d0b941e7a0350c3d42,summary,stage5,unresolved_pending_registry_link
results/stage5/probing_variance_tier2/layer_pearson_variance.json,True,2816,9680d0e63d52fca461bd44e95d4696e779b2c429d40bad5819e938d1838fd43a,derived_or_unknown,stage5,unresolved_pending_registry_link
results/stage5/probing_variance_tier2/loo_predictions_variance.json,True,4193,83d7bf778878d0dff154ec3053ba39f144a78f5c5e825cb73c5c8b0b74b99503,derived_or_unknown,stage5,unresolved_pending_registry_link
results/stage5/probing_variance_tier2/run_probing_events.jsonl,True,414,de9d82703b96af73d1bac551d4441d7a685ef59cb00389a0d00c84e4afb2b6b9,run_log,stage5,unresolved_pending_registry_link
results/stage5/probing_variance_tier2/summary_variance.json,True,856,44be57b8bb1fe2ed85e485984597a39fb02de9b5e66f030f38cbb81c65078996,summary,stage5,unresolved_pending_registry_link
results/stage6/.DS_Store,True,8196,1288d207e1fa31e749223fb854bda81b7e050289a4bb5bbddd9d82e68a494b96,derived_or_unknown,stage6,unresolved_pending_registry_link
results/stage6/analysis_d1/analyse_stage4_events.jsonl,True,652,90a1126b38b89b08c2153550b4854d9c990e90e2063e0eed526c33ad8dc8a365,run_log,stage6,unresolved_pending_registry_link
results/stage6/analysis_d1/stage6_d1_per_family.csv,True,5851,9263105285d19c6e32c895bee40637d96dd0b99017b3bf4c6be2762fa6e78943,derived_or_unknown,stage6,unresolved_pending_registry_link
results/stage6/analysis_d1/stage6_d1_sensitivity_hist.png,True,94370,ea80927da539b17405b1d1fe6f7c72ab41c8f59b11b1a1224ad0413ccf79553e,figure,stage6,unresolved_pending_registry_link
results/stage6/analysis_d1/stage6_d1_sensitivity_summary.json,True,5253,12cfa4163faacfaa4ed4c58dac8cafb3b2c82c70e65c9c4c6e99a61c8140d93f,summary,stage6,unresolved_pending_registry_link
results/stage6/analysis_d2/analyse_stage4_events.jsonl,True,367,0e8d5abfd39eef83318a3a2879bfa178487913b31ec8c41c44008aef0a592294,run_log,stage6,unresolved_pending_registry_link
results/stage6/analysis_d2/generate_positive_families_events.jsonl,True,419,1fd90aee415e22e295bf85f2d6906c46461d59180193985ff6b7d5a5480c63d9,run_log,stage6,unresolved_pending_registry_link
results/stage6/analysis_d2/stage6_d1_per_family.csv,True,18854,46f54ba4ce94776ff994e3bad29e67b2753ec6f76a508ef78213e03ac28b3a74,derived_or_unknown,stage6,unresolved_pending_registry_link
results/stage6/analysis_d2/stage6_d1_sensitivity_summary.json,True,5605,90ea86c296ead5d2aaab7deb2dd7b7301df810f140a621df2d96db5663a35a52,summary,stage6,unresolved_pending_registry_link
results/stage6/analysis_d2/stage6_d2_sensitivity_hist.png,True,87276,34f8eab3f84046c5928862da6e233eebe83e5d810304ecbea5573067f5421785,figure,stage6,unresolved_pending_registry_link
results/stage6/analysis_d2/stage6_positive_families.json,True,1351,666a87b7e11014115a837de12036011df2afbd2ee306f145523c5895e374826f,derived_or_unknown,stage6,unresolved_pending_registry_link
results/stage6/analysis_d2/stage6_positive_families_llama.json,True,910,f6b23b2d0bd2b94d4910a4f0606ac61b124375f2fd1cdea70a965b885b41da8d,derived_or_unknown,stage6,unresolved_pending_registry_link
results/stage6/audit/stage6_freeze_gate_summary.json,True,1484,323f2a6d5de4b20f5cfcce083e5aac1026d5a5f7bf6b579458bd13c53d7e3af2,summary,stage6,unresolved_pending_registry_link
results/stage6/audit/stage6_full_benchmark_manifest.csv,True,29914,e32d559c7c7fc778b49d962fa014cb842124b25996a45cd35c8bf00d7c6fdf65,derived_or_unknown,stage6,unresolved_pending_registry_link
results/stage6/audit/stage6_phase2_bce_audit_summary.json,True,968,bbe55f8ca16ef8045ce7fb32f9a2230b11afe6d96f8d074402d3ad31fcc92cea,summary,stage6,unresolved_pending_registry_link
results/stage6/audit/stage6_phase2_bce_priority_review.csv,True,5609,5832236e864173b746e8e5be924ef1fa0148a1d9975561ce24ee1b11ea185792,derived_or_unknown,stage6,unresolved_pending_registry_link
results/stage6/baselines/run_baselines_surface_events.jsonl,True,3280,eccf2805c49c8eabcb939121b3aabc27f54bfec631580f07b7556bc2679b4e35,run_log,stage6,unresolved_pending_registry_link
results/stage6/baselines/surface_bag_of_words_slp_binary.json,True,562,a1c6f356d40ffdc41074d0e46dfe2dec4933f8a54d7bf0c34c751628407cbf73,derived_or_unknown,stage6,unresolved_pending_registry_link
results/stage6/baselines/surface_cue_span_only_slp_binary.json,True,564,7cbe97f1eaae709e04707e24ddfdc4b1c9513c2eccd374c63cad0ebf854e2387,derived_or_unknown,stage6,unresolved_pending_registry_link
results/stage6/baselines/surface_prompt_statistics_slp_binary.json,True,567,6ee7b42d5dd868a054b5fe2bdec05be0a354781ff94480751d51e7b6d6ac0c60,derived_or_unknown,stage6,unresolved_pending_registry_link
results/stage6/baselines/surface_tfidf_continuous.json,True,539,1dec74abb95a9185f459e6b01ed7956f7dc927c8fdcbd4128681ff0d04d4cf38,derived_or_unknown,stage6,unresolved_pending_registry_link
results/stage6/baselines/surface_tfidf_logistic_slp_binary.json,True,568,6fdc261b801135aadeaed0d81895119560187979945dd6e1a9f615f5059ba9fd,derived_or_unknown,stage6,unresolved_pending_registry_link
results/stage6/baselines_no_cue_c/run_baselines_surface_events.jsonl,True,1640,a7a24ee5a85585468b727a6592644ac61cc719b943486815cecfb341911041d3,run_log,stage6,unresolved_pending_registry_link
results/stage6/baselines_no_cue_c/surface_bag_of_words_slp_binary.json,True,548,e6c682a947153514437d77e8530331c8d68e4c5a8a1272b97ded3278bdfd3336,derived_or_unknown,stage6,unresolved_pending_registry_link
results/stage6/baselines_no_cue_c/surface_cue_span_only_slp_binary.json,True,548,befd701605df502bdb925b482318e0e41ebdd668dbb7cf7edcbe14576334d7d8,derived_or_unknown,stage6,unresolved_pending_registry_link
results/stage6/baselines_no_cue_c/surface_prompt_statistics_slp_binary.json,True,555,5c3f7bf25ae2b8ede3e62bac5b1420e47a6f569fc4b6f9b40ad37527dde620d7,derived_or_unknown,stage6,unresolved_pending_registry_link
results/stage6/baselines_no_cue_c/surface_tfidf_continuous.json,True,540,597b468fc66f02fba50b693b5712d2d6114e511629b9fb8c6ce3bdefff2faa21,derived_or_unknown,stage6,unresolved_pending_registry_link
results/stage6/baselines_no_cue_c/surface_tfidf_logistic_slp_binary.json,True,550,464b7c31494ab4141360b3c940ccddf7a996870e71743b4206f530bced3f30e0,derived_or_unknown,stage6,unresolved_pending_registry_link
results/stage6/behavioural/family_summaries.jsonl,True,35792,30a81374c6840423d166655b529caf1e5dcf940294f072770bc65bfb944b31ac,raw_or_record,stage6,unresolved_pending_registry_link
results/stage6/behavioural/llama_primary_20260615T124604Z.jsonl,True,155960,50af8c59c84636fbc6c4d6e222390d5fb5f8a14f409f3315c12590322da356ce,raw_or_record,stage6,unresolved_pending_registry_link
results/stage6/behavioural/prompt_records.jsonl,True,274559,0f2c4a3294b03a994561dd7edaec3530ab5a4cb56b9cdef6203fac3b2cac490d,raw_or_record,stage6,unresolved_pending_registry_link
results/stage6/behavioural/qwen_primary_20260615T103322Z.jsonl,True,154391,e2d107fc398eab56c445bc7a7f80202c213db51ec876d2dbc598d12779f33345,raw_or_record,stage6,unresolved_pending_registry_link
results/stage6/behavioural/run_behavioural_events.jsonl,True,182125,1dc6bdc168000dfa965ed44ce69cef7b513b014939ae32859ad012c193a8b1fe,run_log,stage6,unresolved_pending_registry_link
results/stage6/behavioural_deepseek/deepseek_reasoning_20260617T055830Z.jsonl,True,885297,dcd239350f04838122140e5005e4b4e6855949328d6d34695bc63f4dbe6f456e,raw_or_record,stage6,unresolved_pending_registry_link
results/stage6/behavioural_deepseek/family_summaries.jsonl,True,63814,a3d2940901228ad02ac6e79aab0ede8558696cc670a4c8d939eb7d8d4db0dea6,raw_or_record,stage6,unresolved_pending_registry_link
results/stage6/behavioural_deepseek/prompt_records.jsonl,True,821483,b12fb77e12e6bee1fe7782642c6a1bac42acfe72af5de390fe025a0f61d14acb,raw_or_record,stage6,unresolved_pending_registry_link
results/stage6/behavioural_deepseek/run_behavioural_events.jsonl,True,326094,d3ebd2ebb272824f60a45c7d7334d462db22ce4c60fcbdb1fe5b33cac632557d,run_log,stage6,unresolved_pending_registry_link
results/stage6/behavioural_full_rerun/family_summaries.jsonl,True,125438,8429abde196d5f9bfddb65af138a1de7a4bb2af16e8b4b9a2cf6265321b7eb4b,raw_or_record,stage6,unresolved_pending_registry_link
results/stage6/behavioural_full_rerun/llama_primary_20260616T085448Z.jsonl,True,539254,ee413716fa4c59400c7b646eb25a17c1b43649e74c1c42dd2979d13f3015ef0f,raw_or_record,stage6,unresolved_pending_registry_link
results/stage6/behavioural_full_rerun/prompt_records.jsonl,True,947352,08a8fa1ca92168b73ccf7fe452d5fa4e16db1747677f87d4cb37c1eda71f815c,raw_or_record,stage6,unresolved_pending_registry_link
results/stage6/behavioural_full_rerun/qwen_primary_20260616T091228Z.jsonl,True,533536,d4ea3ccb05e8797d692d54d1ba05a964444da310ab08e3ae45b8fa1735afed5c,raw_or_record,stage6,unresolved_pending_registry_link
results/stage6/behavioural_full_rerun/run_behavioural_events.jsonl,True,632199,68e1dd69b96f955ddae1c977b29b7a9f98147246f410f913ad0942ee52caf063,run_log,stage6,unresolved_pending_registry_link
results/stage6/diagnostic/cue_token_variance_correlation.json,True,3935,905f0ad8253f6b48279a59c18602d28874b8d35bed43a941e0d72db8eb9a5058,derived_or_unknown,stage6,unresolved_pending_registry_link
results/stage6/generated_full_benchmark/CM_A_001.json,True,1722,1155c9bbadc4e68125dfca9ea2351cc206f166d45212de8e365437a10d626708,derived_or_unknown,stage6,unresolved_pending_registry_link
results/stage6/generated_full_benchmark/CM_A_002.json,True,2034,bb66cbd2706f8416f78d44170440d73d2f82d7bbfe22d7a7186c1f6dacb1997d,derived_or_unknown,stage6,unresolved_pending_registry_link
results/stage6/generated_full_benchmark/CM_A_003.json,True,1243,fa82a2ff7be8fbacffe6a1e4f533bf8a89f8e6db9f8d0314780a9ef984b5c3eb,derived_or_unknown,stage6,unresolved_pending_registry_link
results/stage6/generated_full_benchmark/CM_A_004.json,True,1725,0345213c4ccc79d7d57d28a264343e6749187f840d04a6f47eeb41b1c08e74be,derived_or_unknown,stage6,unresolved_pending_registry_link
results/stage6/generated_full_benchmark/CM_A_005.json,True,2245,160abf19695a9c700d232d31abad1dde8ee7273a3f33570c12052966b1f14904,derived_or_unknown,stage6,unresolved_pending_registry_link
results/stage6/generated_full_benchmark/CM_A_006.json,True,1574,4e154bc1e9e86fba35f106f6cfb89576f881fda74f2dab8461db5632042285f0,derived_or_unknown,stage6,unresolved_pending_registry_link
results/stage6/generated_full_benchmark/CM_A_007.json,True,1532,75eafd694c09ed807e02e0e0381f025aa140abf06c277f90f90004fe016b38a9,derived_or_unknown,stage6,unresolved_pending_registry_link
results/stage6/generated_full_benchmark/CM_A_008.json,True,1940,f077d5d2c3a0ba4b440460eea84d3ce5052ee583f93346246315d6822d3baf64,derived_or_unknown,stage6,unresolved_pending_registry_link
results/stage6/generated_full_benchmark/CM_A_009.json,True,1552,843ff7f261595041c80ce16b3dbc98a6313d90c9eb20a71fe18d1653c630551b,derived_or_unknown,stage6,unresolved_pending_registry_link
results/stage6/generated_full_benchmark/CM_A_010.json,True,1743,e5fc4c87a3158b8bf6ef9ab5db77a1055cbc868615d9cbb33817a53524e8b078,derived_or_unknown,stage6,unresolved_pending_registry_link
results/stage6/generated_full_benchmark/CM_A_STD_001.json,True,1676,0cc08ae2b2a95bc3a207ba6c810eb5596e1011f75dae310898181425c1251211,derived_or_unknown,stage6,unresolved_pending_registry_link
results/stage6/generated_full_benchmark/CM_A_STD_002.json,True,1755,a94b9ae6d4a92d6013ea5f38f990086403161e2273f905541632eb69d19dd457,derived_or_unknown,stage6,unresolved_pending_registry_link
results/stage6/generated_full_benchmark/CM_A_STD_003.json,True,1418,148eadc79e4da17f8f9bfec918fe91ad469039254df891a8b44f484d7df104a1,derived_or_unknown,stage6,unresolved_pending_registry_link
results/stage6/generated_full_benchmark/CM_A_STD_004.json,True,1512,bc0b639cb710a8d35aa29743b04c392b938cd21b8a966f11f36d169ba0d0ecd4,derived_or_unknown,stage6,unresolved_pending_registry_link
results/stage6/generated_full_benchmark/CM_A_STD_005.json,True,1663,0250754f7b939f40fb43e5cdc9746c56b968833dc1372ecb00418146b9f7687c,derived_or_unknown,stage6,unresolved_pending_registry_link
results/stage6/generated_full_benchmark/CM_A_STD_006.json,True,1744,077aa516bbedc6ef0377cd4d934125d591671ee3b92d68b54e9fd55726eb2d49,derived_or_unknown,stage6,unresolved_pending_registry_link
results/stage6/generated_full_benchmark/CM_A_STD_007.json,True,2089,31e7873131bad4fcad1ef220259ad10824cc03d9433079630222f77f7e7471ee,derived_or_unknown,stage6,unresolved_pending_registry_link
results/stage6/generated_full_benchmark/CM_A_STD_008.json,True,1397,e41b551e0c55b0aafd4e10593899603b2063eea8263c0d848d3f6136ad7c3394,derived_or_unknown,stage6,unresolved_pending_registry_link
results/stage6/generated_full_benchmark/CM_A_STD_009.json,True,1436,c0fdf6753d14bca783bd0044903d64903eb2d249fcd81247855a326252e94d72,derived_or_unknown,stage6,unresolved_pending_registry_link
results/stage6/generated_full_benchmark/CM_A_STD_010.json,True,1481,3e3434f79bccfa663b0ff383244109cf37b216ccb0e247d5f0ede55f93fdfd11,derived_or_unknown,stage6,unresolved_pending_registry_link
results/stage6/generated_full_benchmark/CM_A_STD_011.json,True,1494,fc13bb284b28683c7e9569ec6a9c3cefd8361fc3f3d2f54a91b37171f8077972,derived_or_unknown,stage6,unresolved_pending_registry_link
results/stage6/generated_full_benchmark/CM_A_STD_012.json,True,1551,08dd61f1476b7e3033e8acbdc4993474f0a7262e41dd81aaaf786c5fed8ecc52,derived_or_unknown,stage6,unresolved_pending_registry_link
results/stage6/generated_full_benchmark/CM_A_STD_013.json,True,1473,18aeb0755fed974a3be3b5b272fed3e6089b65b05533a46acf7c5118481af0db,derived_or_unknown,stage6,unresolved_pending_registry_link
results/stage6/generated_full_benchmark/CM_A_STD_014.json,True,1466,79a749f47188c13a3202ebe5282fae70d02aa1fdeabe2cdd9e171347df832123,derived_or_unknown,stage6,unresolved_pending_registry_link
results/stage6/generated_full_benchmark/CM_A_STD_015.json,True,1723,4eafea7c13fdabebdc92a58c7b5db2b28cba6b21ab56276abb88e5aba5df3d00,derived_or_unknown,stage6,unresolved_pending_registry_link
results/stage6/generated_full_benchmark/CM_A_STD_016.json,True,1676,8ec4a487e572275249cb6625de90eef76152dbca2e098118666ebbfca33adb28,derived_or_unknown,stage6,unresolved_pending_registry_link
results/stage6/generated_full_benchmark/CM_A_STD_017.json,True,1568,fe418bbd0ccf5ebecc7f9afc7d5b5a9dac8534015fd306e75c215a325ae127db,derived_or_unknown,stage6,unresolved_pending_registry_link
results/stage6/generated_full_benchmark/CM_A_STD_018.json,True,1835,6fadb82589fbc47d41a17c1443e9c42cbaeb40c0e3e2fd7ddf9d5f0da29b45c7,derived_or_unknown,stage6,unresolved_pending_registry_link
results/stage6/generated_full_benchmark/CM_A_STD_019.json,True,1753,93238d4dbe681c0b76d3595f609b054958da9e89eee6757de10d6120d37553ff,derived_or_unknown,stage6,unresolved_pending_registry_link
results/stage6/generated_full_benchmark/CM_A_STD_020.json,True,1544,4f749cc1637183843bc385c8b194e0db2d5f2cbdc4791c70e4d81d4cbcf48545,derived_or_unknown,stage6,unresolved_pending_registry_link
results/stage6/generated_full_benchmark/CM_B_001.json,True,2477,c4e0e86f362090e76ec71ef8b544dc09e4b7aba1681aca85120c86758b6a5e03,derived_or_unknown,stage6,unresolved_pending_registry_link
results/stage6/generated_full_benchmark/CM_B_002.json,True,2328,0361c8f743e4544b9b5ed99a909d1d9fb7fdbc58637b834f4d452df08aa522b4,derived_or_unknown,stage6,unresolved_pending_registry_link
results/stage6/generated_full_benchmark/CM_B_003.json,True,2003,b374693fb1c165e638972a411430d0cdac9ea6fad6ecdbd987263980ca9a2a89,derived_or_unknown,stage6,unresolved_pending_registry_link
results/stage6/generated_full_benchmark/CM_B_004.json,True,2424,ffd009cb505e34a914ce8d6ef46e18abb33b7a0c77a60850711a14f69da18566,derived_or_unknown,stage6,unresolved_pending_registry_link
results/stage6/generated_full_benchmark/CM_B_005.json,True,1802,e1fe2391e46a4f4a4dbea0223619dfb99c5e7cb303f25d23dc262b61cad3bdac,derived_or_unknown,stage6,unresolved_pending_registry_link
results/stage6/generated_full_benchmark/CM_B_006.json,True,2121,cdcdefd4228b5ddfaba57d0549341a68ee1d1533cc27128c8afdd98f027a80cf,derived_or_unknown,stage6,unresolved_pending_registry_link
results/stage6/generated_full_benchmark/CM_B_007.json,True,2355,76910c906d082e2d063295e77c03a6cddb8de1af5fa3539afbf5ace465e10229,derived_or_unknown,stage6,unresolved_pending_registry_link
results/stage6/generated_full_benchmark/CM_B_008.json,True,2304,bd8095b8d24d8bd29a3dbb7ac074585712b54a541aea73ba864b9e6e368bd6c9,derived_or_unknown,stage6,unresolved_pending_registry_link
results/stage6/generated_full_benchmark/CM_B_009.json,True,2393,551915b1a00c642fb3ecf8dd84c29bdc23da5afa121650d1181b6dd3e2c130ee,derived_or_unknown,stage6,unresolved_pending_registry_link
results/stage6/generated_full_benchmark/CM_B_010.json,True,2337,6f3dece309445b1b43928c1aa10f351684029c30f5e04ae220bb94b092520557,derived_or_unknown,stage6,unresolved_pending_registry_link
results/stage6/generated_full_benchmark/CM_B_STD_001.json,True,2343,64efbdf4c82cab5e5171b69d4fc5bc5d08ad99057e07ecf44c5a0d2841dbedb6,derived_or_unknown,stage6,unresolved_pending_registry_link
results/stage6/generated_full_benchmark/CM_B_STD_002.json,True,2204,4bc1c1412352c069a1668ad3099cbfcff3a7d79b928d549f5545caae960cefed,derived_or_unknown,stage6,unresolved_pending_registry_link
results/stage6/generated_full_benchmark/CM_B_STD_003.json,True,2219,e51f1651a1edcf4fd9db0969f35a39a2a0e808a45913b52c3ffecb1786365a3d,derived_or_unknown,stage6,unresolved_pending_registry_link
results/stage6/generated_full_benchmark/CM_B_STD_004.json,True,2108,1b466d5c471cae090ab58ad3c9b6e5ddbfbca2933d04a784cf256081cb9ee9c9,derived_or_unknown,stage6,unresolved_pending_registry_link
results/stage6/generated_full_benchmark/CM_B_STD_005.json,True,2267,534c3e8707beb40ceb864718ececc28e9a620a1837e59d66f8a37d58fbafcb3b,derived_or_unknown,stage6,unresolved_pending_registry_link
results/stage6/generated_full_benchmark/CM_B_STD_006.json,True,2120,2d89b69e960b22bb30c231633ba3de30b82699ce1314826b475faaa40e5fba2f,derived_or_unknown,stage6,unresolved_pending_registry_link
results/stage6/generated_full_benchmark/CM_B_STD_007.json,True,2020,2be9ca4701e9596e1506f7ca52f2af4cd469098fef37080eff7b9f4a27bebfbf,derived_or_unknown,stage6,unresolved_pending_registry_link
results/stage6/generated_full_benchmark/CM_B_STD_008.json,True,1972,4d5fefaeb9722415cd1b826e6651d0b503e917ff43591980ded736eae8fa0879,derived_or_unknown,stage6,unresolved_pending_registry_link
results/stage6/generated_full_benchmark/CM_B_STD_009.json,True,2126,1427c794b95cd52d19407880e4a424863d4635c977f60e41c98062239730c3e8,derived_or_unknown,stage6,unresolved_pending_registry_link
results/stage6/generated_full_benchmark/CM_B_STD_010.json,True,2406,a15f269d7d4b240363a815b50cb897d60a7760817921060170e2904f1b2096ed,derived_or_unknown,stage6,unresolved_pending_registry_link
results/stage6/generated_full_benchmark/CM_B_STD_011.json,True,2316,3b377e0e425e907f3021ad2e581a4286cc2be427c24f9eca885f9cc75821be2f,derived_or_unknown,stage6,unresolved_pending_registry_link
results/stage6/generated_full_benchmark/CM_B_STD_012.json,True,2270,7fc174a07b7cc34df746a9741dbf127ef11d6501a52ecbcc6eee8e16cdc9aac0,derived_or_unknown,stage6,unresolved_pending_registry_link
results/stage6/generated_full_benchmark/CM_B_STD_013.json,True,2138,fcd3167c15d3a7e33b450fddb3879d66d62e9aa00d82d82f2ce4f3c6a54228e3,derived_or_unknown,stage6,unresolved_pending_registry_link
results/stage6/generated_full_benchmark/CM_B_STD_014.json,True,2237,0e2c55855204fee192a98b96bb98ac5ef836f58c8d0816a003796b65e82d1f10,derived_or_unknown,stage6,unresolved_pending_registry_link
results/stage6/generated_full_benchmark/CM_B_STD_015.json,True,2075,213f17aac1eda0ba8c012122770869477932725dbf233d45e7a427c33e5edbe4,derived_or_unknown,stage6,unresolved_pending_registry_link
results/stage6/generated_full_benchmark/CM_B_UM_001.json,True,2480,76d032f4285ceee1a9675dd944e0a921a4dae207bb3741a0664fecd9fa29f16b,derived_or_unknown,stage6,unresolved_pending_registry_link
results/stage6/generated_full_benchmark/CM_B_UM_002.json,True,2232,800ceccfa682c234133b4736ac2bce071fd2eaccaedb9e851c0eb229d161f4f9,derived_or_unknown,stage6,unresolved_pending_registry_link
results/stage6/generated_full_benchmark/CM_B_UM_003.json,True,2381,976abc58c90e11d0450b18e76ad8fce28e74663c1e188e636b1151a4ca6c2b09,derived_or_unknown,stage6,unresolved_pending_registry_link
results/stage6/generated_full_benchmark/CM_B_UM_004.json,True,2306,d2fe0fa347f8193906c9e5387bf3e1206e17c9e6d63916f9cd6b24fbce1b010a,derived_or_unknown,stage6,unresolved_pending_registry_link
results/stage6/generated_full_benchmark/CM_B_UM_005.json,True,2218,6ddf346f32249d64b57c8cfb0d88714694b74af070ab73837aa1cf612afb2c64,derived_or_unknown,stage6,unresolved_pending_registry_link
results/stage6/generated_full_benchmark/CM_B_UM_006.json,True,2384,e173b2aaf5718bdacbbc3a2c55a8d4052502ed84e018a3f2f37b79a8cfa5b9e9,derived_or_unknown,stage6,unresolved_pending_registry_link
results/stage6/generated_full_benchmark/CM_B_UM_007.json,True,2218,2d350fc6283785ee2563668b71327b9df6c31dd50b9a9ee121db550a1c99f1f5,derived_or_unknown,stage6,unresolved_pending_registry_link
results/stage6/generated_full_benchmark/CM_B_UM_008.json,True,2402,9c22d8cb50606a2feb472ba9614d8bc252699be8e00b1d5eb7b9adadf5a09058,derived_or_unknown,stage6,unresolved_pending_registry_link
results/stage6/generated_full_benchmark/CM_B_UM_009.json,True,1863,04c3c8fb6dac470803a1826bc8aa36860eb82289f13ab256d23b40e19236f80c,derived_or_unknown,stage6,unresolved_pending_registry_link
results/stage6/generated_full_benchmark/CM_B_UM_010.json,True,1714,95bef59400567817715b7f3fa15621fca5754439fd59d2f16337dfd880c1a7d2,derived_or_unknown,stage6,unresolved_pending_registry_link
results/stage6/generated_full_benchmark/CM_B_UM_011.json,True,2004,476fdd27aa2977dc72a0c377813ef7a2eb5eb7fe0fbee7d8a01a23a854916cab,derived_or_unknown,stage6,unresolved_pending_registry_link
results/stage6/generated_full_benchmark/CM_B_UM_012.json,True,1775,1f1a7b991da47fed9fa4ef5f6d3fb460e901f9a7a4802986f8de9d68fbb5eba2,derived_or_unknown,stage6,unresolved_pending_registry_link
results/stage6/generated_full_benchmark/CM_B_UM_013.json,True,1873,48034897c145250943dfebefaa68800bdff2205fe871b0a49ebaddd267f53643,derived_or_unknown,stage6,unresolved_pending_registry_link
results/stage6/generated_full_benchmark/CM_B_UM_014.json,True,1966,91505162ad3b9d7808ad115b0fb0cebc1c3881ebd12ec8796cad7fff9747b2ab,derived_or_unknown,stage6,unresolved_pending_registry_link
results/stage6/generated_full_benchmark/CM_B_UM_015.json,True,2234,a780527c0f8fe76d0da12b387d558eb494c81461bf8d0a4217086fb374f3abea,derived_or_unknown,stage6,unresolved_pending_registry_link
results/stage6/generated_full_benchmark/CM_B_UM_016.json,True,2142,fb8d3d40ab52cbd8a38e6208272e31c6a66563e5fdeadb8aba4763723c9a2163,derived_or_unknown,stage6,unresolved_pending_registry_link
results/stage6/generated_full_benchmark/CM_B_UM_017.json,True,2334,d44b34e3e4362bbb5c7057775398236bd55dc7c1c26923b78c5e0b0076b993f5,derived_or_unknown,stage6,unresolved_pending_registry_link
results/stage6/generated_full_benchmark/CM_B_UM_018.json,True,2210,0ccd3d22483d72391f67bcd15d5adf7611f1b098af53e76b7911dfb2019c4c6e,derived_or_unknown,stage6,unresolved_pending_registry_link
results/stage6/generated_full_benchmark/CM_B_UM_019.json,True,2402,fe90299bf670e5b1be6876eba3c35e3a311aaea5cd3379ee6d95d9e8b82d4344,derived_or_unknown,stage6,unresolved_pending_registry_link
results/stage6/generated_full_benchmark/CM_B_UM_020.json,True,2418,71529a255be409740e3bac765c6d09de55680502d803c281ccd3f9deb83d3e55,derived_or_unknown,stage6,unresolved_pending_registry_link
results/stage6/generated_full_benchmark/CM_B_UM_021.json,True,2037,c8e9f45a0074e0892c64e346c814297f1fdd43bb046dd05a14e04dab0191e81f,derived_or_unknown,stage6,unresolved_pending_registry_link
results/stage6/generated_full_benchmark/CM_B_UM_022.json,True,1913,b2d26aa14801986cc2434709bcee89d7f39ca2e7a02a0d89edf6554dd35a5361,derived_or_unknown,stage6,unresolved_pending_registry_link
results/stage6/generated_full_benchmark/CM_B_UM_023.json,True,2189,413306810828116436901f1c26842fecfd310039d5d4afa43f74499e98bd9365,derived_or_unknown,stage6,unresolved_pending_registry_link
results/stage6/generated_full_benchmark/CM_B_UM_024.json,True,2186,13ec4f7db38fdca4072d4d3ce9500b191a694f763153f970b64d8c71e6b740c3,derived_or_unknown,stage6,unresolved_pending_registry_link
results/stage6/generated_full_benchmark/CM_B_UM_025.json,True,2185,f45a94b6497a21c1d0a77b0c6dfd13ec98a8d4fd9eb21d1ddbd44e26a7a41c10,derived_or_unknown,stage6,unresolved_pending_registry_link
results/stage6/generated_full_benchmark/CM_B_UM_026.json,True,2206,4f40e0f2c7c529c2199139a58f9948ca2f7c66c51c4b058ed7f4f5660653111b,derived_or_unknown,stage6,unresolved_pending_registry_link
results/stage6/generated_full_benchmark/CM_B_UM_027.json,True,2241,0f97d5d6be069bf6dd6b12db4eab0a7acacf7ae2d5aae041775a310baa496101,derived_or_unknown,stage6,unresolved_pending_registry_link
results/stage6/generated_full_benchmark/CM_B_UM_028.json,True,2252,f2e5f3cbe15fb69656e803ba0579d6e4c63ed6d8002d4f6990ba3f2b4eedd1d0,derived_or_unknown,stage6,unresolved_pending_registry_link
results/stage6/generated_full_benchmark/CM_B_UM_029.json,True,2249,a280a5f2c520c3cd686d9ff263d63765f14187e4b3c7b7cd50a430c649a63cc2,derived_or_unknown,stage6,unresolved_pending_registry_link
results/stage6/generated_full_benchmark/CM_B_UM_030.json,True,2249,81286b73ae77ce3e3256b5b7eb783f9c16f4949f018780f685dfa719ff5703c4,derived_or_unknown,stage6,unresolved_pending_registry_link
results/stage6/generated_full_benchmark/CM_B_UM_031.json,True,2249,70ff9a3262b2ee2ce238eec7f3379d8e210e95668f6ffcc7e9c2f6b03d7f18a7,derived_or_unknown,stage6,unresolved_pending_registry_link
results/stage6/generated_full_benchmark/CM_B_UM_032.json,True,2127,62a225b3a133ce80ae8415a6b8fe6d29db62b05ae8214c3c4de96cbfb4cbb7d7,derived_or_unknown,stage6,unresolved_pending_registry_link
results/stage6/generated_full_benchmark/CM_B_UM_033.json,True,2061,de2d9e84f63438bbf00f28ce86d7af1c85f58f93f106e9acd4ca79c9d162cdec,derived_or_unknown,stage6,unresolved_pending_registry_link
results/stage6/generated_full_benchmark/CM_B_UM_034.json,True,2127,c90ac22c79f91d9bbf43587353370d16042f28eb796da015cbf09144ef1a61ff,derived_or_unknown,stage6,unresolved_pending_registry_link
results/stage6/generated_full_benchmark/CM_B_UM_035.json,True,2059,52cb8c48afc4adff582d570c0d0337a9f14da65529570bccac9a5517643b8381,derived_or_unknown,stage6,unresolved_pending_registry_link
results/stage6/generated_full_benchmark/CM_B_UM_036.json,True,1951,3e6a48dc8e41f7f20a82a3ca7730f7ac29933e29267c6fd2c5c94e7a18040ac7,derived_or_unknown,stage6,unresolved_pending_registry_link
results/stage6/generated_full_benchmark/CM_B_UM_037.json,True,2297,f27a236f4aedae20ac79128165575ebbd8d88ae4f9340a84e3bee2b8a155e5d3,derived_or_unknown,stage6,unresolved_pending_registry_link
results/stage6/generated_full_benchmark/CM_B_UM_038.json,True,2303,136d8e384d8188052a3ed7ac97fd65f5edf3ee77789f244106f0be7aab9e8db0,derived_or_unknown,stage6,unresolved_pending_registry_link
results/stage6/generated_full_benchmark/CM_B_UM_039.json,True,2297,4b02da622e3b3b8a6bb68150887151c8ee66f1a544751ec8bc56ae29d437ced6,derived_or_unknown,stage6,unresolved_pending_registry_link
results/stage6/generated_full_benchmark/CM_B_UM_040.json,True,2297,f9d7c48278d4defc92dcd8f4e87a1d2212e1cef27f6af5e253640e2651fd7ee7,derived_or_unknown,stage6,unresolved_pending_registry_link
results/stage6/generated_full_benchmark/CM_B_UM_041.json,True,1985,f72185f67ee05c0847f93b3049f98358c81788856c715f9ac1fe9a8a5bc1f752,derived_or_unknown,stage6,unresolved_pending_registry_link
results/stage6/generated_full_benchmark/CM_B_UM_042.json,True,2327,b57f24782303c9ce39f680759a4d0a3dd535d00eebdbaae1273d9b0fc3d2ae8e,derived_or_unknown,stage6,unresolved_pending_registry_link
results/stage6/generated_full_benchmark/CM_B_UM_043.json,True,2418,6491919c4cd60a27d374918fd01abe0d91e0447cf7e004d2d07db0b68d7db34f,derived_or_unknown,stage6,unresolved_pending_registry_link
results/stage6/generated_full_benchmark/CM_B_UM_044.json,True,2269,b8d8011e43268929a0041624a6e4ab023d256e02698ab560280d6b56768f4ded,derived_or_unknown,stage6,unresolved_pending_registry_link
results/stage6/generated_full_benchmark/CM_B_UM_045.json,True,2242,5b5f8b801bc85e3cc57b658c93f2594587c44ec0520effeb84371a48f622bd7c,derived_or_unknown,stage6,unresolved_pending_registry_link
results/stage6/generated_full_benchmark/CM_B_UM_046.json,True,1946,4bdc12e4cadc7963e7aff859882f673898366b2d7f02e08524832d9a32115fb0,derived_or_unknown,stage6,unresolved_pending_registry_link
results/stage6/generated_full_benchmark/CM_B_UM_047.json,True,2227,367b5afa6d60ac5592248d23f64263459cd7168faa978500da24a14106abf458,derived_or_unknown,stage6,unresolved_pending_registry_link
results/stage6/generated_full_benchmark/CM_B_UM_048.json,True,2170,5f8923020616928be29e0c7f860e5f073cfc84179e0a03180cca585074fb5aa4,derived_or_unknown,stage6,unresolved_pending_registry_link
results/stage6/generated_full_benchmark/CM_B_UM_049.json,True,1995,2f422974d286da5e0731fd153cecd8ab73c538c9627c66edacf22f524898c115,derived_or_unknown,stage6,unresolved_pending_registry_link
results/stage6/generated_full_benchmark/CM_B_UM_050.json,True,1919,912b1c0e4a1938bd676ef2b85cfc4d20eca064017f37421838ef1c342125cf08,derived_or_unknown,stage6,unresolved_pending_registry_link
results/stage6/generated_full_benchmark/CM_B_UM_051.json,True,2001,341ba805ab25bfeb934e42f686a16e47d4e5b9fb86b7e1f764e95ce70f743a42,derived_or_unknown,stage6,unresolved_pending_registry_link
results/stage6/generated_full_benchmark/CM_B_UM_052.json,True,2071,30ce6ac461a0d8e8bb78b683ec780875c606f48a2321a09101924f294f44d001,derived_or_unknown,stage6,unresolved_pending_registry_link
results/stage6/generated_full_benchmark/CM_B_UM_053.json,True,2043,b7469b5b50fa2327ee0123aef6228dcbe2e12e48363b1568109fb35893c122a3,derived_or_unknown,stage6,unresolved_pending_registry_link
results/stage6/generated_full_benchmark/CM_B_UM_054.json,True,2080,18edb6a27ee3e1e55868c3feaccbcbbb5c3cbdc8f14addde0c909fbad0d0d53d,derived_or_unknown,stage6,unresolved_pending_registry_link
results/stage6/generated_full_benchmark/CM_B_UM_055.json,True,2020,a96eea15cd134ee0b36c00cd7cf35a099cd87c510133f5d727876fed6c4e97b9,derived_or_unknown,stage6,unresolved_pending_registry_link
results/stage6/generated_full_benchmark/CM_B_UM_056.json,True,1893,5fa55512c0bba1402b988fd498195bb0ec87cb9a27729b5e0d3d00553d39d664,derived_or_unknown,stage6,unresolved_pending_registry_link
results/stage6/generated_full_benchmark/CM_B_UM_057.json,True,2338,55b9fde08ddab538a583ecfecced7fd4844b3956280e95bc885f30585e67e180,derived_or_unknown,stage6,unresolved_pending_registry_link
results/stage6/generated_full_benchmark/CM_B_UM_058.json,True,2338,02dce9fbd74334826ad799f6843f49b5e1e5967f1d632132f43738080a42f042,derived_or_unknown,stage6,unresolved_pending_registry_link
results/stage6/generated_full_benchmark/CM_B_UM_059.json,True,2350,b3b3bc3f6f44f8ec9cd360fc6a5a51e1f0756f54a0ceb2f557ca720df93e235f,derived_or_unknown,stage6,unresolved_pending_registry_link
results/stage6/generated_full_benchmark/CM_B_UM_060.json,True,2323,4f778e9408c221d52317775d18bc6428a5159280a500eb4c216bf3d5396f931a,derived_or_unknown,stage6,unresolved_pending_registry_link
results/stage6/generated_full_benchmark/CM_C_001.json,True,1311,f97cd95df66bfb800d0d412ff0261a6b3c1b47f23fe765cd98e7e9aad8d6e5b9,derived_or_unknown,stage6,unresolved_pending_registry_link
results/stage6/generated_full_benchmark/CM_C_002.json,True,1298,bcbed4c25008008cc4168c2c957958a0cdffd87d49683087a1add7c0b1438819,derived_or_unknown,stage6,unresolved_pending_registry_link
results/stage6/generated_full_benchmark/CM_C_003.json,True,1198,daec94fa418d0228b0b080fa6b14617e3712f0d673a7635a690cf397f3324bf3,derived_or_unknown,stage6,unresolved_pending_registry_link
results/stage6/generated_full_benchmark/CM_C_004.json,True,1180,572f9a83c6466b252d4641862745ec311123b391ffd892c4aa1f316ec4c9e03e,derived_or_unknown,stage6,unresolved_pending_registry_link
results/stage6/generated_full_benchmark/CM_C_005.json,True,1353,d4848da4ec78186b46a5fc72a0732b91304da8cd0f8ba600b0b36e57b2369902,derived_or_unknown,stage6,unresolved_pending_registry_link
results/stage6/generated_full_benchmark/EL_A_001.json,True,1447,f99236a5dc66eed1dd7fc5c5c26283d685d723d0b42c8006393f7dbd548d6520,derived_or_unknown,stage6,unresolved_pending_registry_link
results/stage6/generated_full_benchmark/EL_A_002.json,True,1484,7a05158193dbd20a411694ce952c8f4593a230c9dfb2fadd5e385aba2472a2c2,derived_or_unknown,stage6,unresolved_pending_registry_link
results/stage6/generated_full_benchmark/EL_A_003.json,True,1828,360c55bb1b21f4b26234f1a0ee8c3d0a6520ba5eaf973c5568566f39aea3f552,derived_or_unknown,stage6,unresolved_pending_registry_link
results/stage6/generated_full_benchmark/EL_A_004.json,True,1917,e57e00dfbf53baf0cfeb1654641bcffcf525c3036974fc85f3463f8f101d7602,derived_or_unknown,stage6,unresolved_pending_registry_link
results/stage6/generated_full_benchmark/EL_A_005.json,True,2239,c4be551ec97fc3b8aaf1141f84739bbec8575893fa74934fd1a653c03586b7f5,derived_or_unknown,stage6,unresolved_pending_registry_link
results/stage6/generated_full_benchmark/EL_B_001.json,True,2046,e52e39504f4ae6abc8e2ac1b65d2f1db3dc1e1e53a293958c8829c5cc85142f8,derived_or_unknown,stage6,unresolved_pending_registry_link
results/stage6/generated_full_benchmark/EL_B_002.json,True,2149,ba32f3a7f1c1bd27a5d466184c63c9e18b85abf5fa52e8ddce77e7a873c84721,derived_or_unknown,stage6,unresolved_pending_registry_link
results/stage6/generated_full_benchmark/EL_B_003.json,True,2386,63c0daf256b7c84dc256937899f08186e533cc725a396195eccf6a00f045f8c6,derived_or_unknown,stage6,unresolved_pending_registry_link
results/stage6/generated_full_benchmark/EL_B_004.json,True,2890,29b06979cfd04378df59553ffdfd14ef6a58e7fdbdd5dc7966b0515a7d6c350f,derived_or_unknown,stage6,unresolved_pending_registry_link
results/stage6/generated_full_benchmark/EL_B_005.json,True,3411,ecdb3f165c0ebcd128a34c00557a87b99a03c8b076789313153b3016d9a308ac,derived_or_unknown,stage6,unresolved_pending_registry_link
results/stage6/generated_full_benchmark/TH_B_UM_001.json,True,2147,2cc7fb858bae93aa75621e9f9292a18cce6d1fa24a6116aba23d42fdb484f2bd,derived_or_unknown,stage6,unresolved_pending_registry_link
results/stage6/generated_full_benchmark/TH_B_UM_002.json,True,2103,73923a865ae1b8c842f8bdc31d17a8de7ec176a76bfc2f7703f4768e69e6f2be,derived_or_unknown,stage6,unresolved_pending_registry_link
results/stage6/generated_full_benchmark/TH_B_UM_003.json,True,2031,e6d5b833fdc73f6b4709930d0c85ff3b48a62c503a3c6e085410a6d8e441fbc1,derived_or_unknown,stage6,unresolved_pending_registry_link
results/stage6/generated_full_benchmark/TH_B_UM_004.json,True,2203,ebb9a6b980f71eebab849bf5feaef148be82167dc61f058fd2abab0331147e93,derived_or_unknown,stage6,unresolved_pending_registry_link
results/stage6/generated_full_benchmark/TH_B_UM_005.json,True,2031,dec31d345757f207ce21bd87eeac6924698814a13451fffa1ba41e22511ba0f3,derived_or_unknown,stage6,unresolved_pending_registry_link
results/stage6/generated_full_benchmark/TH_B_UM_006.json,True,2131,9df331376545a49e310ebbd5e3178285c4f46d15e31f4ff0941f6f02cdbf1d67,derived_or_unknown,stage6,unresolved_pending_registry_link
results/stage6/generated_full_benchmark/TH_B_UM_007.json,True,2135,9d60233ff490bf8fe902b96f9a7d6c83ecafb8ee465768fa909b3e606c044ba0,derived_or_unknown,stage6,unresolved_pending_registry_link
results/stage6/generated_full_benchmark/TH_B_UM_008.json,True,2135,b29ef2b81c2e088028ac9c28e8ac7e317702f99ccc8e79836f115d774f052e61,derived_or_unknown,stage6,unresolved_pending_registry_link
results/stage6/generated_full_benchmark/TH_B_UM_009.json,True,2162,08c62bd8bd3619749f1d8aacd018d6f433ecff79aa49b385097cc1b692f4a79d,derived_or_unknown,stage6,unresolved_pending_registry_link
results/stage6/generated_full_benchmark/TH_B_UM_010.json,True,2170,851213b29469015884eb3412de97d9633378b8df2d45807663cf4b307c504a95,derived_or_unknown,stage6,unresolved_pending_registry_link
results/stage6/generated_full_benchmark/assembly_summary.json,True,353,fe1c662e64410558071d095b35bef64dba28b65cbc808b6b6fce52da2b943a21,summary,stage6,unresolved_pending_registry_link
results/stage6/generated_phase1_full/CM_B_UM_001.json,True,2480,76d032f4285ceee1a9675dd944e0a921a4dae207bb3741a0664fecd9fa29f16b,derived_or_unknown,stage6,unresolved_pending_registry_link
results/stage6/generated_phase1_full/CM_B_UM_002.json,True,2232,800ceccfa682c234133b4736ac2bce071fd2eaccaedb9e851c0eb229d161f4f9,derived_or_unknown,stage6,unresolved_pending_registry_link
results/stage6/generated_phase1_full/CM_B_UM_003.json,True,2381,976abc58c90e11d0450b18e76ad8fce28e74663c1e188e636b1151a4ca6c2b09,derived_or_unknown,stage6,unresolved_pending_registry_link
results/stage6/generated_phase1_full/CM_B_UM_004.json,True,2306,d2fe0fa347f8193906c9e5387bf3e1206e17c9e6d63916f9cd6b24fbce1b010a,derived_or_unknown,stage6,unresolved_pending_registry_link
results/stage6/generated_phase1_full/CM_B_UM_005.json,True,2218,6ddf346f32249d64b57c8cfb0d88714694b74af070ab73837aa1cf612afb2c64,derived_or_unknown,stage6,unresolved_pending_registry_link
results/stage6/generated_phase1_full/CM_B_UM_006.json,True,2384,e173b2aaf5718bdacbbc3a2c55a8d4052502ed84e018a3f2f37b79a8cfa5b9e9,derived_or_unknown,stage6,unresolved_pending_registry_link
results/stage6/generated_phase1_full/CM_B_UM_007.json,True,2218,2d350fc6283785ee2563668b71327b9df6c31dd50b9a9ee121db550a1c99f1f5,derived_or_unknown,stage6,unresolved_pending_registry_link
results/stage6/generated_phase1_full/CM_B_UM_008.json,True,2402,9c22d8cb50606a2feb472ba9614d8bc252699be8e00b1d5eb7b9adadf5a09058,derived_or_unknown,stage6,unresolved_pending_registry_link
results/stage6/generated_phase1_full/CM_B_UM_009.json,True,1863,04c3c8fb6dac470803a1826bc8aa36860eb82289f13ab256d23b40e19236f80c,derived_or_unknown,stage6,unresolved_pending_registry_link
results/stage6/generated_phase1_full/CM_B_UM_010.json,True,1714,95bef59400567817715b7f3fa15621fca5754439fd59d2f16337dfd880c1a7d2,derived_or_unknown,stage6,unresolved_pending_registry_link
results/stage6/generated_phase1_full/CM_B_UM_011.json,True,2004,476fdd27aa2977dc72a0c377813ef7a2eb5eb7fe0fbee7d8a01a23a854916cab,derived_or_unknown,stage6,unresolved_pending_registry_link
results/stage6/generated_phase1_full/CM_B_UM_012.json,True,1775,1f1a7b991da47fed9fa4ef5f6d3fb460e901f9a7a4802986f8de9d68fbb5eba2,derived_or_unknown,stage6,unresolved_pending_registry_link
results/stage6/generated_phase1_full/CM_B_UM_013.json,True,1873,48034897c145250943dfebefaa68800bdff2205fe871b0a49ebaddd267f53643,derived_or_unknown,stage6,unresolved_pending_registry_link
results/stage6/generated_phase1_full/CM_B_UM_014.json,True,1966,91505162ad3b9d7808ad115b0fb0cebc1c3881ebd12ec8796cad7fff9747b2ab,derived_or_unknown,stage6,unresolved_pending_registry_link
results/stage6/generated_phase1_full/CM_B_UM_015.json,True,2234,a780527c0f8fe76d0da12b387d558eb494c81461bf8d0a4217086fb374f3abea,derived_or_unknown,stage6,unresolved_pending_registry_link
results/stage6/generated_phase1_full/CM_B_UM_016.json,True,2142,fb8d3d40ab52cbd8a38e6208272e31c6a66563e5fdeadb8aba4763723c9a2163,derived_or_unknown,stage6,unresolved_pending_registry_link
results/stage6/generated_phase1_full/CM_B_UM_017.json,True,2334,d44b34e3e4362bbb5c7057775398236bd55dc7c1c26923b78c5e0b0076b993f5,derived_or_unknown,stage6,unresolved_pending_registry_link
results/stage6/generated_phase1_full/CM_B_UM_018.json,True,2210,0ccd3d22483d72391f67bcd15d5adf7611f1b098af53e76b7911dfb2019c4c6e,derived_or_unknown,stage6,unresolved_pending_registry_link
results/stage6/generated_phase1_full/CM_B_UM_019.json,True,2402,fe90299bf670e5b1be6876eba3c35e3a311aaea5cd3379ee6d95d9e8b82d4344,derived_or_unknown,stage6,unresolved_pending_registry_link
results/stage6/generated_phase1_full/CM_B_UM_020.json,True,2418,71529a255be409740e3bac765c6d09de55680502d803c281ccd3f9deb83d3e55,derived_or_unknown,stage6,unresolved_pending_registry_link
results/stage6/generated_phase1_full/CM_B_UM_021.json,True,2037,c8e9f45a0074e0892c64e346c814297f1fdd43bb046dd05a14e04dab0191e81f,derived_or_unknown,stage6,unresolved_pending_registry_link
results/stage6/generated_phase1_full/CM_B_UM_022.json,True,1913,b2d26aa14801986cc2434709bcee89d7f39ca2e7a02a0d89edf6554dd35a5361,derived_or_unknown,stage6,unresolved_pending_registry_link
results/stage6/generated_phase1_full/CM_B_UM_023.json,True,2189,413306810828116436901f1c26842fecfd310039d5d4afa43f74499e98bd9365,derived_or_unknown,stage6,unresolved_pending_registry_link
results/stage6/generated_phase1_full/CM_B_UM_024.json,True,2186,13ec4f7db38fdca4072d4d3ce9500b191a694f763153f970b64d8c71e6b740c3,derived_or_unknown,stage6,unresolved_pending_registry_link
results/stage6/generated_phase1_full/CM_B_UM_025.json,True,2185,f45a94b6497a21c1d0a77b0c6dfd13ec98a8d4fd9eb21d1ddbd44e26a7a41c10,derived_or_unknown,stage6,unresolved_pending_registry_link
results/stage6/generated_phase1_full/CM_B_UM_026.json,True,2206,4f40e0f2c7c529c2199139a58f9948ca2f7c66c51c4b058ed7f4f5660653111b,derived_or_unknown,stage6,unresolved_pending_registry_link
results/stage6/generated_phase1_full/CM_B_UM_027.json,True,2241,0f97d5d6be069bf6dd6b12db4eab0a7acacf7ae2d5aae041775a310baa496101,derived_or_unknown,stage6,unresolved_pending_registry_link
results/stage6/generated_phase1_full/CM_B_UM_028.json,True,2252,f2e5f3cbe15fb69656e803ba0579d6e4c63ed6d8002d4f6990ba3f2b4eedd1d0,derived_or_unknown,stage6,unresolved_pending_registry_link
results/stage6/generated_phase1_full/CM_B_UM_029.json,True,2249,a280a5f2c520c3cd686d9ff263d63765f14187e4b3c7b7cd50a430c649a63cc2,derived_or_unknown,stage6,unresolved_pending_registry_link
results/stage6/generated_phase1_full/CM_B_UM_030.json,True,2249,81286b73ae77ce3e3256b5b7eb783f9c16f4949f018780f685dfa719ff5703c4,derived_or_unknown,stage6,unresolved_pending_registry_link
results/stage6/generated_phase1_full/CM_B_UM_031.json,True,2249,70ff9a3262b2ee2ce238eec7f3379d8e210e95668f6ffcc7e9c2f6b03d7f18a7,derived_or_unknown,stage6,unresolved_pending_registry_link
results/stage6/generated_phase1_full/CM_B_UM_032.json,True,2127,62a225b3a133ce80ae8415a6b8fe6d29db62b05ae8214c3c4de96cbfb4cbb7d7,derived_or_unknown,stage6,unresolved_pending_registry_link
results/stage6/generated_phase1_full/CM_B_UM_033.json,True,2061,de2d9e84f63438bbf00f28ce86d7af1c85f58f93f106e9acd4ca79c9d162cdec,derived_or_unknown,stage6,unresolved_pending_registry_link
results/stage6/generated_phase1_full/CM_B_UM_034.json,True,2127,c90ac22c79f91d9bbf43587353370d16042f28eb796da015cbf09144ef1a61ff,derived_or_unknown,stage6,unresolved_pending_registry_link
results/stage6/generated_phase1_full/CM_B_UM_035.json,True,2059,52cb8c48afc4adff582d570c0d0337a9f14da65529570bccac9a5517643b8381,derived_or_unknown,stage6,unresolved_pending_registry_link
results/stage6/generated_phase1_full/CM_B_UM_036.json,True,1951,3e6a48dc8e41f7f20a82a3ca7730f7ac29933e29267c6fd2c5c94e7a18040ac7,derived_or_unknown,stage6,unresolved_pending_registry_link
results/stage6/generated_phase1_full/CM_B_UM_037.json,True,2297,f27a236f4aedae20ac79128165575ebbd8d88ae4f9340a84e3bee2b8a155e5d3,derived_or_unknown,stage6,unresolved_pending_registry_link
results/stage6/generated_phase1_full/CM_B_UM_038.json,True,2303,136d8e384d8188052a3ed7ac97fd65f5edf3ee77789f244106f0be7aab9e8db0,derived_or_unknown,stage6,unresolved_pending_registry_link
results/stage6/generated_phase1_full/CM_B_UM_039.json,True,2297,4b02da622e3b3b8a6bb68150887151c8ee66f1a544751ec8bc56ae29d437ced6,derived_or_unknown,stage6,unresolved_pending_registry_link
results/stage6/generated_phase1_full/CM_B_UM_040.json,True,2297,f9d7c48278d4defc92dcd8f4e87a1d2212e1cef27f6af5e253640e2651fd7ee7,derived_or_unknown,stage6,unresolved_pending_registry_link
results/stage6/generated_phase1_partial/CM_B_UM_001.json,True,2480,76d032f4285ceee1a9675dd944e0a921a4dae207bb3741a0664fecd9fa29f16b,derived_or_unknown,stage6,unresolved_pending_registry_link
results/stage6/generated_phase1_partial/CM_B_UM_002.json,True,2232,800ceccfa682c234133b4736ac2bce071fd2eaccaedb9e851c0eb229d161f4f9,derived_or_unknown,stage6,unresolved_pending_registry_link
results/stage6/generated_phase1_partial/CM_B_UM_003.json,True,2381,976abc58c90e11d0450b18e76ad8fce28e74663c1e188e636b1151a4ca6c2b09,derived_or_unknown,stage6,unresolved_pending_registry_link
results/stage6/generated_phase1_partial/CM_B_UM_004.json,True,2306,d2fe0fa347f8193906c9e5387bf3e1206e17c9e6d63916f9cd6b24fbce1b010a,derived_or_unknown,stage6,unresolved_pending_registry_link
results/stage6/generated_phase1_partial/CM_B_UM_005.json,True,2218,6ddf346f32249d64b57c8cfb0d88714694b74af070ab73837aa1cf612afb2c64,derived_or_unknown,stage6,unresolved_pending_registry_link
results/stage6/generated_phase1_partial/CM_B_UM_006.json,True,2384,e173b2aaf5718bdacbbc3a2c55a8d4052502ed84e018a3f2f37b79a8cfa5b9e9,derived_or_unknown,stage6,unresolved_pending_registry_link
results/stage6/generated_phase1_partial/CM_B_UM_007.json,True,2218,2d350fc6283785ee2563668b71327b9df6c31dd50b9a9ee121db550a1c99f1f5,derived_or_unknown,stage6,unresolved_pending_registry_link
results/stage6/generated_phase1_partial/CM_B_UM_008.json,True,2402,9c22d8cb50606a2feb472ba9614d8bc252699be8e00b1d5eb7b9adadf5a09058,derived_or_unknown,stage6,unresolved_pending_registry_link
results/stage6/generated_phase1_partial/CM_B_UM_009.json,True,1863,04c3c8fb6dac470803a1826bc8aa36860eb82289f13ab256d23b40e19236f80c,derived_or_unknown,stage6,unresolved_pending_registry_link
results/stage6/generated_phase1_partial/CM_B_UM_010.json,True,1714,95bef59400567817715b7f3fa15621fca5754439fd59d2f16337dfd880c1a7d2,derived_or_unknown,stage6,unresolved_pending_registry_link
results/stage6/generated_phase1_partial/CM_B_UM_011.json,True,2004,476fdd27aa2977dc72a0c377813ef7a2eb5eb7fe0fbee7d8a01a23a854916cab,derived_or_unknown,stage6,unresolved_pending_registry_link
results/stage6/generated_phase1_partial/CM_B_UM_012.json,True,1775,1f1a7b991da47fed9fa4ef5f6d3fb460e901f9a7a4802986f8de9d68fbb5eba2,derived_or_unknown,stage6,unresolved_pending_registry_link
results/stage6/generated_phase1_partial/CM_B_UM_013.json,True,1873,48034897c145250943dfebefaa68800bdff2205fe871b0a49ebaddd267f53643,derived_or_unknown,stage6,unresolved_pending_registry_link
results/stage6/generated_phase1_partial/CM_B_UM_014.json,True,1966,91505162ad3b9d7808ad115b0fb0cebc1c3881ebd12ec8796cad7fff9747b2ab,derived_or_unknown,stage6,unresolved_pending_registry_link
results/stage6/generated_phase2_ad/CM_B_UM_041.json,True,1985,f72185f67ee05c0847f93b3049f98358c81788856c715f9ac1fe9a8a5bc1f752,derived_or_unknown,stage6,unresolved_pending_registry_link
results/stage6/generated_phase2_ad/CM_B_UM_042.json,True,2327,b57f24782303c9ce39f680759a4d0a3dd535d00eebdbaae1273d9b0fc3d2ae8e,derived_or_unknown,stage6,unresolved_pending_registry_link
results/stage6/generated_phase2_ad/CM_B_UM_043.json,True,2418,6491919c4cd60a27d374918fd01abe0d91e0447cf7e004d2d07db0b68d7db34f,derived_or_unknown,stage6,unresolved_pending_registry_link
results/stage6/generated_phase2_ad/CM_B_UM_044.json,True,2269,b8d8011e43268929a0041624a6e4ab023d256e02698ab560280d6b56768f4ded,derived_or_unknown,stage6,unresolved_pending_registry_link
results/stage6/generated_phase2_ad/CM_B_UM_045.json,True,2242,5b5f8b801bc85e3cc57b658c93f2594587c44ec0520effeb84371a48f622bd7c,derived_or_unknown,stage6,unresolved_pending_registry_link
results/stage6/generated_phase2_ad/CM_B_UM_046.json,True,1946,4bdc12e4cadc7963e7aff859882f673898366b2d7f02e08524832d9a32115fb0,derived_or_unknown,stage6,unresolved_pending_registry_link
results/stage6/generated_phase2_ad/CM_B_UM_047.json,True,2227,367b5afa6d60ac5592248d23f64263459cd7168faa978500da24a14106abf458,derived_or_unknown,stage6,unresolved_pending_registry_link
results/stage6/generated_phase2_ad/CM_B_UM_048.json,True,2170,5f8923020616928be29e0c7f860e5f073cfc84179e0a03180cca585074fb5aa4,derived_or_unknown,stage6,unresolved_pending_registry_link
results/stage6/generated_phase2_ad/CM_B_UM_049.json,True,1995,2f422974d286da5e0731fd153cecd8ab73c538c9627c66edacf22f524898c115,derived_or_unknown,stage6,unresolved_pending_registry_link
results/stage6/generated_phase2_ad/CM_B_UM_050.json,True,1919,912b1c0e4a1938bd676ef2b85cfc4d20eca064017f37421838ef1c342125cf08,derived_or_unknown,stage6,unresolved_pending_registry_link
results/stage6/generated_phase2_ad/CM_B_UM_051.json,True,2001,341ba805ab25bfeb934e42f686a16e47d4e5b9fb86b7e1f764e95ce70f743a42,derived_or_unknown,stage6,unresolved_pending_registry_link
results/stage6/generated_phase2_ad/CM_B_UM_052.json,True,2071,30ce6ac461a0d8e8bb78b683ec780875c606f48a2321a09101924f294f44d001,derived_or_unknown,stage6,unresolved_pending_registry_link
results/stage6/generated_phase2_ad/CM_B_UM_053.json,True,2043,b7469b5b50fa2327ee0123aef6228dcbe2e12e48363b1568109fb35893c122a3,derived_or_unknown,stage6,unresolved_pending_registry_link
results/stage6/generated_phase2_ad/CM_B_UM_054.json,True,2080,18edb6a27ee3e1e55868c3feaccbcbbb5c3cbdc8f14addde0c909fbad0d0d53d,derived_or_unknown,stage6,unresolved_pending_registry_link
results/stage6/generated_phase2_ad/CM_B_UM_055.json,True,2020,a96eea15cd134ee0b36c00cd7cf35a099cd87c510133f5d727876fed6c4e97b9,derived_or_unknown,stage6,unresolved_pending_registry_link
results/stage6/generated_phase2_ad/CM_B_UM_056.json,True,1893,5fa55512c0bba1402b988fd498195bb0ec87cb9a27729b5e0d3d00553d39d664,derived_or_unknown,stage6,unresolved_pending_registry_link
results/stage6/generated_phase2_ad/CM_B_UM_057.json,True,2338,55b9fde08ddab538a583ecfecced7fd4844b3956280e95bc885f30585e67e180,derived_or_unknown,stage6,unresolved_pending_registry_link
results/stage6/generated_phase2_ad/CM_B_UM_058.json,True,2338,02dce9fbd74334826ad799f6843f49b5e1e5967f1d632132f43738080a42f042,derived_or_unknown,stage6,unresolved_pending_registry_link
results/stage6/generated_phase2_ad/CM_B_UM_059.json,True,2350,b3b3bc3f6f44f8ec9cd360fc6a5a51e1f0756f54a0ceb2f557ca720df93e235f,derived_or_unknown,stage6,unresolved_pending_registry_link
results/stage6/generated_phase2_ad/CM_B_UM_060.json,True,2323,4f778e9408c221d52317775d18bc6428a5159280a500eb4c216bf3d5396f931a,derived_or_unknown,stage6,unresolved_pending_registry_link
results/stage6/generated_phase2_ad/TH_B_UM_001.json,True,2147,2cc7fb858bae93aa75621e9f9292a18cce6d1fa24a6116aba23d42fdb484f2bd,derived_or_unknown,stage6,unresolved_pending_registry_link
results/stage6/generated_phase2_ad/TH_B_UM_002.json,True,2103,73923a865ae1b8c842f8bdc31d17a8de7ec176a76bfc2f7703f4768e69e6f2be,derived_or_unknown,stage6,unresolved_pending_registry_link
results/stage6/generated_phase2_ad/TH_B_UM_003.json,True,2031,e6d5b833fdc73f6b4709930d0c85ff3b48a62c503a3c6e085410a6d8e441fbc1,derived_or_unknown,stage6,unresolved_pending_registry_link
results/stage6/generated_phase2_ad/TH_B_UM_004.json,True,2203,ebb9a6b980f71eebab849bf5feaef148be82167dc61f058fd2abab0331147e93,derived_or_unknown,stage6,unresolved_pending_registry_link
results/stage6/generated_phase2_ad/TH_B_UM_005.json,True,2031,dec31d345757f207ce21bd87eeac6924698814a13451fffa1ba41e22511ba0f3,derived_or_unknown,stage6,unresolved_pending_registry_link
results/stage6/generated_phase2_ad/TH_B_UM_006.json,True,2131,9df331376545a49e310ebbd5e3178285c4f46d15e31f4ff0941f6f02cdbf1d67,derived_or_unknown,stage6,unresolved_pending_registry_link
results/stage6/generated_phase2_ad/TH_B_UM_007.json,True,2135,9d60233ff490bf8fe902b96f9a7d6c83ecafb8ee465768fa909b3e606c044ba0,derived_or_unknown,stage6,unresolved_pending_registry_link
results/stage6/generated_phase2_ad/TH_B_UM_008.json,True,2135,b29ef2b81c2e088028ac9c28e8ac7e317702f99ccc8e79836f115d774f052e61,derived_or_unknown,stage6,unresolved_pending_registry_link
results/stage6/generated_phase2_ad/TH_B_UM_009.json,True,2162,08c62bd8bd3619749f1d8aacd018d6f433ecff79aa49b385097cc1b692f4a79d,derived_or_unknown,stage6,unresolved_pending_registry_link
results/stage6/generated_phase2_ad/TH_B_UM_010.json,True,2170,851213b29469015884eb3412de97d9633378b8df2d45807663cf4b307c504a95,derived_or_unknown,stage6,unresolved_pending_registry_link
results/stage6/generated_phase2_ad.zip,True,28622,de26410d06a2e5b6d6276d6baba6befbd4b437c3eb8d151deb71b8368f60b96d,archive,stage6,unresolved_pending_registry_link
results/stage6/generated_phase2_bce/CM_A_STD_001.json,True,1676,0cc08ae2b2a95bc3a207ba6c810eb5596e1011f75dae310898181425c1251211,derived_or_unknown,stage6,unresolved_pending_registry_link
results/stage6/generated_phase2_bce/CM_A_STD_002.json,True,1755,a94b9ae6d4a92d6013ea5f38f990086403161e2273f905541632eb69d19dd457,derived_or_unknown,stage6,unresolved_pending_registry_link
results/stage6/generated_phase2_bce/CM_A_STD_003.json,True,1418,148eadc79e4da17f8f9bfec918fe91ad469039254df891a8b44f484d7df104a1,derived_or_unknown,stage6,unresolved_pending_registry_link
results/stage6/generated_phase2_bce/CM_A_STD_004.json,True,1512,bc0b639cb710a8d35aa29743b04c392b938cd21b8a966f11f36d169ba0d0ecd4,derived_or_unknown,stage6,unresolved_pending_registry_link
results/stage6/generated_phase2_bce/CM_A_STD_005.json,True,1663,0250754f7b939f40fb43e5cdc9746c56b968833dc1372ecb00418146b9f7687c,derived_or_unknown,stage6,unresolved_pending_registry_link
results/stage6/generated_phase2_bce/CM_A_STD_006.json,True,1744,077aa516bbedc6ef0377cd4d934125d591671ee3b92d68b54e9fd55726eb2d49,derived_or_unknown,stage6,unresolved_pending_registry_link
results/stage6/generated_phase2_bce/CM_A_STD_007.json,True,2089,31e7873131bad4fcad1ef220259ad10824cc03d9433079630222f77f7e7471ee,derived_or_unknown,stage6,unresolved_pending_registry_link
results/stage6/generated_phase2_bce/CM_A_STD_008.json,True,1397,e41b551e0c55b0aafd4e10593899603b2063eea8263c0d848d3f6136ad7c3394,derived_or_unknown,stage6,unresolved_pending_registry_link
results/stage6/generated_phase2_bce/CM_A_STD_009.json,True,1436,c0fdf6753d14bca783bd0044903d64903eb2d249fcd81247855a326252e94d72,derived_or_unknown,stage6,unresolved_pending_registry_link
results/stage6/generated_phase2_bce/CM_A_STD_010.json,True,1481,3e3434f79bccfa663b0ff383244109cf37b216ccb0e247d5f0ede55f93fdfd11,derived_or_unknown,stage6,unresolved_pending_registry_link
results/stage6/generated_phase2_bce/CM_A_STD_011.json,True,1494,fc13bb284b28683c7e9569ec6a9c3cefd8361fc3f3d2f54a91b37171f8077972,derived_or_unknown,stage6,unresolved_pending_registry_link
results/stage6/generated_phase2_bce/CM_A_STD_012.json,True,1551,08dd61f1476b7e3033e8acbdc4993474f0a7262e41dd81aaaf786c5fed8ecc52,derived_or_unknown,stage6,unresolved_pending_registry_link
results/stage6/generated_phase2_bce/CM_A_STD_013.json,True,1473,18aeb0755fed974a3be3b5b272fed3e6089b65b05533a46acf7c5118481af0db,derived_or_unknown,stage6,unresolved_pending_registry_link
results/stage6/generated_phase2_bce/CM_A_STD_014.json,True,1466,79a749f47188c13a3202ebe5282fae70d02aa1fdeabe2cdd9e171347df832123,derived_or_unknown,stage6,unresolved_pending_registry_link
results/stage6/generated_phase2_bce/CM_A_STD_015.json,True,1723,4eafea7c13fdabebdc92a58c7b5db2b28cba6b21ab56276abb88e5aba5df3d00,derived_or_unknown,stage6,unresolved_pending_registry_link
results/stage6/generated_phase2_bce/CM_A_STD_016.json,True,1676,8ec4a487e572275249cb6625de90eef76152dbca2e098118666ebbfca33adb28,derived_or_unknown,stage6,unresolved_pending_registry_link
results/stage6/generated_phase2_bce/CM_A_STD_017.json,True,1568,fe418bbd0ccf5ebecc7f9afc7d5b5a9dac8534015fd306e75c215a325ae127db,derived_or_unknown,stage6,unresolved_pending_registry_link
results/stage6/generated_phase2_bce/CM_A_STD_018.json,True,1835,6fadb82589fbc47d41a17c1443e9c42cbaeb40c0e3e2fd7ddf9d5f0da29b45c7,derived_or_unknown,stage6,unresolved_pending_registry_link
results/stage6/generated_phase2_bce/CM_A_STD_019.json,True,1753,93238d4dbe681c0b76d3595f609b054958da9e89eee6757de10d6120d37553ff,derived_or_unknown,stage6,unresolved_pending_registry_link
results/stage6/generated_phase2_bce/CM_A_STD_020.json,True,1544,4f749cc1637183843bc385c8b194e0db2d5f2cbdc4791c70e4d81d4cbcf48545,derived_or_unknown,stage6,unresolved_pending_registry_link
results/stage6/generated_phase2_bce/CM_B_STD_001.json,True,2343,64efbdf4c82cab5e5171b69d4fc5bc5d08ad99057e07ecf44c5a0d2841dbedb6,derived_or_unknown,stage6,unresolved_pending_registry_link
results/stage6/generated_phase2_bce/CM_B_STD_002.json,True,2204,4bc1c1412352c069a1668ad3099cbfcff3a7d79b928d549f5545caae960cefed,derived_or_unknown,stage6,unresolved_pending_registry_link
results/stage6/generated_phase2_bce/CM_B_STD_003.json,True,2219,e51f1651a1edcf4fd9db0969f35a39a2a0e808a45913b52c3ffecb1786365a3d,derived_or_unknown,stage6,unresolved_pending_registry_link
results/stage6/generated_phase2_bce/CM_B_STD_004.json,True,2108,1b466d5c471cae090ab58ad3c9b6e5ddbfbca2933d04a784cf256081cb9ee9c9,derived_or_unknown,stage6,unresolved_pending_registry_link
results/stage6/generated_phase2_bce/CM_B_STD_005.json,True,2267,534c3e8707beb40ceb864718ececc28e9a620a1837e59d66f8a37d58fbafcb3b,derived_or_unknown,stage6,unresolved_pending_registry_link
results/stage6/generated_phase2_bce/CM_B_STD_006.json,True,2120,2d89b69e960b22bb30c231633ba3de30b82699ce1314826b475faaa40e5fba2f,derived_or_unknown,stage6,unresolved_pending_registry_link
results/stage6/generated_phase2_bce/CM_B_STD_007.json,True,2020,2be9ca4701e9596e1506f7ca52f2af4cd469098fef37080eff7b9f4a27bebfbf,derived_or_unknown,stage6,unresolved_pending_registry_link
results/stage6/generated_phase2_bce/CM_B_STD_008.json,True,1972,4d5fefaeb9722415cd1b826e6651d0b503e917ff43591980ded736eae8fa0879,derived_or_unknown,stage6,unresolved_pending_registry_link
results/stage6/generated_phase2_bce/CM_B_STD_009.json,True,2126,1427c794b95cd52d19407880e4a424863d4635c977f60e41c98062239730c3e8,derived_or_unknown,stage6,unresolved_pending_registry_link
results/stage6/generated_phase2_bce/CM_B_STD_010.json,True,2406,a15f269d7d4b240363a815b50cb897d60a7760817921060170e2904f1b2096ed,derived_or_unknown,stage6,unresolved_pending_registry_link
results/stage6/generated_phase2_bce/CM_B_STD_011.json,True,2316,3b377e0e425e907f3021ad2e581a4286cc2be427c24f9eca885f9cc75821be2f,derived_or_unknown,stage6,unresolved_pending_registry_link
results/stage6/generated_phase2_bce/CM_B_STD_012.json,True,2270,7fc174a07b7cc34df746a9741dbf127ef11d6501a52ecbcc6eee8e16cdc9aac0,derived_or_unknown,stage6,unresolved_pending_registry_link
results/stage6/generated_phase2_bce/CM_B_STD_013.json,True,2138,fcd3167c15d3a7e33b450fddb3879d66d62e9aa00d82d82f2ce4f3c6a54228e3,derived_or_unknown,stage6,unresolved_pending_registry_link
results/stage6/generated_phase2_bce/CM_B_STD_014.json,True,2237,0e2c55855204fee192a98b96bb98ac5ef836f58c8d0816a003796b65e82d1f10,derived_or_unknown,stage6,unresolved_pending_registry_link
results/stage6/generated_phase2_bce/CM_B_STD_015.json,True,2075,213f17aac1eda0ba8c012122770869477932725dbf233d45e7a427c33e5edbe4,derived_or_unknown,stage6,unresolved_pending_registry_link
results/stage6/generated_phase2_bce/CM_C_001.json,True,1311,f97cd95df66bfb800d0d412ff0261a6b3c1b47f23fe765cd98e7e9aad8d6e5b9,derived_or_unknown,stage6,unresolved_pending_registry_link
results/stage6/generated_phase2_bce/CM_C_002.json,True,1298,bcbed4c25008008cc4168c2c957958a0cdffd87d49683087a1add7c0b1438819,derived_or_unknown,stage6,unresolved_pending_registry_link
results/stage6/generated_phase2_bce/CM_C_003.json,True,1198,daec94fa418d0228b0b080fa6b14617e3712f0d673a7635a690cf397f3324bf3,derived_or_unknown,stage6,unresolved_pending_registry_link
results/stage6/generated_phase2_bce/CM_C_004.json,True,1180,572f9a83c6466b252d4641862745ec311123b391ffd892c4aa1f316ec4c9e03e,derived_or_unknown,stage6,unresolved_pending_registry_link
results/stage6/generated_phase2_bce/CM_C_005.json,True,1353,d4848da4ec78186b46a5fc72a0732b91304da8cd0f8ba600b0b36e57b2369902,derived_or_unknown,stage6,unresolved_pending_registry_link
results/stage6/generated_phase2_bce.zip,True,37168,19cb9380e8c763a82ae0b730bdc13750c89231981a427cceae808cd1f914add8,archive,stage6,unresolved_pending_registry_link
results/stage6/phase1_template_subset/CM_B_UM_001.yaml,True,2696,987b59e7c5e86c5c9ddf0d31d7e72b11550cee63486d1b8e32ecb0f4d7e3e30b,derived_or_unknown,stage6,unresolved_pending_registry_link
results/stage6/phase1_template_subset/CM_B_UM_002.yaml,True,2600,98edb0e2f6a80ffbc571283f92c2c5861d5574723919b7d97d7e0b4775daa3d4,derived_or_unknown,stage6,unresolved_pending_registry_link
results/stage6/phase1_template_subset/CM_B_UM_003.yaml,True,2638,5b0efed5b6b6d5ff91e3cc88939d2cbc5958feb9201737af5132edf92ab09b56,derived_or_unknown,stage6,unresolved_pending_registry_link
results/stage6/phase1_template_subset/CM_B_UM_004.yaml,True,2786,71e8186cb99137eafd253b958d1d2f3ed24d85d5eafe46f51ca275d0da26d56c,derived_or_unknown,stage6,unresolved_pending_registry_link
results/stage6/phase1_template_subset/CM_B_UM_005.yaml,True,2554,77b3928409ed6318a8011e3195e1123ee3ecd82c373466955a30017adc461f85,derived_or_unknown,stage6,unresolved_pending_registry_link
results/stage6/phase1_template_subset/CM_B_UM_006.yaml,True,2811,9620c6385d6c5089188ec6eafcb8160ad21a1659e01f648d87e06b4abe23c16f,derived_or_unknown,stage6,unresolved_pending_registry_link
results/stage6/phase1_template_subset/CM_B_UM_007.yaml,True,2818,d8f297a407ed4bf850e24997f351f75f2039d8d08fbe7828bc8128ab2e81c320,derived_or_unknown,stage6,unresolved_pending_registry_link
results/stage6/phase1_template_subset/CM_B_UM_008.yaml,True,2761,5a07542da1633cac7842c361a1fa369cbfd0b1ead0a60cfba36902906d4424ba,derived_or_unknown,stage6,unresolved_pending_registry_link
results/stage6/phase1_template_subset/CM_B_UM_009.yaml,True,2554,3f0eb7e4195ecc54e4a2d42d1e5cf10f1adff778ed807685d760cdc10a0f4403,derived_or_unknown,stage6,unresolved_pending_registry_link
results/stage6/phase1_template_subset/CM_B_UM_010.yaml,True,2322,7e4021f377153c67f4d25886edd58ed4485fcad3ede82d8e4ea12692f98cf2b9,derived_or_unknown,stage6,unresolved_pending_registry_link
results/stage6/phase1_template_subset/CM_B_UM_011.yaml,True,2442,5683467eab5dcf6d2ca6491d479255f2301a02731d4b289e46cb4fe935c296cc,derived_or_unknown,stage6,unresolved_pending_registry_link
results/stage6/phase1_template_subset/CM_B_UM_012.yaml,True,2393,b8cf5324d6a112d42b49150e5c0c58cbb42c357b10539dab9b2aef0b909053dd,derived_or_unknown,stage6,unresolved_pending_registry_link
results/stage6/phase1_template_subset/CM_B_UM_013.yaml,True,2489,1b1d428388647de58d7165238d72dcb9991968d0def6e08bade1a7f2475e339b,derived_or_unknown,stage6,unresolved_pending_registry_link
results/stage6/phase1_template_subset/CM_B_UM_014.yaml,True,2444,735ca4b0d8f1b928f8819a651692407ff29d6ed2ff40bf7e4b9763fd29e1c408,derived_or_unknown,stage6,unresolved_pending_registry_link
results/stage6/probing/domain_generalisation/layer_auroc_curve_variance.png,True,75168,1e42681b401ad3989eeaf4fabeb5fcd47dfa4414b9ad69a404fb4109a4407f96,summary,stage6,unresolved_pending_registry_link
results/stage6/probing/domain_generalisation/layer_auroc_variance.json,True,3653,2b5cc231380d3f567da796a9ca6ffc1e0cb3ba7486171bc18b23e688e5d674c9,summary,stage6,unresolved_pending_registry_link
results/stage6/probing/domain_generalisation/layer_pearson_variance.json,True,2778,62a286a447a8341d2e114baff245960e5a616b09e4fbd9396b4064708df9eb95,derived_or_unknown,stage6,unresolved_pending_registry_link
results/stage6/probing/domain_generalisation/loo_predictions_variance.json,True,25379,c7c8e7efc03eca81dc39794428282c3627aa82875eb11e8503364b80c84be8de,derived_or_unknown,stage6,unresolved_pending_registry_link
results/stage6/probing/domain_generalisation/run_probing_events.jsonl,True,417,7b0eed694576df8467b4c7b62d7c1e00b58a60fb699b170ce1bbce1423062743,run_log,stage6,unresolved_pending_registry_link
results/stage6/probing/domain_generalisation/summary_variance.json,True,1601,426d8959b0f16e7948592453459f7017cea9900bdd32c026ed059d0ba6be8ea5,summary,stage6,unresolved_pending_registry_link
results/stage6/probing/llama_variance/layer_auroc_curve_variance.png,True,90936,eba77eb1c23d6536abc6f83e2a44533e731e03c5bc5b014ae59282d6b254dd85,summary,stage6,unresolved_pending_registry_link
results/stage6/probing/llama_variance/layer_auroc_variance.json,True,4183,363ebb8bd211aa386362f933b35aca7344ad1242ee644c7adf98c42ec2c01e1d,summary,stage6,unresolved_pending_registry_link
results/stage6/probing/llama_variance/layer_pearson_variance.json,True,3211,207bba4b9f8b6d27f4b371f816aa2a52ad852fe1d78c45831f6597d9642756a8,derived_or_unknown,stage6,unresolved_pending_registry_link
results/stage6/probing/llama_variance/loo_predictions_variance.json,True,19895,c54d6c0a806ff0c54ff26fdb1d17203065610ed9778105bb0656f56c13fc75b5,derived_or_unknown,stage6,unresolved_pending_registry_link
results/stage6/probing/llama_variance/run_probing_events.jsonl,True,418,b9ef52af9b1e1b35cba34016154daa47a1588abe99cfbe4d14e05d5426b2b65c,run_log,stage6,unresolved_pending_registry_link
results/stage6/probing/llama_variance/summary_variance.json,True,919,22a79b839dcc6972645b3fc52e1ea401a63dfd121afe3c56c180a0b2248fffa9,summary,stage6,unresolved_pending_registry_link
results/stage6/probing/mean_cue_token/layer_auroc_curve_resid_post_cue_token.png,True,64660,8c42379bbf25b03e1d6fdd0bbf9d3267786d937f7f91095c5b4328302453a14f,summary,stage6,unresolved_pending_registry_link
results/stage6/probing/mean_cue_token/layer_auroc_resid_post_cue_token.json,True,394,68c7ca29eff39463d43119e0e1c7a8ba2a5b077c1138de5f1812b33319b2708e,summary,stage6,unresolved_pending_registry_link
results/stage6/probing/mean_cue_token/layer_pearson_resid_post_cue_token.json,True,301,98efe0bc3db6c264b5fc08a0c49d500bd930818626995e5f73696ef9cf756e08,derived_or_unknown,stage6,unresolved_pending_registry_link
results/stage6/probing/mean_cue_token/loo_predictions_resid_post_cue_token.json,True,20026,63b4135d65266d8ae239820456c18a9e570676872ba7874104d2b8aee8e0b6f5,derived_or_unknown,stage6,unresolved_pending_registry_link
results/stage6/probing/mean_cue_token/run_probing_events.jsonl,True,412,c5a693500ffb27eb8a94605abd3e9c5661c197f588993b7dea43c23bdb004d6b,run_log,stage6,unresolved_pending_registry_link
results/stage6/probing/mean_cue_token/summary_resid_post_cue_token.json,True,677,486b27967a73c6acd139277e8494d028e3ef36f3d170e4a89871d7dca98e5724,summary,stage6,unresolved_pending_registry_link
results/stage6/probing/primary_variance/layer_auroc_curve_variance.png,True,79826,545a145926ea1ee7be9f79998c99ece76352e2e64e4186cc54fdba313b870381,summary,stage6,unresolved_pending_registry_link
results/stage6/probing/primary_variance/layer_auroc_variance.json,True,3650,4b2341552fcb230c2865d00f38c6918b3763871aefc56585004379aef25ed651,summary,stage6,unresolved_pending_registry_link
results/stage6/probing/primary_variance/layer_pearson_variance.json,True,2785,d33771aa326dc3a3fae883c448212a9ddc71680beeb864ff546d885f61e8d943,derived_or_unknown,stage6,unresolved_pending_registry_link
results/stage6/probing/primary_variance/loo_predictions_variance.json,True,19939,e3df4f5b6aad78bf24e16b46dab31091dbf18802aa894dc03ca0e34b49cafb6a,derived_or_unknown,stage6,unresolved_pending_registry_link
results/stage6/probing/primary_variance/run_probing_events.jsonl,True,417,901ae770945514300d519b11753d4b3e0ea75a76bf2a026b35dd57bf391b4d83,run_log,stage6,unresolved_pending_registry_link
results/stage6/probing/primary_variance/summary_variance.json,True,888,923ed8973057e214d979052455803023097fbd4f4819f5548e2d56fe475aa987,summary,stage6,unresolved_pending_registry_link
results/stage6/probing/variance_ensemble/loo_predictions_variance_ensemble.json,True,16699,7b77de3b7f3191a4380b1d3a9381320ce180b25e769403fc09489f96ee19eab2,derived_or_unknown,stage6,unresolved_pending_registry_link
results/stage6/probing/variance_ensemble/run_probing_events.jsonl,True,412,1c8b801d8dd44734a5774ab8f3d27efb6d03e5a0627382505583872a8aad6721,run_log,stage6,unresolved_pending_registry_link
results/stage6/probing/variance_ensemble/summary_variance_ensemble.json,True,752,1153c7ffb532f2547459b93ef721c6f9101177a130a254c1c1b348bcc443c31a,summary,stage6,unresolved_pending_registry_link
results/stage6/probing/variance_ensemble_no_cue_c/loo_predictions_variance_ensemble.json,True,16083,b64007bb3ccdb535807ee20aceec45b3c42bd11ec167aa0ec761fd4ce106f17f,derived_or_unknown,stage6,unresolved_pending_registry_link
results/stage6/probing/variance_ensemble_no_cue_c/run_probing_events.jsonl,True,412,f23e31bd11d2e9f73be54aaa673a8b486dff26e7e6d99478874f9ccc6428a187,run_log,stage6,unresolved_pending_registry_link
results/stage6/probing/variance_ensemble_no_cue_c/summary_variance_ensemble.json,True,754,90be4dab004c62f54ea1a1cad197fedc1b5c041ac2e31a477582e3386fc98ef9,summary,stage6,unresolved_pending_registry_link
results/stage6/probing/variance_mlp/layer_auroc_curve_variance_mlp.png,True,41267,b30412f81f19fbe8be49dad27fa020c848a3b6bbfb7e68d5801d29ef34130ac0,summary,stage6,unresolved_pending_registry_link
results/stage6/probing/variance_mlp/layer_auroc_variance_mlp.json,True,133,73a696e8e0af069c82af477cd1282ab0d554892f6d9f9f04f7f95e71cab78b5e,summary,stage6,unresolved_pending_registry_link
results/stage6/probing/variance_mlp/loo_predictions_variance_mlp.json,True,20542,d2a813de50cf23755ef8f681a1e48775a3618037109dc4252d17f35ffea0b4f6,derived_or_unknown,stage6,unresolved_pending_registry_link
results/stage6/probing/variance_mlp/run_probing_events.jsonl,True,407,33cbfa6edf5e683f1c5406d3322516f4d403c4519546dc6eed6648504068d737,run_log,stage6,unresolved_pending_registry_link
results/stage6/probing/variance_mlp/summary_variance_mlp.json,True,657,d5dd1acc5af68f0e79d14bbdba2e91a2d6bfe9612f73129bc50dab7879a0dc5e,summary,stage6,unresolved_pending_registry_link
results/stage6/probing/variance_no_cue_c/layer_auroc_curve_variance.png,True,72917,30a12f22651745924ecb92fc1aa3badf495ab476d3557d2dd499f83b6f75b066,summary,stage6,unresolved_pending_registry_link
results/stage6/probing/variance_no_cue_c/layer_auroc_variance.json,True,3643,a8bf0c47c18df979836ae293d704c3bf9904416afed7241361569780fe93b5f7,summary,stage6,unresolved_pending_registry_link
results/stage6/probing/variance_no_cue_c/layer_pearson_variance.json,True,2811,836de4af8cd2e566ab1693dbec369823073fd8ca840f31aa0ccf67e8baeea9f7,derived_or_unknown,stage6,unresolved_pending_registry_link
results/stage6/probing/variance_no_cue_c/loo_predictions_variance.json,True,19209,660ba77c19dc5196f6d4a10a34d2d4958a78cf40d57b2f6fcee916855adc0cf9,derived_or_unknown,stage6,unresolved_pending_registry_link
results/stage6/probing/variance_no_cue_c/run_probing_events.jsonl,True,417,6aed3911fb7644f0a0f81bb2eabb54c6124f3e10c2b1637e88fae5c79d8472a1,run_log,stage6,unresolved_pending_registry_link
results/stage6/probing/variance_no_cue_c/summary_variance.json,True,888,b0f1b38abf7f4f41871d7417733f8ab9d026b998aebaa1357f3d57b34073e593,summary,stage6,unresolved_pending_registry_link
results/stage6/render_all_templates_events.jsonl,True,15550,e5de6b8811b508806b43dc0fb36fb1c378c2df76741f0f2b1696120a49869f68,run_log,stage6,unresolved_pending_registry_link
results/stage6/render_phase1_full_summary.json,True,138,e72567565fbd16f30409046d25d7aad0db00a9680286311f317ef73106db1ab0,summary,stage6,unresolved_pending_registry_link
results/stage6/render_phase1_partial_summary.json,True,138,108dfc3e7a225e4419643a930554b7b141c5b945773ceba3fd8ccba9e630a13f,summary,stage6,unresolved_pending_registry_link
results/stage6/render_phase2_ad/CM_B_UM_041.json,True,136,3e55b7b16cf6ac23379a992253b4b2d1762db2d4ca2cf1c6b3732dcfb64c63da,derived_or_unknown,stage6,unresolved_pending_registry_link
results/stage6/render_phase2_ad/CM_B_UM_042.json,True,136,3e55b7b16cf6ac23379a992253b4b2d1762db2d4ca2cf1c6b3732dcfb64c63da,derived_or_unknown,stage6,unresolved_pending_registry_link
results/stage6/render_phase2_ad/CM_B_UM_043.json,True,136,3e55b7b16cf6ac23379a992253b4b2d1762db2d4ca2cf1c6b3732dcfb64c63da,derived_or_unknown,stage6,unresolved_pending_registry_link
results/stage6/render_phase2_ad/CM_B_UM_044.json,True,136,3e55b7b16cf6ac23379a992253b4b2d1762db2d4ca2cf1c6b3732dcfb64c63da,derived_or_unknown,stage6,unresolved_pending_registry_link
results/stage6/render_phase2_ad/CM_B_UM_045.json,True,136,3e55b7b16cf6ac23379a992253b4b2d1762db2d4ca2cf1c6b3732dcfb64c63da,derived_or_unknown,stage6,unresolved_pending_registry_link
results/stage6/render_phase2_ad/CM_B_UM_046.json,True,136,3e55b7b16cf6ac23379a992253b4b2d1762db2d4ca2cf1c6b3732dcfb64c63da,derived_or_unknown,stage6,unresolved_pending_registry_link
results/stage6/render_phase2_ad/CM_B_UM_047.json,True,136,3e55b7b16cf6ac23379a992253b4b2d1762db2d4ca2cf1c6b3732dcfb64c63da,derived_or_unknown,stage6,unresolved_pending_registry_link
results/stage6/render_phase2_ad/CM_B_UM_048.json,True,136,3e55b7b16cf6ac23379a992253b4b2d1762db2d4ca2cf1c6b3732dcfb64c63da,derived_or_unknown,stage6,unresolved_pending_registry_link
results/stage6/render_phase2_ad/CM_B_UM_049.json,True,136,3e55b7b16cf6ac23379a992253b4b2d1762db2d4ca2cf1c6b3732dcfb64c63da,derived_or_unknown,stage6,unresolved_pending_registry_link
results/stage6/render_phase2_ad/CM_B_UM_050.json,True,136,3e55b7b16cf6ac23379a992253b4b2d1762db2d4ca2cf1c6b3732dcfb64c63da,derived_or_unknown,stage6,unresolved_pending_registry_link
results/stage6/render_phase2_ad/CM_B_UM_051.json,True,136,3e55b7b16cf6ac23379a992253b4b2d1762db2d4ca2cf1c6b3732dcfb64c63da,derived_or_unknown,stage6,unresolved_pending_registry_link
results/stage6/render_phase2_ad/CM_B_UM_052.json,True,136,3e55b7b16cf6ac23379a992253b4b2d1762db2d4ca2cf1c6b3732dcfb64c63da,derived_or_unknown,stage6,unresolved_pending_registry_link
results/stage6/render_phase2_ad/CM_B_UM_053.json,True,136,3e55b7b16cf6ac23379a992253b4b2d1762db2d4ca2cf1c6b3732dcfb64c63da,derived_or_unknown,stage6,unresolved_pending_registry_link
results/stage6/render_phase2_ad/CM_B_UM_054.json,True,136,3e55b7b16cf6ac23379a992253b4b2d1762db2d4ca2cf1c6b3732dcfb64c63da,derived_or_unknown,stage6,unresolved_pending_registry_link
results/stage6/render_phase2_ad/CM_B_UM_055.json,True,136,3e55b7b16cf6ac23379a992253b4b2d1762db2d4ca2cf1c6b3732dcfb64c63da,derived_or_unknown,stage6,unresolved_pending_registry_link
results/stage6/render_phase2_ad/CM_B_UM_056.json,True,136,3e55b7b16cf6ac23379a992253b4b2d1762db2d4ca2cf1c6b3732dcfb64c63da,derived_or_unknown,stage6,unresolved_pending_registry_link
results/stage6/render_phase2_ad/CM_B_UM_057.json,True,136,3e55b7b16cf6ac23379a992253b4b2d1762db2d4ca2cf1c6b3732dcfb64c63da,derived_or_unknown,stage6,unresolved_pending_registry_link
results/stage6/render_phase2_ad/CM_B_UM_058.json,True,136,3e55b7b16cf6ac23379a992253b4b2d1762db2d4ca2cf1c6b3732dcfb64c63da,derived_or_unknown,stage6,unresolved_pending_registry_link
results/stage6/render_phase2_ad/CM_B_UM_059.json,True,136,3e55b7b16cf6ac23379a992253b4b2d1762db2d4ca2cf1c6b3732dcfb64c63da,derived_or_unknown,stage6,unresolved_pending_registry_link
results/stage6/render_phase2_ad/CM_B_UM_060.json,True,136,3e55b7b16cf6ac23379a992253b4b2d1762db2d4ca2cf1c6b3732dcfb64c63da,derived_or_unknown,stage6,unresolved_pending_registry_link
results/stage6/render_phase2_ad/TH_B_UM_001.json,True,136,3e55b7b16cf6ac23379a992253b4b2d1762db2d4ca2cf1c6b3732dcfb64c63da,derived_or_unknown,stage6,unresolved_pending_registry_link
results/stage6/render_phase2_ad/TH_B_UM_002.json,True,136,3e55b7b16cf6ac23379a992253b4b2d1762db2d4ca2cf1c6b3732dcfb64c63da,derived_or_unknown,stage6,unresolved_pending_registry_link
results/stage6/render_phase2_ad/TH_B_UM_003.json,True,136,3e55b7b16cf6ac23379a992253b4b2d1762db2d4ca2cf1c6b3732dcfb64c63da,derived_or_unknown,stage6,unresolved_pending_registry_link
results/stage6/render_phase2_ad/TH_B_UM_004.json,True,136,3e55b7b16cf6ac23379a992253b4b2d1762db2d4ca2cf1c6b3732dcfb64c63da,derived_or_unknown,stage6,unresolved_pending_registry_link
results/stage6/render_phase2_ad/TH_B_UM_005.json,True,136,3e55b7b16cf6ac23379a992253b4b2d1762db2d4ca2cf1c6b3732dcfb64c63da,derived_or_unknown,stage6,unresolved_pending_registry_link
results/stage6/render_phase2_ad/TH_B_UM_006.json,True,136,3e55b7b16cf6ac23379a992253b4b2d1762db2d4ca2cf1c6b3732dcfb64c63da,derived_or_unknown,stage6,unresolved_pending_registry_link
results/stage6/render_phase2_ad/TH_B_UM_007.json,True,136,3e55b7b16cf6ac23379a992253b4b2d1762db2d4ca2cf1c6b3732dcfb64c63da,derived_or_unknown,stage6,unresolved_pending_registry_link
results/stage6/render_phase2_ad/TH_B_UM_008.json,True,136,3e55b7b16cf6ac23379a992253b4b2d1762db2d4ca2cf1c6b3732dcfb64c63da,derived_or_unknown,stage6,unresolved_pending_registry_link
results/stage6/render_phase2_ad/TH_B_UM_009.json,True,136,3e55b7b16cf6ac23379a992253b4b2d1762db2d4ca2cf1c6b3732dcfb64c63da,derived_or_unknown,stage6,unresolved_pending_registry_link
results/stage6/render_phase2_ad/TH_B_UM_010.json,True,136,3e55b7b16cf6ac23379a992253b4b2d1762db2d4ca2cf1c6b3732dcfb64c63da,derived_or_unknown,stage6,unresolved_pending_registry_link
results/stage6/render_phase2_ad/phase2_ad_render_summary.json,True,1737,eef5d75d3e47768c74470a9efa4969eb45611c689bdcaa752caa3266b08392a5,summary,stage6,unresolved_pending_registry_link
results/stage6/render_phase2_ad/render_all_templates_events.jsonl,True,19936,e583e7a869be4daeab07aaa881dda35da4d93338f6baaad2e14788b93b8e2b7b,run_log,stage6,unresolved_pending_registry_link
results/stage6/render_phase2_bce/CM_A_STD_001.json,True,136,3e55b7b16cf6ac23379a992253b4b2d1762db2d4ca2cf1c6b3732dcfb64c63da,derived_or_unknown,stage6,unresolved_pending_registry_link
results/stage6/render_phase2_bce/CM_A_STD_002.json,True,136,3e55b7b16cf6ac23379a992253b4b2d1762db2d4ca2cf1c6b3732dcfb64c63da,derived_or_unknown,stage6,unresolved_pending_registry_link
results/stage6/render_phase2_bce/CM_A_STD_003.json,True,136,3e55b7b16cf6ac23379a992253b4b2d1762db2d4ca2cf1c6b3732dcfb64c63da,derived_or_unknown,stage6,unresolved_pending_registry_link
results/stage6/render_phase2_bce/CM_A_STD_004.json,True,136,3e55b7b16cf6ac23379a992253b4b2d1762db2d4ca2cf1c6b3732dcfb64c63da,derived_or_unknown,stage6,unresolved_pending_registry_link
results/stage6/render_phase2_bce/CM_A_STD_005.json,True,136,3e55b7b16cf6ac23379a992253b4b2d1762db2d4ca2cf1c6b3732dcfb64c63da,derived_or_unknown,stage6,unresolved_pending_registry_link
results/stage6/render_phase2_bce/CM_A_STD_006.json,True,136,3e55b7b16cf6ac23379a992253b4b2d1762db2d4ca2cf1c6b3732dcfb64c63da,derived_or_unknown,stage6,unresolved_pending_registry_link
results/stage6/render_phase2_bce/CM_A_STD_007.json,True,136,3e55b7b16cf6ac23379a992253b4b2d1762db2d4ca2cf1c6b3732dcfb64c63da,derived_or_unknown,stage6,unresolved_pending_registry_link
results/stage6/render_phase2_bce/CM_A_STD_008.json,True,136,3e55b7b16cf6ac23379a992253b4b2d1762db2d4ca2cf1c6b3732dcfb64c63da,derived_or_unknown,stage6,unresolved_pending_registry_link
results/stage6/render_phase2_bce/CM_A_STD_009.json,True,136,3e55b7b16cf6ac23379a992253b4b2d1762db2d4ca2cf1c6b3732dcfb64c63da,derived_or_unknown,stage6,unresolved_pending_registry_link
results/stage6/render_phase2_bce/CM_A_STD_010.json,True,136,3e55b7b16cf6ac23379a992253b4b2d1762db2d4ca2cf1c6b3732dcfb64c63da,derived_or_unknown,stage6,unresolved_pending_registry_link
results/stage6/render_phase2_bce/CM_A_STD_011.json,True,136,3e55b7b16cf6ac23379a992253b4b2d1762db2d4ca2cf1c6b3732dcfb64c63da,derived_or_unknown,stage6,unresolved_pending_registry_link
results/stage6/render_phase2_bce/CM_A_STD_012.json,True,136,3e55b7b16cf6ac23379a992253b4b2d1762db2d4ca2cf1c6b3732dcfb64c63da,derived_or_unknown,stage6,unresolved_pending_registry_link
results/stage6/render_phase2_bce/CM_A_STD_013.json,True,136,3e55b7b16cf6ac23379a992253b4b2d1762db2d4ca2cf1c6b3732dcfb64c63da,derived_or_unknown,stage6,unresolved_pending_registry_link
results/stage6/render_phase2_bce/CM_A_STD_014.json,True,136,3e55b7b16cf6ac23379a992253b4b2d1762db2d4ca2cf1c6b3732dcfb64c63da,derived_or_unknown,stage6,unresolved_pending_registry_link
results/stage6/render_phase2_bce/CM_A_STD_015.json,True,136,3e55b7b16cf6ac23379a992253b4b2d1762db2d4ca2cf1c6b3732dcfb64c63da,derived_or_unknown,stage6,unresolved_pending_registry_link
results/stage6/render_phase2_bce/CM_A_STD_016.json,True,136,3e55b7b16cf6ac23379a992253b4b2d1762db2d4ca2cf1c6b3732dcfb64c63da,derived_or_unknown,stage6,unresolved_pending_registry_link
results/stage6/render_phase2_bce/CM_A_STD_017.json,True,136,3e55b7b16cf6ac23379a992253b4b2d1762db2d4ca2cf1c6b3732dcfb64c63da,derived_or_unknown,stage6,unresolved_pending_registry_link
results/stage6/render_phase2_bce/CM_A_STD_018.json,True,136,3e55b7b16cf6ac23379a992253b4b2d1762db2d4ca2cf1c6b3732dcfb64c63da,derived_or_unknown,stage6,unresolved_pending_registry_link
results/stage6/render_phase2_bce/CM_A_STD_019.json,True,136,3e55b7b16cf6ac23379a992253b4b2d1762db2d4ca2cf1c6b3732dcfb64c63da,derived_or_unknown,stage6,unresolved_pending_registry_link
results/stage6/render_phase2_bce/CM_A_STD_020.json,True,136,3e55b7b16cf6ac23379a992253b4b2d1762db2d4ca2cf1c6b3732dcfb64c63da,derived_or_unknown,stage6,unresolved_pending_registry_link
results/stage6/render_phase2_bce/CM_B_STD_001.json,True,136,3e55b7b16cf6ac23379a992253b4b2d1762db2d4ca2cf1c6b3732dcfb64c63da,derived_or_unknown,stage6,unresolved_pending_registry_link
results/stage6/render_phase2_bce/CM_B_STD_002.json,True,136,3e55b7b16cf6ac23379a992253b4b2d1762db2d4ca2cf1c6b3732dcfb64c63da,derived_or_unknown,stage6,unresolved_pending_registry_link
results/stage6/render_phase2_bce/CM_B_STD_003.json,True,136,3e55b7b16cf6ac23379a992253b4b2d1762db2d4ca2cf1c6b3732dcfb64c63da,derived_or_unknown,stage6,unresolved_pending_registry_link
results/stage6/render_phase2_bce/CM_B_STD_004.json,True,136,3e55b7b16cf6ac23379a992253b4b2d1762db2d4ca2cf1c6b3732dcfb64c63da,derived_or_unknown,stage6,unresolved_pending_registry_link
results/stage6/render_phase2_bce/CM_B_STD_005.json,True,136,3e55b7b16cf6ac23379a992253b4b2d1762db2d4ca2cf1c6b3732dcfb64c63da,derived_or_unknown,stage6,unresolved_pending_registry_link
results/stage6/render_phase2_bce/CM_B_STD_006.json,True,136,3e55b7b16cf6ac23379a992253b4b2d1762db2d4ca2cf1c6b3732dcfb64c63da,derived_or_unknown,stage6,unresolved_pending_registry_link
results/stage6/render_phase2_bce/CM_B_STD_007.json,True,136,3e55b7b16cf6ac23379a992253b4b2d1762db2d4ca2cf1c6b3732dcfb64c63da,derived_or_unknown,stage6,unresolved_pending_registry_link
results/stage6/render_phase2_bce/CM_B_STD_008.json,True,136,3e55b7b16cf6ac23379a992253b4b2d1762db2d4ca2cf1c6b3732dcfb64c63da,derived_or_unknown,stage6,unresolved_pending_registry_link
results/stage6/render_phase2_bce/CM_B_STD_009.json,True,136,3e55b7b16cf6ac23379a992253b4b2d1762db2d4ca2cf1c6b3732dcfb64c63da,derived_or_unknown,stage6,unresolved_pending_registry_link
results/stage6/render_phase2_bce/CM_B_STD_010.json,True,136,3e55b7b16cf6ac23379a992253b4b2d1762db2d4ca2cf1c6b3732dcfb64c63da,derived_or_unknown,stage6,unresolved_pending_registry_link
results/stage6/render_phase2_bce/CM_B_STD_011.json,True,136,3e55b7b16cf6ac23379a992253b4b2d1762db2d4ca2cf1c6b3732dcfb64c63da,derived_or_unknown,stage6,unresolved_pending_registry_link
results/stage6/render_phase2_bce/CM_B_STD_012.json,True,136,3e55b7b16cf6ac23379a992253b4b2d1762db2d4ca2cf1c6b3732dcfb64c63da,derived_or_unknown,stage6,unresolved_pending_registry_link
results/stage6/render_phase2_bce/CM_B_STD_013.json,True,136,3e55b7b16cf6ac23379a992253b4b2d1762db2d4ca2cf1c6b3732dcfb64c63da,derived_or_unknown,stage6,unresolved_pending_registry_link
results/stage6/render_phase2_bce/CM_B_STD_014.json,True,136,3e55b7b16cf6ac23379a992253b4b2d1762db2d4ca2cf1c6b3732dcfb64c63da,derived_or_unknown,stage6,unresolved_pending_registry_link
results/stage6/render_phase2_bce/CM_B_STD_015.json,True,136,3e55b7b16cf6ac23379a992253b4b2d1762db2d4ca2cf1c6b3732dcfb64c63da,derived_or_unknown,stage6,unresolved_pending_registry_link
results/stage6/render_phase2_bce/CM_C_001.json,True,136,3e55b7b16cf6ac23379a992253b4b2d1762db2d4ca2cf1c6b3732dcfb64c63da,derived_or_unknown,stage6,unresolved_pending_registry_link
results/stage6/render_phase2_bce/CM_C_002.json,True,136,3e55b7b16cf6ac23379a992253b4b2d1762db2d4ca2cf1c6b3732dcfb64c63da,derived_or_unknown,stage6,unresolved_pending_registry_link
results/stage6/render_phase2_bce/CM_C_003.json,True,136,3e55b7b16cf6ac23379a992253b4b2d1762db2d4ca2cf1c6b3732dcfb64c63da,derived_or_unknown,stage6,unresolved_pending_registry_link
results/stage6/render_phase2_bce/CM_C_004.json,True,136,3e55b7b16cf6ac23379a992253b4b2d1762db2d4ca2cf1c6b3732dcfb64c63da,derived_or_unknown,stage6,unresolved_pending_registry_link
results/stage6/render_phase2_bce/CM_C_005.json,True,136,3e55b7b16cf6ac23379a992253b4b2d1762db2d4ca2cf1c6b3732dcfb64c63da,derived_or_unknown,stage6,unresolved_pending_registry_link
results/stage6/render_phase2_bce/phase2_bce_render_summary.json,True,1835,7ca511e0f19eaffb919d9e986d847b2b36922e1482a7f5e478b06bdb521a2214,summary,stage6,unresolved_pending_registry_link
results/stage6/render_phase2_bce/render_all_templates_events.jsonl,True,37008,38d5a284537bfdaf441f44293ccd757961bcb3da7f58c53dc71d15ec6d640cce,run_log,stage6,unresolved_pending_registry_link
results/stage6/render_phase2_bce/render_summary_bce_frame_refresh.json,True,136,d3d884e24761c33b5e685dd704bf07daeb5b7b8810bc4b60facfc0fb4fdb6c6d,summary,stage6,unresolved_pending_registry_link
results/stage6/render_phase2_bce/render_summary_bce_standard_cuea_refresh.json,True,138,b4cc85a735832dbd2edc4086bf0b9f6f572fa3eeae26e1fd9edf2b7c33b3e2e2,summary,stage6,unresolved_pending_registry_link
results/stage6/render_phase2_bce/render_summary_bce_standard_cueb_refresh.json,True,138,08da079fbac68088c39d451f354493e85f22f833e128bdeb55a8d6316c26bd8e,summary,stage6,unresolved_pending_registry_link
results/stage6/render_phase2_bce.zip,True,28215,a5061e6e0ab9cd3e033f634b8aa6540da1c9a27cd842b5d9bcf868fe49d19810,archive,stage6,unresolved_pending_registry_link
results/stage6/verification/CM_B_UM_001.json,True,678,83e4e6501d7766d7afd4712cb3c2d5a5f462a186eb649e374187bebebef670e3,derived_or_unknown,stage6,unresolved_pending_registry_link
results/stage6/verification/CM_B_UM_002.json,True,678,67eccf19d4e5308e79c4d7c1c7ffebe1c11229eac53fddfb1a7d4d3de7ed8630,derived_or_unknown,stage6,unresolved_pending_registry_link
results/stage6/verification/CM_B_UM_003.json,True,679,ba0448bae4216e55df0e8f36170e3dae2ca917b927d17b295c77cd4d7087221c,derived_or_unknown,stage6,unresolved_pending_registry_link
results/stage6/verification/CM_B_UM_004.json,True,715,e4e6784843c212ea5f592ee9397abbb553ae1e48b3da0014212edb9e34759f7a,derived_or_unknown,stage6,unresolved_pending_registry_link
results/stage6/verification/CM_B_UM_005.json,True,707,a687086eaee65170d751bd767e4ac708b965f1f222be33d551a04fda1875e922,derived_or_unknown,stage6,unresolved_pending_registry_link
results/stage6/verification/CM_B_UM_006.json,True,685,5c55d334602da437dcd0d9447169970c768a545dc7f477fa4b6ed0c874de0eb7,derived_or_unknown,stage6,unresolved_pending_registry_link
results/stage6/verification/CM_B_UM_007.json,True,712,4667ff4e7c450a376ab0d127a0095b48b818ac5cbb06507b53a09195a431f699,derived_or_unknown,stage6,unresolved_pending_registry_link
results/stage6/verification/CM_B_UM_008.json,True,698,34442e605eb75bc30e951f3d5a2d1771b021c37c6b21a8b73e93cfbf9fb3e243,derived_or_unknown,stage6,unresolved_pending_registry_link
results/stage6/verification/CM_B_UM_009.json,True,687,60068019abe4d68c96a7b9ef6f8df252178d2dda1fcfc8b8bc95991050704b20,derived_or_unknown,stage6,unresolved_pending_registry_link
results/stage6/verification/CM_B_UM_010.json,True,675,5dea6020b17c2ea9cfbb042c6e1e3e12158b986c36b350ee531a8bf3daa9c12d,derived_or_unknown,stage6,unresolved_pending_registry_link
results/stage6/verification/CM_B_UM_011.json,True,709,3b725d3c69dc0fe5202c82ab8aded429218d04695e94982ce9c8a5dbbcaccd03,derived_or_unknown,stage6,unresolved_pending_registry_link
results/stage6/verification/CM_B_UM_012.json,True,685,1c5255d128e79998b706358476b38a272ec977d5fd3861b7b1dc807879324da3,derived_or_unknown,stage6,unresolved_pending_registry_link
results/stage6/verification/CM_B_UM_013.json,True,723,b337b2c3451e4f300bdb3a52320f1ea3ca5a7c25708c30ad4ec7b8cb0d084e42,derived_or_unknown,stage6,unresolved_pending_registry_link
results/stage6/verification/CM_B_UM_014.json,True,675,68c18c00df98b6ca2cce46bb15174c2d8b2e42ea10ea62155a8faea953eae860,derived_or_unknown,stage6,unresolved_pending_registry_link
results/stage6/verification/CM_B_UM_015.json,True,673,b59e55faaf960b478363f08cdb5b094009c92478ec77697e16404bc28523f115,derived_or_unknown,stage6,unresolved_pending_registry_link
results/stage6/verification/CM_B_UM_016.json,True,690,f7a33b4dd03001722f064334a52370b94a19728bd7505f63a9463627a12dc11f,derived_or_unknown,stage6,unresolved_pending_registry_link
results/stage6/verification/CM_B_UM_017.json,True,681,a452b747a0c28f9baa037e76bdf0765f845e8b03b1dbbfbbf6cb7efc721498f5,derived_or_unknown,stage6,unresolved_pending_registry_link
results/stage6/verification/CM_B_UM_018.json,True,671,92f84792acddb1301a397bd044e8128c0815499ef3e3c23f1001e67345e11623,derived_or_unknown,stage6,unresolved_pending_registry_link
results/stage6/verification/CM_B_UM_019.json,True,675,83bb05b809acc616dea7f36be14cc3e7c38c7db0b902d47dc84c75fc3a2ae6d9,derived_or_unknown,stage6,unresolved_pending_registry_link
results/stage6/verification/CM_B_UM_020.json,True,681,361ea71aef550cfd14bd78009dc3dd557583f51dc4ee7de1658a129e16fda0de,derived_or_unknown,stage6,unresolved_pending_registry_link
results/stage6/verification/CM_B_UM_021.json,True,678,742aba960a2b0a677be59b89f3bcfed98077b2a44f95f5a33d816290d6845fa1,derived_or_unknown,stage6,unresolved_pending_registry_link
results/stage6/verification/CM_B_UM_022.json,True,673,51fe4f70d8280cc7c6e54fdba682262ae0ed12abd3e9dc5251a9b0930ce64a27,derived_or_unknown,stage6,unresolved_pending_registry_link
results/stage6/verification/CM_B_UM_023.json,True,684,8d2b4f727bd4e42e9ceba0b792936454a6f889bc933f11d11c8994748aa8b525,derived_or_unknown,stage6,unresolved_pending_registry_link
results/stage6/verification/CM_B_UM_024.json,True,687,5b4db7d5d671f6f9a5a1c3790d51dc890aac0ee1e228da2bfd6d25eb7c733235,derived_or_unknown,stage6,unresolved_pending_registry_link
results/stage6/verification/CM_B_UM_025.json,True,676,f5b8dfc94ec295107319433bb13baafe7a12e062505257d347520f4cf7f868a7,derived_or_unknown,stage6,unresolved_pending_registry_link
results/stage6/verification/CM_B_UM_026.json,True,698,4c88ba39a2781aa9657d58870a91627a4d88c9a9025d949cfb310792a5191477,derived_or_unknown,stage6,unresolved_pending_registry_link
results/stage6/verification/CM_B_UM_027.json,True,675,f916a97b0c2b4ee7761146dc283ac3301860cd76db73d2fd58f9c5fe4ce8faa0,derived_or_unknown,stage6,unresolved_pending_registry_link
results/stage6/verification/CM_B_UM_028.json,True,695,b4aad173109f82fb1d17386437d9a43694d09a3966756fd18bcf66fa5c21541e,derived_or_unknown,stage6,unresolved_pending_registry_link
results/stage6/verification/CM_B_UM_029.json,True,694,791e4bed447004728fd6ed882c75541bc0a6341b1710321227d0e7a254f4bbdd,derived_or_unknown,stage6,unresolved_pending_registry_link
results/stage6/verification/CM_B_UM_030.json,True,680,e7cd4249fbcb838fa64a19463a03b56c60c0aab6cfbcfa5cf5882678687d5438,derived_or_unknown,stage6,unresolved_pending_registry_link
results/stage6/verification/CM_B_UM_031.json,True,694,ae3935f576d16eeb1c95cb16c2c04a582484fb50be70de14706812cc6e81420a,derived_or_unknown,stage6,unresolved_pending_registry_link
results/stage6/verification/CM_B_UM_032.json,True,725,b60feb817d1af8ccc64d9827e4deaff6230433998c5f666a7bd1cdbd65709661,derived_or_unknown,stage6,unresolved_pending_registry_link
results/stage6/verification/CM_B_UM_033.json,True,719,6bda3dd98a28a3d00519028fbb5a3021b2022cc038c9d285c228b90b35a9795b,derived_or_unknown,stage6,unresolved_pending_registry_link
results/stage6/verification/CM_B_UM_034.json,True,725,2d22fc4e2396bb83b5e0fecfda885e439513519643dffbb218e85c4b762aff5f,derived_or_unknown,stage6,unresolved_pending_registry_link
results/stage6/verification/CM_B_UM_035.json,True,719,999c09f266a996691d9f4c8e301ff416f5b7783b0c9919c1a76ab72872f9ea76,derived_or_unknown,stage6,unresolved_pending_registry_link
results/stage6/verification/CM_B_UM_036.json,True,699,11db24790581f40352b7f25c4392bdc55bbb6f4ee1803accb64c8102640dc02b,derived_or_unknown,stage6,unresolved_pending_registry_link
results/stage6/verification/CM_B_UM_037.json,True,717,8543a5ff53ada847f566aba6278f586b1a0ed85df8ac8f8731e5cf7b12e2015d,derived_or_unknown,stage6,unresolved_pending_registry_link
results/stage6/verification/CM_B_UM_038.json,True,715,aa266f7729c563ab44de9f851ca23d38fe9185f0a63b8173eb98d04f06a73dde,derived_or_unknown,stage6,unresolved_pending_registry_link
results/stage6/verification/CM_B_UM_039.json,True,715,0fb1d630ffa3037cc282de57bdbc2bc8ea9c01cae460e1fa2cb22d068e4758a0,derived_or_unknown,stage6,unresolved_pending_registry_link
results/stage6/verification/CM_B_UM_040.json,True,680,a708e9130bfabbe742a54841a3f000b556e0089426d707869c372518bb2ae5c2,derived_or_unknown,stage6,unresolved_pending_registry_link
results/stage6/verification_phase2_ad/CM_B_UM_041.json,True,694,fe1b36c4feb311de76fe372dd894095928bbec44d0286d036fbbcd3dd3eee67c,derived_or_unknown,stage6,unresolved_pending_registry_link
results/stage6/verification_phase2_ad/CM_B_UM_042.json,True,698,45c43b4953c2868d36ba421d0ba8a498d4b462ffeb000c0a32e2d8feabfa5dc2,derived_or_unknown,stage6,unresolved_pending_registry_link
results/stage6/verification_phase2_ad/CM_B_UM_043.json,True,698,7bb8420d53b3eb17c65c4def2df1991393fae4339f7b62c31e1069af5dfae334,derived_or_unknown,stage6,unresolved_pending_registry_link
results/stage6/verification_phase2_ad/CM_B_UM_044.json,True,700,8d98ba11a7cb2e7b14d538b241f81f10cd553be1758a56b160087944c0d885a2,derived_or_unknown,stage6,unresolved_pending_registry_link
results/stage6/verification_phase2_ad/CM_B_UM_045.json,True,682,220fdfdda2c1f85c562450dc9c696acad52847814b1760828f688a69c64f4a2b,derived_or_unknown,stage6,unresolved_pending_registry_link
results/stage6/verification_phase2_ad/CM_B_UM_046.json,True,681,115e42e764af1950aafda669a7561d2f08d5c0e85936e50681130cbb6afa3a04,derived_or_unknown,stage6,unresolved_pending_registry_link
results/stage6/verification_phase2_ad/CM_B_UM_047.json,True,724,2fadd788bf0f155ccb8ce58c61dbdd57880aa96abd0c0295fe20fc642add2809,derived_or_unknown,stage6,unresolved_pending_registry_link
results/stage6/verification_phase2_ad/CM_B_UM_048.json,True,693,9ce908372dc6013678fb3a2d593b4a1794df53793a4d48a34b81846aac906339,derived_or_unknown,stage6,unresolved_pending_registry_link
results/stage6/verification_phase2_ad/CM_B_UM_049.json,True,725,74c25748c76ef9259c80234fd1353c4097ec7d3e518989e9969dc3c5185d0c58,derived_or_unknown,stage6,unresolved_pending_registry_link
results/stage6/verification_phase2_ad/CM_B_UM_050.json,True,724,d5d5b8629a7a2b60a4297c7a8d6823968e654c27e3e9d49e1e9d250ae5e344ee,derived_or_unknown,stage6,unresolved_pending_registry_link
results/stage6/verification_phase2_ad/CM_B_UM_051.json,True,722,763e0533b8d115d0a46700ea5801aa8d4b2a134377417c5ac249f78ab1afdc0d,derived_or_unknown,stage6,unresolved_pending_registry_link
results/stage6/verification_phase2_ad/CM_B_UM_052.json,True,724,9dfefdc2bf2d28b03fd9ee8839329362da2d66c793a1b13e28a8ffaade6f9d56,derived_or_unknown,stage6,unresolved_pending_registry_link
results/stage6/verification_phase2_ad/CM_B_UM_053.json,True,725,0b912d7f60da19ccce6497d9f82315719a9480c3b4a51736940b8761371704cd,derived_or_unknown,stage6,unresolved_pending_registry_link
results/stage6/verification_phase2_ad/CM_B_UM_054.json,True,725,6091376293d1fdafd1da43f58a1300b544cb99dd026bda0dfdb67dadd6a0c958,derived_or_unknown,stage6,unresolved_pending_registry_link
results/stage6/verification_phase2_ad/CM_B_UM_055.json,True,719,9cf6319bd7e367f29d88cd14a26267ad4b8808ec1ed2e718efb1c42b5d26dafd,derived_or_unknown,stage6,unresolved_pending_registry_link
results/stage6/verification_phase2_ad/CM_B_UM_056.json,True,693,bbde7f96861e9d08f586e7d42f3b12fc92ede3e5438d812abcfa7b47484a6a0d,derived_or_unknown,stage6,unresolved_pending_registry_link
results/stage6/verification_phase2_ad/CM_B_UM_057.json,True,680,a2172a4125c6dd82c7a9b14569fb6ba9716d61663277db9fb98344589c75c3fc,derived_or_unknown,stage6,unresolved_pending_registry_link
results/stage6/verification_phase2_ad/CM_B_UM_058.json,True,695,71361e0635dd42474c98b8f579783d6f8c9e954c4a73f360169ddb689dc99ceb,derived_or_unknown,stage6,unresolved_pending_registry_link
results/stage6/verification_phase2_ad/CM_B_UM_059.json,True,736,bf2412ffda6200d6202655b7a3c1800f9b0033e845ba61f57f882786caabfb0e,derived_or_unknown,stage6,unresolved_pending_registry_link
results/stage6/verification_phase2_ad/CM_B_UM_060.json,True,675,2e5cbde4ba9344ed7f2319dfaedb5f71efab792552ce4959f755643ea3fbdadd,derived_or_unknown,stage6,unresolved_pending_registry_link
results/stage6/verification_phase2_ad/TH_B_UM_001.json,True,702,9bc34e4f725c1d6b8f2e84b528a377c2494d4f33790e9fd1d84d62aa13a4e63a,derived_or_unknown,stage6,unresolved_pending_registry_link
results/stage6/verification_phase2_ad/TH_B_UM_002.json,True,702,74b50359aeb782a23ae374414caf13af0e989cf218ce19432bccb405e35b232e,derived_or_unknown,stage6,unresolved_pending_registry_link
results/stage6/verification_phase2_ad/TH_B_UM_003.json,True,702,dbcb771e51f46c3bbe3f7105a3e6ddfa035e8faae2ac92cd430ae98bc4014abb,derived_or_unknown,stage6,unresolved_pending_registry_link
results/stage6/verification_phase2_ad/TH_B_UM_004.json,True,706,05297a69b9e9ce9539226d4de0ded688ef94f36c9819679565528e195a9fb80b,derived_or_unknown,stage6,unresolved_pending_registry_link
results/stage6/verification_phase2_ad/TH_B_UM_005.json,True,706,9ab645c0b85c4b128bdeee77e5e1f021a3fbb03690e07da35fb2c10ac3baaecd,derived_or_unknown,stage6,unresolved_pending_registry_link
results/stage6/verification_phase2_ad/TH_B_UM_006.json,True,736,c4f85476ebc4985e3e125239b82fcca5bc2c2d97604f232c1f56e4d8c5dd218f,derived_or_unknown,stage6,unresolved_pending_registry_link
results/stage6/verification_phase2_ad/TH_B_UM_007.json,True,716,06a3afcb902bdb956691935d5dc5220e3645a37bd544d8a5ab497bd7268f5e9e,derived_or_unknown,stage6,unresolved_pending_registry_link
results/stage6/verification_phase2_ad/TH_B_UM_008.json,True,716,b0c1e3d9be2197e8100dc98e647beca22ac15b79143d46e503b32919ecb412eb,derived_or_unknown,stage6,unresolved_pending_registry_link
results/stage6/verification_phase2_ad/TH_B_UM_009.json,True,695,202bc90338b47f2262a9f2521ee71e154a29d9acaf1d31e98c8cdcf943056e96,derived_or_unknown,stage6,unresolved_pending_registry_link
results/stage6/verification_phase2_ad/TH_B_UM_010.json,True,700,14c61682943912ca26f6ac1880e1680402a1811db924d37fbebe5314395c8894,derived_or_unknown,stage6,unresolved_pending_registry_link
results/stage6/verification_phase2_ad.zip,True,26888,e1fa59fd2132dd8993b9a6b7ae1439758bad9bf7462f445b85683b6d2114bb08,archive,stage6,unresolved_pending_registry_link
results/stage6/verification_phase2_bce/CM_A_STD_001.json,True,671,4bfcbfd15b579b7879bf9ade9831c3adbc0ab0bab61176d864243b7bc76df748,derived_or_unknown,stage6,unresolved_pending_registry_link
results/stage6/verification_phase2_bce/CM_A_STD_002.json,True,669,3b5d869ee55182d042327a1dafd9a8c770f73d320e8d9ba8476b783dbf6d55d8,derived_or_unknown,stage6,unresolved_pending_registry_link
results/stage6/verification_phase2_bce/CM_A_STD_003.json,True,662,6b5849211e8f29568fa566ffb75f7fbe9031794c4aa8ad23b338d7e5e6d27c0e,derived_or_unknown,stage6,unresolved_pending_registry_link
results/stage6/verification_phase2_bce/CM_A_STD_004.json,True,662,f24e7a3abd13b652fe3117bf522b3e651ab85351e042285551b539f9a9582eed,derived_or_unknown,stage6,unresolved_pending_registry_link
results/stage6/verification_phase2_bce/CM_A_STD_005.json,True,667,907c2e30b405e53d7ef0960ffc57ba97a8d2e1d4812eeda28f304700e0aea517,derived_or_unknown,stage6,unresolved_pending_registry_link
results/stage6/verification_phase2_bce/CM_A_STD_006.json,True,667,58a6237da8976f870bbca12c7a8d5f014cf7f70e17cad4c42c148caaaa68494c,derived_or_unknown,stage6,unresolved_pending_registry_link
results/stage6/verification_phase2_bce/CM_A_STD_007.json,True,667,3486538a5a88ea0db8531d6cdd0c1f4a1b14e47b4a15154328beae241674e0ff,derived_or_unknown,stage6,unresolved_pending_registry_link
results/stage6/verification_phase2_bce/CM_A_STD_008.json,True,662,0edee5793a759a313f5cf03a95c7560926371410f2f1a68ad635b76ca7d29e89,derived_or_unknown,stage6,unresolved_pending_registry_link
results/stage6/verification_phase2_bce/CM_A_STD_009.json,True,664,813e38387ad643d0b131d717b26dc43952b7fc2af87f443eecd0dc02e00fecb7,derived_or_unknown,stage6,unresolved_pending_registry_link
results/stage6/verification_phase2_bce/CM_A_STD_010.json,True,674,dbd13530fe378c6f5f56e53b10826c02dcaf0327a1cda79c39870529272aa48e,derived_or_unknown,stage6,unresolved_pending_registry_link
results/stage6/verification_phase2_bce/CM_A_STD_011.json,True,662,2ce67279022c0e0f394539449a4dcebcddaab96267b190a8cb0fc20657236639,derived_or_unknown,stage6,unresolved_pending_registry_link
results/stage6/verification_phase2_bce/CM_A_STD_012.json,True,662,582bf42d223e7d12390750fa681bfb415c389dded074ce2b2c95c141cc21197d,derived_or_unknown,stage6,unresolved_pending_registry_link
results/stage6/verification_phase2_bce/CM_A_STD_013.json,True,701,7ec3bf3c4372e71dc0eba0e533c65b473a4a0b2c6002db86c8686a7495be4c62,derived_or_unknown,stage6,unresolved_pending_registry_link
results/stage6/verification_phase2_bce/CM_A_STD_014.json,True,657,daab5e8b2f03cad109999f8c1ea4565a6808dda328b6003821081f6eb7ac0ee9,derived_or_unknown,stage6,unresolved_pending_registry_link
results/stage6/verification_phase2_bce/CM_A_STD_015.json,True,712,c78b5ad14f9abff18f34e70c5b56f392d3bcee48e0b603b1846186be6b26489e,derived_or_unknown,stage6,unresolved_pending_registry_link
results/stage6/verification_phase2_bce/CM_A_STD_016.json,True,686,7b8e6f3317c652bdb8e7c217cfc2f9d5a18140dbb19f3bec13ad3ed129cf1fa8,derived_or_unknown,stage6,unresolved_pending_registry_link
results/stage6/verification_phase2_bce/CM_A_STD_017.json,True,684,b96aa2247ad685fc347b325e760dddc9b77f2c04f2bd280892827b4584a9bc4d,derived_or_unknown,stage6,unresolved_pending_registry_link
results/stage6/verification_phase2_bce/CM_A_STD_018.json,True,710,64dec78f7b251af7821fc605771d2a3b2f5f739ad8a31eedb99267a39a9d5532,derived_or_unknown,stage6,unresolved_pending_registry_link
results/stage6/verification_phase2_bce/CM_A_STD_019.json,True,677,c79f193b8d6d4f47a8f9112c56a10e143fe88c64bc3f4196c1d0ed93969dbd82,derived_or_unknown,stage6,unresolved_pending_registry_link
results/stage6/verification_phase2_bce/CM_A_STD_020.json,True,672,0748da7cfa0c697dc051ee417b7ef957275650c871da69c541dfab365ec75861,derived_or_unknown,stage6,unresolved_pending_registry_link
results/stage6/verification_phase2_bce/CM_B_STD_001.json,True,682,7e52e229d41bb57591b14857bd10a4d3b86475fa605a00495f40a2c01093d3d8,derived_or_unknown,stage6,unresolved_pending_registry_link
results/stage6/verification_phase2_bce/CM_B_STD_002.json,True,687,76d7e0b6229dd58741bb67fb5b42958a1820011901cced243bab502fbe820122,derived_or_unknown,stage6,unresolved_pending_registry_link
results/stage6/verification_phase2_bce/CM_B_STD_003.json,True,682,12105ecdc1842133d6069a89fe06445f2eb2e9c701600ea56f0160914f72f370,derived_or_unknown,stage6,unresolved_pending_registry_link
results/stage6/verification_phase2_bce/CM_B_STD_004.json,True,696,6460272d28a2b5f40c7a8e82cb38c0cff09c48208eed3e0de5f13bed40c7e008,derived_or_unknown,stage6,unresolved_pending_registry_link
results/stage6/verification_phase2_bce/CM_B_STD_005.json,True,696,8b756da0cdaef32c741678bd0e13c25999d7aa6fd694c2c7f14dbc4e7c49feaf,derived_or_unknown,stage6,unresolved_pending_registry_link
results/stage6/verification_phase2_bce/CM_B_STD_006.json,True,710,9888fc55e80c97b39e75a54cff49169ea9fae0f8810b4debc6c56901c8f5ed39,derived_or_unknown,stage6,unresolved_pending_registry_link
results/stage6/verification_phase2_bce/CM_B_STD_007.json,True,714,9a4a78f10e17d411b8fd4037b1676aca9ddc611a7022d14e6fb030460d40447f,derived_or_unknown,stage6,unresolved_pending_registry_link
results/stage6/verification_phase2_bce/CM_B_STD_008.json,True,699,c281a8d8af9dab0a7f0cb39d77f8fd4e0eb1ed0d8499babd1d00e7eab076883c,derived_or_unknown,stage6,unresolved_pending_registry_link
results/stage6/verification_phase2_bce/CM_B_STD_009.json,True,696,a48f3649f23a8eb5083abba75212cc9c84ae7f1ba18b51265e914b34d3fc64d5,derived_or_unknown,stage6,unresolved_pending_registry_link
results/stage6/verification_phase2_bce/CM_B_STD_010.json,True,723,b90327e743e43f3ebd237c16150fe3bf0ddce7e2b384b17773df0038ea413958,derived_or_unknown,stage6,unresolved_pending_registry_link
results/stage6/verification_phase2_bce/CM_B_STD_011.json,True,722,927884eeb5e4685f33392655b42d2286ae4bda213d16f4b84c919eed41b11853,derived_or_unknown,stage6,unresolved_pending_registry_link
results/stage6/verification_phase2_bce/CM_B_STD_012.json,True,723,b5edea78e629cc0b15111893b3d3995c9fbacaf8d021741a662bdce2a6f7e91e,derived_or_unknown,stage6,unresolved_pending_registry_link
results/stage6/verification_phase2_bce/CM_B_STD_013.json,True,719,6a3a9211ccdf9f3400f4205e27de838473babd713b3b37337b04d946ec93de91,derived_or_unknown,stage6,unresolved_pending_registry_link
results/stage6/verification_phase2_bce/CM_B_STD_014.json,True,704,70b894292208b14a2bc1a9476b684a9bd5fbbfcfdb186fd1430fb92e1f3cdef0,derived_or_unknown,stage6,unresolved_pending_registry_link
results/stage6/verification_phase2_bce/CM_B_STD_015.json,True,728,a4239fd99175db7ba96a7c8ac8a6028009f9fc9d2394d87d082bb3495b1f3671,derived_or_unknown,stage6,unresolved_pending_registry_link
results/stage6/verification_phase2_bce/CM_C_001.json,True,672,0ebe45af96c1ea40ec7b3201d7b22035fa11f0dce37b4ae3588c8a0bf8dcf294,derived_or_unknown,stage6,unresolved_pending_registry_link
results/stage6/verification_phase2_bce/CM_C_002.json,True,670,4f66e10bb12c8f03ff6d59d18deeaa0b34c75cd7ba871527cf4b245b2b2ee7e6,derived_or_unknown,stage6,unresolved_pending_registry_link
results/stage6/verification_phase2_bce/CM_C_003.json,True,659,0ab59d335387a90eb50e8e2a684b022fdeb101f83917250c1d03eed49caf0204,derived_or_unknown,stage6,unresolved_pending_registry_link
results/stage6/verification_phase2_bce/CM_C_004.json,True,673,5177191a5a511853740b79ed566fe686b44dd8d019100a81e6ab33d569034b7d,derived_or_unknown,stage6,unresolved_pending_registry_link
results/stage6/verification_phase2_bce/CM_C_005.json,True,671,523cf7506a27c2d55f3339a68870e7e0f19803f9ffc1dbdbb3ef44c788deb09b,derived_or_unknown,stage6,unresolved_pending_registry_link
results/stage6/verification_phase2_bce.zip,True,35566,adac88085e7b3eb71da1b37a382351561cfcdd7aaefd656c4758455b0dea6bf4,archive,stage6,unresolved_pending_registry_link
results/stage8/analysis_deepseek/deepseek_per_family.csv,True,11373,9c759864ca862b2511f3da36fc22e3a7e0a64852de1b3efc1598cb5e44cd8fd9,derived_or_unknown,stage8,unresolved_pending_registry_link
results/stage8/analysis_deepseek/deepseek_summary.json,True,666,6f129a3fbceb27a67532526febcf5b083a33889ed2e4f254eabf9887098c2fff,summary,stage8,unresolved_pending_registry_link
results/stage8/analysis_deepseek/generate_positive_families_events.jsonl,True,441,e1e130a6733959c0c4558096e7de894df7794d5d1ae361624e806fa456919c87,run_log,stage8,unresolved_pending_registry_link
results/stage8/analysis_deepseek/stage8_positive_families_deepseek.json,True,994,6b41de13706d66946b2d12f83b27e892c1bf4fee72537c986e9e4b107bac1565,derived_or_unknown,stage8,unresolved_pending_registry_link
results/stage8/attention/family_head_contributions.json,True,48881,471d9340ddca821b10b801b0c620af522ea66ddf87151960d1c859cb4b1afea3,derived_or_unknown,stage8,unresolved_pending_registry_link
results/stage8/attention/head_sensitivity_heatmap.png,True,88346,04fd6e3e4e86d8b3701333de5d7a99865692a7f4a16defbf68446100cea3fa4a,figure,stage8,unresolved_pending_registry_link
results/stage8/attention/head_sensitivity_scores.json,True,4634,9130260fdc39b1cf059d5e07326b7f7310cee1acb8909e75b355d7df499096f2,derived_or_unknown,stage8,unresolved_pending_registry_link
results/stage8/attention/probe_weights_layer18.npy,True,14464,1ce2c08c714988160b03b4db2ff5f7ab82d31e2c2605f65eff57d1e1ab237ccb,derived_or_unknown,stage8,unresolved_pending_registry_link
results/stage8/attention/run_attention_analysis_events.jsonl,True,290,e052397fb7798e627de060091557d440732566fe29f2f461b432e423f1f89ac8,run_log,stage8,unresolved_pending_registry_link
results/stage8/baselines_deepseek/run_baselines_surface_events.jsonl,True,1660,dcc07b6a6c93680e57a199cbe23511c490f4f51a5ce49b1e487bc23a99e6aa33,run_log,stage8,unresolved_pending_registry_link
results/stage8/baselines_deepseek/surface_bag_of_words_slp_binary.json,True,347,d2dc81aab3e09a4576f629d58e9d3347413f23d02f51ad1ce781b28e61e4ca1b,derived_or_unknown,stage8,unresolved_pending_registry_link
results/stage8/baselines_deepseek/surface_cue_span_only_slp_binary.json,True,349,a5100f5a7f6e56d151de6d470a9a9764f96a26fa3a20a72d25cd933eb777f7a6,derived_or_unknown,stage8,unresolved_pending_registry_link
results/stage8/baselines_deepseek/surface_prompt_statistics_slp_binary.json,True,351,d728e3cea85f524697d82f4b3aee0e0a15a4266222ea9ddc14eb8a66a9ca587d,derived_or_unknown,stage8,unresolved_pending_registry_link
results/stage8/baselines_deepseek/surface_tfidf_continuous.json,True,309,2371e89d931775fd25e19d22e7985b0fd55a02e1f30590b97be43200056f53f1,derived_or_unknown,stage8,unresolved_pending_registry_link
results/stage8/baselines_deepseek/surface_tfidf_logistic_slp_binary.json,True,348,c9e47c1017cdedbc8a7c56b77f0695ff517f64adc155aeb72b4baec6aa9b4a53,derived_or_unknown,stage8,unresolved_pending_registry_link
results/stage8/causal_comparison_table.json,True,5738,3445634f3ee4b46d77f42ea036584e6160fd4d2b386e95a5081670cf55c91943,derived_or_unknown,stage8,unresolved_pending_registry_link
results/stage8/causal_patching/patching_family_heatmap.png,True,129631,02f007a6b305508dca1dd472e5904d6b1e94cc5661ab8ff7f192f731089fb90a,figure,stage8,unresolved_pending_registry_link
results/stage8/causal_patching/patching_layer_curve.png,True,73779,ba1f1158a0bbe5691fe4061a981e53543208fb9722c0ddeb0ac282c0c5fee4a9,figure,stage8,unresolved_pending_registry_link
results/stage8/causal_patching/patching_results.csv,True,18931,a7a8fa6dfd36f3c2202b55c1e4706b11bc2b2971fb43e2d2d4f63dcfa0ceb333,derived_or_unknown,stage8,unresolved_pending_registry_link
results/stage8/causal_patching/patching_summary.json,True,2810,b80f5bbf57ef4a0989ffd6e076beacff9adb1ed48e5eb67370805a76982a3ba5,summary,stage8,unresolved_pending_registry_link
results/stage8/causal_patching/run_causal_patching_events.jsonl,True,8101,e6db3f26a7a5e899c0e5478553be03ee41d6852bbff097db763eec798a4f05ed,run_log,stage8,unresolved_pending_registry_link
results/stage8/causal_patching_cue_token/patching_family_heatmap.png,True,129099,02232d488869602ccf789745d68f3c00cfe290440fef310187d59b53f0a8aa5b,figure,stage8,unresolved_pending_registry_link
results/stage8/causal_patching_cue_token/patching_layer_curve.png,True,86131,6c6ef2dcac030061a2a96a894b520e8b94b99850bd19477f32deb596c6ed4bb8,figure,stage8,unresolved_pending_registry_link
results/stage8/causal_patching_cue_token/patching_results.csv,True,18222,84374263fe25c0de8234265442f37491d395528c679edc7b9826aa4a5bdd0a5a,derived_or_unknown,stage8,unresolved_pending_registry_link
results/stage8/causal_patching_cue_token/patching_summary.json,True,2874,ae8a650f041a7cb605d9b61ad85fa44fcdb532fcf4872defb271a7e2d9333ec9,summary,stage8,unresolved_pending_registry_link
results/stage8/causal_patching_cue_token/run_causal_patching_events.jsonl,True,8102,ce4f3dd02c3f4c330ac5afe7fcf59c483b7dde8d9f2ebb68fe52e2bb908c2cd2,run_log,stage8,unresolved_pending_registry_link
results/stage8/cross_model/alignment_quality.json,True,405,c605bebe70ef94c1d5ca6526e76d8115a841f458ab51fe4a76fc6cbaa4e36e1e,derived_or_unknown,stage8,unresolved_pending_registry_link
results/stage8/cross_model/run_cross_model_transfer_events.jsonl,True,407,4f35627e01e3bc098bb45c0da78e7e1854521b2af8f796b923d6b46f031a63aa,run_log,stage8,unresolved_pending_registry_link
results/stage8/cross_model_deepseek/alignment_quality.json,True,565,45c9d530f78ae43420f4db50f07768a50cc4692bfa697012b08ab10abd0a5152,derived_or_unknown,stage8,unresolved_pending_registry_link
results/stage8/cross_model_deepseek/novel_sensitivity_families.json,True,2822,fb91a8ba17c62fe225a7b13a1a354d0a85ff989a91239e985b599585f0fba865,derived_or_unknown,stage8,unresolved_pending_registry_link
results/stage8/cross_model_deepseek/run_cross_model_transfer_events.jsonl,True,412,f9a56aed2d748520d25d7552e612a375adc0cf23112abed66963c714f5c3eee4,run_log,stage8,unresolved_pending_registry_link
results/stage8/head26_knockout/head26_comparison_summary.json,True,9399,fbacf9e91f7a704aa213c4fc161072a154beaa08394b21f69a0691f4ededbd27,summary,stage8,unresolved_pending_registry_link
results/stage8/head26_knockout/patching_family_heatmap.png,True,129493,39d9c73d6d1579542747cc5c5554255ca15f188c61b3f34f222cf65a8f971fce,figure,stage8,unresolved_pending_registry_link
results/stage8/head26_knockout/patching_layer_curve.png,True,82786,4340de0d41a1e9c0c3b42cf5c5e590591e64c31b9a6e536890729d6c96afde33,figure,stage8,unresolved_pending_registry_link
results/stage8/head26_knockout/patching_results.csv,True,23041,091e8c73073d4f1fd029f14b46fc4df4fe117b0cc3be4f088a6906fe26c9de53,derived_or_unknown,stage8,unresolved_pending_registry_link
results/stage8/head26_knockout/patching_summary.json,True,2605,842a210d418942baf6b63935fc5c68090c398c2d47870df4d5a938a699706981,summary,stage8,unresolved_pending_registry_link
results/stage8/head26_knockout/run_causal_patching_events.jsonl,True,8202,0cfd85347b1d39c919b7c800bef769a7f984c1803dd08837410bec85261ef940,run_log,stage8,unresolved_pending_registry_link
results/stage8/multi_head_knockout/multi_head_comparison.json,True,34397,5c7aa55c24c334a0a02d36d6a5b10b0f76231ae5352cf8dd822d6181934b7cac,derived_or_unknown,stage8,unresolved_pending_registry_link
results/stage8/multi_head_knockout/patching_family_heatmap.png,True,125606,665e92e770666d79b9e86a44df77e5353e237350be0bb1d45caa1802c13fdd6b,figure,stage8,unresolved_pending_registry_link
results/stage8/multi_head_knockout/patching_layer_curve.png,True,72979,f03fa893d83f6af5d2884636dc005086277e8b421bf95e1c8f63ade0fa61c82a,figure,stage8,unresolved_pending_registry_link
results/stage8/multi_head_knockout/patching_results.csv,True,15192,de1fb67c1ba6a9690ef06673c5907bd70b6a178adef622f1996f2f34dbce54a9,derived_or_unknown,stage8,unresolved_pending_registry_link
results/stage8/multi_head_knockout/patching_summary.json,True,2257,98252f7a0948a7eec85e7624a3080d7146105e4309cc82ea660a3264ab0034af,summary,stage8,unresolved_pending_registry_link
results/stage8/multi_head_knockout/run_causal_patching_events.jsonl,True,8269,22ed3050a53a9f21ec6f8c04b4b761d60b715d83703c3a823fe4be12d5b859eb,run_log,stage8,unresolved_pending_registry_link
results/stage8/probing_deepseek/layer_auroc_curve_variance.png,True,117750,fd95a258c5034279d866e5e23e6babba3b5853b4389727dd9ab9c62aaa81b607,summary,stage8,unresolved_pending_registry_link
results/stage8/probing_deepseek/layer_auroc_variance.json,True,8356,6c1c4f3c27d045e41874905f97254f27ec649403c790ed42b07bafb2507a1f75,summary,stage8,unresolved_pending_registry_link
results/stage8/probing_deepseek/layer_pearson_variance.json,True,6390,9e3de4a9d55a9c30e9c447c9a37a0c7e62026ff02d9897efb7d2be62bbf2adfd,derived_or_unknown,stage8,unresolved_pending_registry_link
results/stage8/probing_deepseek/loo_predictions_variance.json,True,20669,8450f521fe3c9499804ac9a69cf80b4092e0f1406a6c385c4180110afd714f59,derived_or_unknown,stage8,unresolved_pending_registry_link
results/stage8/probing_deepseek/run_probing_events.jsonl,True,429,aec606e9f902744603ee41e8e4d8c412c14af2ab2e333f7ffe29b11e826148d0,run_log,stage8,unresolved_pending_registry_link
results/stage8/probing_deepseek/summary_variance.json,True,1227,ed8cf8810fbcd4a33109dac952c330fbbe214a97b65cd63db89e879fde0e18ef,summary,stage8,unresolved_pending_registry_link
results/stage8/stage8_complete_summary.json,True,6234,668d30511ec4bb52b0c2cec12b949691a0fe64e30844e950122516def1db7878,summary,stage8,unresolved_pending_registry_link
results/stage9/baselines/answer_rationale/run_baselines_surface_events.jsonl,True,630,fa27e83e1be920346bf8d5829db08570828063385c0b676145bf185dcad9755a,run_log,stage9,unresolved_pending_registry_link
results/stage9/baselines/answer_rationale/surface_answer_rationale_classifier_slp_binary.json,True,563,b0b39c00c979b46aa8674232c203b40c6ea42670a7591342c428c6b50ac60fbc,derived_or_unknown,stage9,unresolved_pending_registry_link
results/stage9/baselines/answer_rationale/surface_tfidf_continuous.json,True,541,69f2aca4b8a6abbec076cc1423ddf1974231f5c2802de3dd5f6df7d0207f06f4,derived_or_unknown,stage9,unresolved_pending_registry_link
results/stage9/baselines/blackbox_counterfactual/blackbox_counterfactual_summary.json,True,860,0445a69486bc5ade1b36c8c67c3baf136f050cd8fe6f47bfabac3f8cc0c251b4,summary,stage9,unresolved_pending_registry_link
results/stage9/baselines/blackbox_counterfactual/family_scores.json,True,21399,77665c56f7a762b8580ce1d0a1ed747625b280006cef6e45e9a97293254aa7aa,derived_or_unknown,stage9,unresolved_pending_registry_link
results/stage9/baselines/blackbox_counterfactual/pairwise_predictions.json,True,154466,b709bf3f80279defa242e069ede981457c88d8afb9113944f05e1db96a212da4,derived_or_unknown,stage9,unresolved_pending_registry_link
results/stage9/baselines/correctness_probe/layer_auroc_curve_variance.png,True,70809,b5dca6c9fa015bbb2f8df00b67c9da46b2a99487de7aba82b269d0e6d6f8df4b,summary,stage9,unresolved_pending_registry_link
results/stage9/baselines/correctness_probe/layer_auroc_variance.json,True,3642,e9c98f3adb320ccdeb14e8244d9b1fb582dda2f07d2c44f7a5334acf14ed8fe5,summary,stage9,unresolved_pending_registry_link
results/stage9/baselines/correctness_probe/loo_predictions_variance.json,True,19908,fb3b1856a454876fc1002e32378e3d005a8be0bf854ab4b87379f4fd94e96c54,derived_or_unknown,stage9,unresolved_pending_registry_link
results/stage9/baselines/correctness_probe/run_probing_events.jsonl,True,403,27c865e67d8d9d514ef8e55b5e1830a8a6eb8631e5df3ec49591fdf7726adf52,run_log,stage9,unresolved_pending_registry_link
results/stage9/baselines/correctness_probe/summary_variance.json,True,964,fa5fa167392196cdb55a5496e0aa4d9a1d02057311f1b32559a54d00cb17df59,summary,stage9,unresolved_pending_registry_link
results/stage9/baselines/cot_text/run_baselines_surface_events.jsonl,True,622,431e67eff960ad5371b60786d5be9d34a35d50233726b6d361f3712c95a6eec1,run_log,stage9,unresolved_pending_registry_link
results/stage9/baselines/cot_text/surface_cot_text_classifier_slp_binary.json,True,571,84020f44e2c82bc7f0798b7b9f704cc4329c09d6e299ffdc79ab71e50655b24d,derived_or_unknown,stage9,unresolved_pending_registry_link
results/stage9/baselines/cot_text/surface_tfidf_continuous.json,True,541,69f2aca4b8a6abbec076cc1423ddf1974231f5c2802de3dd5f6df7d0207f06f4,derived_or_unknown,stage9,unresolved_pending_registry_link
results/stage9/baselines/entropy/embedding_vs_entropy_summary.json,True,825,1080f91231f09982ae56b3046c7d2288c32c29fb9707cfed0051e6364bf9fedc,summary,stage9,unresolved_pending_registry_link
results/stage9/baselines/entropy/entropy_baseline_summary.json,True,169,a8d6d65170b0f936a9d0099924fce1b4cdc83518c5ff5e4925c38f517fd55e8b,summary,stage9,unresolved_pending_registry_link
results/stage9/baselines/entropy/entropy_per_family_scores.json,True,26376,f1df8d5d4c36b54a55859e0765e53aae1c63a3a6028f20c213706dac46957e0f,derived_or_unknown,stage9,unresolved_pending_registry_link
results/stage9/baselines/entropy/entropy_vs_probe_correlation.json,True,10293,3800393099e4497918bb52af35db0980e7105c2385354b2077b31391809e979f,derived_or_unknown,stage9,unresolved_pending_registry_link
results/stage9/baselines/llm_judge/deepseek_setting_a/judge_auroc.json,True,168,95cf321505015d5ed4ee85761f7026b0272826a51516339225d77b81186bbc93,summary,stage9,unresolved_pending_registry_link
results/stage9/baselines/llm_judge/deepseek_setting_a/predictions.csv,True,3110,687994519a1afc3aa9547a03ba968399ac8124841f2c4e3e398c52d931f14541,derived_or_unknown,stage9,unresolved_pending_registry_link
results/stage9/baselines/llm_judge/deepseek_setting_a/run_causal_patching_events.jsonl,True,487,0a0845192463a4b23aa855ae961592922eea481aad8a810479304dd37fa15905,run_log,stage9,unresolved_pending_registry_link
results/stage9/baselines/llm_judge/judge_ensemble_summary.json,True,1328,605a65a239ab4af6e42a859c3185cf344dca02b2dfc28b250b5581d439eccb78,summary,stage9,unresolved_pending_registry_link
results/stage9/baselines/llm_judge/llama_setting_a/judge_auroc.json,True,137,20d69b1dedbb8b4249f8c500b06141ea8c76c37ef0f0b05aa3d16c0ed2f90d43,summary,stage9,unresolved_pending_registry_link
results/stage9/baselines/llm_judge/llama_setting_a/predictions.csv,True,3110,cbb6771efad9514699e0094ea2439e2c1652b6d9bd6bc7249bf3cb014d1954a1,derived_or_unknown,stage9,unresolved_pending_registry_link
results/stage9/baselines/llm_judge/llama_setting_a/run_causal_patching_events.jsonl,True,441,f28fa7bce04a7466aac31b7e0868572f9f085dcf332285d1713f51ec7fd9922f,run_log,stage9,unresolved_pending_registry_link
results/stage9/baselines/llm_judge/llama_setting_b/judge_auroc.json,True,122,4660b6e4be9f763c8f3827e110197c3d971a23119c1661c782e0585eb3ebd27e,summary,stage9,unresolved_pending_registry_link
results/stage9/baselines/llm_judge/llama_setting_b/predictions.csv,True,3110,d0a51eb53c06e3b62e284d5c0fb7aee92cbd01a0b0a158f7c0bc232472f0a619,derived_or_unknown,stage9,unresolved_pending_registry_link
results/stage9/baselines/llm_judge/llama_setting_b/run_causal_patching_events.jsonl,True,426,c242b613fb3c4592de0c364ec6b36acfd33165d8f2f24b2a4f0d41d2a35c84c2,run_log,stage9,unresolved_pending_registry_link
results/stage9/calibration/calibration_summary.json,True,1706,355e74a79c0095d4c87ba9acd61dd93bc8ca72b1e3d44b91b2494f13ccbdba15,summary,stage9,unresolved_pending_registry_link
results/stage9/calibration/reliability_diagram.png,True,73126,242bf06a36b36fb78a9f20a1890fc6c74c163f1aa932442bde420a55b62f1925,figure,stage9,unresolved_pending_registry_link
results/stage9/correctness_probe/overlap_analysis.json,True,1592,79a91df17badeb0413b27b9a1d73ce1f02498120a5e91effe781bb1c085ad829,derived_or_unknown,stage9,unresolved_pending_registry_link
results/stage9/correctness_residualisation/family_metadata.json,True,8665,0d0b37329ffcc1880db764eb02d2974cab0fd97a7ff16417c70e7c58e88b1187,derived_or_unknown,stage9,unresolved_pending_registry_link
results/stage9/correctness_residualisation/loo_predictions.json,True,13593,7d4a93128144c2e9e2517e8002c58798ea92b61c7886961ca1ef4760c0eb0dd9,derived_or_unknown,stage9,unresolved_pending_registry_link
results/stage9/correctness_residualisation/residualisation_summary.json,True,607,761d40e2246a6ffc32553301fab2014559fe66a40c42bb5948000f4d85752ac5,summary,stage9,unresolved_pending_registry_link
results/stage9/correctness_residualisation/run_correctness_residualisation_events.jsonl,True,835,39435d8d703c234064b09248f18400be2d8a9f1b240fdd8c3539aab120fe4975,run_log,stage9,unresolved_pending_registry_link
results/stage9/damage_control/damage_control_results.csv,True,3021,21c92ede432c2bdab7be8b7d73574524fbc4db7a1df39378692c15483a7e1761,derived_or_unknown,stage9,unresolved_pending_registry_link
results/stage9/damage_control/damage_control_summary.json,True,211,f3661b467239282cf73c178182d6b7cdc5e2c07be0ad0cab6ac64438f1f73096,summary,stage9,unresolved_pending_registry_link
results/stage9/damage_control/run_causal_patching_events.jsonl,True,452,936e3e5431b807e891e24ac44c12daff086c8f3645f673bf78162b98fd3f5de9,run_log,stage9,unresolved_pending_registry_link
results/stage9/direction_injection/dose_response_curve.png,True,52906,5e19e3b611b07dc96d39b18e6afc5de3cec469b43da422d6e70a924316a7e59f,figure,stage9,unresolved_pending_registry_link
results/stage9/direction_injection/injection_results.csv,True,8175,d96e920be84accf50916e9a0e027da719c99657da84568c89fe951a4c899de84,derived_or_unknown,stage9,unresolved_pending_registry_link
results/stage9/direction_injection/injection_summary.json,True,1137,95cf18c40ab4063c7781c56464cb6f3e34837405aaa8185f6cbf868e8cb78f40,summary,stage9,unresolved_pending_registry_link
results/stage9/direction_injection/run_causal_patching_events.jsonl,True,1182,9efe5af8dbb2f69fe44bb87898d31ebd45add5b3137b516d204d2da1d925696d,run_log,stage9,unresolved_pending_registry_link
results/stage9/leave_one_cue/leave_one_cue_summary.json,True,390,b16baa35c8dbd611f29522c9d52b6fb05f874554104d039a119ff45604ed6635,summary,stage9,unresolved_pending_registry_link
results/stage9/mean_probe_stage6/layer_auroc_curve_resid_post_last_prompt.png,True,43811,d8e7fa8dc2ab728526b0926bdfcdb758110fc539e096d5c801d969534da17980,summary,stage9,unresolved_pending_registry_link
results/stage9/mean_probe_stage6/layer_auroc_resid_post_last_prompt.json,True,134,9c7a2614a8216f8f5d74f599df46926ec19d0cffafa980598299b885f7f8c109,summary,stage9,unresolved_pending_registry_link
results/stage9/mean_probe_stage6/layer_pearson_resid_post_last_prompt.json,True,102,332209870dd3aa44f5d127d86f553d04ea8d9d98deb027f66a4362f3f731b914,derived_or_unknown,stage9,unresolved_pending_registry_link
results/stage9/mean_probe_stage6/loo_predictions_resid_post_last_prompt.json,True,19956,e31b8d4ddda086ab6dc1bfe6aadb891414cc5817103ea49ecff8df45ab8b2b46,derived_or_unknown,stage9,unresolved_pending_registry_link
results/stage9/mean_probe_stage6/run_probing_events.jsonl,True,413,bdea90a90576ff8796696492b5fcf8c2c4d26fc5af08723ce796688fc6534b07,run_log,stage9,unresolved_pending_registry_link
results/stage9/mean_probe_stage6/summary_resid_post_last_prompt.json,True,697,8c8ff2acca8f4d0598a162fa7c78aa2362e10846d956215f964ebe93ebdf10a2,summary,stage9,unresolved_pending_registry_link
results/stage9/mhk_early_layers/patching_family_heatmap.png,True,102379,607f50a48e7ef1ec116bbd2e5aa785ebea79f4e57dbecca6c1b5c8d866dce734,figure,stage9,unresolved_pending_registry_link
results/stage9/mhk_early_layers/patching_layer_curve.png,True,70673,e7b9c3edd7a550cc17ea1f9372f614df417a7d14327a2523c668a3b06a57e144,figure,stage9,unresolved_pending_registry_link
results/stage9/mhk_early_layers/patching_results.csv,True,5300,718518687f7719bcd6e1e68a5493113d9bc8aa63d1485121e9b924a069dd85bf,derived_or_unknown,stage9,unresolved_pending_registry_link
results/stage9/mhk_early_layers/patching_summary.json,True,1430,1e4866a0773390b71c1089c73bb965629037f54a945e63de5804099d159d569e,summary,stage9,unresolved_pending_registry_link
results/stage9/mhk_early_layers/run_causal_patching_events.jsonl,True,6780,bf2a5e6ffdbaf4f8a6e82ed924c1dfc9c2b16a6be6b499954aebd7dcfe6c1047,run_log,stage9,unresolved_pending_registry_link
results/stage9/per_cue_type/cue_type_auroc_breakdown.json,True,382,e82622f5a3bb9917f0c9983c3fd7fd800ba5aa0b4a4223fc8f6101c52d46aa52,summary,stage9,unresolved_pending_registry_link
results/stage9/probe_ablation/n_variants_2/layer_auroc_curve_variance_n2.png,True,89132,d189ee2e7e286c41b70bf20710706c5b683c02665201866899a5474a321ab661,summary,stage9,unresolved_pending_registry_link
results/stage9/probe_ablation/n_variants_2/layer_auroc_variance_n2.json,True,3645,d1d1a3aa90c52a979f7ad99834d081eba7a21a1332e021fc35e608c5633f7894,summary,stage9,unresolved_pending_registry_link
results/stage9/probe_ablation/n_variants_2/layer_pearson_variance_n2.json,True,2777,0214426860e725d8c64ff6d080ded7124d7989ae7a0d5ca7e1289fe37ede992c,derived_or_unknown,stage9,unresolved_pending_registry_link
results/stage9/probe_ablation/n_variants_2/loo_predictions_variance_n2.json,True,19825,cbdf981ba0e9c2d864c8d676ad50302f21c55d9dd3fb1d7b80a469e444d63fb3,derived_or_unknown,stage9,unresolved_pending_registry_link
results/stage9/probe_ablation/n_variants_2/run_probing_events.jsonl,True,417,c4f489444915a6be8d701ce73a5239afe1fae57c9b64faaf6e2cb6613c33e158,run_log,stage9,unresolved_pending_registry_link
results/stage9/probe_ablation/n_variants_2/summary_variance_n2.json,True,955,950aed608f884370a8037d1230b6e747c9449b8ee1da8206a14ec4a5c4500d62,summary,stage9,unresolved_pending_registry_link
results/stage9/probe_ablation/n_variants_3/layer_auroc_curve_variance_n3.png,True,68196,39f48164ebe71114fca46a5d44d72d4027e9f1ef233f2283caa8bcd384193dc9,summary,stage9,unresolved_pending_registry_link
results/stage9/probe_ablation/n_variants_3/layer_auroc_variance_n3.json,True,3642,87a6c89b35a5ab675e625e0d3e9ad07118ec49b852d348c7c65046f7c4426e1b,summary,stage9,unresolved_pending_registry_link
results/stage9/probe_ablation/n_variants_3/layer_pearson_variance_n3.json,True,2787,18e589ed6fdeb1379d2df8db9e4787ce57239e899d0fe14cd4d97f07a549d4d1,derived_or_unknown,stage9,unresolved_pending_registry_link
results/stage9/probe_ablation/n_variants_3/loo_predictions_variance_n3.json,True,19950,c5a1b19e2f779518dd91124fa339001aea2bc98a326930391c062fcc0597e9ff,derived_or_unknown,stage9,unresolved_pending_registry_link
results/stage9/probe_ablation/n_variants_3/run_probing_events.jsonl,True,417,caa71201ec65e975113410077415f4ffe0fad290b61e74f6fbab6f89fd5f37de,run_log,stage9,unresolved_pending_registry_link
results/stage9/probe_ablation/n_variants_3/summary_variance_n3.json,True,955,f00216352610a3c0c4d717d1a2064d320da58233c6530d4d3281cb1fce97c558,summary,stage9,unresolved_pending_registry_link
results/stage9/probe_ablation/n_variants_4/layer_auroc_curve_variance.png,True,79826,545a145926ea1ee7be9f79998c99ece76352e2e64e4186cc54fdba313b870381,summary,stage9,unresolved_pending_registry_link
results/stage9/probe_ablation/n_variants_4/layer_auroc_variance.json,True,3650,4b2341552fcb230c2865d00f38c6918b3763871aefc56585004379aef25ed651,summary,stage9,unresolved_pending_registry_link
results/stage9/probe_ablation/n_variants_4/layer_pearson_variance.json,True,2778,62a286a447a8341d2e114baff245960e5a616b09e4fbd9396b4064708df9eb95,derived_or_unknown,stage9,unresolved_pending_registry_link
results/stage9/probe_ablation/n_variants_4/loo_predictions_variance.json,True,19939,e3df4f5b6aad78bf24e16b46dab31091dbf18802aa894dc03ca0e34b49cafb6a,derived_or_unknown,stage9,unresolved_pending_registry_link
results/stage9/probe_ablation/n_variants_4/run_probing_events.jsonl,True,417,7e211fae07ee2db3b66b759fb84dacfa2e5821423fcbf8302efbb6a9aad54d7c,run_log,stage9,unresolved_pending_registry_link
results/stage9/probe_ablation/n_variants_4/summary_variance.json,True,956,4cc3e21b7fdb762401d5ca20dfcc4b400d5eacb8bd2f53abbc5cbdaebc6a6d3c,summary,stage9,unresolved_pending_registry_link
results/stage9/prompt_condition_probe/per_variant_predictions.json,True,66078,b765506f70edc9196bf78d6a2e11b53f047ad36500b8d37d043f5b4cd93c861a,derived_or_unknown,stage9,unresolved_pending_registry_link
results/stage9/prompt_condition_probe/prompt_condition_probe_summary.json,True,471,b59728c0cd10e37e31cb7045c9fc964dd9270baa7feacf4a4a3c247a4e2840e6,summary,stage9,unresolved_pending_registry_link
results/stage9/prompt_condition_probe/run_prompt_condition_probe_events.jsonl,True,1271,2b7abcaddb797869b5716e8e1901d47557cc099388f6072b2cb411f3f11e4ba9,run_log,stage9,unresolved_pending_registry_link
results/stage9/random_direction_control/rdc_comparison_plot.png,True,140825,811a34e541289ae17fb30aa10712c87894c7be4a8d9debd44439ccb14c35c24f,figure,stage9,unresolved_pending_registry_link
results/stage9/random_direction_control/rdc_results.csv,True,11443,04f834ac62d41a3484c2adc6dadd66b3812ec4ade41623ac6d84d423b49466bc,derived_or_unknown,stage9,unresolved_pending_registry_link
results/stage9/random_direction_control/rdc_summary.json,True,362,d8a3108497181e1836126360c5b02b6b9143c07495d3db441bed662cfdebb0df,summary,stage9,unresolved_pending_registry_link
results/stage9/random_direction_control/run_causal_patching_events.jsonl,True,597,a6c41e5cd6700eaaa5f9efebdad359f7354eeb088d00d8f324c6b8b0a03d9a99,run_log,stage9,unresolved_pending_registry_link
results/stage9/stage9_final_summary.json,True,2142,6bd8e8e1da5718a2d4edfe266a1d25e1704588ac21799eb2c420ba7d13ee5385,summary,stage9,unresolved_pending_registry_link
results/stage9/statistical_tests/fisher_cue_type_suppression.json,True,283,1e457dea50cc6e386915a6aa9cdcb043c92bb58ef2a818f29fe99af4fc9e134e,derived_or_unknown,stage9,unresolved_pending_registry_link
results/stage9/statistical_tests/mcnemar_qwen_vs_deepseek.json,True,316,e45542ead4a8c037e4e51618777d7958789e665e7ddb29a3d529f9067a5a7adc,derived_or_unknown,stage9,unresolved_pending_registry_link
results/stage9/statistical_tests/permutation_domain_gen.json,True,225,f5088657960a02e12948f78fac90ebddcf7b487c669bae2beac2bda8cc6ac733,derived_or_unknown,stage9,unresolved_pending_registry_link
results/stage9/statistical_tests/statistical_summary.json,True,1349,af2240ef36bafe47b0466300ca1603360f5632008ded811cb21293c4a3496d81,summary,stage9,unresolved_pending_registry_link
results/stage9/statistical_tests/wilcoxon_continuous_slp.json,True,256,bd290ef266ecf89c87d3b1eca6a42975fbb34eed2336590763d8ac4ad4f8118e,derived_or_unknown,stage9,unresolved_pending_registry_link
results/stage9/threshold_sensitivity/threshold_auroc_curve.png,True,87385,71151b242aae587f1bb6cbcabea80c6dcfeecf0bcf38084fe9d484f36b62010e,summary,stage9,unresolved_pending_registry_link
results/stage9/threshold_sensitivity/threshold_sweep.json,True,1396,99e10e2fa7098502565168fc5be2df8ff643a433eae01b33879db25de88d2d84,derived_or_unknown,stage9,unresolved_pending_registry_link
results/stage9/threshold_sensitivity/threshold_sweep_summary.json,True,1911,d789d64cf1074b1201ac12cc74ec4b387b93ee7bf91baf7a7677f13554a32e5c,summary,stage9,unresolved_pending_registry_link
results/stage9/unrelated_donor/donor_results.csv,True,7463,32b9cf0d9810049159877535b8b9d0db5b59dfa7b5a921f7bc23a6417b53819d,derived_or_unknown,stage9,unresolved_pending_registry_link
results/stage9/unrelated_donor/donor_summary.json,True,175,f2ae0d7b5053e419200d601f7f1f0f529084a19f086892f21f9f59e53c6c3584,summary,stage9,unresolved_pending_registry_link
results/stage9/unrelated_donor/run_causal_patching_events.jsonl,True,392,a8d1da0e4c149641c88f38b2ded414946f5ff9a2ea8323e89c5d2c60206b956e,run_log,stage9,unresolved_pending_registry_link
