expected_run_id,source,stage,experiment_family,model_id,configuration_identity,panel_identity,job_id_if_known,result_directory,raw_artifacts,summary_artifacts,logs,config,confidence,registry_experiment_id,mapping_status
results_appendix_formula_leakage_analysis_per_family_summary,summary_or_raw_artifact,appendix,analysis,unresolved,per_family_summary,unresolved,,results/appendix/formula_leakage/analysis,,results/appendix/formula_leakage/analysis/per_family_summary.csv,,,medium,appendix_formula_leakage,matched
results_appendix_formula_leakage_analysis_summary,summary_or_raw_artifact,appendix,analysis,unresolved,summary,unresolved,,results/appendix/formula_leakage/analysis,,results/appendix/formula_leakage/analysis/summary.json,,,medium,appendix_formula_leakage,matched
results_appendix_formula_leakage_behavioural_run_behavioural_events,summary_or_raw_artifact,appendix,behavioural,unresolved,run_behavioural_events,unresolved,,results/appendix/formula_leakage/behavioural,results/appendix/formula_leakage/behavioural/run_behavioural_events.jsonl,,results/appendix/formula_leakage/behavioural/run_behavioural_events.jsonl,,medium,appendix_formula_leakage,matched
results_appendix_formula_leakage_formula_leakage_analysis_summary,summary_or_raw_artifact,appendix,formula_leakage,unresolved,formula_leakage_analysis_summary,unresolved,,results/appendix/formula_leakage,,results/appendix/formula_leakage/formula_leakage_analysis_summary.json,,,medium,appendix_formula_leakage,matched
results_appendix_formula_leakage_formula_leakage_summary,summary_or_raw_artifact,appendix,formula_leakage,unresolved,formula_leakage_summary,unresolved,,results/appendix/formula_leakage,,results/appendix/formula_leakage/formula_leakage_summary.json,,,medium,appendix_formula_leakage,matched
results_behavioural_dry_run_qwen_run_behavioural_events,summary_or_raw_artifact,behavioural,dry_run_qwen,qwen,run_behavioural_events,unresolved,,results/behavioural/dry_run_qwen,results/behavioural/dry_run_qwen/run_behavioural_events.jsonl,,results/behavioural/dry_run_qwen/run_behavioural_events.jsonl,,medium,,unmatched
results_stage10_answer_bias_answer_bias_results,summary_or_raw_artifact,stage10,answer_bias,unresolved,answer_bias_results,unresolved,,results/stage10/answer_bias,results/stage10/answer_bias/answer_bias_results.csv,,,,medium,,unmatched
results_stage10_answer_bias_answer_bias_summary,summary_or_raw_artifact,stage10,answer_bias,unresolved,answer_bias_summary,unresolved,,results/stage10/answer_bias,,results/stage10/answer_bias/answer_bias_summary.json,,,medium,,unmatched
results_stage10_answer_bias_run_causal_patching_events,summary_or_raw_artifact,stage10,answer_bias,unresolved,run_causal_patching_events,unresolved,,results/stage10/answer_bias,results/stage10/answer_bias/run_causal_patching_events.jsonl,,results/stage10/answer_bias/run_causal_patching_events.jsonl,,medium,,unmatched
results_stage10_attention_llama_run_attention_analysis_events,summary_or_raw_artifact,stage10,attention_llama,llama,run_attention_analysis_events,unresolved,,results/stage10/attention_llama,results/stage10/attention_llama/run_attention_analysis_events.jsonl,,results/stage10/attention_llama/run_attention_analysis_events.jsonl,,medium,,unmatched
results_stage10_attention_patterns_attention_pattern_summary,summary_or_raw_artifact,stage10,attention_patterns,unresolved,attention_pattern_summary,unresolved,,results/stage10/attention_patterns,,results/stage10/attention_patterns/attention_pattern_summary.json,,,medium,,unmatched
results_stage10_attention_patterns_run_causal_patching_events,summary_or_raw_artifact,stage10,attention_patterns,unresolved,run_causal_patching_events,unresolved,,results/stage10/attention_patterns,results/stage10/attention_patterns/run_causal_patching_events.jsonl,,results/stage10/attention_patterns/run_causal_patching_events.jsonl,,medium,,unmatched
results_stage10_baselines_token_entropy_run_token_entropy_baseline_events,summary_or_raw_artifact,stage10,token_entropy,unresolved,run_token_entropy_baseline_events,unresolved,,results/stage10/baselines/token_entropy,results/stage10/baselines/token_entropy/run_token_entropy_baseline_events.jsonl,,results/stage10/baselines/token_entropy/run_token_entropy_baseline_events.jsonl,,medium,,unmatched
results_stage10_baselines_token_entropy_token_entropy_summary,summary_or_raw_artifact,stage10,token_entropy,unresolved,token_entropy_summary,unresolved,,results/stage10/baselines/token_entropy,,results/stage10/baselines/token_entropy/token_entropy_summary.json,,,medium,,unmatched
results_stage10_benchmark_expansion_expansion_summary,summary_or_raw_artifact,stage10,benchmark_expansion,unresolved,expansion_summary,unresolved,,results/stage10/benchmark_expansion,,results/stage10/benchmark_expansion/expansion_summary.json,,,medium,,unmatched
results_stage10_benchmark_expansion_render_all_templates_events,summary_or_raw_artifact,stage10,benchmark_expansion,unresolved,render_all_templates_events,unresolved,,results/stage10/benchmark_expansion,results/stage10/benchmark_expansion/render_all_templates_events.jsonl,,results/stage10/benchmark_expansion/render_all_templates_events.jsonl,,medium,,unmatched
results_stage10_cot_distractor_mention_cot_mention_summary,summary_or_raw_artifact,stage10,cot_distractor_mention,unresolved,cot_mention_summary,unresolved,,results/stage10/cot_distractor_mention,,results/stage10/cot_distractor_mention/cot_mention_summary.json,,,medium,,unmatched
results_stage10_cross_family_sufficiency_cross_family_sufficiency_results,summary_or_raw_artifact,stage10,cross_family_sufficiency,unresolved,cross_family_sufficiency_results,unresolved,,results/stage10/cross_family_sufficiency,results/stage10/cross_family_sufficiency/cross_family_sufficiency_results.csv,,,,medium,,unmatched
results_stage10_cross_family_sufficiency_cross_family_sufficiency_summary,summary_or_raw_artifact,stage10,cross_family_sufficiency,unresolved,cross_family_sufficiency_summary,unresolved,,results/stage10/cross_family_sufficiency,,results/stage10/cross_family_sufficiency/cross_family_sufficiency_summary.json,,,medium,,unmatched
results_stage10_cross_family_sufficiency_run_causal_patching_events,summary_or_raw_artifact,stage10,cross_family_sufficiency,unresolved,run_causal_patching_events,unresolved,,results/stage10/cross_family_sufficiency,results/stage10/cross_family_sufficiency/run_causal_patching_events.jsonl,,results/stage10/cross_family_sufficiency/run_causal_patching_events.jsonl,,medium,,unmatched
results_stage10_cue_b_only_probe_loo_predictions_resid_post_last_prompt,summary_or_raw_artifact,stage10,cue_b_only_probe,unresolved,loo_predictions_resid_post_last_prompt,unresolved,,results/stage10/cue_b_only_probe,results/stage10/cue_b_only_probe/loo_predictions_resid_post_last_prompt.json,,,,medium,,unmatched
results_stage10_cue_b_only_probe_run_probing_events,summary_or_raw_artifact,stage10,cue_b_only_probe,unresolved,run_probing_events,unresolved,,results/stage10/cue_b_only_probe,results/stage10/cue_b_only_probe/run_probing_events.jsonl,,results/stage10/cue_b_only_probe/run_probing_events.jsonl,,medium,,unmatched
results_stage10_cue_b_only_probe_summary_resid_post_last_prompt,summary_or_raw_artifact,stage10,cue_b_only_probe,unresolved,summary_resid_post_last_prompt,unresolved,,results/stage10/cue_b_only_probe,,results/stage10/cue_b_only_probe/summary_resid_post_last_prompt.json,,,medium,,unmatched
results_stage10_deepseek_attention_layer_42_run_attention_analysis_events,summary_or_raw_artifact,stage10,layer_42,deepseek,run_attention_analysis_events,unresolved,,results/stage10/deepseek_attention/layer_42,results/stage10/deepseek_attention/layer_42/run_attention_analysis_events.jsonl,,results/stage10/deepseek_attention/layer_42/run_attention_analysis_events.jsonl,,medium,,unmatched
results_stage10_deepseek_attention_layer_43_run_attention_analysis_events,summary_or_raw_artifact,stage10,layer_43,deepseek,run_attention_analysis_events,unresolved,,results/stage10/deepseek_attention/layer_43,results/stage10/deepseek_attention/layer_43/run_attention_analysis_events.jsonl,,results/stage10/deepseek_attention/layer_43/run_attention_analysis_events.jsonl,,medium,,unmatched
results_stage10_deepseek_attention_layer_44_run_attention_analysis_events,summary_or_raw_artifact,stage10,layer_44,deepseek,run_attention_analysis_events,unresolved,,results/stage10/deepseek_attention/layer_44,results/stage10/deepseek_attention/layer_44/run_attention_analysis_events.jsonl,,results/stage10/deepseek_attention/layer_44/run_attention_analysis_events.jsonl,,medium,,unmatched
results_stage10_deepseek_attention_layer_45_run_attention_analysis_events,summary_or_raw_artifact,stage10,layer_45,deepseek,run_attention_analysis_events,unresolved,,results/stage10/deepseek_attention/layer_45,results/stage10/deepseek_attention/layer_45/run_attention_analysis_events.jsonl,,results/stage10/deepseek_attention/layer_45/run_attention_analysis_events.jsonl,,medium,,unmatched
results_stage10_deepseek_mhk_patching_results,summary_or_raw_artifact,stage10,deepseek_mhk,deepseek,patching_results,unresolved,,results/stage10/deepseek_mhk,results/stage10/deepseek_mhk/patching_results.csv,,,,medium,,unmatched
results_stage10_deepseek_mhk_patching_summary,summary_or_raw_artifact,stage10,deepseek_mhk,deepseek,patching_summary,unresolved,,results/stage10/deepseek_mhk,,results/stage10/deepseek_mhk/patching_summary.json,,,medium,,unmatched
results_stage10_deepseek_mhk_run_causal_patching_events,summary_or_raw_artifact,stage10,deepseek_mhk,deepseek,run_causal_patching_events,unresolved,,results/stage10/deepseek_mhk,results/stage10/deepseek_mhk/run_causal_patching_events.jsonl,,results/stage10/deepseek_mhk/run_causal_patching_events.jsonl,,medium,,unmatched
results_stage10_direct_logit_attribution_direct_logit_attribution_summary,summary_or_raw_artifact,stage10,direct_logit_attribution,unresolved,direct_logit_attribution_summary,unresolved,,results/stage10/direct_logit_attribution,,results/stage10/direct_logit_attribution/direct_logit_attribution_summary.json,,,medium,stage10_direct_logit_attribution,matched
results_stage10_direct_logit_attribution_run_causal_patching_events,summary_or_raw_artifact,stage10,direct_logit_attribution,unresolved,run_causal_patching_events,unresolved,,results/stage10/direct_logit_attribution,results/stage10/direct_logit_attribution/run_causal_patching_events.jsonl,,results/stage10/direct_logit_attribution/run_causal_patching_events.jsonl,,medium,stage10_direct_logit_attribution,matched
results_stage10_domain_transfer_probe_loo_predictions_resid_post_last_prompt,summary_or_raw_artifact,stage10,domain_transfer_probe,unresolved,loo_predictions_resid_post_last_prompt,unresolved,,results/stage10/domain_transfer_probe,results/stage10/domain_transfer_probe/loo_predictions_resid_post_last_prompt.json,,,,medium,,unmatched
results_stage10_domain_transfer_probe_run_probing_events,summary_or_raw_artifact,stage10,domain_transfer_probe,unresolved,run_probing_events,unresolved,,results/stage10/domain_transfer_probe,results/stage10/domain_transfer_probe/run_probing_events.jsonl,,results/stage10/domain_transfer_probe/run_probing_events.jsonl,,medium,,unmatched
results_stage10_domain_transfer_probe_summary_resid_post_last_prompt,summary_or_raw_artifact,stage10,domain_transfer_probe,unresolved,summary_resid_post_last_prompt,unresolved,,results/stage10/domain_transfer_probe,,results/stage10/domain_transfer_probe/summary_resid_post_last_prompt.json,,,medium,,unmatched
results_stage10_full_head_sweep_l16_head_0_patching_results,summary_or_raw_artifact,stage10,head_0,unresolved,patching_results,unresolved,,results/stage10/full_head_sweep_l16/head_0,results/stage10/full_head_sweep_l16/head_0/patching_results.csv,,,,medium,,unmatched
results_stage10_full_head_sweep_l16_head_0_patching_summary,summary_or_raw_artifact,stage10,head_0,unresolved,patching_summary,unresolved,,results/stage10/full_head_sweep_l16/head_0,,results/stage10/full_head_sweep_l16/head_0/patching_summary.json,,,medium,,unmatched
results_stage10_full_head_sweep_l16_head_0_run_causal_patching_events,summary_or_raw_artifact,stage10,head_0,unresolved,run_causal_patching_events,unresolved,,results/stage10/full_head_sweep_l16/head_0,results/stage10/full_head_sweep_l16/head_0/run_causal_patching_events.jsonl,,results/stage10/full_head_sweep_l16/head_0/run_causal_patching_events.jsonl,,medium,,unmatched
results_stage10_full_head_sweep_l16_head_1_patching_results,summary_or_raw_artifact,stage10,head_1,unresolved,patching_results,unresolved,,results/stage10/full_head_sweep_l16/head_1,results/stage10/full_head_sweep_l16/head_1/patching_results.csv,,,,medium,,unmatched
results_stage10_full_head_sweep_l16_head_1_patching_summary,summary_or_raw_artifact,stage10,head_1,unresolved,patching_summary,unresolved,,results/stage10/full_head_sweep_l16/head_1,,results/stage10/full_head_sweep_l16/head_1/patching_summary.json,,,medium,,unmatched
results_stage10_full_head_sweep_l16_head_1_run_causal_patching_events,summary_or_raw_artifact,stage10,head_1,unresolved,run_causal_patching_events,unresolved,,results/stage10/full_head_sweep_l16/head_1,results/stage10/full_head_sweep_l16/head_1/run_causal_patching_events.jsonl,,results/stage10/full_head_sweep_l16/head_1/run_causal_patching_events.jsonl,,medium,,unmatched
results_stage10_full_head_sweep_l16_head_10_patching_results,summary_or_raw_artifact,stage10,head_10,unresolved,patching_results,unresolved,,results/stage10/full_head_sweep_l16/head_10,results/stage10/full_head_sweep_l16/head_10/patching_results.csv,,,,medium,,unmatched
results_stage10_full_head_sweep_l16_head_10_patching_summary,summary_or_raw_artifact,stage10,head_10,unresolved,patching_summary,unresolved,,results/stage10/full_head_sweep_l16/head_10,,results/stage10/full_head_sweep_l16/head_10/patching_summary.json,,,medium,,unmatched
results_stage10_full_head_sweep_l16_head_10_run_causal_patching_events,summary_or_raw_artifact,stage10,head_10,unresolved,run_causal_patching_events,unresolved,,results/stage10/full_head_sweep_l16/head_10,results/stage10/full_head_sweep_l16/head_10/run_causal_patching_events.jsonl,,results/stage10/full_head_sweep_l16/head_10/run_causal_patching_events.jsonl,,medium,,unmatched
results_stage10_full_head_sweep_l16_head_11_patching_results,summary_or_raw_artifact,stage10,head_11,unresolved,patching_results,unresolved,,results/stage10/full_head_sweep_l16/head_11,results/stage10/full_head_sweep_l16/head_11/patching_results.csv,,,,medium,,unmatched
results_stage10_full_head_sweep_l16_head_11_patching_summary,summary_or_raw_artifact,stage10,head_11,unresolved,patching_summary,unresolved,,results/stage10/full_head_sweep_l16/head_11,,results/stage10/full_head_sweep_l16/head_11/patching_summary.json,,,medium,,unmatched
results_stage10_full_head_sweep_l16_head_11_run_causal_patching_events,summary_or_raw_artifact,stage10,head_11,unresolved,run_causal_patching_events,unresolved,,results/stage10/full_head_sweep_l16/head_11,results/stage10/full_head_sweep_l16/head_11/run_causal_patching_events.jsonl,,results/stage10/full_head_sweep_l16/head_11/run_causal_patching_events.jsonl,,medium,,unmatched
results_stage10_full_head_sweep_l16_head_12_patching_results,summary_or_raw_artifact,stage10,head_12,unresolved,patching_results,unresolved,,results/stage10/full_head_sweep_l16/head_12,results/stage10/full_head_sweep_l16/head_12/patching_results.csv,,,,medium,,unmatched
results_stage10_full_head_sweep_l16_head_12_patching_summary,summary_or_raw_artifact,stage10,head_12,unresolved,patching_summary,unresolved,,results/stage10/full_head_sweep_l16/head_12,,results/stage10/full_head_sweep_l16/head_12/patching_summary.json,,,medium,,unmatched
results_stage10_full_head_sweep_l16_head_12_run_causal_patching_events,summary_or_raw_artifact,stage10,head_12,unresolved,run_causal_patching_events,unresolved,,results/stage10/full_head_sweep_l16/head_12,results/stage10/full_head_sweep_l16/head_12/run_causal_patching_events.jsonl,,results/stage10/full_head_sweep_l16/head_12/run_causal_patching_events.jsonl,,medium,,unmatched
results_stage10_full_head_sweep_l16_head_13_patching_results,summary_or_raw_artifact,stage10,head_13,unresolved,patching_results,unresolved,,results/stage10/full_head_sweep_l16/head_13,results/stage10/full_head_sweep_l16/head_13/patching_results.csv,,,,medium,,unmatched
results_stage10_full_head_sweep_l16_head_13_patching_summary,summary_or_raw_artifact,stage10,head_13,unresolved,patching_summary,unresolved,,results/stage10/full_head_sweep_l16/head_13,,results/stage10/full_head_sweep_l16/head_13/patching_summary.json,,,medium,,unmatched
results_stage10_full_head_sweep_l16_head_13_run_causal_patching_events,summary_or_raw_artifact,stage10,head_13,unresolved,run_causal_patching_events,unresolved,,results/stage10/full_head_sweep_l16/head_13,results/stage10/full_head_sweep_l16/head_13/run_causal_patching_events.jsonl,,results/stage10/full_head_sweep_l16/head_13/run_causal_patching_events.jsonl,,medium,,unmatched
results_stage10_full_head_sweep_l16_head_14_patching_results,summary_or_raw_artifact,stage10,head_14,unresolved,patching_results,unresolved,,results/stage10/full_head_sweep_l16/head_14,results/stage10/full_head_sweep_l16/head_14/patching_results.csv,,,,medium,,unmatched
results_stage10_full_head_sweep_l16_head_14_patching_summary,summary_or_raw_artifact,stage10,head_14,unresolved,patching_summary,unresolved,,results/stage10/full_head_sweep_l16/head_14,,results/stage10/full_head_sweep_l16/head_14/patching_summary.json,,,medium,,unmatched
results_stage10_full_head_sweep_l16_head_14_run_causal_patching_events,summary_or_raw_artifact,stage10,head_14,unresolved,run_causal_patching_events,unresolved,,results/stage10/full_head_sweep_l16/head_14,results/stage10/full_head_sweep_l16/head_14/run_causal_patching_events.jsonl,,results/stage10/full_head_sweep_l16/head_14/run_causal_patching_events.jsonl,,medium,,unmatched
results_stage10_full_head_sweep_l16_head_15_patching_results,summary_or_raw_artifact,stage10,head_15,unresolved,patching_results,unresolved,,results/stage10/full_head_sweep_l16/head_15,results/stage10/full_head_sweep_l16/head_15/patching_results.csv,,,,medium,,unmatched
results_stage10_full_head_sweep_l16_head_15_patching_summary,summary_or_raw_artifact,stage10,head_15,unresolved,patching_summary,unresolved,,results/stage10/full_head_sweep_l16/head_15,,results/stage10/full_head_sweep_l16/head_15/patching_summary.json,,,medium,,unmatched
results_stage10_full_head_sweep_l16_head_15_run_causal_patching_events,summary_or_raw_artifact,stage10,head_15,unresolved,run_causal_patching_events,unresolved,,results/stage10/full_head_sweep_l16/head_15,results/stage10/full_head_sweep_l16/head_15/run_causal_patching_events.jsonl,,results/stage10/full_head_sweep_l16/head_15/run_causal_patching_events.jsonl,,medium,,unmatched
results_stage10_full_head_sweep_l16_head_16_patching_results,summary_or_raw_artifact,stage10,head_16,unresolved,patching_results,unresolved,,results/stage10/full_head_sweep_l16/head_16,results/stage10/full_head_sweep_l16/head_16/patching_results.csv,,,,medium,,unmatched
results_stage10_full_head_sweep_l16_head_16_patching_summary,summary_or_raw_artifact,stage10,head_16,unresolved,patching_summary,unresolved,,results/stage10/full_head_sweep_l16/head_16,,results/stage10/full_head_sweep_l16/head_16/patching_summary.json,,,medium,,unmatched
results_stage10_full_head_sweep_l16_head_16_run_causal_patching_events,summary_or_raw_artifact,stage10,head_16,unresolved,run_causal_patching_events,unresolved,,results/stage10/full_head_sweep_l16/head_16,results/stage10/full_head_sweep_l16/head_16/run_causal_patching_events.jsonl,,results/stage10/full_head_sweep_l16/head_16/run_causal_patching_events.jsonl,,medium,,unmatched
results_stage10_full_head_sweep_l16_head_17_patching_results,summary_or_raw_artifact,stage10,head_17,unresolved,patching_results,unresolved,,results/stage10/full_head_sweep_l16/head_17,results/stage10/full_head_sweep_l16/head_17/patching_results.csv,,,,medium,,unmatched
results_stage10_full_head_sweep_l16_head_17_patching_summary,summary_or_raw_artifact,stage10,head_17,unresolved,patching_summary,unresolved,,results/stage10/full_head_sweep_l16/head_17,,results/stage10/full_head_sweep_l16/head_17/patching_summary.json,,,medium,,unmatched
results_stage10_full_head_sweep_l16_head_17_run_causal_patching_events,summary_or_raw_artifact,stage10,head_17,unresolved,run_causal_patching_events,unresolved,,results/stage10/full_head_sweep_l16/head_17,results/stage10/full_head_sweep_l16/head_17/run_causal_patching_events.jsonl,,results/stage10/full_head_sweep_l16/head_17/run_causal_patching_events.jsonl,,medium,,unmatched
results_stage10_full_head_sweep_l16_head_18_patching_results,summary_or_raw_artifact,stage10,head_18,unresolved,patching_results,unresolved,,results/stage10/full_head_sweep_l16/head_18,results/stage10/full_head_sweep_l16/head_18/patching_results.csv,,,,medium,,unmatched
results_stage10_full_head_sweep_l16_head_18_patching_summary,summary_or_raw_artifact,stage10,head_18,unresolved,patching_summary,unresolved,,results/stage10/full_head_sweep_l16/head_18,,results/stage10/full_head_sweep_l16/head_18/patching_summary.json,,,medium,,unmatched
results_stage10_full_head_sweep_l16_head_18_run_causal_patching_events,summary_or_raw_artifact,stage10,head_18,unresolved,run_causal_patching_events,unresolved,,results/stage10/full_head_sweep_l16/head_18,results/stage10/full_head_sweep_l16/head_18/run_causal_patching_events.jsonl,,results/stage10/full_head_sweep_l16/head_18/run_causal_patching_events.jsonl,,medium,,unmatched
results_stage10_full_head_sweep_l16_head_19_patching_results,summary_or_raw_artifact,stage10,head_19,unresolved,patching_results,unresolved,,results/stage10/full_head_sweep_l16/head_19,results/stage10/full_head_sweep_l16/head_19/patching_results.csv,,,,medium,,unmatched
results_stage10_full_head_sweep_l16_head_19_patching_summary,summary_or_raw_artifact,stage10,head_19,unresolved,patching_summary,unresolved,,results/stage10/full_head_sweep_l16/head_19,,results/stage10/full_head_sweep_l16/head_19/patching_summary.json,,,medium,,unmatched
results_stage10_full_head_sweep_l16_head_19_run_causal_patching_events,summary_or_raw_artifact,stage10,head_19,unresolved,run_causal_patching_events,unresolved,,results/stage10/full_head_sweep_l16/head_19,results/stage10/full_head_sweep_l16/head_19/run_causal_patching_events.jsonl,,results/stage10/full_head_sweep_l16/head_19/run_causal_patching_events.jsonl,,medium,,unmatched
results_stage10_full_head_sweep_l16_head_2_patching_results,summary_or_raw_artifact,stage10,head_2,unresolved,patching_results,unresolved,,results/stage10/full_head_sweep_l16/head_2,results/stage10/full_head_sweep_l16/head_2/patching_results.csv,,,,medium,,unmatched
results_stage10_full_head_sweep_l16_head_2_patching_summary,summary_or_raw_artifact,stage10,head_2,unresolved,patching_summary,unresolved,,results/stage10/full_head_sweep_l16/head_2,,results/stage10/full_head_sweep_l16/head_2/patching_summary.json,,,medium,,unmatched
results_stage10_full_head_sweep_l16_head_2_run_causal_patching_events,summary_or_raw_artifact,stage10,head_2,unresolved,run_causal_patching_events,unresolved,,results/stage10/full_head_sweep_l16/head_2,results/stage10/full_head_sweep_l16/head_2/run_causal_patching_events.jsonl,,results/stage10/full_head_sweep_l16/head_2/run_causal_patching_events.jsonl,,medium,,unmatched
results_stage10_full_head_sweep_l16_head_20_patching_results,summary_or_raw_artifact,stage10,head_20,unresolved,patching_results,unresolved,,results/stage10/full_head_sweep_l16/head_20,results/stage10/full_head_sweep_l16/head_20/patching_results.csv,,,,medium,,unmatched
results_stage10_full_head_sweep_l16_head_20_patching_summary,summary_or_raw_artifact,stage10,head_20,unresolved,patching_summary,unresolved,,results/stage10/full_head_sweep_l16/head_20,,results/stage10/full_head_sweep_l16/head_20/patching_summary.json,,,medium,,unmatched
results_stage10_full_head_sweep_l16_head_20_run_causal_patching_events,summary_or_raw_artifact,stage10,head_20,unresolved,run_causal_patching_events,unresolved,,results/stage10/full_head_sweep_l16/head_20,results/stage10/full_head_sweep_l16/head_20/run_causal_patching_events.jsonl,,results/stage10/full_head_sweep_l16/head_20/run_causal_patching_events.jsonl,,medium,,unmatched
results_stage10_full_head_sweep_l16_head_21_patching_results,summary_or_raw_artifact,stage10,head_21,unresolved,patching_results,unresolved,,results/stage10/full_head_sweep_l16/head_21,results/stage10/full_head_sweep_l16/head_21/patching_results.csv,,,,medium,,unmatched
results_stage10_full_head_sweep_l16_head_21_patching_summary,summary_or_raw_artifact,stage10,head_21,unresolved,patching_summary,unresolved,,results/stage10/full_head_sweep_l16/head_21,,results/stage10/full_head_sweep_l16/head_21/patching_summary.json,,,medium,,unmatched
results_stage10_full_head_sweep_l16_head_21_run_causal_patching_events,summary_or_raw_artifact,stage10,head_21,unresolved,run_causal_patching_events,unresolved,,results/stage10/full_head_sweep_l16/head_21,results/stage10/full_head_sweep_l16/head_21/run_causal_patching_events.jsonl,,results/stage10/full_head_sweep_l16/head_21/run_causal_patching_events.jsonl,,medium,,unmatched
results_stage10_full_head_sweep_l16_head_22_patching_results,summary_or_raw_artifact,stage10,head_22,unresolved,patching_results,unresolved,,results/stage10/full_head_sweep_l16/head_22,results/stage10/full_head_sweep_l16/head_22/patching_results.csv,,,,medium,,unmatched
results_stage10_full_head_sweep_l16_head_22_patching_summary,summary_or_raw_artifact,stage10,head_22,unresolved,patching_summary,unresolved,,results/stage10/full_head_sweep_l16/head_22,,results/stage10/full_head_sweep_l16/head_22/patching_summary.json,,,medium,,unmatched
results_stage10_full_head_sweep_l16_head_22_run_causal_patching_events,summary_or_raw_artifact,stage10,head_22,unresolved,run_causal_patching_events,unresolved,,results/stage10/full_head_sweep_l16/head_22,results/stage10/full_head_sweep_l16/head_22/run_causal_patching_events.jsonl,,results/stage10/full_head_sweep_l16/head_22/run_causal_patching_events.jsonl,,medium,,unmatched
results_stage10_full_head_sweep_l16_head_23_patching_results,summary_or_raw_artifact,stage10,head_23,unresolved,patching_results,unresolved,,results/stage10/full_head_sweep_l16/head_23,results/stage10/full_head_sweep_l16/head_23/patching_results.csv,,,,medium,,unmatched
results_stage10_full_head_sweep_l16_head_23_patching_summary,summary_or_raw_artifact,stage10,head_23,unresolved,patching_summary,unresolved,,results/stage10/full_head_sweep_l16/head_23,,results/stage10/full_head_sweep_l16/head_23/patching_summary.json,,,medium,,unmatched
results_stage10_full_head_sweep_l16_head_23_run_causal_patching_events,summary_or_raw_artifact,stage10,head_23,unresolved,run_causal_patching_events,unresolved,,results/stage10/full_head_sweep_l16/head_23,results/stage10/full_head_sweep_l16/head_23/run_causal_patching_events.jsonl,,results/stage10/full_head_sweep_l16/head_23/run_causal_patching_events.jsonl,,medium,,unmatched
results_stage10_full_head_sweep_l16_head_24_patching_results,summary_or_raw_artifact,stage10,head_24,unresolved,patching_results,unresolved,,results/stage10/full_head_sweep_l16/head_24,results/stage10/full_head_sweep_l16/head_24/patching_results.csv,,,,medium,,unmatched
results_stage10_full_head_sweep_l16_head_24_patching_summary,summary_or_raw_artifact,stage10,head_24,unresolved,patching_summary,unresolved,,results/stage10/full_head_sweep_l16/head_24,,results/stage10/full_head_sweep_l16/head_24/patching_summary.json,,,medium,,unmatched
results_stage10_full_head_sweep_l16_head_24_run_causal_patching_events,summary_or_raw_artifact,stage10,head_24,unresolved,run_causal_patching_events,unresolved,,results/stage10/full_head_sweep_l16/head_24,results/stage10/full_head_sweep_l16/head_24/run_causal_patching_events.jsonl,,results/stage10/full_head_sweep_l16/head_24/run_causal_patching_events.jsonl,,medium,,unmatched
results_stage10_full_head_sweep_l16_head_25_patching_results,summary_or_raw_artifact,stage10,head_25,unresolved,patching_results,unresolved,,results/stage10/full_head_sweep_l16/head_25,results/stage10/full_head_sweep_l16/head_25/patching_results.csv,,,,medium,,unmatched
results_stage10_full_head_sweep_l16_head_25_patching_summary,summary_or_raw_artifact,stage10,head_25,unresolved,patching_summary,unresolved,,results/stage10/full_head_sweep_l16/head_25,,results/stage10/full_head_sweep_l16/head_25/patching_summary.json,,,medium,,unmatched
results_stage10_full_head_sweep_l16_head_25_run_causal_patching_events,summary_or_raw_artifact,stage10,head_25,unresolved,run_causal_patching_events,unresolved,,results/stage10/full_head_sweep_l16/head_25,results/stage10/full_head_sweep_l16/head_25/run_causal_patching_events.jsonl,,results/stage10/full_head_sweep_l16/head_25/run_causal_patching_events.jsonl,,medium,,unmatched
results_stage10_full_head_sweep_l16_head_26_patching_results,summary_or_raw_artifact,stage10,head_26,unresolved,patching_results,unresolved,,results/stage10/full_head_sweep_l16/head_26,results/stage10/full_head_sweep_l16/head_26/patching_results.csv,,,,medium,,unmatched
results_stage10_full_head_sweep_l16_head_26_patching_summary,summary_or_raw_artifact,stage10,head_26,unresolved,patching_summary,unresolved,,results/stage10/full_head_sweep_l16/head_26,,results/stage10/full_head_sweep_l16/head_26/patching_summary.json,,,medium,,unmatched
results_stage10_full_head_sweep_l16_head_26_run_causal_patching_events,summary_or_raw_artifact,stage10,head_26,unresolved,run_causal_patching_events,unresolved,,results/stage10/full_head_sweep_l16/head_26,results/stage10/full_head_sweep_l16/head_26/run_causal_patching_events.jsonl,,results/stage10/full_head_sweep_l16/head_26/run_causal_patching_events.jsonl,,medium,,unmatched
results_stage10_full_head_sweep_l16_head_27_patching_results,summary_or_raw_artifact,stage10,head_27,unresolved,patching_results,unresolved,,results/stage10/full_head_sweep_l16/head_27,results/stage10/full_head_sweep_l16/head_27/patching_results.csv,,,,medium,,unmatched
results_stage10_full_head_sweep_l16_head_27_patching_summary,summary_or_raw_artifact,stage10,head_27,unresolved,patching_summary,unresolved,,results/stage10/full_head_sweep_l16/head_27,,results/stage10/full_head_sweep_l16/head_27/patching_summary.json,,,medium,,unmatched
results_stage10_full_head_sweep_l16_head_27_run_causal_patching_events,summary_or_raw_artifact,stage10,head_27,unresolved,run_causal_patching_events,unresolved,,results/stage10/full_head_sweep_l16/head_27,results/stage10/full_head_sweep_l16/head_27/run_causal_patching_events.jsonl,,results/stage10/full_head_sweep_l16/head_27/run_causal_patching_events.jsonl,,medium,,unmatched
results_stage10_full_head_sweep_l16_head_3_patching_results,summary_or_raw_artifact,stage10,head_3,unresolved,patching_results,unresolved,,results/stage10/full_head_sweep_l16/head_3,results/stage10/full_head_sweep_l16/head_3/patching_results.csv,,,,medium,,unmatched
results_stage10_full_head_sweep_l16_head_3_patching_summary,summary_or_raw_artifact,stage10,head_3,unresolved,patching_summary,unresolved,,results/stage10/full_head_sweep_l16/head_3,,results/stage10/full_head_sweep_l16/head_3/patching_summary.json,,,medium,,unmatched
results_stage10_full_head_sweep_l16_head_3_run_causal_patching_events,summary_or_raw_artifact,stage10,head_3,unresolved,run_causal_patching_events,unresolved,,results/stage10/full_head_sweep_l16/head_3,results/stage10/full_head_sweep_l16/head_3/run_causal_patching_events.jsonl,,results/stage10/full_head_sweep_l16/head_3/run_causal_patching_events.jsonl,,medium,,unmatched
results_stage10_full_head_sweep_l16_head_4_patching_results,summary_or_raw_artifact,stage10,head_4,unresolved,patching_results,unresolved,,results/stage10/full_head_sweep_l16/head_4,results/stage10/full_head_sweep_l16/head_4/patching_results.csv,,,,medium,,unmatched
results_stage10_full_head_sweep_l16_head_4_patching_summary,summary_or_raw_artifact,stage10,head_4,unresolved,patching_summary,unresolved,,results/stage10/full_head_sweep_l16/head_4,,results/stage10/full_head_sweep_l16/head_4/patching_summary.json,,,medium,,unmatched
results_stage10_full_head_sweep_l16_head_4_run_causal_patching_events,summary_or_raw_artifact,stage10,head_4,unresolved,run_causal_patching_events,unresolved,,results/stage10/full_head_sweep_l16/head_4,results/stage10/full_head_sweep_l16/head_4/run_causal_patching_events.jsonl,,results/stage10/full_head_sweep_l16/head_4/run_causal_patching_events.jsonl,,medium,,unmatched
results_stage10_full_head_sweep_l16_head_5_patching_results,summary_or_raw_artifact,stage10,head_5,unresolved,patching_results,unresolved,,results/stage10/full_head_sweep_l16/head_5,results/stage10/full_head_sweep_l16/head_5/patching_results.csv,,,,medium,,unmatched
results_stage10_full_head_sweep_l16_head_5_patching_summary,summary_or_raw_artifact,stage10,head_5,unresolved,patching_summary,unresolved,,results/stage10/full_head_sweep_l16/head_5,,results/stage10/full_head_sweep_l16/head_5/patching_summary.json,,,medium,,unmatched
results_stage10_full_head_sweep_l16_head_5_run_causal_patching_events,summary_or_raw_artifact,stage10,head_5,unresolved,run_causal_patching_events,unresolved,,results/stage10/full_head_sweep_l16/head_5,results/stage10/full_head_sweep_l16/head_5/run_causal_patching_events.jsonl,,results/stage10/full_head_sweep_l16/head_5/run_causal_patching_events.jsonl,,medium,,unmatched
results_stage10_full_head_sweep_l16_head_6_patching_results,summary_or_raw_artifact,stage10,head_6,unresolved,patching_results,unresolved,,results/stage10/full_head_sweep_l16/head_6,results/stage10/full_head_sweep_l16/head_6/patching_results.csv,,,,medium,,unmatched
results_stage10_full_head_sweep_l16_head_6_patching_summary,summary_or_raw_artifact,stage10,head_6,unresolved,patching_summary,unresolved,,results/stage10/full_head_sweep_l16/head_6,,results/stage10/full_head_sweep_l16/head_6/patching_summary.json,,,medium,,unmatched
results_stage10_full_head_sweep_l16_head_6_run_causal_patching_events,summary_or_raw_artifact,stage10,head_6,unresolved,run_causal_patching_events,unresolved,,results/stage10/full_head_sweep_l16/head_6,results/stage10/full_head_sweep_l16/head_6/run_causal_patching_events.jsonl,,results/stage10/full_head_sweep_l16/head_6/run_causal_patching_events.jsonl,,medium,,unmatched
results_stage10_full_head_sweep_l16_head_7_patching_results,summary_or_raw_artifact,stage10,head_7,unresolved,patching_results,unresolved,,results/stage10/full_head_sweep_l16/head_7,results/stage10/full_head_sweep_l16/head_7/patching_results.csv,,,,medium,,unmatched
results_stage10_full_head_sweep_l16_head_7_patching_summary,summary_or_raw_artifact,stage10,head_7,unresolved,patching_summary,unresolved,,results/stage10/full_head_sweep_l16/head_7,,results/stage10/full_head_sweep_l16/head_7/patching_summary.json,,,medium,,unmatched
results_stage10_full_head_sweep_l16_head_7_run_causal_patching_events,summary_or_raw_artifact,stage10,head_7,unresolved,run_causal_patching_events,unresolved,,results/stage10/full_head_sweep_l16/head_7,results/stage10/full_head_sweep_l16/head_7/run_causal_patching_events.jsonl,,results/stage10/full_head_sweep_l16/head_7/run_causal_patching_events.jsonl,,medium,,unmatched
results_stage10_full_head_sweep_l16_head_8_patching_results,summary_or_raw_artifact,stage10,head_8,unresolved,patching_results,unresolved,,results/stage10/full_head_sweep_l16/head_8,results/stage10/full_head_sweep_l16/head_8/patching_results.csv,,,,medium,,unmatched
results_stage10_full_head_sweep_l16_head_8_patching_summary,summary_or_raw_artifact,stage10,head_8,unresolved,patching_summary,unresolved,,results/stage10/full_head_sweep_l16/head_8,,results/stage10/full_head_sweep_l16/head_8/patching_summary.json,,,medium,,unmatched
results_stage10_full_head_sweep_l16_head_8_run_causal_patching_events,summary_or_raw_artifact,stage10,head_8,unresolved,run_causal_patching_events,unresolved,,results/stage10/full_head_sweep_l16/head_8,results/stage10/full_head_sweep_l16/head_8/run_causal_patching_events.jsonl,,results/stage10/full_head_sweep_l16/head_8/run_causal_patching_events.jsonl,,medium,,unmatched
results_stage10_full_head_sweep_l16_head_9_patching_results,summary_or_raw_artifact,stage10,head_9,unresolved,patching_results,unresolved,,results/stage10/full_head_sweep_l16/head_9,results/stage10/full_head_sweep_l16/head_9/patching_results.csv,,,,medium,,unmatched
results_stage10_full_head_sweep_l16_head_9_patching_summary,summary_or_raw_artifact,stage10,head_9,unresolved,patching_summary,unresolved,,results/stage10/full_head_sweep_l16/head_9,,results/stage10/full_head_sweep_l16/head_9/patching_summary.json,,,medium,,unmatched
results_stage10_full_head_sweep_l16_head_9_run_causal_patching_events,summary_or_raw_artifact,stage10,head_9,unresolved,run_causal_patching_events,unresolved,,results/stage10/full_head_sweep_l16/head_9,results/stage10/full_head_sweep_l16/head_9/run_causal_patching_events.jsonl,,results/stage10/full_head_sweep_l16/head_9/run_causal_patching_events.jsonl,,medium,,unmatched
results_stage10_full_head_sweep_l16_head_sweep_summary,summary_or_raw_artifact,stage10,full_head_sweep_l16,unresolved,head_sweep_summary,unresolved,,results/stage10/full_head_sweep_l16,,results/stage10/full_head_sweep_l16/head_sweep_summary.json,,,medium,,unmatched
results_stage10_head_sweep_l16_run_attention_analysis_events,summary_or_raw_artifact,stage10,head_sweep_l16,unresolved,run_attention_analysis_events,unresolved,,results/stage10/head_sweep_l16,results/stage10/head_sweep_l16/run_attention_analysis_events.jsonl,,results/stage10/head_sweep_l16/run_attention_analysis_events.jsonl,,medium,,unmatched
results_stage10_llama_attention_layer_19_run_attention_analysis_events,summary_or_raw_artifact,stage10,layer_19,llama,run_attention_analysis_events,unresolved,,results/stage10/llama_attention/layer_19,results/stage10/llama_attention/layer_19/run_attention_analysis_events.jsonl,,results/stage10/llama_attention/layer_19/run_attention_analysis_events.jsonl,,medium,,unmatched
results_stage10_llama_attention_layer_20_run_attention_analysis_events,summary_or_raw_artifact,stage10,layer_20,llama,run_attention_analysis_events,unresolved,,results/stage10/llama_attention/layer_20,results/stage10/llama_attention/layer_20/run_attention_analysis_events.jsonl,,results/stage10/llama_attention/layer_20/run_attention_analysis_events.jsonl,,medium,,unmatched
results_stage10_llama_attention_layer_21_run_attention_analysis_events,summary_or_raw_artifact,stage10,layer_21,llama,run_attention_analysis_events,unresolved,,results/stage10/llama_attention/layer_21,results/stage10/llama_attention/layer_21/run_attention_analysis_events.jsonl,,results/stage10/llama_attention/layer_21/run_attention_analysis_events.jsonl,,medium,,unmatched
results_stage10_llama_head_knockout_patching_results,summary_or_raw_artifact,stage10,llama_head_knockout,llama,patching_results,unresolved,,results/stage10/llama_head_knockout,results/stage10/llama_head_knockout/patching_results.csv,,,,medium,,unmatched
results_stage10_llama_head_knockout_patching_summary,summary_or_raw_artifact,stage10,llama_head_knockout,llama,patching_summary,unresolved,,results/stage10/llama_head_knockout,,results/stage10/llama_head_knockout/patching_summary.json,,,medium,,unmatched
results_stage10_llama_head_knockout_run_causal_patching_events,summary_or_raw_artifact,stage10,llama_head_knockout,llama,run_causal_patching_events,unresolved,,results/stage10/llama_head_knockout,results/stage10/llama_head_knockout/run_causal_patching_events.jsonl,,results/stage10/llama_head_knockout/run_causal_patching_events.jsonl,,medium,,unmatched
results_stage10_llama_head_selection_sweep_head_selection_summary,summary_or_raw_artifact,stage10,llama_head_selection_sweep,llama,head_selection_summary,unresolved,,results/stage10/llama_head_selection_sweep,,results/stage10/llama_head_selection_sweep/head_selection_summary.json,,,medium,,unmatched
results_stage10_llama_head_selection_sweep_layer_19_head_0_patching_results,summary_or_raw_artifact,stage10,head_0,llama,patching_results,unresolved,,results/stage10/llama_head_selection_sweep/layer_19/head_0,results/stage10/llama_head_selection_sweep/layer_19/head_0/patching_results.csv,,,,medium,,unmatched
results_stage10_llama_head_selection_sweep_layer_19_head_0_patching_summary,summary_or_raw_artifact,stage10,head_0,llama,patching_summary,unresolved,,results/stage10/llama_head_selection_sweep/layer_19/head_0,,results/stage10/llama_head_selection_sweep/layer_19/head_0/patching_summary.json,,,medium,,unmatched
results_stage10_llama_head_selection_sweep_layer_19_head_0_run_causal_patching_events,summary_or_raw_artifact,stage10,head_0,llama,run_causal_patching_events,unresolved,,results/stage10/llama_head_selection_sweep/layer_19/head_0,results/stage10/llama_head_selection_sweep/layer_19/head_0/run_causal_patching_events.jsonl,,results/stage10/llama_head_selection_sweep/layer_19/head_0/run_causal_patching_events.jsonl,,medium,,unmatched
results_stage10_llama_head_selection_sweep_layer_19_head_12_patching_results,summary_or_raw_artifact,stage10,head_12,llama,patching_results,unresolved,,results/stage10/llama_head_selection_sweep/layer_19/head_12,results/stage10/llama_head_selection_sweep/layer_19/head_12/patching_results.csv,,,,medium,,unmatched
results_stage10_llama_head_selection_sweep_layer_19_head_12_patching_summary,summary_or_raw_artifact,stage10,head_12,llama,patching_summary,unresolved,,results/stage10/llama_head_selection_sweep/layer_19/head_12,,results/stage10/llama_head_selection_sweep/layer_19/head_12/patching_summary.json,,,medium,,unmatched
results_stage10_llama_head_selection_sweep_layer_19_head_12_run_causal_patching_events,summary_or_raw_artifact,stage10,head_12,llama,run_causal_patching_events,unresolved,,results/stage10/llama_head_selection_sweep/layer_19/head_12,results/stage10/llama_head_selection_sweep/layer_19/head_12/run_causal_patching_events.jsonl,,results/stage10/llama_head_selection_sweep/layer_19/head_12/run_causal_patching_events.jsonl,,medium,,unmatched
results_stage10_llama_head_selection_sweep_layer_19_head_14_patching_results,summary_or_raw_artifact,stage10,head_14,llama,patching_results,unresolved,,results/stage10/llama_head_selection_sweep/layer_19/head_14,results/stage10/llama_head_selection_sweep/layer_19/head_14/patching_results.csv,,,,medium,,unmatched
results_stage10_llama_head_selection_sweep_layer_19_head_14_patching_summary,summary_or_raw_artifact,stage10,head_14,llama,patching_summary,unresolved,,results/stage10/llama_head_selection_sweep/layer_19/head_14,,results/stage10/llama_head_selection_sweep/layer_19/head_14/patching_summary.json,,,medium,,unmatched
results_stage10_llama_head_selection_sweep_layer_19_head_14_run_causal_patching_events,summary_or_raw_artifact,stage10,head_14,llama,run_causal_patching_events,unresolved,,results/stage10/llama_head_selection_sweep/layer_19/head_14,results/stage10/llama_head_selection_sweep/layer_19/head_14/run_causal_patching_events.jsonl,,results/stage10/llama_head_selection_sweep/layer_19/head_14/run_causal_patching_events.jsonl,,medium,,unmatched
results_stage10_llama_head_selection_sweep_layer_19_head_26_patching_results,summary_or_raw_artifact,stage10,head_26,llama,patching_results,unresolved,,results/stage10/llama_head_selection_sweep/layer_19/head_26,results/stage10/llama_head_selection_sweep/layer_19/head_26/patching_results.csv,,,,medium,,unmatched
results_stage10_llama_head_selection_sweep_layer_19_head_26_patching_summary,summary_or_raw_artifact,stage10,head_26,llama,patching_summary,unresolved,,results/stage10/llama_head_selection_sweep/layer_19/head_26,,results/stage10/llama_head_selection_sweep/layer_19/head_26/patching_summary.json,,,medium,,unmatched
results_stage10_llama_head_selection_sweep_layer_19_head_26_run_causal_patching_events,summary_or_raw_artifact,stage10,head_26,llama,run_causal_patching_events,unresolved,,results/stage10/llama_head_selection_sweep/layer_19/head_26,results/stage10/llama_head_selection_sweep/layer_19/head_26/run_causal_patching_events.jsonl,,results/stage10/llama_head_selection_sweep/layer_19/head_26/run_causal_patching_events.jsonl,,medium,,unmatched
results_stage10_llama_head_selection_sweep_layer_20_head_18_patching_results,summary_or_raw_artifact,stage10,head_18,llama,patching_results,unresolved,,results/stage10/llama_head_selection_sweep/layer_20/head_18,results/stage10/llama_head_selection_sweep/layer_20/head_18/patching_results.csv,,,,medium,,unmatched
results_stage10_llama_head_selection_sweep_layer_20_head_18_patching_summary,summary_or_raw_artifact,stage10,head_18,llama,patching_summary,unresolved,,results/stage10/llama_head_selection_sweep/layer_20/head_18,,results/stage10/llama_head_selection_sweep/layer_20/head_18/patching_summary.json,,,medium,,unmatched
results_stage10_llama_head_selection_sweep_layer_20_head_18_run_causal_patching_events,summary_or_raw_artifact,stage10,head_18,llama,run_causal_patching_events,unresolved,,results/stage10/llama_head_selection_sweep/layer_20/head_18,results/stage10/llama_head_selection_sweep/layer_20/head_18/run_causal_patching_events.jsonl,,results/stage10/llama_head_selection_sweep/layer_20/head_18/run_causal_patching_events.jsonl,,medium,,unmatched
results_stage10_llama_head_selection_sweep_layer_20_head_2_patching_results,summary_or_raw_artifact,stage10,head_2,llama,patching_results,unresolved,,results/stage10/llama_head_selection_sweep/layer_20/head_2,results/stage10/llama_head_selection_sweep/layer_20/head_2/patching_results.csv,,,,medium,,unmatched
results_stage10_llama_head_selection_sweep_layer_20_head_2_patching_summary,summary_or_raw_artifact,stage10,head_2,llama,patching_summary,unresolved,,results/stage10/llama_head_selection_sweep/layer_20/head_2,,results/stage10/llama_head_selection_sweep/layer_20/head_2/patching_summary.json,,,medium,,unmatched
results_stage10_llama_head_selection_sweep_layer_20_head_2_run_causal_patching_events,summary_or_raw_artifact,stage10,head_2,llama,run_causal_patching_events,unresolved,,results/stage10/llama_head_selection_sweep/layer_20/head_2,results/stage10/llama_head_selection_sweep/layer_20/head_2/run_causal_patching_events.jsonl,,results/stage10/llama_head_selection_sweep/layer_20/head_2/run_causal_patching_events.jsonl,,medium,,unmatched
results_stage10_llama_head_selection_sweep_layer_20_head_20_patching_results,summary_or_raw_artifact,stage10,head_20,llama,patching_results,unresolved,,results/stage10/llama_head_selection_sweep/layer_20/head_20,results/stage10/llama_head_selection_sweep/layer_20/head_20/patching_results.csv,,,,medium,,unmatched
results_stage10_llama_head_selection_sweep_layer_20_head_20_patching_summary,summary_or_raw_artifact,stage10,head_20,llama,patching_summary,unresolved,,results/stage10/llama_head_selection_sweep/layer_20/head_20,,results/stage10/llama_head_selection_sweep/layer_20/head_20/patching_summary.json,,,medium,,unmatched
results_stage10_llama_head_selection_sweep_layer_20_head_20_run_causal_patching_events,summary_or_raw_artifact,stage10,head_20,llama,run_causal_patching_events,unresolved,,results/stage10/llama_head_selection_sweep/layer_20/head_20,results/stage10/llama_head_selection_sweep/layer_20/head_20/run_causal_patching_events.jsonl,,results/stage10/llama_head_selection_sweep/layer_20/head_20/run_causal_patching_events.jsonl,,medium,,unmatched
results_stage10_llama_head_selection_sweep_layer_20_head_23_patching_results,summary_or_raw_artifact,stage10,head_23,llama,patching_results,unresolved,,results/stage10/llama_head_selection_sweep/layer_20/head_23,results/stage10/llama_head_selection_sweep/layer_20/head_23/patching_results.csv,,,,medium,,unmatched
results_stage10_llama_head_selection_sweep_layer_20_head_23_patching_summary,summary_or_raw_artifact,stage10,head_23,llama,patching_summary,unresolved,,results/stage10/llama_head_selection_sweep/layer_20/head_23,,results/stage10/llama_head_selection_sweep/layer_20/head_23/patching_summary.json,,,medium,,unmatched
results_stage10_llama_head_selection_sweep_layer_20_head_23_run_causal_patching_events,summary_or_raw_artifact,stage10,head_23,llama,run_causal_patching_events,unresolved,,results/stage10/llama_head_selection_sweep/layer_20/head_23,results/stage10/llama_head_selection_sweep/layer_20/head_23/run_causal_patching_events.jsonl,,results/stage10/llama_head_selection_sweep/layer_20/head_23/run_causal_patching_events.jsonl,,medium,,unmatched
results_stage10_llama_head_selection_sweep_layer_21_head_19_patching_results,summary_or_raw_artifact,stage10,head_19,llama,patching_results,unresolved,,results/stage10/llama_head_selection_sweep/layer_21/head_19,results/stage10/llama_head_selection_sweep/layer_21/head_19/patching_results.csv,,,,medium,,unmatched
results_stage10_llama_head_selection_sweep_layer_21_head_19_patching_summary,summary_or_raw_artifact,stage10,head_19,llama,patching_summary,unresolved,,results/stage10/llama_head_selection_sweep/layer_21/head_19,,results/stage10/llama_head_selection_sweep/layer_21/head_19/patching_summary.json,,,medium,,unmatched
results_stage10_llama_head_selection_sweep_layer_21_head_19_run_causal_patching_events,summary_or_raw_artifact,stage10,head_19,llama,run_causal_patching_events,unresolved,,results/stage10/llama_head_selection_sweep/layer_21/head_19,results/stage10/llama_head_selection_sweep/layer_21/head_19/run_causal_patching_events.jsonl,,results/stage10/llama_head_selection_sweep/layer_21/head_19/run_causal_patching_events.jsonl,,medium,,unmatched
results_stage10_llama_head_selection_sweep_layer_21_head_5_patching_results,summary_or_raw_artifact,stage10,head_5,llama,patching_results,unresolved,,results/stage10/llama_head_selection_sweep/layer_21/head_5,results/stage10/llama_head_selection_sweep/layer_21/head_5/patching_results.csv,,,,medium,,unmatched
results_stage10_llama_head_selection_sweep_layer_21_head_5_patching_summary,summary_or_raw_artifact,stage10,head_5,llama,patching_summary,unresolved,,results/stage10/llama_head_selection_sweep/layer_21/head_5,,results/stage10/llama_head_selection_sweep/layer_21/head_5/patching_summary.json,,,medium,,unmatched
results_stage10_llama_head_selection_sweep_layer_21_head_5_run_causal_patching_events,summary_or_raw_artifact,stage10,head_5,llama,run_causal_patching_events,unresolved,,results/stage10/llama_head_selection_sweep/layer_21/head_5,results/stage10/llama_head_selection_sweep/layer_21/head_5/run_causal_patching_events.jsonl,,results/stage10/llama_head_selection_sweep/layer_21/head_5/run_causal_patching_events.jsonl,,medium,,unmatched
results_stage10_llama_head_selection_sweep_layer_21_head_7_patching_results,summary_or_raw_artifact,stage10,head_7,llama,patching_results,unresolved,,results/stage10/llama_head_selection_sweep/layer_21/head_7,results/stage10/llama_head_selection_sweep/layer_21/head_7/patching_results.csv,,,,medium,,unmatched
results_stage10_llama_head_selection_sweep_layer_21_head_7_patching_summary,summary_or_raw_artifact,stage10,head_7,llama,patching_summary,unresolved,,results/stage10/llama_head_selection_sweep/layer_21/head_7,,results/stage10/llama_head_selection_sweep/layer_21/head_7/patching_summary.json,,,medium,,unmatched
results_stage10_llama_head_selection_sweep_layer_21_head_7_run_causal_patching_events,summary_or_raw_artifact,stage10,head_7,llama,run_causal_patching_events,unresolved,,results/stage10/llama_head_selection_sweep/layer_21/head_7,results/stage10/llama_head_selection_sweep/layer_21/head_7/run_causal_patching_events.jsonl,,results/stage10/llama_head_selection_sweep/layer_21/head_7/run_causal_patching_events.jsonl,,medium,,unmatched
results_stage10_llama_head_selection_sweep_layer_21_head_8_patching_results,summary_or_raw_artifact,stage10,head_8,llama,patching_results,unresolved,,results/stage10/llama_head_selection_sweep/layer_21/head_8,results/stage10/llama_head_selection_sweep/layer_21/head_8/patching_results.csv,,,,medium,,unmatched
results_stage10_llama_head_selection_sweep_layer_21_head_8_patching_summary,summary_or_raw_artifact,stage10,head_8,llama,patching_summary,unresolved,,results/stage10/llama_head_selection_sweep/layer_21/head_8,,results/stage10/llama_head_selection_sweep/layer_21/head_8/patching_summary.json,,,medium,,unmatched
results_stage10_llama_head_selection_sweep_layer_21_head_8_run_causal_patching_events,summary_or_raw_artifact,stage10,head_8,llama,run_causal_patching_events,unresolved,,results/stage10/llama_head_selection_sweep/layer_21/head_8,results/stage10/llama_head_selection_sweep/layer_21/head_8/run_causal_patching_events.jsonl,,results/stage10/llama_head_selection_sweep/layer_21/head_8/run_causal_patching_events.jsonl,,medium,,unmatched
results_stage10_llama_mhk_patching_results,summary_or_raw_artifact,stage10,llama_mhk,llama,patching_results,unresolved,,results/stage10/llama_mhk,results/stage10/llama_mhk/patching_results.csv,,,,medium,,unmatched
results_stage10_llama_mhk_patching_summary,summary_or_raw_artifact,stage10,llama_mhk,llama,patching_summary,unresolved,,results/stage10/llama_mhk,,results/stage10/llama_mhk/patching_summary.json,,,medium,,unmatched
results_stage10_llama_mhk_run_causal_patching_events,summary_or_raw_artifact,stage10,llama_mhk,llama,run_causal_patching_events,unresolved,,results/stage10/llama_mhk,results/stage10/llama_mhk/run_causal_patching_events.jsonl,,results/stage10/llama_mhk/run_causal_patching_events.jsonl,,medium,,unmatched
results_stage10_llama_mhk_v2_attn_layer19_patching_results,summary_or_raw_artifact,stage10,attn_layer19,llama,patching_results,unresolved,,results/stage10/llama_mhk_v2/attn_layer19,results/stage10/llama_mhk_v2/attn_layer19/patching_results.csv,,,,medium,,unmatched
results_stage10_llama_mhk_v2_attn_layer19_patching_summary,summary_or_raw_artifact,stage10,attn_layer19,llama,patching_summary,unresolved,,results/stage10/llama_mhk_v2/attn_layer19,,results/stage10/llama_mhk_v2/attn_layer19/patching_summary.json,,,medium,,unmatched
results_stage10_llama_mhk_v2_attn_layer19_run_causal_patching_events,summary_or_raw_artifact,stage10,attn_layer19,llama,run_causal_patching_events,unresolved,,results/stage10/llama_mhk_v2/attn_layer19,results/stage10/llama_mhk_v2/attn_layer19/run_causal_patching_events.jsonl,,results/stage10/llama_mhk_v2/attn_layer19/run_causal_patching_events.jsonl,,medium,,unmatched
results_stage10_llama_mhk_v2_causal_sweep_patching_results,summary_or_raw_artifact,stage10,causal_sweep,llama,patching_results,unresolved,,results/stage10/llama_mhk_v2/causal_sweep,results/stage10/llama_mhk_v2/causal_sweep/patching_results.csv,,,,medium,,unmatched
results_stage10_llama_mhk_v2_causal_sweep_patching_summary,summary_or_raw_artifact,stage10,causal_sweep,llama,patching_summary,unresolved,,results/stage10/llama_mhk_v2/causal_sweep,,results/stage10/llama_mhk_v2/causal_sweep/patching_summary.json,,,medium,,unmatched
results_stage10_llama_mhk_v2_causal_sweep_run_causal_patching_events,summary_or_raw_artifact,stage10,causal_sweep,llama,run_causal_patching_events,unresolved,,results/stage10/llama_mhk_v2/causal_sweep,results/stage10/llama_mhk_v2/causal_sweep/run_causal_patching_events.jsonl,,results/stage10/llama_mhk_v2/causal_sweep/run_causal_patching_events.jsonl,,medium,,unmatched
results_stage10_logit_lens_logit_lens_summary,summary_or_raw_artifact,stage10,logit_lens,unresolved,logit_lens_summary,unresolved,,results/stage10/logit_lens,,results/stage10/logit_lens/logit_lens_summary.json,,,medium,,unmatched
results_stage10_logit_lens_run_causal_patching_events,summary_or_raw_artifact,stage10,logit_lens,unresolved,run_causal_patching_events,unresolved,,results/stage10/logit_lens,results/stage10/logit_lens/run_causal_patching_events.jsonl,,results/stage10/logit_lens/run_causal_patching_events.jsonl,,medium,,unmatched
results_stage10_mean_probe_full_sweep_bigcompute_loo_predictions_resid_post_last_prompt,summary_or_raw_artifact,stage10,mean_probe_full_sweep_bigcompute,unresolved,loo_predictions_resid_post_last_prompt,unresolved,,results/stage10/mean_probe_full_sweep_bigcompute,results/stage10/mean_probe_full_sweep_bigcompute/loo_predictions_resid_post_last_prompt.json,,,,medium,,unmatched
results_stage10_mean_probe_full_sweep_bigcompute_run_probing_events,summary_or_raw_artifact,stage10,mean_probe_full_sweep_bigcompute,unresolved,run_probing_events,unresolved,,results/stage10/mean_probe_full_sweep_bigcompute,results/stage10/mean_probe_full_sweep_bigcompute/run_probing_events.jsonl,,results/stage10/mean_probe_full_sweep_bigcompute/run_probing_events.jsonl,,medium,,unmatched
results_stage10_mean_probe_full_sweep_bigcompute_summary_resid_post_last_prompt,summary_or_raw_artifact,stage10,mean_probe_full_sweep_bigcompute,unresolved,summary_resid_post_last_prompt,unresolved,,results/stage10/mean_probe_full_sweep_bigcompute,,results/stage10/mean_probe_full_sweep_bigcompute/summary_resid_post_last_prompt.json,,,medium,,unmatched
results_stage10_mhk_cue_generalization_patching_results,summary_or_raw_artifact,stage10,mhk_cue_generalization,unresolved,patching_results,unresolved,,results/stage10/mhk_cue_generalization,results/stage10/mhk_cue_generalization/patching_results.csv,,,,medium,,unmatched
results_stage10_mhk_cue_generalization_patching_summary,summary_or_raw_artifact,stage10,mhk_cue_generalization,unresolved,patching_summary,unresolved,,results/stage10/mhk_cue_generalization,,results/stage10/mhk_cue_generalization/patching_summary.json,,,medium,,unmatched
results_stage10_mhk_cue_generalization_run_causal_patching_events,summary_or_raw_artifact,stage10,mhk_cue_generalization,unresolved,run_causal_patching_events,unresolved,,results/stage10/mhk_cue_generalization,results/stage10/mhk_cue_generalization/run_causal_patching_events.jsonl,,results/stage10/mhk_cue_generalization/run_causal_patching_events.jsonl,,medium,,unmatched
results_stage10_mhk_dose_response_heads_1_patching_results,summary_or_raw_artifact,stage10,heads_1,unresolved,patching_results,unresolved,,results/stage10/mhk_dose_response/heads_1,results/stage10/mhk_dose_response/heads_1/patching_results.csv,,,,medium,,unmatched
results_stage10_mhk_dose_response_heads_1_patching_summary,summary_or_raw_artifact,stage10,heads_1,unresolved,patching_summary,unresolved,,results/stage10/mhk_dose_response/heads_1,,results/stage10/mhk_dose_response/heads_1/patching_summary.json,,,medium,,unmatched
results_stage10_mhk_dose_response_heads_1_run_causal_patching_events,summary_or_raw_artifact,stage10,heads_1,unresolved,run_causal_patching_events,unresolved,,results/stage10/mhk_dose_response/heads_1,results/stage10/mhk_dose_response/heads_1/run_causal_patching_events.jsonl,,results/stage10/mhk_dose_response/heads_1/run_causal_patching_events.jsonl,,medium,,unmatched
results_stage10_mhk_dose_response_heads_2_patching_results,summary_or_raw_artifact,stage10,heads_2,unresolved,patching_results,unresolved,,results/stage10/mhk_dose_response/heads_2,results/stage10/mhk_dose_response/heads_2/patching_results.csv,,,,medium,,unmatched
results_stage10_mhk_dose_response_heads_2_patching_summary,summary_or_raw_artifact,stage10,heads_2,unresolved,patching_summary,unresolved,,results/stage10/mhk_dose_response/heads_2,,results/stage10/mhk_dose_response/heads_2/patching_summary.json,,,medium,,unmatched
results_stage10_mhk_dose_response_heads_2_run_causal_patching_events,summary_or_raw_artifact,stage10,heads_2,unresolved,run_causal_patching_events,unresolved,,results/stage10/mhk_dose_response/heads_2,results/stage10/mhk_dose_response/heads_2/run_causal_patching_events.jsonl,,results/stage10/mhk_dose_response/heads_2/run_causal_patching_events.jsonl,,medium,,unmatched
results_stage10_mhk_dose_response_heads_3_patching_results,summary_or_raw_artifact,stage10,heads_3,unresolved,patching_results,unresolved,,results/stage10/mhk_dose_response/heads_3,results/stage10/mhk_dose_response/heads_3/patching_results.csv,,,,medium,,unmatched
results_stage10_mhk_dose_response_heads_3_patching_summary,summary_or_raw_artifact,stage10,heads_3,unresolved,patching_summary,unresolved,,results/stage10/mhk_dose_response/heads_3,,results/stage10/mhk_dose_response/heads_3/patching_summary.json,,,medium,,unmatched
results_stage10_mhk_dose_response_heads_3_run_causal_patching_events,summary_or_raw_artifact,stage10,heads_3,unresolved,run_causal_patching_events,unresolved,,results/stage10/mhk_dose_response/heads_3,results/stage10/mhk_dose_response/heads_3/run_causal_patching_events.jsonl,,results/stage10/mhk_dose_response/heads_3/run_causal_patching_events.jsonl,,medium,,unmatched
results_stage10_mhk_dose_response_heads_4_patching_results,summary_or_raw_artifact,stage10,heads_4,unresolved,patching_results,unresolved,,results/stage10/mhk_dose_response/heads_4,results/stage10/mhk_dose_response/heads_4/patching_results.csv,,,,medium,,unmatched
results_stage10_mhk_dose_response_heads_4_patching_summary,summary_or_raw_artifact,stage10,heads_4,unresolved,patching_summary,unresolved,,results/stage10/mhk_dose_response/heads_4,,results/stage10/mhk_dose_response/heads_4/patching_summary.json,,,medium,,unmatched
results_stage10_mhk_dose_response_heads_4_run_causal_patching_events,summary_or_raw_artifact,stage10,heads_4,unresolved,run_causal_patching_events,unresolved,,results/stage10/mhk_dose_response/heads_4,results/stage10/mhk_dose_response/heads_4/run_causal_patching_events.jsonl,,results/stage10/mhk_dose_response/heads_4/run_causal_patching_events.jsonl,,medium,,unmatched
results_stage10_pairwise_head_interactions_interaction_summary,summary_or_raw_artifact,stage10,pairwise_head_interactions,unresolved,interaction_summary,unresolved,,results/stage10/pairwise_head_interactions,,results/stage10/pairwise_head_interactions/interaction_summary.json,,,medium,,unmatched
results_stage10_pairwise_head_interactions_subset_11_patching_results,summary_or_raw_artifact,stage10,subset_11,unresolved,patching_results,unresolved,,results/stage10/pairwise_head_interactions/subset_11,results/stage10/pairwise_head_interactions/subset_11/patching_results.csv,,,,medium,,unmatched
results_stage10_pairwise_head_interactions_subset_11_patching_summary,summary_or_raw_artifact,stage10,subset_11,unresolved,patching_summary,unresolved,,results/stage10/pairwise_head_interactions/subset_11,,results/stage10/pairwise_head_interactions/subset_11/patching_summary.json,,,medium,,unmatched
results_stage10_pairwise_head_interactions_subset_11_run_causal_patching_events,summary_or_raw_artifact,stage10,subset_11,unresolved,run_causal_patching_events,unresolved,,results/stage10/pairwise_head_interactions/subset_11,results/stage10/pairwise_head_interactions/subset_11/run_causal_patching_events.jsonl,,results/stage10/pairwise_head_interactions/subset_11/run_causal_patching_events.jsonl,,medium,,unmatched
results_stage10_pairwise_head_interactions_subset_13_patching_results,summary_or_raw_artifact,stage10,subset_13,unresolved,patching_results,unresolved,,results/stage10/pairwise_head_interactions/subset_13,results/stage10/pairwise_head_interactions/subset_13/patching_results.csv,,,,medium,,unmatched
results_stage10_pairwise_head_interactions_subset_13_patching_summary,summary_or_raw_artifact,stage10,subset_13,unresolved,patching_summary,unresolved,,results/stage10/pairwise_head_interactions/subset_13,,results/stage10/pairwise_head_interactions/subset_13/patching_summary.json,,,medium,,unmatched
results_stage10_pairwise_head_interactions_subset_13_run_causal_patching_events,summary_or_raw_artifact,stage10,subset_13,unresolved,run_causal_patching_events,unresolved,,results/stage10/pairwise_head_interactions/subset_13,results/stage10/pairwise_head_interactions/subset_13/run_causal_patching_events.jsonl,,results/stage10/pairwise_head_interactions/subset_13/run_causal_patching_events.jsonl,,medium,,unmatched
results_stage10_pairwise_head_interactions_subset_13_11_patching_results,summary_or_raw_artifact,stage10,subset_13_11,unresolved,patching_results,unresolved,,results/stage10/pairwise_head_interactions/subset_13_11,results/stage10/pairwise_head_interactions/subset_13_11/patching_results.csv,,,,medium,,unmatched
results_stage10_pairwise_head_interactions_subset_13_11_patching_summary,summary_or_raw_artifact,stage10,subset_13_11,unresolved,patching_summary,unresolved,,results/stage10/pairwise_head_interactions/subset_13_11,,results/stage10/pairwise_head_interactions/subset_13_11/patching_summary.json,,,medium,,unmatched
results_stage10_pairwise_head_interactions_subset_13_11_run_causal_patching_events,summary_or_raw_artifact,stage10,subset_13_11,unresolved,run_causal_patching_events,unresolved,,results/stage10/pairwise_head_interactions/subset_13_11,results/stage10/pairwise_head_interactions/subset_13_11/run_causal_patching_events.jsonl,,results/stage10/pairwise_head_interactions/subset_13_11/run_causal_patching_events.jsonl,,medium,,unmatched
results_stage10_pairwise_head_interactions_subset_24_patching_results,summary_or_raw_artifact,stage10,subset_24,unresolved,patching_results,unresolved,,results/stage10/pairwise_head_interactions/subset_24,results/stage10/pairwise_head_interactions/subset_24/patching_results.csv,,,,medium,,unmatched
results_stage10_pairwise_head_interactions_subset_24_patching_summary,summary_or_raw_artifact,stage10,subset_24,unresolved,patching_summary,unresolved,,results/stage10/pairwise_head_interactions/subset_24,,results/stage10/pairwise_head_interactions/subset_24/patching_summary.json,,,medium,,unmatched
results_stage10_pairwise_head_interactions_subset_24_run_causal_patching_events,summary_or_raw_artifact,stage10,subset_24,unresolved,run_causal_patching_events,unresolved,,results/stage10/pairwise_head_interactions/subset_24,results/stage10/pairwise_head_interactions/subset_24/run_causal_patching_events.jsonl,,results/stage10/pairwise_head_interactions/subset_24/run_causal_patching_events.jsonl,,medium,,unmatched
results_stage10_pairwise_head_interactions_subset_24_11_patching_results,summary_or_raw_artifact,stage10,subset_24_11,unresolved,patching_results,unresolved,,results/stage10/pairwise_head_interactions/subset_24_11,results/stage10/pairwise_head_interactions/subset_24_11/patching_results.csv,,,,medium,,unmatched
results_stage10_pairwise_head_interactions_subset_24_11_patching_summary,summary_or_raw_artifact,stage10,subset_24_11,unresolved,patching_summary,unresolved,,results/stage10/pairwise_head_interactions/subset_24_11,,results/stage10/pairwise_head_interactions/subset_24_11/patching_summary.json,,,medium,,unmatched
results_stage10_pairwise_head_interactions_subset_24_11_run_causal_patching_events,summary_or_raw_artifact,stage10,subset_24_11,unresolved,run_causal_patching_events,unresolved,,results/stage10/pairwise_head_interactions/subset_24_11,results/stage10/pairwise_head_interactions/subset_24_11/run_causal_patching_events.jsonl,,results/stage10/pairwise_head_interactions/subset_24_11/run_causal_patching_events.jsonl,,medium,,unmatched
results_stage10_pairwise_head_interactions_subset_24_13_patching_results,summary_or_raw_artifact,stage10,subset_24_13,unresolved,patching_results,unresolved,,results/stage10/pairwise_head_interactions/subset_24_13,results/stage10/pairwise_head_interactions/subset_24_13/patching_results.csv,,,,medium,,unmatched
results_stage10_pairwise_head_interactions_subset_24_13_patching_summary,summary_or_raw_artifact,stage10,subset_24_13,unresolved,patching_summary,unresolved,,results/stage10/pairwise_head_interactions/subset_24_13,,results/stage10/pairwise_head_interactions/subset_24_13/patching_summary.json,,,medium,,unmatched
results_stage10_pairwise_head_interactions_subset_24_13_run_causal_patching_events,summary_or_raw_artifact,stage10,subset_24_13,unresolved,run_causal_patching_events,unresolved,,results/stage10/pairwise_head_interactions/subset_24_13,results/stage10/pairwise_head_interactions/subset_24_13/run_causal_patching_events.jsonl,,results/stage10/pairwise_head_interactions/subset_24_13/run_causal_patching_events.jsonl,,medium,,unmatched
results_stage10_pairwise_head_interactions_subset_24_13_11_patching_results,summary_or_raw_artifact,stage10,subset_24_13_11,unresolved,patching_results,unresolved,,results/stage10/pairwise_head_interactions/subset_24_13_11,results/stage10/pairwise_head_interactions/subset_24_13_11/patching_results.csv,,,,medium,,unmatched
results_stage10_pairwise_head_interactions_subset_24_13_11_patching_summary,summary_or_raw_artifact,stage10,subset_24_13_11,unresolved,patching_summary,unresolved,,results/stage10/pairwise_head_interactions/subset_24_13_11,,results/stage10/pairwise_head_interactions/subset_24_13_11/patching_summary.json,,,medium,,unmatched
results_stage10_pairwise_head_interactions_subset_24_13_11_run_causal_patching_events,summary_or_raw_artifact,stage10,subset_24_13_11,unresolved,run_causal_patching_events,unresolved,,results/stage10/pairwise_head_interactions/subset_24_13_11,results/stage10/pairwise_head_interactions/subset_24_13_11/run_causal_patching_events.jsonl,,results/stage10/pairwise_head_interactions/subset_24_13_11/run_causal_patching_events.jsonl,,medium,,unmatched
results_stage10_pairwise_head_interactions_subset_26_patching_results,summary_or_raw_artifact,stage10,subset_26,unresolved,patching_results,unresolved,,results/stage10/pairwise_head_interactions/subset_26,results/stage10/pairwise_head_interactions/subset_26/patching_results.csv,,,,medium,,unmatched
results_stage10_pairwise_head_interactions_subset_26_patching_summary,summary_or_raw_artifact,stage10,subset_26,unresolved,patching_summary,unresolved,,results/stage10/pairwise_head_interactions/subset_26,,results/stage10/pairwise_head_interactions/subset_26/patching_summary.json,,,medium,,unmatched
results_stage10_pairwise_head_interactions_subset_26_run_causal_patching_events,summary_or_raw_artifact,stage10,subset_26,unresolved,run_causal_patching_events,unresolved,,results/stage10/pairwise_head_interactions/subset_26,results/stage10/pairwise_head_interactions/subset_26/run_causal_patching_events.jsonl,,results/stage10/pairwise_head_interactions/subset_26/run_causal_patching_events.jsonl,,medium,,unmatched
results_stage10_pairwise_head_interactions_subset_26_11_patching_results,summary_or_raw_artifact,stage10,subset_26_11,unresolved,patching_results,unresolved,,results/stage10/pairwise_head_interactions/subset_26_11,results/stage10/pairwise_head_interactions/subset_26_11/patching_results.csv,,,,medium,,unmatched
results_stage10_pairwise_head_interactions_subset_26_11_patching_summary,summary_or_raw_artifact,stage10,subset_26_11,unresolved,patching_summary,unresolved,,results/stage10/pairwise_head_interactions/subset_26_11,,results/stage10/pairwise_head_interactions/subset_26_11/patching_summary.json,,,medium,,unmatched
results_stage10_pairwise_head_interactions_subset_26_11_run_causal_patching_events,summary_or_raw_artifact,stage10,subset_26_11,unresolved,run_causal_patching_events,unresolved,,results/stage10/pairwise_head_interactions/subset_26_11,results/stage10/pairwise_head_interactions/subset_26_11/run_causal_patching_events.jsonl,,results/stage10/pairwise_head_interactions/subset_26_11/run_causal_patching_events.jsonl,,medium,,unmatched
results_stage10_pairwise_head_interactions_subset_26_13_patching_results,summary_or_raw_artifact,stage10,subset_26_13,unresolved,patching_results,unresolved,,results/stage10/pairwise_head_interactions/subset_26_13,results/stage10/pairwise_head_interactions/subset_26_13/patching_results.csv,,,,medium,,unmatched
results_stage10_pairwise_head_interactions_subset_26_13_patching_summary,summary_or_raw_artifact,stage10,subset_26_13,unresolved,patching_summary,unresolved,,results/stage10/pairwise_head_interactions/subset_26_13,,results/stage10/pairwise_head_interactions/subset_26_13/patching_summary.json,,,medium,,unmatched
results_stage10_pairwise_head_interactions_subset_26_13_run_causal_patching_events,summary_or_raw_artifact,stage10,subset_26_13,unresolved,run_causal_patching_events,unresolved,,results/stage10/pairwise_head_interactions/subset_26_13,results/stage10/pairwise_head_interactions/subset_26_13/run_causal_patching_events.jsonl,,results/stage10/pairwise_head_interactions/subset_26_13/run_causal_patching_events.jsonl,,medium,,unmatched
results_stage10_pairwise_head_interactions_subset_26_13_11_patching_results,summary_or_raw_artifact,stage10,subset_26_13_11,unresolved,patching_results,unresolved,,results/stage10/pairwise_head_interactions/subset_26_13_11,results/stage10/pairwise_head_interactions/subset_26_13_11/patching_results.csv,,,,medium,,unmatched
results_stage10_pairwise_head_interactions_subset_26_13_11_patching_summary,summary_or_raw_artifact,stage10,subset_26_13_11,unresolved,patching_summary,unresolved,,results/stage10/pairwise_head_interactions/subset_26_13_11,,results/stage10/pairwise_head_interactions/subset_26_13_11/patching_summary.json,,,medium,,unmatched
results_stage10_pairwise_head_interactions_subset_26_13_11_run_causal_patching_events,summary_or_raw_artifact,stage10,subset_26_13_11,unresolved,run_causal_patching_events,unresolved,,results/stage10/pairwise_head_interactions/subset_26_13_11,results/stage10/pairwise_head_interactions/subset_26_13_11/run_causal_patching_events.jsonl,,results/stage10/pairwise_head_interactions/subset_26_13_11/run_causal_patching_events.jsonl,,medium,,unmatched
results_stage10_pairwise_head_interactions_subset_26_24_patching_results,summary_or_raw_artifact,stage10,subset_26_24,unresolved,patching_results,unresolved,,results/stage10/pairwise_head_interactions/subset_26_24,results/stage10/pairwise_head_interactions/subset_26_24/patching_results.csv,,,,medium,,unmatched
results_stage10_pairwise_head_interactions_subset_26_24_patching_summary,summary_or_raw_artifact,stage10,subset_26_24,unresolved,patching_summary,unresolved,,results/stage10/pairwise_head_interactions/subset_26_24,,results/stage10/pairwise_head_interactions/subset_26_24/patching_summary.json,,,medium,,unmatched
results_stage10_pairwise_head_interactions_subset_26_24_run_causal_patching_events,summary_or_raw_artifact,stage10,subset_26_24,unresolved,run_causal_patching_events,unresolved,,results/stage10/pairwise_head_interactions/subset_26_24,results/stage10/pairwise_head_interactions/subset_26_24/run_causal_patching_events.jsonl,,results/stage10/pairwise_head_interactions/subset_26_24/run_causal_patching_events.jsonl,,medium,,unmatched
results_stage10_pairwise_head_interactions_subset_26_24_11_patching_results,summary_or_raw_artifact,stage10,subset_26_24_11,unresolved,patching_results,unresolved,,results/stage10/pairwise_head_interactions/subset_26_24_11,results/stage10/pairwise_head_interactions/subset_26_24_11/patching_results.csv,,,,medium,,unmatched
results_stage10_pairwise_head_interactions_subset_26_24_11_patching_summary,summary_or_raw_artifact,stage10,subset_26_24_11,unresolved,patching_summary,unresolved,,results/stage10/pairwise_head_interactions/subset_26_24_11,,results/stage10/pairwise_head_interactions/subset_26_24_11/patching_summary.json,,,medium,,unmatched
results_stage10_pairwise_head_interactions_subset_26_24_11_run_causal_patching_events,summary_or_raw_artifact,stage10,subset_26_24_11,unresolved,run_causal_patching_events,unresolved,,results/stage10/pairwise_head_interactions/subset_26_24_11,results/stage10/pairwise_head_interactions/subset_26_24_11/run_causal_patching_events.jsonl,,results/stage10/pairwise_head_interactions/subset_26_24_11/run_causal_patching_events.jsonl,,medium,,unmatched
results_stage10_pairwise_head_interactions_subset_26_24_13_patching_results,summary_or_raw_artifact,stage10,subset_26_24_13,unresolved,patching_results,unresolved,,results/stage10/pairwise_head_interactions/subset_26_24_13,results/stage10/pairwise_head_interactions/subset_26_24_13/patching_results.csv,,,,medium,,unmatched
results_stage10_pairwise_head_interactions_subset_26_24_13_patching_summary,summary_or_raw_artifact,stage10,subset_26_24_13,unresolved,patching_summary,unresolved,,results/stage10/pairwise_head_interactions/subset_26_24_13,,results/stage10/pairwise_head_interactions/subset_26_24_13/patching_summary.json,,,medium,,unmatched
results_stage10_pairwise_head_interactions_subset_26_24_13_run_causal_patching_events,summary_or_raw_artifact,stage10,subset_26_24_13,unresolved,run_causal_patching_events,unresolved,,results/stage10/pairwise_head_interactions/subset_26_24_13,results/stage10/pairwise_head_interactions/subset_26_24_13/run_causal_patching_events.jsonl,,results/stage10/pairwise_head_interactions/subset_26_24_13/run_causal_patching_events.jsonl,,medium,,unmatched
results_stage10_pairwise_head_interactions_subset_26_24_13_11_patching_results,summary_or_raw_artifact,stage10,subset_26_24_13_11,unresolved,patching_results,unresolved,,results/stage10/pairwise_head_interactions/subset_26_24_13_11,results/stage10/pairwise_head_interactions/subset_26_24_13_11/patching_results.csv,,,,medium,,unmatched
results_stage10_pairwise_head_interactions_subset_26_24_13_11_patching_summary,summary_or_raw_artifact,stage10,subset_26_24_13_11,unresolved,patching_summary,unresolved,,results/stage10/pairwise_head_interactions/subset_26_24_13_11,,results/stage10/pairwise_head_interactions/subset_26_24_13_11/patching_summary.json,,,medium,,unmatched
results_stage10_pairwise_head_interactions_subset_26_24_13_11_run_causal_patching_events,summary_or_raw_artifact,stage10,subset_26_24_13_11,unresolved,run_causal_patching_events,unresolved,,results/stage10/pairwise_head_interactions/subset_26_24_13_11,results/stage10/pairwise_head_interactions/subset_26_24_13_11/run_causal_patching_events.jsonl,,results/stage10/pairwise_head_interactions/subset_26_24_13_11/run_causal_patching_events.jsonl,,medium,,unmatched
results_stage10_per_variant_probe_sweep_loo_predictions_per_variant,summary_or_raw_artifact,stage10,per_variant_probe_sweep,unresolved,loo_predictions_per_variant,unresolved,,results/stage10/per_variant_probe_sweep,results/stage10/per_variant_probe_sweep/loo_predictions_per_variant.json,,,,medium,,unmatched
results_stage10_per_variant_probe_sweep_run_per_variant_probe_sweep_events,summary_or_raw_artifact,stage10,per_variant_probe_sweep,unresolved,run_per_variant_probe_sweep_events,unresolved,,results/stage10/per_variant_probe_sweep,results/stage10/per_variant_probe_sweep/run_per_variant_probe_sweep_events.jsonl,,results/stage10/per_variant_probe_sweep/run_per_variant_probe_sweep_events.jsonl,,medium,,unmatched
results_stage10_per_variant_probe_sweep_summary_per_variant_sweep,summary_or_raw_artifact,stage10,per_variant_probe_sweep,unresolved,summary_per_variant_sweep,unresolved,,results/stage10/per_variant_probe_sweep,,results/stage10/per_variant_probe_sweep/summary_per_variant_sweep.json,,,medium,,unmatched
results_stage10_random_site_control_patching_results,summary_or_raw_artifact,stage10,random_site_control,unresolved,patching_results,unresolved,,results/stage10/random_site_control,results/stage10/random_site_control/patching_results.csv,,,,medium,stage10_random_site_control,matched
results_stage10_random_site_control_patching_summary,summary_or_raw_artifact,stage10,random_site_control,unresolved,patching_summary,unresolved,,results/stage10/random_site_control,,results/stage10/random_site_control/patching_summary.json,,,medium,stage10_random_site_control,matched
results_stage10_random_site_control_run_causal_patching_events,summary_or_raw_artifact,stage10,random_site_control,unresolved,run_causal_patching_events,unresolved,,results/stage10/random_site_control,results/stage10/random_site_control/run_causal_patching_events.jsonl,,results/stage10/random_site_control/run_causal_patching_events.jsonl,,medium,stage10_random_site_control,matched
results_stage10_same_answer_donor_run_causal_patching_events,summary_or_raw_artifact,stage10,same_answer_donor,unresolved,run_causal_patching_events,unresolved,,results/stage10/same_answer_donor,results/stage10/same_answer_donor/run_causal_patching_events.jsonl,,results/stage10/same_answer_donor/run_causal_patching_events.jsonl,,medium,stage10_same_answer_donor,matched
results_stage10_same_answer_donor_same_answer_donor_results,summary_or_raw_artifact,stage10,same_answer_donor,unresolved,same_answer_donor_results,unresolved,,results/stage10/same_answer_donor,results/stage10/same_answer_donor/same_answer_donor_results.csv,,,,medium,stage10_same_answer_donor,matched
results_stage10_same_answer_donor_same_answer_donor_summary,summary_or_raw_artifact,stage10,same_answer_donor,unresolved,same_answer_donor_summary,unresolved,,results/stage10/same_answer_donor,,results/stage10/same_answer_donor/same_answer_donor_summary.json,,,medium,stage10_same_answer_donor,matched
results_stage10_stable_donor_run_causal_patching_events,summary_or_raw_artifact,stage10,stable_donor,unresolved,run_causal_patching_events,unresolved,,results/stage10/stable_donor,results/stage10/stable_donor/run_causal_patching_events.jsonl,,results/stage10/stable_donor/run_causal_patching_events.jsonl,,medium,stage10_stable_donor,matched
results_stage10_stable_donor_stable_donor_results,summary_or_raw_artifact,stage10,stable_donor,unresolved,stable_donor_results,unresolved,,results/stage10/stable_donor,results/stage10/stable_donor/stable_donor_results.csv,,,,medium,stage10_stable_donor,matched
results_stage10_stable_donor_stable_donor_summary,summary_or_raw_artifact,stage10,stable_donor,unresolved,stable_donor_summary,unresolved,,results/stage10/stable_donor,,results/stage10/stable_donor/stable_donor_summary.json,,,medium,stage10_stable_donor,matched
results_stage11_behavioural_expansion_per_family_summary,summary_or_raw_artifact,stage11,behavioural_expansion,unresolved,per_family_summary,unresolved,,results/stage11/behavioural_expansion,,results/stage11/behavioural_expansion/per_family_summary.csv,,,medium,,unmatched
results_stage11_behavioural_expansion_run_behavioural_events,summary_or_raw_artifact,stage11,behavioural_expansion,unresolved,run_behavioural_events,unresolved,,results/stage11/behavioural_expansion,results/stage11/behavioural_expansion/run_behavioural_events.jsonl,,results/stage11/behavioural_expansion/run_behavioural_events.jsonl,,medium,,unmatched
results_stage11_behavioural_expansion_summary,summary_or_raw_artifact,stage11,behavioural_expansion,unresolved,summary,unresolved,,results/stage11/behavioural_expansion,,results/stage11/behavioural_expansion/summary.json,,,medium,,unmatched
results_stage11_science_cross_cue_transfer_cross_cue_transfer_summary,summary_or_raw_artifact,stage11,cross_cue_transfer,unresolved,cross_cue_transfer_summary,unresolved,,results/stage11/science/cross_cue_transfer,,results/stage11/science/cross_cue_transfer/cross_cue_transfer_summary.json,,,medium,,unmatched
results_stage11_science_cue_c_circuit_cuec_probe_sweep_loo_predictions_per_variant,summary_or_raw_artifact,stage11,cuec_probe_sweep,unresolved,loo_predictions_per_variant,unresolved,,results/stage11/science/cue_c_circuit/cuec_probe_sweep,results/stage11/science/cue_c_circuit/cuec_probe_sweep/loo_predictions_per_variant.json,,,,medium,,unmatched
results_stage11_science_cue_c_circuit_cuec_probe_sweep_run_per_variant_probe_sweep_events,summary_or_raw_artifact,stage11,cuec_probe_sweep,unresolved,run_per_variant_probe_sweep_events,unresolved,,results/stage11/science/cue_c_circuit/cuec_probe_sweep,results/stage11/science/cue_c_circuit/cuec_probe_sweep/run_per_variant_probe_sweep_events.jsonl,,results/stage11/science/cue_c_circuit/cuec_probe_sweep/run_per_variant_probe_sweep_events.jsonl,,medium,,unmatched
results_stage11_science_cue_c_circuit_cuec_probe_sweep_summary_per_variant_sweep,summary_or_raw_artifact,stage11,cuec_probe_sweep,unresolved,summary_per_variant_sweep,unresolved,,results/stage11/science/cue_c_circuit/cuec_probe_sweep,,results/stage11/science/cue_c_circuit/cuec_probe_sweep/summary_per_variant_sweep.json,,,medium,,unmatched
results_stage11_science_cue_c_circuit_h11_h13_knockout_patching_results,summary_or_raw_artifact,stage11,h11_h13_knockout,unresolved,patching_results,unresolved,,results/stage11/science/cue_c_circuit/h11_h13_knockout,results/stage11/science/cue_c_circuit/h11_h13_knockout/patching_results.csv,,,,medium,,unmatched
results_stage11_science_cue_c_circuit_h11_h13_knockout_patching_summary,summary_or_raw_artifact,stage11,h11_h13_knockout,unresolved,patching_summary,unresolved,,results/stage11/science/cue_c_circuit/h11_h13_knockout,,results/stage11/science/cue_c_circuit/h11_h13_knockout/patching_summary.json,,,medium,,unmatched
results_stage11_science_cue_c_circuit_h11_h13_knockout_run_causal_patching_events,summary_or_raw_artifact,stage11,h11_h13_knockout,unresolved,run_causal_patching_events,unresolved,,results/stage11/science/cue_c_circuit/h11_h13_knockout,results/stage11/science/cue_c_circuit/h11_h13_knockout/run_causal_patching_events.jsonl,,results/stage11/science/cue_c_circuit/h11_h13_knockout/run_causal_patching_events.jsonl,,medium,,unmatched
results_stage11_science_cue_c_circuit_h11_knockout_patching_results,summary_or_raw_artifact,stage11,h11_knockout,unresolved,patching_results,unresolved,,results/stage11/science/cue_c_circuit/h11_knockout,results/stage11/science/cue_c_circuit/h11_knockout/patching_results.csv,,,,medium,,unmatched
results_stage11_science_cue_c_circuit_h11_knockout_patching_summary,summary_or_raw_artifact,stage11,h11_knockout,unresolved,patching_summary,unresolved,,results/stage11/science/cue_c_circuit/h11_knockout,,results/stage11/science/cue_c_circuit/h11_knockout/patching_summary.json,,,medium,,unmatched
results_stage11_science_cue_c_circuit_h11_knockout_run_causal_patching_events,summary_or_raw_artifact,stage11,h11_knockout,unresolved,run_causal_patching_events,unresolved,,results/stage11/science/cue_c_circuit/h11_knockout,results/stage11/science/cue_c_circuit/h11_knockout/run_causal_patching_events.jsonl,,results/stage11/science/cue_c_circuit/h11_knockout/run_causal_patching_events.jsonl,,medium,,unmatched
results_stage11_science_cue_c_circuit_heldout_inference_family_mean_predictions,summary_or_raw_artifact,stage11,heldout_inference,unresolved,family_mean_predictions,unresolved,,results/stage11/science/cue_c_circuit/heldout_inference,results/stage11/science/cue_c_circuit/heldout_inference/family_mean_predictions.json,,,,medium,,unmatched
results_stage11_science_cue_c_circuit_heldout_inference_per_variant_predictions,summary_or_raw_artifact,stage11,heldout_inference,unresolved,per_variant_predictions,unresolved,,results/stage11/science/cue_c_circuit/heldout_inference,results/stage11/science/cue_c_circuit/heldout_inference/per_variant_predictions.json,,,,medium,,unmatched
results_stage11_science_cue_c_circuit_heldout_inference_summary,summary_or_raw_artifact,stage11,heldout_inference,unresolved,summary,unresolved,,results/stage11/science/cue_c_circuit/heldout_inference,,results/stage11/science/cue_c_circuit/heldout_inference/summary.json,,,medium,,unmatched
results_stage11_science_deepseek_single_heads_deepseek_valid_subset_summary,summary_or_raw_artifact,stage11,deepseek_single_heads,deepseek,deepseek_valid_subset_summary,unresolved,,results/stage11/science/deepseek_single_heads,,results/stage11/science/deepseek_single_heads/deepseek_valid_subset_summary.json,,,medium,,unmatched
results_stage11_science_deepseek_single_heads_head_20_patching_results,summary_or_raw_artifact,stage11,head_20,deepseek,patching_results,unresolved,,results/stage11/science/deepseek_single_heads/head_20,results/stage11/science/deepseek_single_heads/head_20/patching_results.csv,,,,medium,,unmatched
results_stage11_science_deepseek_single_heads_head_20_patching_summary,summary_or_raw_artifact,stage11,head_20,deepseek,patching_summary,unresolved,,results/stage11/science/deepseek_single_heads/head_20,,results/stage11/science/deepseek_single_heads/head_20/patching_summary.json,,,medium,,unmatched
results_stage11_science_deepseek_single_heads_head_20_run_causal_patching_events,summary_or_raw_artifact,stage11,head_20,deepseek,run_causal_patching_events,unresolved,,results/stage11/science/deepseek_single_heads/head_20,results/stage11/science/deepseek_single_heads/head_20/run_causal_patching_events.jsonl,,results/stage11/science/deepseek_single_heads/head_20/run_causal_patching_events.jsonl,,medium,,unmatched
results_stage11_science_deepseek_single_heads_head_26_patching_results,summary_or_raw_artifact,stage11,head_26,deepseek,patching_results,unresolved,,results/stage11/science/deepseek_single_heads/head_26,results/stage11/science/deepseek_single_heads/head_26/patching_results.csv,,,,medium,,unmatched
results_stage11_science_deepseek_single_heads_head_26_patching_summary,summary_or_raw_artifact,stage11,head_26,deepseek,patching_summary,unresolved,,results/stage11/science/deepseek_single_heads/head_26,,results/stage11/science/deepseek_single_heads/head_26/patching_summary.json,,,medium,,unmatched
results_stage11_science_deepseek_single_heads_head_26_run_causal_patching_events,summary_or_raw_artifact,stage11,head_26,deepseek,run_causal_patching_events,unresolved,,results/stage11/science/deepseek_single_heads/head_26,results/stage11/science/deepseek_single_heads/head_26/run_causal_patching_events.jsonl,,results/stage11/science/deepseek_single_heads/head_26/run_causal_patching_events.jsonl,,medium,,unmatched
results_stage11_science_h11_layer_sweep_patching_results,summary_or_raw_artifact,stage11,h11_layer_sweep,unresolved,patching_results,unresolved,,results/stage11/science/h11_layer_sweep,results/stage11/science/h11_layer_sweep/patching_results.csv,,,,medium,,unmatched
results_stage11_science_h11_layer_sweep_patching_summary,summary_or_raw_artifact,stage11,h11_layer_sweep,unresolved,patching_summary,unresolved,,results/stage11/science/h11_layer_sweep,,results/stage11/science/h11_layer_sweep/patching_summary.json,,,medium,,unmatched
results_stage11_science_h11_layer_sweep_run_causal_patching_events,summary_or_raw_artifact,stage11,h11_layer_sweep,unresolved,run_causal_patching_events,unresolved,,results/stage11/science/h11_layer_sweep,results/stage11/science/h11_layer_sweep/run_causal_patching_events.jsonl,,results/stage11/science/h11_layer_sweep/run_causal_patching_events.jsonl,,medium,,unmatched
results_stage11_science_h11_mechanism_h11_output_cosine_summary,summary_or_raw_artifact,stage11,h11_mechanism,unresolved,h11_output_cosine_summary,unresolved,,results/stage11/science/h11_mechanism,,results/stage11/science/h11_mechanism/h11_output_cosine_summary.json,,,medium,,unmatched
results_stage11_science_h11_mechanism_head_output_probe_predictions,summary_or_raw_artifact,stage11,h11_mechanism,unresolved,head_output_probe_predictions,unresolved,,results/stage11/science/h11_mechanism,results/stage11/science/h11_mechanism/head_output_probe_predictions.json,,,,medium,,unmatched
results_stage11_science_h11_mechanism_head_output_probe_summary,summary_or_raw_artifact,stage11,h11_mechanism,unresolved,head_output_probe_summary,unresolved,,results/stage11/science/h11_mechanism,,results/stage11/science/h11_mechanism/head_output_probe_summary.json,,,medium,,unmatched
results_stage11_science_h24_inhibitory_h11_h24_combo_patching_results,summary_or_raw_artifact,stage11,h11_h24_combo,unresolved,patching_results,unresolved,,results/stage11/science/h24_inhibitory/h11_h24_combo,results/stage11/science/h24_inhibitory/h11_h24_combo/patching_results.csv,,,,medium,,unmatched
results_stage11_science_h24_inhibitory_h11_h24_combo_patching_summary,summary_or_raw_artifact,stage11,h11_h24_combo,unresolved,patching_summary,unresolved,,results/stage11/science/h24_inhibitory/h11_h24_combo,,results/stage11/science/h24_inhibitory/h11_h24_combo/patching_summary.json,,,medium,,unmatched
results_stage11_science_h24_inhibitory_h11_h24_combo_run_causal_patching_events,summary_or_raw_artifact,stage11,h11_h24_combo,unresolved,run_causal_patching_events,unresolved,,results/stage11/science/h24_inhibitory/h11_h24_combo,results/stage11/science/h24_inhibitory/h11_h24_combo/run_causal_patching_events.jsonl,,results/stage11/science/h24_inhibitory/h11_h24_combo/run_causal_patching_events.jsonl,,medium,,unmatched
results_stage11_science_h24_inhibitory_head24_layer_sweep_patching_results,summary_or_raw_artifact,stage11,head24_layer_sweep,unresolved,patching_results,unresolved,,results/stage11/science/h24_inhibitory/head24_layer_sweep,results/stage11/science/h24_inhibitory/head24_layer_sweep/patching_results.csv,,,,medium,,unmatched
results_stage11_science_h24_inhibitory_head24_layer_sweep_patching_summary,summary_or_raw_artifact,stage11,head24_layer_sweep,unresolved,patching_summary,unresolved,,results/stage11/science/h24_inhibitory/head24_layer_sweep,,results/stage11/science/h24_inhibitory/head24_layer_sweep/patching_summary.json,,,medium,,unmatched
results_stage11_science_h24_inhibitory_head24_layer_sweep_run_causal_patching_events,summary_or_raw_artifact,stage11,head24_layer_sweep,unresolved,run_causal_patching_events,unresolved,,results/stage11/science/h24_inhibitory/head24_layer_sweep,results/stage11/science/h24_inhibitory/head24_layer_sweep/run_causal_patching_events.jsonl,,results/stage11/science/h24_inhibitory/head24_layer_sweep/run_causal_patching_events.jsonl,,medium,,unmatched
results_stage11_science_precursor_characterisation_per_variant_predictions,summary_or_raw_artifact,stage11,precursor_characterisation,unresolved,per_variant_predictions,unresolved,,results/stage11/science/precursor_characterisation,results/stage11/science/precursor_characterisation/per_variant_predictions.json,,,,medium,,unmatched
results_stage11_science_precursor_characterisation_prompt_condition_probe_summary,summary_or_raw_artifact,stage11,precursor_characterisation,unresolved,prompt_condition_probe_summary,unresolved,,results/stage11/science/precursor_characterisation,,results/stage11/science/precursor_characterisation/prompt_condition_probe_summary.json,,,medium,,unmatched
results_stage11_science_precursor_characterisation_run_prompt_condition_probe_events,summary_or_raw_artifact,stage11,precursor_characterisation,unresolved,run_prompt_condition_probe_events,unresolved,,results/stage11/science/precursor_characterisation,results/stage11/science/precursor_characterisation/run_prompt_condition_probe_events.jsonl,,results/stage11/science/precursor_characterisation/run_prompt_condition_probe_events.jsonl,,medium,,unmatched
results_stage11_science_proximity_gradient_proximity_gradient_summary,summary_or_raw_artifact,stage11,proximity_gradient,unresolved,proximity_gradient_summary,unresolved,,results/stage11/science/proximity_gradient,,results/stage11/science/proximity_gradient/proximity_gradient_summary.json,,,medium,,unmatched
results_stage11_science_variable_renaming_h11_knockout_patching_results,summary_or_raw_artifact,stage11,h11_knockout,unresolved,patching_results,unresolved,,results/stage11/science/variable_renaming/h11_knockout,results/stage11/science/variable_renaming/h11_knockout/patching_results.csv,,,,medium,,unmatched
results_stage11_science_variable_renaming_h11_knockout_patching_summary,summary_or_raw_artifact,stage11,h11_knockout,unresolved,patching_summary,unresolved,,results/stage11/science/variable_renaming/h11_knockout,,results/stage11/science/variable_renaming/h11_knockout/patching_summary.json,,,medium,,unmatched
results_stage11_science_variable_renaming_h11_knockout_run_causal_patching_events,summary_or_raw_artifact,stage11,h11_knockout,unresolved,run_causal_patching_events,unresolved,,results/stage11/science/variable_renaming/h11_knockout,results/stage11/science/variable_renaming/h11_knockout/run_causal_patching_events.jsonl,,results/stage11/science/variable_renaming/h11_knockout/run_causal_patching_events.jsonl,,medium,,unmatched
results_stage11_science_variable_renaming_probe_inference_family_mean_predictions,summary_or_raw_artifact,stage11,probe_inference,unresolved,family_mean_predictions,unresolved,,results/stage11/science/variable_renaming/probe_inference,results/stage11/science/variable_renaming/probe_inference/family_mean_predictions.json,,,,medium,,unmatched
results_stage11_science_variable_renaming_probe_inference_per_variant_predictions,summary_or_raw_artifact,stage11,probe_inference,unresolved,per_variant_predictions,unresolved,,results/stage11/science/variable_renaming/probe_inference,results/stage11/science/variable_renaming/probe_inference/per_variant_predictions.json,,,,medium,,unmatched
results_stage11_science_variable_renaming_probe_inference_summary,summary_or_raw_artifact,stage11,probe_inference,unresolved,summary,unresolved,,results/stage11/science/variable_renaming/probe_inference,,results/stage11/science/variable_renaming/probe_inference/summary.json,,,medium,,unmatched
results_stage11_variable_renaming_behavioural_analysis_per_family_summary,summary_or_raw_artifact,stage11,analysis,unresolved,per_family_summary,unresolved,,results/stage11/variable_renaming/behavioural/analysis,,results/stage11/variable_renaming/behavioural/analysis/per_family_summary.csv,,,medium,,unmatched
results_stage11_variable_renaming_behavioural_analysis_summary,summary_or_raw_artifact,stage11,analysis,unresolved,summary,unresolved,,results/stage11/variable_renaming/behavioural/analysis,,results/stage11/variable_renaming/behavioural/analysis/summary.json,,,medium,,unmatched
results_stage11_variable_renaming_behavioural_run_behavioural_events,summary_or_raw_artifact,stage11,behavioural,unresolved,run_behavioural_events,unresolved,,results/stage11/variable_renaming/behavioural,results/stage11/variable_renaming/behavioural/run_behavioural_events.jsonl,,results/stage11/variable_renaming/behavioural/run_behavioural_events.jsonl,,medium,,unmatched
results_stage12_expanded_probe_training_per_variant_sweep_loo_predictions_per_variant,summary_or_raw_artifact,stage12,per_variant_sweep,unresolved,loo_predictions_per_variant,unresolved,,results/stage12/expanded_probe_training/per_variant_sweep,results/stage12/expanded_probe_training/per_variant_sweep/loo_predictions_per_variant.json,,,,medium,,unmatched
results_stage12_expanded_probe_training_per_variant_sweep_run_per_variant_probe_sweep_events,summary_or_raw_artifact,stage12,per_variant_sweep,unresolved,run_per_variant_probe_sweep_events,unresolved,,results/stage12/expanded_probe_training/per_variant_sweep,results/stage12/expanded_probe_training/per_variant_sweep/run_per_variant_probe_sweep_events.jsonl,,results/stage12/expanded_probe_training/per_variant_sweep/run_per_variant_probe_sweep_events.jsonl,,medium,,unmatched
results_stage12_expanded_probe_training_per_variant_sweep_summary_per_variant_sweep,summary_or_raw_artifact,stage12,per_variant_sweep,unresolved,summary_per_variant_sweep,unresolved,,results/stage12/expanded_probe_training/per_variant_sweep,,results/stage12/expanded_probe_training/per_variant_sweep/summary_per_variant_sweep.json,,,medium,,unmatched
results_stage12_expansion_probe_inference_family_mean_predictions,summary_or_raw_artifact,stage12,expansion_probe_inference,unresolved,family_mean_predictions,unresolved,,results/stage12/expansion_probe_inference,results/stage12/expansion_probe_inference/family_mean_predictions.json,,,,medium,stage12_expansion_probe_inference,matched
results_stage12_expansion_probe_inference_per_variant_predictions,summary_or_raw_artifact,stage12,expansion_probe_inference,unresolved,per_variant_predictions,unresolved,,results/stage12/expansion_probe_inference,results/stage12/expansion_probe_inference/per_variant_predictions.json,,,,medium,stage12_expansion_probe_inference,matched
results_stage12_expansion_probe_inference_summary,summary_or_raw_artifact,stage12,expansion_probe_inference,unresolved,summary,unresolved,,results/stage12/expansion_probe_inference,,results/stage12/expansion_probe_inference/summary.json,,,medium,stage12_expansion_probe_inference,matched
results_stage12_llama_full_head_sweep_head_0_patching_results,summary_or_raw_artifact,stage12,head_0,llama,patching_results,unresolved,,results/stage12/llama_full_head_sweep/head_0,results/stage12/llama_full_head_sweep/head_0/patching_results.csv,,,,medium,,unmatched
results_stage12_llama_full_head_sweep_head_0_patching_summary,summary_or_raw_artifact,stage12,head_0,llama,patching_summary,unresolved,,results/stage12/llama_full_head_sweep/head_0,,results/stage12/llama_full_head_sweep/head_0/patching_summary.json,,,medium,,unmatched
results_stage12_llama_full_head_sweep_head_0_run_causal_patching_events,summary_or_raw_artifact,stage12,head_0,llama,run_causal_patching_events,unresolved,,results/stage12/llama_full_head_sweep/head_0,results/stage12/llama_full_head_sweep/head_0/run_causal_patching_events.jsonl,,results/stage12/llama_full_head_sweep/head_0/run_causal_patching_events.jsonl,,medium,,unmatched
results_stage12_llama_full_head_sweep_head_1_patching_results,summary_or_raw_artifact,stage12,head_1,llama,patching_results,unresolved,,results/stage12/llama_full_head_sweep/head_1,results/stage12/llama_full_head_sweep/head_1/patching_results.csv,,,,medium,,unmatched
results_stage12_llama_full_head_sweep_head_1_patching_summary,summary_or_raw_artifact,stage12,head_1,llama,patching_summary,unresolved,,results/stage12/llama_full_head_sweep/head_1,,results/stage12/llama_full_head_sweep/head_1/patching_summary.json,,,medium,,unmatched
results_stage12_llama_full_head_sweep_head_1_run_causal_patching_events,summary_or_raw_artifact,stage12,head_1,llama,run_causal_patching_events,unresolved,,results/stage12/llama_full_head_sweep/head_1,results/stage12/llama_full_head_sweep/head_1/run_causal_patching_events.jsonl,,results/stage12/llama_full_head_sweep/head_1/run_causal_patching_events.jsonl,,medium,,unmatched
results_stage12_llama_full_head_sweep_head_10_patching_results,summary_or_raw_artifact,stage12,head_10,llama,patching_results,unresolved,,results/stage12/llama_full_head_sweep/head_10,results/stage12/llama_full_head_sweep/head_10/patching_results.csv,,,,medium,,unmatched
results_stage12_llama_full_head_sweep_head_10_patching_summary,summary_or_raw_artifact,stage12,head_10,llama,patching_summary,unresolved,,results/stage12/llama_full_head_sweep/head_10,,results/stage12/llama_full_head_sweep/head_10/patching_summary.json,,,medium,,unmatched
results_stage12_llama_full_head_sweep_head_10_run_causal_patching_events,summary_or_raw_artifact,stage12,head_10,llama,run_causal_patching_events,unresolved,,results/stage12/llama_full_head_sweep/head_10,results/stage12/llama_full_head_sweep/head_10/run_causal_patching_events.jsonl,,results/stage12/llama_full_head_sweep/head_10/run_causal_patching_events.jsonl,,medium,,unmatched
results_stage12_llama_full_head_sweep_head_11_patching_results,summary_or_raw_artifact,stage12,head_11,llama,patching_results,unresolved,,results/stage12/llama_full_head_sweep/head_11,results/stage12/llama_full_head_sweep/head_11/patching_results.csv,,,,medium,,unmatched
results_stage12_llama_full_head_sweep_head_11_patching_summary,summary_or_raw_artifact,stage12,head_11,llama,patching_summary,unresolved,,results/stage12/llama_full_head_sweep/head_11,,results/stage12/llama_full_head_sweep/head_11/patching_summary.json,,,medium,,unmatched
results_stage12_llama_full_head_sweep_head_11_run_causal_patching_events,summary_or_raw_artifact,stage12,head_11,llama,run_causal_patching_events,unresolved,,results/stage12/llama_full_head_sweep/head_11,results/stage12/llama_full_head_sweep/head_11/run_causal_patching_events.jsonl,,results/stage12/llama_full_head_sweep/head_11/run_causal_patching_events.jsonl,,medium,,unmatched
results_stage12_llama_full_head_sweep_head_12_patching_results,summary_or_raw_artifact,stage12,head_12,llama,patching_results,unresolved,,results/stage12/llama_full_head_sweep/head_12,results/stage12/llama_full_head_sweep/head_12/patching_results.csv,,,,medium,,unmatched
results_stage12_llama_full_head_sweep_head_12_patching_summary,summary_or_raw_artifact,stage12,head_12,llama,patching_summary,unresolved,,results/stage12/llama_full_head_sweep/head_12,,results/stage12/llama_full_head_sweep/head_12/patching_summary.json,,,medium,,unmatched
results_stage12_llama_full_head_sweep_head_12_run_causal_patching_events,summary_or_raw_artifact,stage12,head_12,llama,run_causal_patching_events,unresolved,,results/stage12/llama_full_head_sweep/head_12,results/stage12/llama_full_head_sweep/head_12/run_causal_patching_events.jsonl,,results/stage12/llama_full_head_sweep/head_12/run_causal_patching_events.jsonl,,medium,,unmatched
results_stage12_llama_full_head_sweep_head_13_patching_results,summary_or_raw_artifact,stage12,head_13,llama,patching_results,unresolved,,results/stage12/llama_full_head_sweep/head_13,results/stage12/llama_full_head_sweep/head_13/patching_results.csv,,,,medium,,unmatched
results_stage12_llama_full_head_sweep_head_13_patching_summary,summary_or_raw_artifact,stage12,head_13,llama,patching_summary,unresolved,,results/stage12/llama_full_head_sweep/head_13,,results/stage12/llama_full_head_sweep/head_13/patching_summary.json,,,medium,,unmatched
results_stage12_llama_full_head_sweep_head_13_run_causal_patching_events,summary_or_raw_artifact,stage12,head_13,llama,run_causal_patching_events,unresolved,,results/stage12/llama_full_head_sweep/head_13,results/stage12/llama_full_head_sweep/head_13/run_causal_patching_events.jsonl,,results/stage12/llama_full_head_sweep/head_13/run_causal_patching_events.jsonl,,medium,,unmatched
results_stage12_llama_full_head_sweep_head_14_patching_results,summary_or_raw_artifact,stage12,head_14,llama,patching_results,unresolved,,results/stage12/llama_full_head_sweep/head_14,results/stage12/llama_full_head_sweep/head_14/patching_results.csv,,,,medium,,unmatched
results_stage12_llama_full_head_sweep_head_14_patching_summary,summary_or_raw_artifact,stage12,head_14,llama,patching_summary,unresolved,,results/stage12/llama_full_head_sweep/head_14,,results/stage12/llama_full_head_sweep/head_14/patching_summary.json,,,medium,,unmatched
results_stage12_llama_full_head_sweep_head_14_run_causal_patching_events,summary_or_raw_artifact,stage12,head_14,llama,run_causal_patching_events,unresolved,,results/stage12/llama_full_head_sweep/head_14,results/stage12/llama_full_head_sweep/head_14/run_causal_patching_events.jsonl,,results/stage12/llama_full_head_sweep/head_14/run_causal_patching_events.jsonl,,medium,,unmatched
results_stage12_llama_full_head_sweep_head_15_patching_results,summary_or_raw_artifact,stage12,head_15,llama,patching_results,unresolved,,results/stage12/llama_full_head_sweep/head_15,results/stage12/llama_full_head_sweep/head_15/patching_results.csv,,,,medium,,unmatched
results_stage12_llama_full_head_sweep_head_15_patching_summary,summary_or_raw_artifact,stage12,head_15,llama,patching_summary,unresolved,,results/stage12/llama_full_head_sweep/head_15,,results/stage12/llama_full_head_sweep/head_15/patching_summary.json,,,medium,,unmatched
results_stage12_llama_full_head_sweep_head_15_run_causal_patching_events,summary_or_raw_artifact,stage12,head_15,llama,run_causal_patching_events,unresolved,,results/stage12/llama_full_head_sweep/head_15,results/stage12/llama_full_head_sweep/head_15/run_causal_patching_events.jsonl,,results/stage12/llama_full_head_sweep/head_15/run_causal_patching_events.jsonl,,medium,,unmatched
results_stage12_llama_full_head_sweep_head_16_patching_results,summary_or_raw_artifact,stage12,head_16,llama,patching_results,unresolved,,results/stage12/llama_full_head_sweep/head_16,results/stage12/llama_full_head_sweep/head_16/patching_results.csv,,,,medium,,unmatched
results_stage12_llama_full_head_sweep_head_16_patching_summary,summary_or_raw_artifact,stage12,head_16,llama,patching_summary,unresolved,,results/stage12/llama_full_head_sweep/head_16,,results/stage12/llama_full_head_sweep/head_16/patching_summary.json,,,medium,,unmatched
results_stage12_llama_full_head_sweep_head_16_run_causal_patching_events,summary_or_raw_artifact,stage12,head_16,llama,run_causal_patching_events,unresolved,,results/stage12/llama_full_head_sweep/head_16,results/stage12/llama_full_head_sweep/head_16/run_causal_patching_events.jsonl,,results/stage12/llama_full_head_sweep/head_16/run_causal_patching_events.jsonl,,medium,,unmatched
results_stage12_llama_full_head_sweep_head_17_patching_results,summary_or_raw_artifact,stage12,head_17,llama,patching_results,unresolved,,results/stage12/llama_full_head_sweep/head_17,results/stage12/llama_full_head_sweep/head_17/patching_results.csv,,,,medium,,unmatched
results_stage12_llama_full_head_sweep_head_17_patching_summary,summary_or_raw_artifact,stage12,head_17,llama,patching_summary,unresolved,,results/stage12/llama_full_head_sweep/head_17,,results/stage12/llama_full_head_sweep/head_17/patching_summary.json,,,medium,,unmatched
results_stage12_llama_full_head_sweep_head_17_run_causal_patching_events,summary_or_raw_artifact,stage12,head_17,llama,run_causal_patching_events,unresolved,,results/stage12/llama_full_head_sweep/head_17,results/stage12/llama_full_head_sweep/head_17/run_causal_patching_events.jsonl,,results/stage12/llama_full_head_sweep/head_17/run_causal_patching_events.jsonl,,medium,,unmatched
results_stage12_llama_full_head_sweep_head_18_patching_results,summary_or_raw_artifact,stage12,head_18,llama,patching_results,unresolved,,results/stage12/llama_full_head_sweep/head_18,results/stage12/llama_full_head_sweep/head_18/patching_results.csv,,,,medium,,unmatched
results_stage12_llama_full_head_sweep_head_18_patching_summary,summary_or_raw_artifact,stage12,head_18,llama,patching_summary,unresolved,,results/stage12/llama_full_head_sweep/head_18,,results/stage12/llama_full_head_sweep/head_18/patching_summary.json,,,medium,,unmatched
results_stage12_llama_full_head_sweep_head_18_run_causal_patching_events,summary_or_raw_artifact,stage12,head_18,llama,run_causal_patching_events,unresolved,,results/stage12/llama_full_head_sweep/head_18,results/stage12/llama_full_head_sweep/head_18/run_causal_patching_events.jsonl,,results/stage12/llama_full_head_sweep/head_18/run_causal_patching_events.jsonl,,medium,,unmatched
results_stage12_llama_full_head_sweep_head_19_patching_results,summary_or_raw_artifact,stage12,head_19,llama,patching_results,unresolved,,results/stage12/llama_full_head_sweep/head_19,results/stage12/llama_full_head_sweep/head_19/patching_results.csv,,,,medium,,unmatched
results_stage12_llama_full_head_sweep_head_19_patching_summary,summary_or_raw_artifact,stage12,head_19,llama,patching_summary,unresolved,,results/stage12/llama_full_head_sweep/head_19,,results/stage12/llama_full_head_sweep/head_19/patching_summary.json,,,medium,,unmatched
results_stage12_llama_full_head_sweep_head_19_run_causal_patching_events,summary_or_raw_artifact,stage12,head_19,llama,run_causal_patching_events,unresolved,,results/stage12/llama_full_head_sweep/head_19,results/stage12/llama_full_head_sweep/head_19/run_causal_patching_events.jsonl,,results/stage12/llama_full_head_sweep/head_19/run_causal_patching_events.jsonl,,medium,,unmatched
results_stage12_llama_full_head_sweep_head_2_patching_results,summary_or_raw_artifact,stage12,head_2,llama,patching_results,unresolved,,results/stage12/llama_full_head_sweep/head_2,results/stage12/llama_full_head_sweep/head_2/patching_results.csv,,,,medium,,unmatched
results_stage12_llama_full_head_sweep_head_2_patching_summary,summary_or_raw_artifact,stage12,head_2,llama,patching_summary,unresolved,,results/stage12/llama_full_head_sweep/head_2,,results/stage12/llama_full_head_sweep/head_2/patching_summary.json,,,medium,,unmatched
results_stage12_llama_full_head_sweep_head_2_run_causal_patching_events,summary_or_raw_artifact,stage12,head_2,llama,run_causal_patching_events,unresolved,,results/stage12/llama_full_head_sweep/head_2,results/stage12/llama_full_head_sweep/head_2/run_causal_patching_events.jsonl,,results/stage12/llama_full_head_sweep/head_2/run_causal_patching_events.jsonl,,medium,,unmatched
results_stage12_llama_full_head_sweep_head_20_patching_results,summary_or_raw_artifact,stage12,head_20,llama,patching_results,unresolved,,results/stage12/llama_full_head_sweep/head_20,results/stage12/llama_full_head_sweep/head_20/patching_results.csv,,,,medium,,unmatched
results_stage12_llama_full_head_sweep_head_20_patching_summary,summary_or_raw_artifact,stage12,head_20,llama,patching_summary,unresolved,,results/stage12/llama_full_head_sweep/head_20,,results/stage12/llama_full_head_sweep/head_20/patching_summary.json,,,medium,,unmatched
results_stage12_llama_full_head_sweep_head_20_run_causal_patching_events,summary_or_raw_artifact,stage12,head_20,llama,run_causal_patching_events,unresolved,,results/stage12/llama_full_head_sweep/head_20,results/stage12/llama_full_head_sweep/head_20/run_causal_patching_events.jsonl,,results/stage12/llama_full_head_sweep/head_20/run_causal_patching_events.jsonl,,medium,,unmatched
results_stage12_llama_full_head_sweep_head_21_patching_results,summary_or_raw_artifact,stage12,head_21,llama,patching_results,unresolved,,results/stage12/llama_full_head_sweep/head_21,results/stage12/llama_full_head_sweep/head_21/patching_results.csv,,,,medium,,unmatched
results_stage12_llama_full_head_sweep_head_21_patching_summary,summary_or_raw_artifact,stage12,head_21,llama,patching_summary,unresolved,,results/stage12/llama_full_head_sweep/head_21,,results/stage12/llama_full_head_sweep/head_21/patching_summary.json,,,medium,,unmatched
results_stage12_llama_full_head_sweep_head_21_run_causal_patching_events,summary_or_raw_artifact,stage12,head_21,llama,run_causal_patching_events,unresolved,,results/stage12/llama_full_head_sweep/head_21,results/stage12/llama_full_head_sweep/head_21/run_causal_patching_events.jsonl,,results/stage12/llama_full_head_sweep/head_21/run_causal_patching_events.jsonl,,medium,,unmatched
results_stage12_llama_full_head_sweep_head_22_patching_results,summary_or_raw_artifact,stage12,head_22,llama,patching_results,unresolved,,results/stage12/llama_full_head_sweep/head_22,results/stage12/llama_full_head_sweep/head_22/patching_results.csv,,,,medium,,unmatched
results_stage12_llama_full_head_sweep_head_22_patching_summary,summary_or_raw_artifact,stage12,head_22,llama,patching_summary,unresolved,,results/stage12/llama_full_head_sweep/head_22,,results/stage12/llama_full_head_sweep/head_22/patching_summary.json,,,medium,,unmatched
results_stage12_llama_full_head_sweep_head_22_run_causal_patching_events,summary_or_raw_artifact,stage12,head_22,llama,run_causal_patching_events,unresolved,,results/stage12/llama_full_head_sweep/head_22,results/stage12/llama_full_head_sweep/head_22/run_causal_patching_events.jsonl,,results/stage12/llama_full_head_sweep/head_22/run_causal_patching_events.jsonl,,medium,,unmatched
results_stage12_llama_full_head_sweep_head_23_patching_results,summary_or_raw_artifact,stage12,head_23,llama,patching_results,unresolved,,results/stage12/llama_full_head_sweep/head_23,results/stage12/llama_full_head_sweep/head_23/patching_results.csv,,,,medium,,unmatched
results_stage12_llama_full_head_sweep_head_23_patching_summary,summary_or_raw_artifact,stage12,head_23,llama,patching_summary,unresolved,,results/stage12/llama_full_head_sweep/head_23,,results/stage12/llama_full_head_sweep/head_23/patching_summary.json,,,medium,,unmatched
results_stage12_llama_full_head_sweep_head_23_run_causal_patching_events,summary_or_raw_artifact,stage12,head_23,llama,run_causal_patching_events,unresolved,,results/stage12/llama_full_head_sweep/head_23,results/stage12/llama_full_head_sweep/head_23/run_causal_patching_events.jsonl,,results/stage12/llama_full_head_sweep/head_23/run_causal_patching_events.jsonl,,medium,,unmatched
results_stage12_llama_full_head_sweep_head_24_patching_results,summary_or_raw_artifact,stage12,head_24,llama,patching_results,unresolved,,results/stage12/llama_full_head_sweep/head_24,results/stage12/llama_full_head_sweep/head_24/patching_results.csv,,,,medium,,unmatched
results_stage12_llama_full_head_sweep_head_24_patching_summary,summary_or_raw_artifact,stage12,head_24,llama,patching_summary,unresolved,,results/stage12/llama_full_head_sweep/head_24,,results/stage12/llama_full_head_sweep/head_24/patching_summary.json,,,medium,,unmatched
results_stage12_llama_full_head_sweep_head_24_run_causal_patching_events,summary_or_raw_artifact,stage12,head_24,llama,run_causal_patching_events,unresolved,,results/stage12/llama_full_head_sweep/head_24,results/stage12/llama_full_head_sweep/head_24/run_causal_patching_events.jsonl,,results/stage12/llama_full_head_sweep/head_24/run_causal_patching_events.jsonl,,medium,,unmatched
results_stage12_llama_full_head_sweep_head_25_patching_results,summary_or_raw_artifact,stage12,head_25,llama,patching_results,unresolved,,results/stage12/llama_full_head_sweep/head_25,results/stage12/llama_full_head_sweep/head_25/patching_results.csv,,,,medium,,unmatched
results_stage12_llama_full_head_sweep_head_25_patching_summary,summary_or_raw_artifact,stage12,head_25,llama,patching_summary,unresolved,,results/stage12/llama_full_head_sweep/head_25,,results/stage12/llama_full_head_sweep/head_25/patching_summary.json,,,medium,,unmatched
results_stage12_llama_full_head_sweep_head_25_run_causal_patching_events,summary_or_raw_artifact,stage12,head_25,llama,run_causal_patching_events,unresolved,,results/stage12/llama_full_head_sweep/head_25,results/stage12/llama_full_head_sweep/head_25/run_causal_patching_events.jsonl,,results/stage12/llama_full_head_sweep/head_25/run_causal_patching_events.jsonl,,medium,,unmatched
results_stage12_llama_full_head_sweep_head_26_patching_results,summary_or_raw_artifact,stage12,head_26,llama,patching_results,unresolved,,results/stage12/llama_full_head_sweep/head_26,results/stage12/llama_full_head_sweep/head_26/patching_results.csv,,,,medium,,unmatched
results_stage12_llama_full_head_sweep_head_26_patching_summary,summary_or_raw_artifact,stage12,head_26,llama,patching_summary,unresolved,,results/stage12/llama_full_head_sweep/head_26,,results/stage12/llama_full_head_sweep/head_26/patching_summary.json,,,medium,,unmatched
results_stage12_llama_full_head_sweep_head_26_run_causal_patching_events,summary_or_raw_artifact,stage12,head_26,llama,run_causal_patching_events,unresolved,,results/stage12/llama_full_head_sweep/head_26,results/stage12/llama_full_head_sweep/head_26/run_causal_patching_events.jsonl,,results/stage12/llama_full_head_sweep/head_26/run_causal_patching_events.jsonl,,medium,,unmatched
results_stage12_llama_full_head_sweep_head_27_patching_results,summary_or_raw_artifact,stage12,head_27,llama,patching_results,unresolved,,results/stage12/llama_full_head_sweep/head_27,results/stage12/llama_full_head_sweep/head_27/patching_results.csv,,,,medium,,unmatched
results_stage12_llama_full_head_sweep_head_27_patching_summary,summary_or_raw_artifact,stage12,head_27,llama,patching_summary,unresolved,,results/stage12/llama_full_head_sweep/head_27,,results/stage12/llama_full_head_sweep/head_27/patching_summary.json,,,medium,,unmatched
results_stage12_llama_full_head_sweep_head_27_run_causal_patching_events,summary_or_raw_artifact,stage12,head_27,llama,run_causal_patching_events,unresolved,,results/stage12/llama_full_head_sweep/head_27,results/stage12/llama_full_head_sweep/head_27/run_causal_patching_events.jsonl,,results/stage12/llama_full_head_sweep/head_27/run_causal_patching_events.jsonl,,medium,,unmatched
results_stage12_llama_full_head_sweep_head_28_patching_results,summary_or_raw_artifact,stage12,head_28,llama,patching_results,unresolved,,results/stage12/llama_full_head_sweep/head_28,results/stage12/llama_full_head_sweep/head_28/patching_results.csv,,,,medium,,unmatched
results_stage12_llama_full_head_sweep_head_28_patching_summary,summary_or_raw_artifact,stage12,head_28,llama,patching_summary,unresolved,,results/stage12/llama_full_head_sweep/head_28,,results/stage12/llama_full_head_sweep/head_28/patching_summary.json,,,medium,,unmatched
results_stage12_llama_full_head_sweep_head_28_run_causal_patching_events,summary_or_raw_artifact,stage12,head_28,llama,run_causal_patching_events,unresolved,,results/stage12/llama_full_head_sweep/head_28,results/stage12/llama_full_head_sweep/head_28/run_causal_patching_events.jsonl,,results/stage12/llama_full_head_sweep/head_28/run_causal_patching_events.jsonl,,medium,,unmatched
results_stage12_llama_full_head_sweep_head_29_patching_results,summary_or_raw_artifact,stage12,head_29,llama,patching_results,unresolved,,results/stage12/llama_full_head_sweep/head_29,results/stage12/llama_full_head_sweep/head_29/patching_results.csv,,,,medium,,unmatched
results_stage12_llama_full_head_sweep_head_29_patching_summary,summary_or_raw_artifact,stage12,head_29,llama,patching_summary,unresolved,,results/stage12/llama_full_head_sweep/head_29,,results/stage12/llama_full_head_sweep/head_29/patching_summary.json,,,medium,,unmatched
results_stage12_llama_full_head_sweep_head_29_run_causal_patching_events,summary_or_raw_artifact,stage12,head_29,llama,run_causal_patching_events,unresolved,,results/stage12/llama_full_head_sweep/head_29,results/stage12/llama_full_head_sweep/head_29/run_causal_patching_events.jsonl,,results/stage12/llama_full_head_sweep/head_29/run_causal_patching_events.jsonl,,medium,,unmatched
results_stage12_llama_full_head_sweep_head_3_patching_results,summary_or_raw_artifact,stage12,head_3,llama,patching_results,unresolved,,results/stage12/llama_full_head_sweep/head_3,results/stage12/llama_full_head_sweep/head_3/patching_results.csv,,,,medium,,unmatched
results_stage12_llama_full_head_sweep_head_3_patching_summary,summary_or_raw_artifact,stage12,head_3,llama,patching_summary,unresolved,,results/stage12/llama_full_head_sweep/head_3,,results/stage12/llama_full_head_sweep/head_3/patching_summary.json,,,medium,,unmatched
results_stage12_llama_full_head_sweep_head_3_run_causal_patching_events,summary_or_raw_artifact,stage12,head_3,llama,run_causal_patching_events,unresolved,,results/stage12/llama_full_head_sweep/head_3,results/stage12/llama_full_head_sweep/head_3/run_causal_patching_events.jsonl,,results/stage12/llama_full_head_sweep/head_3/run_causal_patching_events.jsonl,,medium,,unmatched
results_stage12_llama_full_head_sweep_head_30_patching_results,summary_or_raw_artifact,stage12,head_30,llama,patching_results,unresolved,,results/stage12/llama_full_head_sweep/head_30,results/stage12/llama_full_head_sweep/head_30/patching_results.csv,,,,medium,,unmatched
results_stage12_llama_full_head_sweep_head_30_patching_summary,summary_or_raw_artifact,stage12,head_30,llama,patching_summary,unresolved,,results/stage12/llama_full_head_sweep/head_30,,results/stage12/llama_full_head_sweep/head_30/patching_summary.json,,,medium,,unmatched
results_stage12_llama_full_head_sweep_head_30_run_causal_patching_events,summary_or_raw_artifact,stage12,head_30,llama,run_causal_patching_events,unresolved,,results/stage12/llama_full_head_sweep/head_30,results/stage12/llama_full_head_sweep/head_30/run_causal_patching_events.jsonl,,results/stage12/llama_full_head_sweep/head_30/run_causal_patching_events.jsonl,,medium,,unmatched
results_stage12_llama_full_head_sweep_head_31_patching_results,summary_or_raw_artifact,stage12,head_31,llama,patching_results,unresolved,,results/stage12/llama_full_head_sweep/head_31,results/stage12/llama_full_head_sweep/head_31/patching_results.csv,,,,medium,,unmatched
results_stage12_llama_full_head_sweep_head_31_patching_summary,summary_or_raw_artifact,stage12,head_31,llama,patching_summary,unresolved,,results/stage12/llama_full_head_sweep/head_31,,results/stage12/llama_full_head_sweep/head_31/patching_summary.json,,,medium,,unmatched
results_stage12_llama_full_head_sweep_head_31_run_causal_patching_events,summary_or_raw_artifact,stage12,head_31,llama,run_causal_patching_events,unresolved,,results/stage12/llama_full_head_sweep/head_31,results/stage12/llama_full_head_sweep/head_31/run_causal_patching_events.jsonl,,results/stage12/llama_full_head_sweep/head_31/run_causal_patching_events.jsonl,,medium,,unmatched
results_stage12_llama_full_head_sweep_head_4_patching_results,summary_or_raw_artifact,stage12,head_4,llama,patching_results,unresolved,,results/stage12/llama_full_head_sweep/head_4,results/stage12/llama_full_head_sweep/head_4/patching_results.csv,,,,medium,,unmatched
results_stage12_llama_full_head_sweep_head_4_patching_summary,summary_or_raw_artifact,stage12,head_4,llama,patching_summary,unresolved,,results/stage12/llama_full_head_sweep/head_4,,results/stage12/llama_full_head_sweep/head_4/patching_summary.json,,,medium,,unmatched
results_stage12_llama_full_head_sweep_head_4_run_causal_patching_events,summary_or_raw_artifact,stage12,head_4,llama,run_causal_patching_events,unresolved,,results/stage12/llama_full_head_sweep/head_4,results/stage12/llama_full_head_sweep/head_4/run_causal_patching_events.jsonl,,results/stage12/llama_full_head_sweep/head_4/run_causal_patching_events.jsonl,,medium,,unmatched
results_stage12_llama_full_head_sweep_head_5_patching_results,summary_or_raw_artifact,stage12,head_5,llama,patching_results,unresolved,,results/stage12/llama_full_head_sweep/head_5,results/stage12/llama_full_head_sweep/head_5/patching_results.csv,,,,medium,,unmatched
results_stage12_llama_full_head_sweep_head_5_patching_summary,summary_or_raw_artifact,stage12,head_5,llama,patching_summary,unresolved,,results/stage12/llama_full_head_sweep/head_5,,results/stage12/llama_full_head_sweep/head_5/patching_summary.json,,,medium,,unmatched
results_stage12_llama_full_head_sweep_head_5_run_causal_patching_events,summary_or_raw_artifact,stage12,head_5,llama,run_causal_patching_events,unresolved,,results/stage12/llama_full_head_sweep/head_5,results/stage12/llama_full_head_sweep/head_5/run_causal_patching_events.jsonl,,results/stage12/llama_full_head_sweep/head_5/run_causal_patching_events.jsonl,,medium,,unmatched
results_stage12_llama_full_head_sweep_head_6_patching_results,summary_or_raw_artifact,stage12,head_6,llama,patching_results,unresolved,,results/stage12/llama_full_head_sweep/head_6,results/stage12/llama_full_head_sweep/head_6/patching_results.csv,,,,medium,,unmatched
results_stage12_llama_full_head_sweep_head_6_patching_summary,summary_or_raw_artifact,stage12,head_6,llama,patching_summary,unresolved,,results/stage12/llama_full_head_sweep/head_6,,results/stage12/llama_full_head_sweep/head_6/patching_summary.json,,,medium,,unmatched
results_stage12_llama_full_head_sweep_head_6_run_causal_patching_events,summary_or_raw_artifact,stage12,head_6,llama,run_causal_patching_events,unresolved,,results/stage12/llama_full_head_sweep/head_6,results/stage12/llama_full_head_sweep/head_6/run_causal_patching_events.jsonl,,results/stage12/llama_full_head_sweep/head_6/run_causal_patching_events.jsonl,,medium,,unmatched
results_stage12_llama_full_head_sweep_head_7_patching_results,summary_or_raw_artifact,stage12,head_7,llama,patching_results,unresolved,,results/stage12/llama_full_head_sweep/head_7,results/stage12/llama_full_head_sweep/head_7/patching_results.csv,,,,medium,,unmatched
results_stage12_llama_full_head_sweep_head_7_patching_summary,summary_or_raw_artifact,stage12,head_7,llama,patching_summary,unresolved,,results/stage12/llama_full_head_sweep/head_7,,results/stage12/llama_full_head_sweep/head_7/patching_summary.json,,,medium,,unmatched
results_stage12_llama_full_head_sweep_head_7_run_causal_patching_events,summary_or_raw_artifact,stage12,head_7,llama,run_causal_patching_events,unresolved,,results/stage12/llama_full_head_sweep/head_7,results/stage12/llama_full_head_sweep/head_7/run_causal_patching_events.jsonl,,results/stage12/llama_full_head_sweep/head_7/run_causal_patching_events.jsonl,,medium,,unmatched
results_stage12_llama_full_head_sweep_head_8_patching_results,summary_or_raw_artifact,stage12,head_8,llama,patching_results,unresolved,,results/stage12/llama_full_head_sweep/head_8,results/stage12/llama_full_head_sweep/head_8/patching_results.csv,,,,medium,,unmatched
results_stage12_llama_full_head_sweep_head_8_patching_summary,summary_or_raw_artifact,stage12,head_8,llama,patching_summary,unresolved,,results/stage12/llama_full_head_sweep/head_8,,results/stage12/llama_full_head_sweep/head_8/patching_summary.json,,,medium,,unmatched
results_stage12_llama_full_head_sweep_head_8_run_causal_patching_events,summary_or_raw_artifact,stage12,head_8,llama,run_causal_patching_events,unresolved,,results/stage12/llama_full_head_sweep/head_8,results/stage12/llama_full_head_sweep/head_8/run_causal_patching_events.jsonl,,results/stage12/llama_full_head_sweep/head_8/run_causal_patching_events.jsonl,,medium,,unmatched
results_stage12_llama_full_head_sweep_head_9_patching_results,summary_or_raw_artifact,stage12,head_9,llama,patching_results,unresolved,,results/stage12/llama_full_head_sweep/head_9,results/stage12/llama_full_head_sweep/head_9/patching_results.csv,,,,medium,,unmatched
results_stage12_llama_full_head_sweep_head_9_patching_summary,summary_or_raw_artifact,stage12,head_9,llama,patching_summary,unresolved,,results/stage12/llama_full_head_sweep/head_9,,results/stage12/llama_full_head_sweep/head_9/patching_summary.json,,,medium,,unmatched
results_stage12_llama_full_head_sweep_head_9_run_causal_patching_events,summary_or_raw_artifact,stage12,head_9,llama,run_causal_patching_events,unresolved,,results/stage12/llama_full_head_sweep/head_9,results/stage12/llama_full_head_sweep/head_9/run_causal_patching_events.jsonl,,results/stage12/llama_full_head_sweep/head_9/run_causal_patching_events.jsonl,,medium,,unmatched
results_stage12_llama_full_head_sweep_head_sweep_summary,summary_or_raw_artifact,stage12,llama_full_head_sweep,llama,head_sweep_summary,unresolved,,results/stage12/llama_full_head_sweep,,results/stage12/llama_full_head_sweep/head_sweep_summary.json,,,medium,,unmatched
results_stage12_llama_full_head_sweep_head_sweep_summary_partial,summary_or_raw_artifact,stage12,llama_full_head_sweep,llama,head_sweep_summary.partial,unresolved,,results/stage12/llama_full_head_sweep,,results/stage12/llama_full_head_sweep/head_sweep_summary.partial.json,,,medium,,unmatched
results_stage12_llama_head2_combos_subset_2_patching_results,summary_or_raw_artifact,stage12,subset_2,llama,patching_results,unresolved,,results/stage12/llama_head2_combos/subset_2,results/stage12/llama_head2_combos/subset_2/patching_results.csv,,,,medium,,unmatched
results_stage12_llama_head2_combos_subset_2_patching_summary,summary_or_raw_artifact,stage12,subset_2,llama,patching_summary,unresolved,,results/stage12/llama_head2_combos/subset_2,,results/stage12/llama_head2_combos/subset_2/patching_summary.json,,,medium,,unmatched
results_stage12_llama_head2_combos_subset_2_run_causal_patching_events,summary_or_raw_artifact,stage12,subset_2,llama,run_causal_patching_events,unresolved,,results/stage12/llama_head2_combos/subset_2,results/stage12/llama_head2_combos/subset_2/run_causal_patching_events.jsonl,,results/stage12/llama_head2_combos/subset_2/run_causal_patching_events.jsonl,,medium,,unmatched
results_stage12_llama_head2_combos_subset_2_10_patching_results,summary_or_raw_artifact,stage12,subset_2_10,llama,patching_results,unresolved,,results/stage12/llama_head2_combos/subset_2_10,results/stage12/llama_head2_combos/subset_2_10/patching_results.csv,,,,medium,,unmatched
results_stage12_llama_head2_combos_subset_2_10_patching_summary,summary_or_raw_artifact,stage12,subset_2_10,llama,patching_summary,unresolved,,results/stage12/llama_head2_combos/subset_2_10,,results/stage12/llama_head2_combos/subset_2_10/patching_summary.json,,,medium,,unmatched
results_stage12_llama_head2_combos_subset_2_10_run_causal_patching_events,summary_or_raw_artifact,stage12,subset_2_10,llama,run_causal_patching_events,unresolved,,results/stage12/llama_head2_combos/subset_2_10,results/stage12/llama_head2_combos/subset_2_10/run_causal_patching_events.jsonl,,results/stage12/llama_head2_combos/subset_2_10/run_causal_patching_events.jsonl,,medium,,unmatched
results_stage12_llama_head2_combos_subset_2_10_23_patching_results,summary_or_raw_artifact,stage12,subset_2_10_23,llama,patching_results,unresolved,,results/stage12/llama_head2_combos/subset_2_10_23,results/stage12/llama_head2_combos/subset_2_10_23/patching_results.csv,,,,medium,,unmatched
results_stage12_llama_head2_combos_subset_2_10_23_patching_summary,summary_or_raw_artifact,stage12,subset_2_10_23,llama,patching_summary,unresolved,,results/stage12/llama_head2_combos/subset_2_10_23,,results/stage12/llama_head2_combos/subset_2_10_23/patching_summary.json,,,medium,,unmatched
results_stage12_llama_head2_combos_subset_2_10_23_run_causal_patching_events,summary_or_raw_artifact,stage12,subset_2_10_23,llama,run_causal_patching_events,unresolved,,results/stage12/llama_head2_combos/subset_2_10_23,results/stage12/llama_head2_combos/subset_2_10_23/run_causal_patching_events.jsonl,,results/stage12/llama_head2_combos/subset_2_10_23/run_causal_patching_events.jsonl,,medium,,unmatched
results_stage12_llama_head2_combos_subset_2_10_23_9_patching_results,summary_or_raw_artifact,stage12,subset_2_10_23_9,llama,patching_results,unresolved,,results/stage12/llama_head2_combos/subset_2_10_23_9,results/stage12/llama_head2_combos/subset_2_10_23_9/patching_results.csv,,,,medium,,unmatched
results_stage12_llama_head2_combos_subset_2_10_23_9_patching_summary,summary_or_raw_artifact,stage12,subset_2_10_23_9,llama,patching_summary,unresolved,,results/stage12/llama_head2_combos/subset_2_10_23_9,,results/stage12/llama_head2_combos/subset_2_10_23_9/patching_summary.json,,,medium,,unmatched
results_stage12_llama_head2_combos_subset_2_10_23_9_run_causal_patching_events,summary_or_raw_artifact,stage12,subset_2_10_23_9,llama,run_causal_patching_events,unresolved,,results/stage12/llama_head2_combos/subset_2_10_23_9,results/stage12/llama_head2_combos/subset_2_10_23_9/run_causal_patching_events.jsonl,,results/stage12/llama_head2_combos/subset_2_10_23_9/run_causal_patching_events.jsonl,,medium,,unmatched
results_stage12_llama_head2_combos_subset_2_23_patching_results,summary_or_raw_artifact,stage12,subset_2_23,llama,patching_results,unresolved,,results/stage12/llama_head2_combos/subset_2_23,results/stage12/llama_head2_combos/subset_2_23/patching_results.csv,,,,medium,,unmatched
results_stage12_llama_head2_combos_subset_2_23_patching_summary,summary_or_raw_artifact,stage12,subset_2_23,llama,patching_summary,unresolved,,results/stage12/llama_head2_combos/subset_2_23,,results/stage12/llama_head2_combos/subset_2_23/patching_summary.json,,,medium,,unmatched
results_stage12_llama_head2_combos_subset_2_23_run_causal_patching_events,summary_or_raw_artifact,stage12,subset_2_23,llama,run_causal_patching_events,unresolved,,results/stage12/llama_head2_combos/subset_2_23,results/stage12/llama_head2_combos/subset_2_23/run_causal_patching_events.jsonl,,results/stage12/llama_head2_combos/subset_2_23/run_causal_patching_events.jsonl,,medium,,unmatched
results_stage12_qwen_3b_behavioural_run_behavioural_events,summary_or_raw_artifact,stage12,behavioural,qwen,run_behavioural_events,unresolved,,results/stage12/qwen_3b/behavioural,results/stage12/qwen_3b/behavioural/run_behavioural_events.jsonl,,results/stage12/qwen_3b/behavioural/run_behavioural_events.jsonl,,medium,,unmatched
results_stage12_science_cross_cue_layer_sweep_cross_cue_transfer_summary,summary_or_raw_artifact,stage12,cross_cue_layer_sweep,unresolved,cross_cue_transfer_summary,unresolved,,results/stage12/science/cross_cue_layer_sweep,,results/stage12/science/cross_cue_layer_sweep/cross_cue_transfer_summary.json,,,medium,,unmatched
results_stage12_science_donor_renamed_same_answer_run_causal_patching_events,summary_or_raw_artifact,stage12,same_answer,unresolved,run_causal_patching_events,unresolved,,results/stage12/science/donor_renamed/same_answer,results/stage12/science/donor_renamed/same_answer/run_causal_patching_events.jsonl,,results/stage12/science/donor_renamed/same_answer/run_causal_patching_events.jsonl,,medium,,unmatched
results_stage12_science_donor_renamed_same_answer_same_answer_donor_results,summary_or_raw_artifact,stage12,same_answer,unresolved,same_answer_donor_results,unresolved,,results/stage12/science/donor_renamed/same_answer,results/stage12/science/donor_renamed/same_answer/same_answer_donor_results.csv,,,,medium,,unmatched
results_stage12_science_donor_renamed_same_answer_same_answer_donor_summary,summary_or_raw_artifact,stage12,same_answer,unresolved,same_answer_donor_summary,unresolved,,results/stage12/science/donor_renamed/same_answer,,results/stage12/science/donor_renamed/same_answer/same_answer_donor_summary.json,,,medium,,unmatched
results_stage12_science_donor_renamed_same_answer_same_answer_donor_summary_v4_correction,summary_or_raw_artifact,stage12,same_answer,unresolved,same_answer_donor_summary_v4_correction,unresolved,,results/stage12/science/donor_renamed/same_answer,,results/stage12/science/donor_renamed/same_answer/same_answer_donor_summary_v4_correction.json,,,medium,,unmatched
results_stage12_science_donor_renamed_stable_run_causal_patching_events,summary_or_raw_artifact,stage12,stable,unresolved,run_causal_patching_events,unresolved,,results/stage12/science/donor_renamed/stable,results/stage12/science/donor_renamed/stable/run_causal_patching_events.jsonl,,results/stage12/science/donor_renamed/stable/run_causal_patching_events.jsonl,,medium,,unmatched
results_stage12_science_donor_renamed_stable_stable_donor_results,summary_or_raw_artifact,stage12,stable,unresolved,stable_donor_results,unresolved,,results/stage12/science/donor_renamed/stable,results/stage12/science/donor_renamed/stable/stable_donor_results.csv,,,,medium,,unmatched
results_stage12_science_donor_renamed_stable_stable_donor_summary,summary_or_raw_artifact,stage12,stable,unresolved,stable_donor_summary,unresolved,,results/stage12/science/donor_renamed/stable,,results/stage12/science/donor_renamed/stable/stable_donor_summary.json,,,medium,,unmatched
results_stage12_science_donor_renamed_stable_stable_donor_summary_v4_correction,summary_or_raw_artifact,stage12,stable,unresolved,stable_donor_summary_v4_correction,unresolved,,results/stage12/science/donor_renamed/stable,,results/stage12/science/donor_renamed/stable/stable_donor_summary_v4_correction.json,,,medium,,unmatched
results_stage12_science_donor_specificity_donor_specificity_summary,summary_or_raw_artifact,stage12,donor_specificity,unresolved,donor_specificity_summary,unresolved,,results/stage12/science/donor_specificity,,results/stage12/science/donor_specificity/donor_specificity_summary.json,,,medium,,unmatched
results_stage12_science_donor_specificity_donor_specificity_summary_v4_correction,summary_or_raw_artifact,stage12,donor_specificity,unresolved,donor_specificity_summary_v4_correction,unresolved,,results/stage12/science/donor_specificity,,results/stage12/science/donor_specificity/donor_specificity_summary_v4_correction.json,,,medium,,unmatched
results_stage12_science_h11_h15_gating_gating_test_summary,summary_or_raw_artifact,stage12,h11_h15_gating,unresolved,gating_test_summary,unresolved,,results/stage12/science/h11_h15_gating,,results/stage12/science/h11_h15_gating/gating_test_summary.json,,,medium,,unmatched
results_stage12_science_h11_h15_gating_run_causal_patching_events,summary_or_raw_artifact,stage12,h11_h15_gating,unresolved,run_causal_patching_events,unresolved,,results/stage12/science/h11_h15_gating,results/stage12/science/h11_h15_gating/run_causal_patching_events.jsonl,,results/stage12/science/h11_h15_gating/run_causal_patching_events.jsonl,,medium,,unmatched
results_stage12_science_head_output_probes_head14_head_output_probe_predictions,summary_or_raw_artifact,stage12,head14,unresolved,head_output_probe_predictions,unresolved,,results/stage12/science/head_output_probes/head14,results/stage12/science/head_output_probes/head14/head_output_probe_predictions.json,,,,medium,,unmatched
results_stage12_science_head_output_probes_head14_head_output_probe_summary,summary_or_raw_artifact,stage12,head14,unresolved,head_output_probe_summary,unresolved,,results/stage12/science/head_output_probes/head14,,results/stage12/science/head_output_probes/head14/head_output_probe_summary.json,,,medium,,unmatched
results_stage12_science_head_output_probes_head15_head_output_probe_predictions,summary_or_raw_artifact,stage12,head15,unresolved,head_output_probe_predictions,unresolved,,results/stage12/science/head_output_probes/head15,results/stage12/science/head_output_probes/head15/head_output_probe_predictions.json,,,,medium,,unmatched
results_stage12_science_head_output_probes_head15_head_output_probe_summary,summary_or_raw_artifact,stage12,head15,unresolved,head_output_probe_summary,unresolved,,results/stage12/science/head_output_probes/head15,,results/stage12/science/head_output_probes/head15/head_output_probe_summary.json,,,medium,,unmatched
results_stage12_science_multi_site_probe_multi_site_probe_predictions,summary_or_raw_artifact,stage12,multi_site_probe,unresolved,multi_site_probe_predictions,unresolved,,results/stage12/science/multi_site_probe,results/stage12/science/multi_site_probe/multi_site_probe_predictions.json,,,,medium,,unmatched
results_stage12_science_multi_site_probe_multi_site_probe_summary,summary_or_raw_artifact,stage12,multi_site_probe,unresolved,multi_site_probe_summary,unresolved,,results/stage12/science/multi_site_probe,,results/stage12/science/multi_site_probe/multi_site_probe_summary.json,,,medium,,unmatched
results_stage12_science_multi_site_probe_run_multi_site_probe_events,summary_or_raw_artifact,stage12,multi_site_probe,unresolved,run_multi_site_probe_events,unresolved,,results/stage12/science/multi_site_probe,results/stage12/science/multi_site_probe/run_multi_site_probe_events.jsonl,,results/stage12/science/multi_site_probe/run_multi_site_probe_events.jsonl,,medium,,unmatched
results_stage13_benchmark_integrity_balance_audit_v3_predictions,summary_or_raw_artifact,stage13,benchmark_integrity,unresolved,balance_audit_v3_predictions,unresolved,,results/stage13/benchmark_integrity,results/stage13/benchmark_integrity/balance_audit_v3_predictions.csv,,,,medium,,unmatched
results_stage13_benchmark_integrity_balance_audit_v5_predictions,summary_or_raw_artifact,stage13,benchmark_integrity,unresolved,balance_audit_v5_predictions,unresolved,,results/stage13/benchmark_integrity,results/stage13/benchmark_integrity/balance_audit_v5_predictions.csv,,,,medium,,unmatched
results_stage13_benchmark_integrity_balance_audit_v6_family_predictions,summary_or_raw_artifact,stage13,benchmark_integrity,unresolved,balance_audit_v6_family_predictions,unresolved,,results/stage13/benchmark_integrity,results/stage13/benchmark_integrity/balance_audit_v6_family_predictions.csv,,,,medium,,unmatched
results_stage13_benchmark_integrity_balance_audit_v6_template_predictions,summary_or_raw_artifact,stage13,benchmark_integrity,unresolved,balance_audit_v6_template_predictions,unresolved,,results/stage13/benchmark_integrity,results/stage13/benchmark_integrity/balance_audit_v6_template_predictions.csv,,,,medium,,unmatched
results_stage13_benchmark_integrity_certificate_generation_summary_v5,summary_or_raw_artifact,stage13,benchmark_integrity,unresolved,certificate_generation_summary_v5,unresolved,,results/stage13/benchmark_integrity,,results/stage13/benchmark_integrity/certificate_generation_summary_v5.json,,,medium,,unmatched
results_stage13_benchmark_integrity_certificate_generation_summary_v6,summary_or_raw_artifact,stage13,benchmark_integrity,unresolved,certificate_generation_summary_v6,unresolved,,results/stage13/benchmark_integrity,,results/stage13/benchmark_integrity/certificate_generation_summary_v6.json,,,medium,,unmatched
results_stage13_benchmark_integrity_mutation_test_summary,summary_or_raw_artifact,stage13,benchmark_integrity,unresolved,mutation_test_summary,unresolved,,results/stage13/benchmark_integrity,,results/stage13/benchmark_integrity/mutation_test_summary.json,,,medium,,unmatched
results_stage13_benchmark_integrity_mutation_test_summary_v2,summary_or_raw_artifact,stage13,benchmark_integrity,unresolved,mutation_test_summary_v2,unresolved,,results/stage13/benchmark_integrity,,results/stage13/benchmark_integrity/mutation_test_summary_v2.json,,,medium,,unmatched
results_stage13_benchmark_integrity_mutation_test_summary_v3,summary_or_raw_artifact,stage13,benchmark_integrity,unresolved,mutation_test_summary_v3,unresolved,,results/stage13/benchmark_integrity,,results/stage13/benchmark_integrity/mutation_test_summary_v3.json,,,medium,,unmatched
results_stage13_benchmark_integrity_mutation_test_summary_v5,summary_or_raw_artifact,stage13,benchmark_integrity,unresolved,mutation_test_summary_v5,unresolved,,results/stage13/benchmark_integrity,,results/stage13/benchmark_integrity/mutation_test_summary_v5.json,,,medium,,unmatched
results_stage13_benchmark_integrity_mutation_test_summary_v6,summary_or_raw_artifact,stage13,benchmark_integrity,unresolved,mutation_test_summary_v6,unresolved,,results/stage13/benchmark_integrity,,results/stage13/benchmark_integrity/mutation_test_summary_v6.json,,,medium,,unmatched
results_stage13_benchmark_integrity_validation_materials_v3_summary,summary_or_raw_artifact,stage13,benchmark_integrity,unresolved,validation_materials_v3_summary,unresolved,,results/stage13/benchmark_integrity,,results/stage13/benchmark_integrity/validation_materials_v3_summary.json,,,medium,,unmatched
results_stage13_benchmark_integrity_validation_materials_v5_summary,summary_or_raw_artifact,stage13,benchmark_integrity,unresolved,validation_materials_v5_summary,unresolved,,results/stage13/benchmark_integrity,,results/stage13/benchmark_integrity/validation_materials_v5_summary.json,,,medium,,unmatched
results_stage13_benchmark_integrity_validation_materials_v6_summary,summary_or_raw_artifact,stage13,benchmark_integrity,unresolved,validation_materials_v6_summary,unresolved,,results/stage13/benchmark_integrity,,results/stage13/benchmark_integrity/validation_materials_v6_summary.json,,,medium,,unmatched
results_stage13_benchmark_integrity_validation_packet_summary,summary_or_raw_artifact,stage13,benchmark_integrity,unresolved,validation_packet_summary,unresolved,,results/stage13/benchmark_integrity,,results/stage13/benchmark_integrity/validation_packet_summary.json,,,medium,,unmatched
results_stage13_benchmark_integrity_validation_packet_summary_v2,summary_or_raw_artifact,stage13,benchmark_integrity,unresolved,validation_packet_summary_v2,unresolved,,results/stage13/benchmark_integrity,,results/stage13/benchmark_integrity/validation_packet_summary_v2.json,,,medium,,unmatched
results_stage2_compute_estimate_events,summary_or_raw_artifact,stage2,stage2,unresolved,compute_estimate_events,unresolved,,results/stage2,results/stage2/compute_estimate_events.jsonl,,results/stage2/compute_estimate_events.jsonl,,medium,,unmatched
results_stage2_hook_validation_validate_hooks_events,summary_or_raw_artifact,stage2,hook_validation,unresolved,validate_hooks_events,unresolved,,results/stage2/hook_validation,results/stage2/hook_validation/validate_hooks_events.jsonl,,results/stage2/hook_validation/validate_hooks_events.jsonl,,medium,,unmatched
results_stage2_logprob_validation_validate_logprob_events,summary_or_raw_artifact,stage2,logprob_validation,unresolved,validate_logprob_events,unresolved,,results/stage2/logprob_validation,results/stage2/logprob_validation/validate_logprob_events.jsonl,,results/stage2/logprob_validation/validate_logprob_events.jsonl,,medium,,unmatched
results_stage3_artefact_checks_stage3_artefact_checks_events,summary_or_raw_artifact,stage3,artefact_checks,unresolved,stage3_artefact_checks_events,unresolved,,results/stage3/artefact_checks,results/stage3/artefact_checks/stage3_artefact_checks_events.jsonl,,results/stage3/artefact_checks/stage3_artefact_checks_events.jsonl,,medium,,unmatched
results_stage3_rendering_render_all_templates_events,summary_or_raw_artifact,stage3,rendering,unresolved,render_all_templates_events,unresolved,,results/stage3/rendering,results/stage3/rendering/render_all_templates_events.jsonl,,results/stage3/rendering/render_all_templates_events.jsonl,,medium,,unmatched
results_stage3_rendering_render_summary,summary_or_raw_artifact,stage3,rendering,unresolved,render_summary,unresolved,,results/stage3/rendering,,results/stage3/rendering/render_summary.json,,,medium,,unmatched
results_stage3_rendering_render_summary_repair_el_a_003,summary_or_raw_artifact,stage3,rendering,unresolved,render_summary_repair_el_a_003,unresolved,,results/stage3/rendering,,results/stage3/rendering/render_summary_repair_el_a_003.json,,,medium,,unmatched
results_stage3_verification_verification_summary,summary_or_raw_artifact,stage3,verification,unresolved,verification_summary,unresolved,,results/stage3/verification,,results/stage3/verification/verification_summary.json,,,medium,,unmatched
results_stage4_analysis_analyse_stage4_events,summary_or_raw_artifact,stage4,analysis,unresolved,analyse_stage4_events,unresolved,,results/stage4/analysis,results/stage4/analysis/analyse_stage4_events.jsonl,,results/stage4/analysis/analyse_stage4_events.jsonl,,medium,,unmatched
results_stage4_analysis_stage4_sensitivity_summary,summary_or_raw_artifact,stage4,analysis,unresolved,stage4_sensitivity_summary,unresolved,,results/stage4/analysis,,results/stage4/analysis/stage4_sensitivity_summary.json,,,medium,,unmatched
results_stage4_behavioural_run_behavioural_events,summary_or_raw_artifact,stage4,behavioural,unresolved,run_behavioural_events,unresolved,,results/stage4/behavioural,results/stage4/behavioural/run_behavioural_events.jsonl,,results/stage4/behavioural/run_behavioural_events.jsonl,,medium,,unmatched
results_stage4_behavioural_local_dryrun_run_behavioural_events,summary_or_raw_artifact,stage4,behavioural_local_dryrun,unresolved,run_behavioural_events,unresolved,,results/stage4/behavioural_local_dryrun,results/stage4/behavioural_local_dryrun/run_behavioural_events.jsonl,,results/stage4/behavioural_local_dryrun/run_behavioural_events.jsonl,,medium,,unmatched
results_stage4_behavioural_local_dryrun2_run_behavioural_events,summary_or_raw_artifact,stage4,behavioural_local_dryrun2,unresolved,run_behavioural_events,unresolved,,results/stage4/behavioural_local_dryrun2,results/stage4/behavioural_local_dryrun2/run_behavioural_events.jsonl,,results/stage4/behavioural_local_dryrun2/run_behavioural_events.jsonl,,medium,,unmatched
results_stage4_repair_analysis_analyse_stage4_events,summary_or_raw_artifact,stage4_repair,analysis,unresolved,analyse_stage4_events,unresolved,,results/stage4_repair/analysis,results/stage4_repair/analysis/analyse_stage4_events.jsonl,,results/stage4_repair/analysis/analyse_stage4_events.jsonl,,medium,,unmatched
results_stage4_repair_analysis_stage4_sensitivity_summary,summary_or_raw_artifact,stage4_repair,analysis,unresolved,stage4_sensitivity_summary,unresolved,,results/stage4_repair/analysis,,results/stage4_repair/analysis/stage4_sensitivity_summary.json,,,medium,,unmatched
results_stage4_repair_analysis_v2_analyse_stage4_events,summary_or_raw_artifact,stage4_repair,analysis_v2,unresolved,analyse_stage4_events,unresolved,,results/stage4_repair/analysis_v2,results/stage4_repair/analysis_v2/analyse_stage4_events.jsonl,,results/stage4_repair/analysis_v2/analyse_stage4_events.jsonl,,medium,,unmatched
results_stage4_repair_analysis_v2_stage4_sensitivity_summary,summary_or_raw_artifact,stage4_repair,analysis_v2,unresolved,stage4_sensitivity_summary,unresolved,,results/stage4_repair/analysis_v2,,results/stage4_repair/analysis_v2/stage4_sensitivity_summary.json,,,medium,,unmatched
results_stage4_repair_behavioural_run_behavioural_events,summary_or_raw_artifact,stage4_repair,behavioural,unresolved,run_behavioural_events,unresolved,,results/stage4_repair/behavioural,results/stage4_repair/behavioural/run_behavioural_events.jsonl,,results/stage4_repair/behavioural/run_behavioural_events.jsonl,,medium,,unmatched
results_stage4_repair_mini_validation_run_behavioural_events,summary_or_raw_artifact,stage4_repair,mini_validation,unresolved,run_behavioural_events,unresolved,,results/stage4_repair/mini_validation,results/stage4_repair/mini_validation/run_behavioural_events.jsonl,,results/stage4_repair/mini_validation/run_behavioural_events.jsonl,,medium,,unmatched
results_stage5_baselines_run_baselines_surface_events,summary_or_raw_artifact,stage5,baselines,unresolved,run_baselines_surface_events,unresolved,,results/stage5/baselines,results/stage5/baselines/run_baselines_surface_events.jsonl,,results/stage5/baselines/run_baselines_surface_events.jsonl,,medium,,unmatched
results_stage5_baselines_repair_run_baselines_surface_events,summary_or_raw_artifact,stage5,baselines_repair,unresolved,run_baselines_surface_events,unresolved,,results/stage5/baselines_repair,results/stage5/baselines_repair/run_baselines_surface_events.jsonl,,results/stage5/baselines_repair/run_baselines_surface_events.jsonl,,medium,,unmatched
results_stage5_baselines_repair_v2_run_baselines_surface_events,summary_or_raw_artifact,stage5,baselines_repair_v2,unresolved,run_baselines_surface_events,unresolved,,results/stage5/baselines_repair_v2,results/stage5/baselines_repair_v2/run_baselines_surface_events.jsonl,,results/stage5/baselines_repair_v2/run_baselines_surface_events.jsonl,,medium,,unmatched
results_stage5_probing_loo_predictions_contrast,summary_or_raw_artifact,stage5,probing,unresolved,loo_predictions_contrast,unresolved,,results/stage5/probing,results/stage5/probing/loo_predictions_contrast.json,,,,medium,,unmatched
results_stage5_probing_loo_predictions_pca10,summary_or_raw_artifact,stage5,probing,unresolved,loo_predictions_pca10,unresolved,,results/stage5/probing,results/stage5/probing/loo_predictions_pca10.json,,,,medium,,unmatched
results_stage5_probing_loo_predictions_pca20,summary_or_raw_artifact,stage5,probing,unresolved,loo_predictions_pca20,unresolved,,results/stage5/probing,results/stage5/probing/loo_predictions_pca20.json,,,,medium,,unmatched
results_stage5_probing_loo_predictions_pca50,summary_or_raw_artifact,stage5,probing,unresolved,loo_predictions_pca50,unresolved,,results/stage5/probing,results/stage5/probing/loo_predictions_pca50.json,,,,medium,,unmatched
results_stage5_probing_loo_predictions_resid_post_last_prompt,summary_or_raw_artifact,stage5,probing,unresolved,loo_predictions_resid_post_last_prompt,unresolved,,results/stage5/probing,results/stage5/probing/loo_predictions_resid_post_last_prompt.json,,,,medium,,unmatched
results_stage5_probing_run_probing_events,summary_or_raw_artifact,stage5,probing,unresolved,run_probing_events,unresolved,,results/stage5/probing,results/stage5/probing/run_probing_events.jsonl,,results/stage5/probing/run_probing_events.jsonl,,medium,,unmatched
results_stage5_probing_summary_contrast,summary_or_raw_artifact,stage5,probing,unresolved,summary_contrast,unresolved,,results/stage5/probing,,results/stage5/probing/summary_contrast.json,,,medium,,unmatched
results_stage5_probing_summary_pca10,summary_or_raw_artifact,stage5,probing,unresolved,summary_pca10,unresolved,,results/stage5/probing,,results/stage5/probing/summary_pca10.json,,,medium,,unmatched
results_stage5_probing_summary_pca20,summary_or_raw_artifact,stage5,probing,unresolved,summary_pca20,unresolved,,results/stage5/probing,,results/stage5/probing/summary_pca20.json,,,medium,,unmatched
results_stage5_probing_summary_pca50,summary_or_raw_artifact,stage5,probing,unresolved,summary_pca50,unresolved,,results/stage5/probing,,results/stage5/probing/summary_pca50.json,,,medium,,unmatched
results_stage5_probing_summary_resid_post_last_prompt,summary_or_raw_artifact,stage5,probing,unresolved,summary_resid_post_last_prompt,unresolved,,results/stage5/probing,,results/stage5/probing/summary_resid_post_last_prompt.json,,,medium,,unmatched
results_stage5_probing_tier2_loo_predictions_resid_post_cue_token,summary_or_raw_artifact,stage5,probing_tier2,unresolved,loo_predictions_resid_post_cue_token,unresolved,,results/stage5/probing_tier2,results/stage5/probing_tier2/loo_predictions_resid_post_cue_token.json,,,,medium,,unmatched
results_stage5_probing_tier2_run_probing_events,summary_or_raw_artifact,stage5,probing_tier2,unresolved,run_probing_events,unresolved,,results/stage5/probing_tier2,results/stage5/probing_tier2/run_probing_events.jsonl,,results/stage5/probing_tier2/run_probing_events.jsonl,,medium,,unmatched
results_stage5_probing_tier2_summary_resid_post_cue_token,summary_or_raw_artifact,stage5,probing_tier2,unresolved,summary_resid_post_cue_token,unresolved,,results/stage5/probing_tier2,,results/stage5/probing_tier2/summary_resid_post_cue_token.json,,,medium,,unmatched
results_stage5_probing_variance_loo_predictions_variance,summary_or_raw_artifact,stage5,probing_variance,unresolved,loo_predictions_variance,unresolved,,results/stage5/probing_variance,results/stage5/probing_variance/loo_predictions_variance.json,,,,medium,,unmatched
results_stage5_probing_variance_run_probing_events,summary_or_raw_artifact,stage5,probing_variance,unresolved,run_probing_events,unresolved,,results/stage5/probing_variance,results/stage5/probing_variance/run_probing_events.jsonl,,results/stage5/probing_variance/run_probing_events.jsonl,,medium,,unmatched
results_stage5_probing_variance_summary_variance,summary_or_raw_artifact,stage5,probing_variance,unresolved,summary_variance,unresolved,,results/stage5/probing_variance,,results/stage5/probing_variance/summary_variance.json,,,medium,,unmatched
results_stage5_probing_variance_tier2_loo_predictions_variance,summary_or_raw_artifact,stage5,probing_variance_tier2,unresolved,loo_predictions_variance,unresolved,,results/stage5/probing_variance_tier2,results/stage5/probing_variance_tier2/loo_predictions_variance.json,,,,medium,,unmatched
results_stage5_probing_variance_tier2_run_probing_events,summary_or_raw_artifact,stage5,probing_variance_tier2,unresolved,run_probing_events,unresolved,,results/stage5/probing_variance_tier2,results/stage5/probing_variance_tier2/run_probing_events.jsonl,,results/stage5/probing_variance_tier2/run_probing_events.jsonl,,medium,,unmatched
results_stage5_probing_variance_tier2_summary_variance,summary_or_raw_artifact,stage5,probing_variance_tier2,unresolved,summary_variance,unresolved,,results/stage5/probing_variance_tier2,,results/stage5/probing_variance_tier2/summary_variance.json,,,medium,,unmatched
results_stage6_analysis_d1_analyse_stage4_events,summary_or_raw_artifact,stage6,analysis_d1,unresolved,analyse_stage4_events,unresolved,,results/stage6/analysis_d1,results/stage6/analysis_d1/analyse_stage4_events.jsonl,,results/stage6/analysis_d1/analyse_stage4_events.jsonl,,medium,,unmatched
results_stage6_analysis_d1_stage6_d1_sensitivity_summary,summary_or_raw_artifact,stage6,analysis_d1,unresolved,stage6_d1_sensitivity_summary,unresolved,,results/stage6/analysis_d1,,results/stage6/analysis_d1/stage6_d1_sensitivity_summary.json,,,medium,,unmatched
results_stage6_analysis_d2_analyse_stage4_events,summary_or_raw_artifact,stage6,analysis_d2,unresolved,analyse_stage4_events,unresolved,,results/stage6/analysis_d2,results/stage6/analysis_d2/analyse_stage4_events.jsonl,,results/stage6/analysis_d2/analyse_stage4_events.jsonl,,medium,,unmatched
results_stage6_analysis_d2_generate_positive_families_events,summary_or_raw_artifact,stage6,analysis_d2,unresolved,generate_positive_families_events,unresolved,,results/stage6/analysis_d2,results/stage6/analysis_d2/generate_positive_families_events.jsonl,,results/stage6/analysis_d2/generate_positive_families_events.jsonl,,medium,,unmatched
results_stage6_analysis_d2_stage6_d1_sensitivity_summary,summary_or_raw_artifact,stage6,analysis_d2,unresolved,stage6_d1_sensitivity_summary,unresolved,,results/stage6/analysis_d2,,results/stage6/analysis_d2/stage6_d1_sensitivity_summary.json,,,medium,,unmatched
results_stage6_audit_stage6_freeze_gate_summary,summary_or_raw_artifact,stage6,audit,unresolved,stage6_freeze_gate_summary,unresolved,,results/stage6/audit,,results/stage6/audit/stage6_freeze_gate_summary.json,,,medium,,unmatched
results_stage6_audit_stage6_phase2_bce_audit_summary,summary_or_raw_artifact,stage6,audit,unresolved,stage6_phase2_bce_audit_summary,unresolved,,results/stage6/audit,,results/stage6/audit/stage6_phase2_bce_audit_summary.json,,,medium,,unmatched
results_stage6_baselines_run_baselines_surface_events,summary_or_raw_artifact,stage6,baselines,unresolved,run_baselines_surface_events,unresolved,,results/stage6/baselines,results/stage6/baselines/run_baselines_surface_events.jsonl,,results/stage6/baselines/run_baselines_surface_events.jsonl,,medium,,unmatched
results_stage6_baselines_no_cue_c_run_baselines_surface_events,summary_or_raw_artifact,stage6,baselines_no_cue_c,unresolved,run_baselines_surface_events,unresolved,,results/stage6/baselines_no_cue_c,results/stage6/baselines_no_cue_c/run_baselines_surface_events.jsonl,,results/stage6/baselines_no_cue_c/run_baselines_surface_events.jsonl,,medium,,unmatched
results_stage6_behavioural_run_behavioural_events,summary_or_raw_artifact,stage6,behavioural,unresolved,run_behavioural_events,unresolved,,results/stage6/behavioural,results/stage6/behavioural/run_behavioural_events.jsonl,,results/stage6/behavioural/run_behavioural_events.jsonl,,medium,,unmatched
results_stage6_behavioural_deepseek_run_behavioural_events,summary_or_raw_artifact,stage6,behavioural_deepseek,deepseek,run_behavioural_events,unresolved,,results/stage6/behavioural_deepseek,results/stage6/behavioural_deepseek/run_behavioural_events.jsonl,,results/stage6/behavioural_deepseek/run_behavioural_events.jsonl,,medium,,unmatched
results_stage6_behavioural_full_rerun_run_behavioural_events,summary_or_raw_artifact,stage6,behavioural_full_rerun,unresolved,run_behavioural_events,unresolved,,results/stage6/behavioural_full_rerun,results/stage6/behavioural_full_rerun/run_behavioural_events.jsonl,,results/stage6/behavioural_full_rerun/run_behavioural_events.jsonl,,medium,,unmatched
results_stage6_generated_full_benchmark_assembly_summary,summary_or_raw_artifact,stage6,generated_full_benchmark,unresolved,assembly_summary,unresolved,,results/stage6/generated_full_benchmark,,results/stage6/generated_full_benchmark/assembly_summary.json,,,medium,,unmatched
results_stage6_probing_domain_generalisation_loo_predictions_variance,summary_or_raw_artifact,stage6,domain_generalisation,unresolved,loo_predictions_variance,unresolved,,results/stage6/probing/domain_generalisation,results/stage6/probing/domain_generalisation/loo_predictions_variance.json,,,,medium,,unmatched
results_stage6_probing_domain_generalisation_run_probing_events,summary_or_raw_artifact,stage6,domain_generalisation,unresolved,run_probing_events,unresolved,,results/stage6/probing/domain_generalisation,results/stage6/probing/domain_generalisation/run_probing_events.jsonl,,results/stage6/probing/domain_generalisation/run_probing_events.jsonl,,medium,,unmatched
results_stage6_probing_domain_generalisation_summary_variance,summary_or_raw_artifact,stage6,domain_generalisation,unresolved,summary_variance,unresolved,,results/stage6/probing/domain_generalisation,,results/stage6/probing/domain_generalisation/summary_variance.json,,,medium,,unmatched
results_stage6_probing_llama_variance_loo_predictions_variance,summary_or_raw_artifact,stage6,llama_variance,llama,loo_predictions_variance,unresolved,,results/stage6/probing/llama_variance,results/stage6/probing/llama_variance/loo_predictions_variance.json,,,,medium,,unmatched
results_stage6_probing_llama_variance_run_probing_events,summary_or_raw_artifact,stage6,llama_variance,llama,run_probing_events,unresolved,,results/stage6/probing/llama_variance,results/stage6/probing/llama_variance/run_probing_events.jsonl,,results/stage6/probing/llama_variance/run_probing_events.jsonl,,medium,,unmatched
results_stage6_probing_llama_variance_summary_variance,summary_or_raw_artifact,stage6,llama_variance,llama,summary_variance,unresolved,,results/stage6/probing/llama_variance,,results/stage6/probing/llama_variance/summary_variance.json,,,medium,,unmatched
results_stage6_probing_mean_cue_token_loo_predictions_resid_post_cue_token,summary_or_raw_artifact,stage6,mean_cue_token,unresolved,loo_predictions_resid_post_cue_token,unresolved,,results/stage6/probing/mean_cue_token,results/stage6/probing/mean_cue_token/loo_predictions_resid_post_cue_token.json,,,,medium,,unmatched
results_stage6_probing_mean_cue_token_run_probing_events,summary_or_raw_artifact,stage6,mean_cue_token,unresolved,run_probing_events,unresolved,,results/stage6/probing/mean_cue_token,results/stage6/probing/mean_cue_token/run_probing_events.jsonl,,results/stage6/probing/mean_cue_token/run_probing_events.jsonl,,medium,,unmatched
results_stage6_probing_mean_cue_token_summary_resid_post_cue_token,summary_or_raw_artifact,stage6,mean_cue_token,unresolved,summary_resid_post_cue_token,unresolved,,results/stage6/probing/mean_cue_token,,results/stage6/probing/mean_cue_token/summary_resid_post_cue_token.json,,,medium,,unmatched
results_stage6_probing_primary_variance_loo_predictions_variance,summary_or_raw_artifact,stage6,primary_variance,unresolved,loo_predictions_variance,unresolved,,results/stage6/probing/primary_variance,results/stage6/probing/primary_variance/loo_predictions_variance.json,,,,medium,,unmatched
results_stage6_probing_primary_variance_run_probing_events,summary_or_raw_artifact,stage6,primary_variance,unresolved,run_probing_events,unresolved,,results/stage6/probing/primary_variance,results/stage6/probing/primary_variance/run_probing_events.jsonl,,results/stage6/probing/primary_variance/run_probing_events.jsonl,,medium,,unmatched
results_stage6_probing_primary_variance_summary_variance,summary_or_raw_artifact,stage6,primary_variance,unresolved,summary_variance,unresolved,,results/stage6/probing/primary_variance,,results/stage6/probing/primary_variance/summary_variance.json,,,medium,,unmatched
results_stage6_probing_variance_ensemble_loo_predictions_variance_ensemble,summary_or_raw_artifact,stage6,variance_ensemble,unresolved,loo_predictions_variance_ensemble,unresolved,,results/stage6/probing/variance_ensemble,results/stage6/probing/variance_ensemble/loo_predictions_variance_ensemble.json,,,,medium,,unmatched
results_stage6_probing_variance_ensemble_run_probing_events,summary_or_raw_artifact,stage6,variance_ensemble,unresolved,run_probing_events,unresolved,,results/stage6/probing/variance_ensemble,results/stage6/probing/variance_ensemble/run_probing_events.jsonl,,results/stage6/probing/variance_ensemble/run_probing_events.jsonl,,medium,,unmatched
results_stage6_probing_variance_ensemble_summary_variance_ensemble,summary_or_raw_artifact,stage6,variance_ensemble,unresolved,summary_variance_ensemble,unresolved,,results/stage6/probing/variance_ensemble,,results/stage6/probing/variance_ensemble/summary_variance_ensemble.json,,,medium,,unmatched
results_stage6_probing_variance_ensemble_no_cue_c_loo_predictions_variance_ensemble,summary_or_raw_artifact,stage6,variance_ensemble_no_cue_c,unresolved,loo_predictions_variance_ensemble,unresolved,,results/stage6/probing/variance_ensemble_no_cue_c,results/stage6/probing/variance_ensemble_no_cue_c/loo_predictions_variance_ensemble.json,,,,medium,,unmatched
results_stage6_probing_variance_ensemble_no_cue_c_run_probing_events,summary_or_raw_artifact,stage6,variance_ensemble_no_cue_c,unresolved,run_probing_events,unresolved,,results/stage6/probing/variance_ensemble_no_cue_c,results/stage6/probing/variance_ensemble_no_cue_c/run_probing_events.jsonl,,results/stage6/probing/variance_ensemble_no_cue_c/run_probing_events.jsonl,,medium,,unmatched
results_stage6_probing_variance_ensemble_no_cue_c_summary_variance_ensemble,summary_or_raw_artifact,stage6,variance_ensemble_no_cue_c,unresolved,summary_variance_ensemble,unresolved,,results/stage6/probing/variance_ensemble_no_cue_c,,results/stage6/probing/variance_ensemble_no_cue_c/summary_variance_ensemble.json,,,medium,,unmatched
results_stage6_probing_variance_mlp_loo_predictions_variance_mlp,summary_or_raw_artifact,stage6,variance_mlp,unresolved,loo_predictions_variance_mlp,unresolved,,results/stage6/probing/variance_mlp,results/stage6/probing/variance_mlp/loo_predictions_variance_mlp.json,,,,medium,,unmatched
results_stage6_probing_variance_mlp_run_probing_events,summary_or_raw_artifact,stage6,variance_mlp,unresolved,run_probing_events,unresolved,,results/stage6/probing/variance_mlp,results/stage6/probing/variance_mlp/run_probing_events.jsonl,,results/stage6/probing/variance_mlp/run_probing_events.jsonl,,medium,,unmatched
results_stage6_probing_variance_mlp_summary_variance_mlp,summary_or_raw_artifact,stage6,variance_mlp,unresolved,summary_variance_mlp,unresolved,,results/stage6/probing/variance_mlp,,results/stage6/probing/variance_mlp/summary_variance_mlp.json,,,medium,,unmatched
results_stage6_probing_variance_no_cue_c_loo_predictions_variance,summary_or_raw_artifact,stage6,variance_no_cue_c,unresolved,loo_predictions_variance,unresolved,,results/stage6/probing/variance_no_cue_c,results/stage6/probing/variance_no_cue_c/loo_predictions_variance.json,,,,medium,,unmatched
results_stage6_probing_variance_no_cue_c_run_probing_events,summary_or_raw_artifact,stage6,variance_no_cue_c,unresolved,run_probing_events,unresolved,,results/stage6/probing/variance_no_cue_c,results/stage6/probing/variance_no_cue_c/run_probing_events.jsonl,,results/stage6/probing/variance_no_cue_c/run_probing_events.jsonl,,medium,,unmatched
results_stage6_probing_variance_no_cue_c_summary_variance,summary_or_raw_artifact,stage6,variance_no_cue_c,unresolved,summary_variance,unresolved,,results/stage6/probing/variance_no_cue_c,,results/stage6/probing/variance_no_cue_c/summary_variance.json,,,medium,,unmatched
results_stage6_render_all_templates_events,summary_or_raw_artifact,stage6,stage6,unresolved,render_all_templates_events,unresolved,,results/stage6,results/stage6/render_all_templates_events.jsonl,,results/stage6/render_all_templates_events.jsonl,,medium,,unmatched
results_stage6_render_phase1_full_summary,summary_or_raw_artifact,stage6,stage6,unresolved,render_phase1_full_summary,unresolved,,results/stage6,,results/stage6/render_phase1_full_summary.json,,,medium,,unmatched
results_stage6_render_phase1_partial_summary,summary_or_raw_artifact,stage6,stage6,unresolved,render_phase1_partial_summary,unresolved,,results/stage6,,results/stage6/render_phase1_partial_summary.json,,,medium,,unmatched
results_stage6_render_phase2_ad_phase2_ad_render_summary,summary_or_raw_artifact,stage6,render_phase2_ad,unresolved,phase2_ad_render_summary,unresolved,,results/stage6/render_phase2_ad,,results/stage6/render_phase2_ad/phase2_ad_render_summary.json,,,medium,,unmatched
results_stage6_render_phase2_ad_render_all_templates_events,summary_or_raw_artifact,stage6,render_phase2_ad,unresolved,render_all_templates_events,unresolved,,results/stage6/render_phase2_ad,results/stage6/render_phase2_ad/render_all_templates_events.jsonl,,results/stage6/render_phase2_ad/render_all_templates_events.jsonl,,medium,,unmatched
results_stage6_render_phase2_bce_phase2_bce_render_summary,summary_or_raw_artifact,stage6,render_phase2_bce,unresolved,phase2_bce_render_summary,unresolved,,results/stage6/render_phase2_bce,,results/stage6/render_phase2_bce/phase2_bce_render_summary.json,,,medium,,unmatched
results_stage6_render_phase2_bce_render_all_templates_events,summary_or_raw_artifact,stage6,render_phase2_bce,unresolved,render_all_templates_events,unresolved,,results/stage6/render_phase2_bce,results/stage6/render_phase2_bce/render_all_templates_events.jsonl,,results/stage6/render_phase2_bce/render_all_templates_events.jsonl,,medium,,unmatched
results_stage6_render_phase2_bce_render_summary_bce_frame_refresh,summary_or_raw_artifact,stage6,render_phase2_bce,unresolved,render_summary_bce_frame_refresh,unresolved,,results/stage6/render_phase2_bce,,results/stage6/render_phase2_bce/render_summary_bce_frame_refresh.json,,,medium,,unmatched
results_stage6_render_phase2_bce_render_summary_bce_standard_cuea_refresh,summary_or_raw_artifact,stage6,render_phase2_bce,unresolved,render_summary_bce_standard_cuea_refresh,unresolved,,results/stage6/render_phase2_bce,,results/stage6/render_phase2_bce/render_summary_bce_standard_cuea_refresh.json,,,medium,,unmatched
results_stage6_render_phase2_bce_render_summary_bce_standard_cueb_refresh,summary_or_raw_artifact,stage6,render_phase2_bce,unresolved,render_summary_bce_standard_cueb_refresh,unresolved,,results/stage6/render_phase2_bce,,results/stage6/render_phase2_bce/render_summary_bce_standard_cueb_refresh.json,,,medium,,unmatched
results_stage8_analysis_deepseek_deepseek_summary,summary_or_raw_artifact,stage8,analysis_deepseek,deepseek,deepseek_summary,unresolved,,results/stage8/analysis_deepseek,,results/stage8/analysis_deepseek/deepseek_summary.json,,,medium,,unmatched
results_stage8_analysis_deepseek_generate_positive_families_events,summary_or_raw_artifact,stage8,analysis_deepseek,deepseek,generate_positive_families_events,unresolved,,results/stage8/analysis_deepseek,results/stage8/analysis_deepseek/generate_positive_families_events.jsonl,,results/stage8/analysis_deepseek/generate_positive_families_events.jsonl,,medium,,unmatched
results_stage8_attention_run_attention_analysis_events,summary_or_raw_artifact,stage8,attention,unresolved,run_attention_analysis_events,unresolved,,results/stage8/attention,results/stage8/attention/run_attention_analysis_events.jsonl,,results/stage8/attention/run_attention_analysis_events.jsonl,,medium,,unmatched
results_stage8_baselines_deepseek_run_baselines_surface_events,summary_or_raw_artifact,stage8,baselines_deepseek,deepseek,run_baselines_surface_events,unresolved,,results/stage8/baselines_deepseek,results/stage8/baselines_deepseek/run_baselines_surface_events.jsonl,,results/stage8/baselines_deepseek/run_baselines_surface_events.jsonl,,medium,,unmatched
results_stage8_causal_patching_patching_results,summary_or_raw_artifact,stage8,causal_patching,unresolved,patching_results,unresolved,,results/stage8/causal_patching,results/stage8/causal_patching/patching_results.csv,,,,medium,,unmatched
results_stage8_causal_patching_patching_summary,summary_or_raw_artifact,stage8,causal_patching,unresolved,patching_summary,unresolved,,results/stage8/causal_patching,,results/stage8/causal_patching/patching_summary.json,,,medium,,unmatched
results_stage8_causal_patching_run_causal_patching_events,summary_or_raw_artifact,stage8,causal_patching,unresolved,run_causal_patching_events,unresolved,,results/stage8/causal_patching,results/stage8/causal_patching/run_causal_patching_events.jsonl,,results/stage8/causal_patching/run_causal_patching_events.jsonl,,medium,,unmatched
results_stage8_causal_patching_cue_token_patching_results,summary_or_raw_artifact,stage8,causal_patching_cue_token,unresolved,patching_results,unresolved,,results/stage8/causal_patching_cue_token,results/stage8/causal_patching_cue_token/patching_results.csv,,,,medium,,unmatched
results_stage8_causal_patching_cue_token_patching_summary,summary_or_raw_artifact,stage8,causal_patching_cue_token,unresolved,patching_summary,unresolved,,results/stage8/causal_patching_cue_token,,results/stage8/causal_patching_cue_token/patching_summary.json,,,medium,,unmatched
results_stage8_causal_patching_cue_token_run_causal_patching_events,summary_or_raw_artifact,stage8,causal_patching_cue_token,unresolved,run_causal_patching_events,unresolved,,results/stage8/causal_patching_cue_token,results/stage8/causal_patching_cue_token/run_causal_patching_events.jsonl,,results/stage8/causal_patching_cue_token/run_causal_patching_events.jsonl,,medium,,unmatched
results_stage8_cross_model_run_cross_model_transfer_events,summary_or_raw_artifact,stage8,cross_model,unresolved,run_cross_model_transfer_events,unresolved,,results/stage8/cross_model,results/stage8/cross_model/run_cross_model_transfer_events.jsonl,,results/stage8/cross_model/run_cross_model_transfer_events.jsonl,,medium,,unmatched
results_stage8_cross_model_deepseek_run_cross_model_transfer_events,summary_or_raw_artifact,stage8,cross_model_deepseek,deepseek,run_cross_model_transfer_events,unresolved,,results/stage8/cross_model_deepseek,results/stage8/cross_model_deepseek/run_cross_model_transfer_events.jsonl,,results/stage8/cross_model_deepseek/run_cross_model_transfer_events.jsonl,,medium,,unmatched
results_stage8_head26_knockout_head26_comparison_summary,summary_or_raw_artifact,stage8,head26_knockout,unresolved,head26_comparison_summary,unresolved,,results/stage8/head26_knockout,,results/stage8/head26_knockout/head26_comparison_summary.json,,,medium,,unmatched
results_stage8_head26_knockout_patching_results,summary_or_raw_artifact,stage8,head26_knockout,unresolved,patching_results,unresolved,,results/stage8/head26_knockout,results/stage8/head26_knockout/patching_results.csv,,,,medium,,unmatched
results_stage8_head26_knockout_patching_summary,summary_or_raw_artifact,stage8,head26_knockout,unresolved,patching_summary,unresolved,,results/stage8/head26_knockout,,results/stage8/head26_knockout/patching_summary.json,,,medium,,unmatched
results_stage8_head26_knockout_run_causal_patching_events,summary_or_raw_artifact,stage8,head26_knockout,unresolved,run_causal_patching_events,unresolved,,results/stage8/head26_knockout,results/stage8/head26_knockout/run_causal_patching_events.jsonl,,results/stage8/head26_knockout/run_causal_patching_events.jsonl,,medium,,unmatched
results_stage8_multi_head_knockout_patching_results,summary_or_raw_artifact,stage8,multi_head_knockout,unresolved,patching_results,unresolved,,results/stage8/multi_head_knockout,results/stage8/multi_head_knockout/patching_results.csv,,,,medium,,unmatched
results_stage8_multi_head_knockout_patching_summary,summary_or_raw_artifact,stage8,multi_head_knockout,unresolved,patching_summary,unresolved,,results/stage8/multi_head_knockout,,results/stage8/multi_head_knockout/patching_summary.json,,,medium,,unmatched
results_stage8_multi_head_knockout_run_causal_patching_events,summary_or_raw_artifact,stage8,multi_head_knockout,unresolved,run_causal_patching_events,unresolved,,results/stage8/multi_head_knockout,results/stage8/multi_head_knockout/run_causal_patching_events.jsonl,,results/stage8/multi_head_knockout/run_causal_patching_events.jsonl,,medium,,unmatched
results_stage8_probing_deepseek_loo_predictions_variance,summary_or_raw_artifact,stage8,probing_deepseek,deepseek,loo_predictions_variance,unresolved,,results/stage8/probing_deepseek,results/stage8/probing_deepseek/loo_predictions_variance.json,,,,medium,,unmatched
results_stage8_probing_deepseek_run_probing_events,summary_or_raw_artifact,stage8,probing_deepseek,deepseek,run_probing_events,unresolved,,results/stage8/probing_deepseek,results/stage8/probing_deepseek/run_probing_events.jsonl,,results/stage8/probing_deepseek/run_probing_events.jsonl,,medium,,unmatched
results_stage8_probing_deepseek_summary_variance,summary_or_raw_artifact,stage8,probing_deepseek,deepseek,summary_variance,unresolved,,results/stage8/probing_deepseek,,results/stage8/probing_deepseek/summary_variance.json,,,medium,,unmatched
results_stage8_stage8_complete_summary,summary_or_raw_artifact,stage8,stage8,unresolved,stage8_complete_summary,unresolved,,results/stage8,,results/stage8/stage8_complete_summary.json,,,medium,,unmatched
results_stage9_baselines_answer_rationale_run_baselines_surface_events,summary_or_raw_artifact,stage9,answer_rationale,unresolved,run_baselines_surface_events,unresolved,,results/stage9/baselines/answer_rationale,results/stage9/baselines/answer_rationale/run_baselines_surface_events.jsonl,,results/stage9/baselines/answer_rationale/run_baselines_surface_events.jsonl,,medium,,unmatched
results_stage9_baselines_blackbox_counterfactual_blackbox_counterfactual_summary,summary_or_raw_artifact,stage9,blackbox_counterfactual,unresolved,blackbox_counterfactual_summary,unresolved,,results/stage9/baselines/blackbox_counterfactual,,results/stage9/baselines/blackbox_counterfactual/blackbox_counterfactual_summary.json,,,medium,,unmatched
results_stage9_baselines_blackbox_counterfactual_pairwise_predictions,summary_or_raw_artifact,stage9,blackbox_counterfactual,unresolved,pairwise_predictions,unresolved,,results/stage9/baselines/blackbox_counterfactual,results/stage9/baselines/blackbox_counterfactual/pairwise_predictions.json,,,,medium,,unmatched
results_stage9_baselines_correctness_probe_loo_predictions_variance,summary_or_raw_artifact,stage9,correctness_probe,unresolved,loo_predictions_variance,unresolved,,results/stage9/baselines/correctness_probe,results/stage9/baselines/correctness_probe/loo_predictions_variance.json,,,,medium,,unmatched
results_stage9_baselines_correctness_probe_run_probing_events,summary_or_raw_artifact,stage9,correctness_probe,unresolved,run_probing_events,unresolved,,results/stage9/baselines/correctness_probe,results/stage9/baselines/correctness_probe/run_probing_events.jsonl,,results/stage9/baselines/correctness_probe/run_probing_events.jsonl,,medium,,unmatched
results_stage9_baselines_correctness_probe_summary_variance,summary_or_raw_artifact,stage9,correctness_probe,unresolved,summary_variance,unresolved,,results/stage9/baselines/correctness_probe,,results/stage9/baselines/correctness_probe/summary_variance.json,,,medium,,unmatched
results_stage9_baselines_cot_text_run_baselines_surface_events,summary_or_raw_artifact,stage9,cot_text,unresolved,run_baselines_surface_events,unresolved,,results/stage9/baselines/cot_text,results/stage9/baselines/cot_text/run_baselines_surface_events.jsonl,,results/stage9/baselines/cot_text/run_baselines_surface_events.jsonl,,medium,,unmatched
results_stage9_baselines_entropy_embedding_vs_entropy_summary,summary_or_raw_artifact,stage9,entropy,unresolved,embedding_vs_entropy_summary,unresolved,,results/stage9/baselines/entropy,,results/stage9/baselines/entropy/embedding_vs_entropy_summary.json,,,medium,,unmatched
results_stage9_baselines_entropy_entropy_baseline_summary,summary_or_raw_artifact,stage9,entropy,unresolved,entropy_baseline_summary,unresolved,,results/stage9/baselines/entropy,,results/stage9/baselines/entropy/entropy_baseline_summary.json,,,medium,,unmatched
results_stage9_baselines_llm_judge_deepseek_setting_a_predictions,summary_or_raw_artifact,stage9,deepseek_setting_a,deepseek,predictions,unresolved,,results/stage9/baselines/llm_judge/deepseek_setting_a,results/stage9/baselines/llm_judge/deepseek_setting_a/predictions.csv,,,,medium,,unmatched
results_stage9_baselines_llm_judge_deepseek_setting_a_run_causal_patching_events,summary_or_raw_artifact,stage9,deepseek_setting_a,deepseek,run_causal_patching_events,unresolved,,results/stage9/baselines/llm_judge/deepseek_setting_a,results/stage9/baselines/llm_judge/deepseek_setting_a/run_causal_patching_events.jsonl,,results/stage9/baselines/llm_judge/deepseek_setting_a/run_causal_patching_events.jsonl,,medium,,unmatched
results_stage9_baselines_llm_judge_judge_ensemble_summary,summary_or_raw_artifact,stage9,llm_judge,unresolved,judge_ensemble_summary,unresolved,,results/stage9/baselines/llm_judge,,results/stage9/baselines/llm_judge/judge_ensemble_summary.json,,,medium,,unmatched
results_stage9_baselines_llm_judge_llama_setting_a_predictions,summary_or_raw_artifact,stage9,llama_setting_a,llama,predictions,unresolved,,results/stage9/baselines/llm_judge/llama_setting_a,results/stage9/baselines/llm_judge/llama_setting_a/predictions.csv,,,,medium,,unmatched
results_stage9_baselines_llm_judge_llama_setting_a_run_causal_patching_events,summary_or_raw_artifact,stage9,llama_setting_a,llama,run_causal_patching_events,unresolved,,results/stage9/baselines/llm_judge/llama_setting_a,results/stage9/baselines/llm_judge/llama_setting_a/run_causal_patching_events.jsonl,,results/stage9/baselines/llm_judge/llama_setting_a/run_causal_patching_events.jsonl,,medium,,unmatched
results_stage9_baselines_llm_judge_llama_setting_b_predictions,summary_or_raw_artifact,stage9,llama_setting_b,llama,predictions,unresolved,,results/stage9/baselines/llm_judge/llama_setting_b,results/stage9/baselines/llm_judge/llama_setting_b/predictions.csv,,,,medium,,unmatched
results_stage9_baselines_llm_judge_llama_setting_b_run_causal_patching_events,summary_or_raw_artifact,stage9,llama_setting_b,llama,run_causal_patching_events,unresolved,,results/stage9/baselines/llm_judge/llama_setting_b,results/stage9/baselines/llm_judge/llama_setting_b/run_causal_patching_events.jsonl,,results/stage9/baselines/llm_judge/llama_setting_b/run_causal_patching_events.jsonl,,medium,,unmatched
results_stage9_calibration_calibration_summary,summary_or_raw_artifact,stage9,calibration,unresolved,calibration_summary,unresolved,,results/stage9/calibration,,results/stage9/calibration/calibration_summary.json,,,medium,,unmatched
results_stage9_correctness_residualisation_loo_predictions,summary_or_raw_artifact,stage9,correctness_residualisation,unresolved,loo_predictions,unresolved,,results/stage9/correctness_residualisation,results/stage9/correctness_residualisation/loo_predictions.json,,,,medium,stage9_correctness_residualisation,matched
results_stage9_correctness_residualisation_residualisation_summary,summary_or_raw_artifact,stage9,correctness_residualisation,unresolved,residualisation_summary,unresolved,,results/stage9/correctness_residualisation,,results/stage9/correctness_residualisation/residualisation_summary.json,,,medium,stage9_correctness_residualisation,matched
results_stage9_correctness_residualisation_run_correctness_residualisation_events,summary_or_raw_artifact,stage9,correctness_residualisation,unresolved,run_correctness_residualisation_events,unresolved,,results/stage9/correctness_residualisation,results/stage9/correctness_residualisation/run_correctness_residualisation_events.jsonl,,results/stage9/correctness_residualisation/run_correctness_residualisation_events.jsonl,,medium,stage9_correctness_residualisation,matched
results_stage9_damage_control_damage_control_results,summary_or_raw_artifact,stage9,damage_control,unresolved,damage_control_results,unresolved,,results/stage9/damage_control,results/stage9/damage_control/damage_control_results.csv,,,,medium,,unmatched
results_stage9_damage_control_damage_control_summary,summary_or_raw_artifact,stage9,damage_control,unresolved,damage_control_summary,unresolved,,results/stage9/damage_control,,results/stage9/damage_control/damage_control_summary.json,,,medium,,unmatched
results_stage9_damage_control_run_causal_patching_events,summary_or_raw_artifact,stage9,damage_control,unresolved,run_causal_patching_events,unresolved,,results/stage9/damage_control,results/stage9/damage_control/run_causal_patching_events.jsonl,,results/stage9/damage_control/run_causal_patching_events.jsonl,,medium,,unmatched
results_stage9_direction_injection_injection_results,summary_or_raw_artifact,stage9,direction_injection,unresolved,injection_results,unresolved,,results/stage9/direction_injection,results/stage9/direction_injection/injection_results.csv,,,,medium,,unmatched
results_stage9_direction_injection_injection_summary,summary_or_raw_artifact,stage9,direction_injection,unresolved,injection_summary,unresolved,,results/stage9/direction_injection,,results/stage9/direction_injection/injection_summary.json,,,medium,,unmatched
results_stage9_direction_injection_run_causal_patching_events,summary_or_raw_artifact,stage9,direction_injection,unresolved,run_causal_patching_events,unresolved,,results/stage9/direction_injection,results/stage9/direction_injection/run_causal_patching_events.jsonl,,results/stage9/direction_injection/run_causal_patching_events.jsonl,,medium,,unmatched
results_stage9_leave_one_cue_leave_one_cue_summary,summary_or_raw_artifact,stage9,leave_one_cue,unresolved,leave_one_cue_summary,unresolved,,results/stage9/leave_one_cue,,results/stage9/leave_one_cue/leave_one_cue_summary.json,,,medium,,unmatched
results_stage9_mean_probe_stage6_loo_predictions_resid_post_last_prompt,summary_or_raw_artifact,stage9,mean_probe_stage6,unresolved,loo_predictions_resid_post_last_prompt,unresolved,,results/stage9/mean_probe_stage6,results/stage9/mean_probe_stage6/loo_predictions_resid_post_last_prompt.json,,,,medium,,unmatched
results_stage9_mean_probe_stage6_run_probing_events,summary_or_raw_artifact,stage9,mean_probe_stage6,unresolved,run_probing_events,unresolved,,results/stage9/mean_probe_stage6,results/stage9/mean_probe_stage6/run_probing_events.jsonl,,results/stage9/mean_probe_stage6/run_probing_events.jsonl,,medium,,unmatched
results_stage9_mean_probe_stage6_summary_resid_post_last_prompt,summary_or_raw_artifact,stage9,mean_probe_stage6,unresolved,summary_resid_post_last_prompt,unresolved,,results/stage9/mean_probe_stage6,,results/stage9/mean_probe_stage6/summary_resid_post_last_prompt.json,,,medium,,unmatched
results_stage9_mhk_early_layers_patching_results,summary_or_raw_artifact,stage9,mhk_early_layers,unresolved,patching_results,unresolved,,results/stage9/mhk_early_layers,results/stage9/mhk_early_layers/patching_results.csv,,,,medium,stage9_mhk_early_layers,matched
results_stage9_mhk_early_layers_patching_summary,summary_or_raw_artifact,stage9,mhk_early_layers,unresolved,patching_summary,unresolved,,results/stage9/mhk_early_layers,,results/stage9/mhk_early_layers/patching_summary.json,,,medium,stage9_mhk_early_layers,matched
results_stage9_mhk_early_layers_run_causal_patching_events,summary_or_raw_artifact,stage9,mhk_early_layers,unresolved,run_causal_patching_events,unresolved,,results/stage9/mhk_early_layers,results/stage9/mhk_early_layers/run_causal_patching_events.jsonl,,results/stage9/mhk_early_layers/run_causal_patching_events.jsonl,,medium,stage9_mhk_early_layers,matched
results_stage9_probe_ablation_n_variants_2_loo_predictions_variance_n2,summary_or_raw_artifact,stage9,n_variants_2,unresolved,loo_predictions_variance_n2,unresolved,,results/stage9/probe_ablation/n_variants_2,results/stage9/probe_ablation/n_variants_2/loo_predictions_variance_n2.json,,,,medium,,unmatched
results_stage9_probe_ablation_n_variants_2_run_probing_events,summary_or_raw_artifact,stage9,n_variants_2,unresolved,run_probing_events,unresolved,,results/stage9/probe_ablation/n_variants_2,results/stage9/probe_ablation/n_variants_2/run_probing_events.jsonl,,results/stage9/probe_ablation/n_variants_2/run_probing_events.jsonl,,medium,,unmatched
results_stage9_probe_ablation_n_variants_2_summary_variance_n2,summary_or_raw_artifact,stage9,n_variants_2,unresolved,summary_variance_n2,unresolved,,results/stage9/probe_ablation/n_variants_2,,results/stage9/probe_ablation/n_variants_2/summary_variance_n2.json,,,medium,,unmatched
results_stage9_probe_ablation_n_variants_3_loo_predictions_variance_n3,summary_or_raw_artifact,stage9,n_variants_3,unresolved,loo_predictions_variance_n3,unresolved,,results/stage9/probe_ablation/n_variants_3,results/stage9/probe_ablation/n_variants_3/loo_predictions_variance_n3.json,,,,medium,,unmatched
results_stage9_probe_ablation_n_variants_3_run_probing_events,summary_or_raw_artifact,stage9,n_variants_3,unresolved,run_probing_events,unresolved,,results/stage9/probe_ablation/n_variants_3,results/stage9/probe_ablation/n_variants_3/run_probing_events.jsonl,,results/stage9/probe_ablation/n_variants_3/run_probing_events.jsonl,,medium,,unmatched
results_stage9_probe_ablation_n_variants_3_summary_variance_n3,summary_or_raw_artifact,stage9,n_variants_3,unresolved,summary_variance_n3,unresolved,,results/stage9/probe_ablation/n_variants_3,,results/stage9/probe_ablation/n_variants_3/summary_variance_n3.json,,,medium,,unmatched
results_stage9_probe_ablation_n_variants_4_loo_predictions_variance,summary_or_raw_artifact,stage9,n_variants_4,unresolved,loo_predictions_variance,unresolved,,results/stage9/probe_ablation/n_variants_4,results/stage9/probe_ablation/n_variants_4/loo_predictions_variance.json,,,,medium,,unmatched
results_stage9_probe_ablation_n_variants_4_run_probing_events,summary_or_raw_artifact,stage9,n_variants_4,unresolved,run_probing_events,unresolved,,results/stage9/probe_ablation/n_variants_4,results/stage9/probe_ablation/n_variants_4/run_probing_events.jsonl,,results/stage9/probe_ablation/n_variants_4/run_probing_events.jsonl,,medium,,unmatched
results_stage9_probe_ablation_n_variants_4_summary_variance,summary_or_raw_artifact,stage9,n_variants_4,unresolved,summary_variance,unresolved,,results/stage9/probe_ablation/n_variants_4,,results/stage9/probe_ablation/n_variants_4/summary_variance.json,,,medium,,unmatched
results_stage9_prompt_condition_probe_per_variant_predictions,summary_or_raw_artifact,stage9,prompt_condition_probe,unresolved,per_variant_predictions,unresolved,,results/stage9/prompt_condition_probe,results/stage9/prompt_condition_probe/per_variant_predictions.json,,,,medium,,unmatched
results_stage9_prompt_condition_probe_prompt_condition_probe_summary,summary_or_raw_artifact,stage9,prompt_condition_probe,unresolved,prompt_condition_probe_summary,unresolved,,results/stage9/prompt_condition_probe,,results/stage9/prompt_condition_probe/prompt_condition_probe_summary.json,,,medium,,unmatched
results_stage9_prompt_condition_probe_run_prompt_condition_probe_events,summary_or_raw_artifact,stage9,prompt_condition_probe,unresolved,run_prompt_condition_probe_events,unresolved,,results/stage9/prompt_condition_probe,results/stage9/prompt_condition_probe/run_prompt_condition_probe_events.jsonl,,results/stage9/prompt_condition_probe/run_prompt_condition_probe_events.jsonl,,medium,,unmatched
results_stage9_random_direction_control_rdc_results,summary_or_raw_artifact,stage9,random_direction_control,unresolved,rdc_results,unresolved,,results/stage9/random_direction_control,results/stage9/random_direction_control/rdc_results.csv,,,,medium,stage9_random_direction_control,matched
results_stage9_random_direction_control_rdc_summary,summary_or_raw_artifact,stage9,random_direction_control,unresolved,rdc_summary,unresolved,,results/stage9/random_direction_control,,results/stage9/random_direction_control/rdc_summary.json,,,medium,stage9_random_direction_control,matched
results_stage9_random_direction_control_run_causal_patching_events,summary_or_raw_artifact,stage9,random_direction_control,unresolved,run_causal_patching_events,unresolved,,results/stage9/random_direction_control,results/stage9/random_direction_control/run_causal_patching_events.jsonl,,results/stage9/random_direction_control/run_causal_patching_events.jsonl,,medium,stage9_random_direction_control,matched
results_stage9_stage9_final_summary,summary_or_raw_artifact,stage9,stage9,unresolved,stage9_final_summary,unresolved,,results/stage9,,results/stage9/stage9_final_summary.json,,,medium,,unmatched
results_stage9_statistical_tests_statistical_summary,summary_or_raw_artifact,stage9,statistical_tests,unresolved,statistical_summary,unresolved,,results/stage9/statistical_tests,,results/stage9/statistical_tests/statistical_summary.json,,,medium,,unmatched
results_stage9_threshold_sensitivity_threshold_sweep_summary,summary_or_raw_artifact,stage9,threshold_sensitivity,unresolved,threshold_sweep_summary,unresolved,,results/stage9/threshold_sensitivity,,results/stage9/threshold_sensitivity/threshold_sweep_summary.json,,,medium,,unmatched
results_stage9_unrelated_donor_donor_results,summary_or_raw_artifact,stage9,unrelated_donor,unresolved,donor_results,unresolved,,results/stage9/unrelated_donor,results/stage9/unrelated_donor/donor_results.csv,,,,medium,,unmatched
results_stage9_unrelated_donor_donor_summary,summary_or_raw_artifact,stage9,unrelated_donor,unresolved,donor_summary,unresolved,,results/stage9/unrelated_donor,,results/stage9/unrelated_donor/donor_summary.json,,,medium,,unmatched
results_stage9_unrelated_donor_run_causal_patching_events,summary_or_raw_artifact,stage9,unrelated_donor,unresolved,run_causal_patching_events,unresolved,,results/stage9/unrelated_donor,results/stage9/unrelated_donor/run_causal_patching_events.jsonl,,results/stage9/unrelated_donor/run_causal_patching_events.jsonl,,medium,,unmatched
