pair_id,left_id,right_id,left_family,right_family,detectors,cross_split,derived_parent_relation,review_status
44376107ba564435,CM_A_001::0,CM_A_001::1,CM_A_001,CM_A_001,lexical_similarity,within_discovery,False,needs_human_review
d9e9f9b62a1914a1,CM_A_001::0,CM_A_001::2,CM_A_001,CM_A_001,lexical_similarity,within_discovery,False,needs_human_review
dfc03d9d349eb9c7,CM_A_001::0,CM_A_001::3,CM_A_001,CM_A_001,lexical_similarity,within_discovery,False,needs_human_review
b28ef855260859df,CM_A_001::1,CM_A_001::2,CM_A_001,CM_A_001,lexical_similarity,within_discovery,False,needs_human_review
fe239a2e657dd8c0,CM_A_001::1,CM_A_001::3,CM_A_001,CM_A_001,lexical_similarity,within_discovery,False,needs_human_review
2700f68eb2db5693,CM_A_001::2,CM_A_001::3,CM_A_001,CM_A_001,lexical_similarity,within_discovery,False,needs_human_review
980b9095e5d54d84,CM_A_002::0,CM_A_002::1,CM_A_002,CM_A_002,lexical_similarity,within_discovery,False,needs_human_review
c3d6ca74fdcd9dc1,CM_A_002::0,CM_A_002::2,CM_A_002,CM_A_002,lexical_similarity,within_discovery,False,needs_human_review
9b83a7f8baa8fed1,CM_A_002::0,CM_A_002::3,CM_A_002,CM_A_002,lexical_similarity,within_discovery,False,needs_human_review
f889d7e40eb72c8b,CM_A_002::1,CM_A_002::2,CM_A_002,CM_A_002,lexical_similarity,within_discovery,False,needs_human_review
5c9b74e379e525f2,CM_A_002::1,CM_A_002::3,CM_A_002,CM_A_002,lexical_similarity,within_discovery,False,needs_human_review
06ef6d46c54d9222,CM_A_002::2,CM_A_002::3,CM_A_002,CM_A_002,lexical_similarity,within_discovery,False,needs_human_review
90fed4cdab4dd844,CM_A_003::0,CM_A_003::1,CM_A_003,CM_A_003,lexical_similarity,within_discovery,False,needs_human_review
fc9164bb6c0ae3d9,CM_A_003::0,CM_A_003::2,CM_A_003,CM_A_003,lexical_similarity,within_discovery,False,needs_human_review
de69f4b13781321b,CM_A_003::0,CM_A_003::3,CM_A_003,CM_A_003,lexical_similarity,within_discovery,False,needs_human_review
b0c154cd0b6f9baf,CM_A_003::1,CM_A_003::2,CM_A_003,CM_A_003,lexical_similarity,within_discovery,False,needs_human_review
b10874fb334f41d1,CM_A_003::1,CM_A_003::3,CM_A_003,CM_A_003,lexical_similarity,within_discovery,False,needs_human_review
c3d9af3f84b135b7,CM_A_003::2,CM_A_003::3,CM_A_003,CM_A_003,lexical_similarity,within_discovery,False,needs_human_review
6dc7ea1a6a7a5d6c,CM_A_004::0,CM_A_004::1,CM_A_004,CM_A_004,masked_rendering_skeleton,within_discovery,False,needs_human_review
95229d2a31bbb5f5,CM_A_004::0,CM_A_004::2,CM_A_004,CM_A_004,masked_rendering_skeleton,within_discovery,False,needs_human_review
b91da40559bd4024,CM_A_004::0,CM_A_004::3,CM_A_004,CM_A_004,masked_rendering_skeleton,within_discovery,False,needs_human_review
744ae14f46b5d8ea,CM_A_004::1,CM_A_004::2,CM_A_004,CM_A_004,masked_rendering_skeleton,within_discovery,False,needs_human_review
3c2dd394373e888f,CM_A_004::1,CM_A_004::3,CM_A_004,CM_A_004,masked_rendering_skeleton,within_discovery,False,needs_human_review
18c3a54d6c016917,CM_A_004::2,CM_A_004::3,CM_A_004,CM_A_004,masked_rendering_skeleton,within_discovery,False,needs_human_review
e7b5f5640c87b91e,CM_A_005::0,CM_A_005::1,CM_A_005,CM_A_005,masked_rendering_skeleton,within_discovery,False,needs_human_review
e85878d7c797bd17,CM_A_005::0,CM_A_005::2,CM_A_005,CM_A_005,masked_rendering_skeleton,within_discovery,False,needs_human_review
053803f5e3e1cbd4,CM_A_005::0,CM_A_005::3,CM_A_005,CM_A_005,masked_rendering_skeleton,within_discovery,False,needs_human_review
78a8505b6ddfcee9,CM_A_005::1,CM_A_005::2,CM_A_005,CM_A_005,masked_rendering_skeleton,within_discovery,False,needs_human_review
467963389c0c97ff,CM_A_005::1,CM_A_005::3,CM_A_005,CM_A_005,masked_rendering_skeleton,within_discovery,False,needs_human_review
5a011d68c74f5481,CM_A_005::2,CM_A_005::3,CM_A_005,CM_A_005,masked_rendering_skeleton,within_discovery,False,needs_human_review
9ac8f003e057a6a6,CM_A_006::0,CM_A_006::1,CM_A_006,CM_A_006,lexical_similarity,within_discovery,False,needs_human_review
b94f8f6849a565a0,CM_A_006::0,CM_A_006::2,CM_A_006,CM_A_006,lexical_similarity,within_discovery,False,needs_human_review
b7b0013ab385f9da,CM_A_006::0,CM_A_006::3,CM_A_006,CM_A_006,lexical_similarity,within_discovery,False,needs_human_review
679a237cce388840,CM_A_006::1,CM_A_006::2,CM_A_006,CM_A_006,lexical_similarity,within_discovery,False,needs_human_review
82dfed636e61bd4e,CM_A_006::1,CM_A_006::3,CM_A_006,CM_A_006,lexical_similarity,within_discovery,False,needs_human_review
7cbf82f9a229f7ce,CM_A_006::2,CM_A_006::3,CM_A_006,CM_A_006,lexical_similarity,within_discovery,False,needs_human_review
35b85c93e766a4ce,CM_A_007::0,CM_A_007::1,CM_A_007,CM_A_007,lexical_similarity,within_discovery,False,needs_human_review
62df581f199c8be8,CM_A_007::0,CM_A_007::2,CM_A_007,CM_A_007,lexical_similarity,within_discovery,False,needs_human_review
bc6b42fd5420bf36,CM_A_007::0,CM_A_007::3,CM_A_007,CM_A_007,lexical_similarity,within_discovery,False,needs_human_review
0abb25838579408f,CM_A_007::1,CM_A_007::2,CM_A_007,CM_A_007,lexical_similarity,within_discovery,False,needs_human_review
e0cf7676f927f804,CM_A_007::1,CM_A_007::3,CM_A_007,CM_A_007,lexical_similarity,within_discovery,False,needs_human_review
e13f53e93fe43ff8,CM_A_007::2,CM_A_007::3,CM_A_007,CM_A_007,lexical_similarity,within_discovery,False,needs_human_review
3ef75ae0ddd6c762,CM_A_008::0,CM_A_008::1,CM_A_008,CM_A_008,lexical_similarity,within_discovery,False,needs_human_review
8216d0be464d097e,CM_A_008::0,CM_A_008::2,CM_A_008,CM_A_008,lexical_similarity,within_discovery,False,needs_human_review
fd8aca980ba8c368,CM_A_008::0,CM_A_008::3,CM_A_008,CM_A_008,lexical_similarity,within_discovery,False,needs_human_review
40c959ed5cc11e04,CM_A_008::1,CM_A_008::2,CM_A_008,CM_A_008,lexical_similarity,within_discovery,False,needs_human_review
05ac6aa645eb7285,CM_A_008::1,CM_A_008::3,CM_A_008,CM_A_008,lexical_similarity,within_discovery,False,needs_human_review
ffee01ec11de46cb,CM_A_008::2,CM_A_008::3,CM_A_008,CM_A_008,lexical_similarity,within_discovery,False,needs_human_review
f5e33daa42237804,CM_A_009::0,CM_A_009::1,CM_A_009,CM_A_009,masked_rendering_skeleton,within_discovery,False,needs_human_review
787215f9d8f376de,CM_A_009::0,CM_A_009::2,CM_A_009,CM_A_009,masked_rendering_skeleton,within_discovery,False,needs_human_review
2b0ceade0a2b3cbb,CM_A_009::0,CM_A_009::3,CM_A_009,CM_A_009,masked_rendering_skeleton,within_discovery,False,needs_human_review
eac7ea5a8e1cf6b4,CM_A_009::1,CM_A_009::2,CM_A_009,CM_A_009,masked_rendering_skeleton,within_discovery,False,needs_human_review
bfb0604517e16300,CM_A_009::1,CM_A_009::3,CM_A_009,CM_A_009,masked_rendering_skeleton,within_discovery,False,needs_human_review
f9d94210aa46821e,CM_A_009::2,CM_A_009::3,CM_A_009,CM_A_009,masked_rendering_skeleton,within_discovery,False,needs_human_review
579cbf54ced06561,CM_A_010::0,CM_A_010::1,CM_A_010,CM_A_010,lexical_similarity,within_discovery,False,needs_human_review
8a361898cb4bb6b5,CM_A_010::0,CM_A_010::2,CM_A_010,CM_A_010,lexical_similarity,within_discovery,False,needs_human_review
5de1e0130cb0eb8e,CM_A_010::0,CM_A_010::3,CM_A_010,CM_A_010,lexical_similarity,within_discovery,False,needs_human_review
6aa04ac6e6d57604,CM_A_010::1,CM_A_010::2,CM_A_010,CM_A_010,lexical_similarity,within_discovery,False,needs_human_review
c55ccb5075142455,CM_A_010::1,CM_A_010::3,CM_A_010,CM_A_010,lexical_similarity,within_discovery,False,needs_human_review
e342e652da139078,CM_A_010::2,CM_A_010::3,CM_A_010,CM_A_010,lexical_similarity,within_discovery,False,needs_human_review
0a20aeb0ece098bc,CM_A_STD_001::0,CM_A_STD_001::1,CM_A_STD_001,CM_A_STD_001,masked_rendering_skeleton,within_discovery,False,needs_human_review
c1a036552169fd4e,CM_A_STD_001::0,CM_A_STD_001::2,CM_A_STD_001,CM_A_STD_001,masked_rendering_skeleton,within_discovery,False,needs_human_review
3b8e1fff725fcb09,CM_A_STD_001::0,CM_A_STD_001::3,CM_A_STD_001,CM_A_STD_001,masked_rendering_skeleton,within_discovery,False,needs_human_review
781103f321b648ac,CM_A_STD_001::1,CM_A_STD_001::2,CM_A_STD_001,CM_A_STD_001,masked_rendering_skeleton,within_discovery,False,needs_human_review
09d7a7feb22249a1,CM_A_STD_001::1,CM_A_STD_001::3,CM_A_STD_001,CM_A_STD_001,masked_rendering_skeleton,within_discovery,False,needs_human_review
debc64e9fc938018,CM_A_STD_001::2,CM_A_STD_001::3,CM_A_STD_001,CM_A_STD_001,masked_rendering_skeleton,within_discovery,False,needs_human_review
a54ccfd2bc89bb2f,CM_A_STD_002::0,CM_A_STD_002::1,CM_A_STD_002,CM_A_STD_002,masked_rendering_skeleton,within_discovery,False,needs_human_review
85eb11a37cd1643c,CM_A_STD_002::0,CM_A_STD_002::2,CM_A_STD_002,CM_A_STD_002,masked_rendering_skeleton,within_discovery,False,needs_human_review
f0bae2d2c0ed0180,CM_A_STD_002::0,CM_A_STD_002::3,CM_A_STD_002,CM_A_STD_002,masked_rendering_skeleton,within_discovery,False,needs_human_review
31c533e16e425537,CM_A_STD_002::1,CM_A_STD_002::2,CM_A_STD_002,CM_A_STD_002,masked_rendering_skeleton,within_discovery,False,needs_human_review
78f07d33c0514d74,CM_A_STD_002::1,CM_A_STD_002::3,CM_A_STD_002,CM_A_STD_002,masked_rendering_skeleton,within_discovery,False,needs_human_review
d83352cc39eb76ba,CM_A_STD_002::2,CM_A_STD_002::3,CM_A_STD_002,CM_A_STD_002,masked_rendering_skeleton,within_discovery,False,needs_human_review
0c4b61248edfae5c,CM_A_STD_003::0,CM_A_STD_003::1,CM_A_STD_003,CM_A_STD_003,masked_rendering_skeleton,within_discovery,False,needs_human_review
79d77a0c93d5eca5,CM_A_STD_003::0,CM_A_STD_003::2,CM_A_STD_003,CM_A_STD_003,masked_rendering_skeleton,within_discovery,False,needs_human_review
f380446bd732c525,CM_A_STD_003::0,CM_A_STD_003::3,CM_A_STD_003,CM_A_STD_003,masked_rendering_skeleton,within_discovery,False,needs_human_review
f878639f97d9fe30,CM_A_STD_003::1,CM_A_STD_003::2,CM_A_STD_003,CM_A_STD_003,masked_rendering_skeleton,within_discovery,False,needs_human_review
8cdd23169286c373,CM_A_STD_003::1,CM_A_STD_003::3,CM_A_STD_003,CM_A_STD_003,masked_rendering_skeleton,within_discovery,False,needs_human_review
9919a98102a3e679,CM_A_STD_003::2,CM_A_STD_003::3,CM_A_STD_003,CM_A_STD_003,masked_rendering_skeleton,within_discovery,False,needs_human_review
3a18070308e53dfd,CM_A_STD_004::0,CM_A_STD_004::1,CM_A_STD_004,CM_A_STD_004,masked_rendering_skeleton,within_discovery,False,needs_human_review
de2413fec099127b,CM_A_STD_004::0,CM_A_STD_004::2,CM_A_STD_004,CM_A_STD_004,masked_rendering_skeleton,within_discovery,False,needs_human_review
6641f781a99eb712,CM_A_STD_004::0,CM_A_STD_004::3,CM_A_STD_004,CM_A_STD_004,masked_rendering_skeleton,within_discovery,False,needs_human_review
61548475d784ded3,CM_A_STD_004::1,CM_A_STD_004::2,CM_A_STD_004,CM_A_STD_004,masked_rendering_skeleton,within_discovery,False,needs_human_review
c75235c1a5097081,CM_A_STD_004::1,CM_A_STD_004::3,CM_A_STD_004,CM_A_STD_004,masked_rendering_skeleton,within_discovery,False,needs_human_review
8ad9d7b2cf8ba5ec,CM_A_STD_004::2,CM_A_STD_004::3,CM_A_STD_004,CM_A_STD_004,masked_rendering_skeleton,within_discovery,False,needs_human_review
d25ee1ed46968291,CM_A_STD_005::0,CM_A_STD_005::1,CM_A_STD_005,CM_A_STD_005,masked_rendering_skeleton,within_discovery,False,needs_human_review
e011e900b9985e36,CM_A_STD_005::0,CM_A_STD_005::2,CM_A_STD_005,CM_A_STD_005,masked_rendering_skeleton,within_discovery,False,needs_human_review
d8a98a8c2d7d5467,CM_A_STD_005::0,CM_A_STD_005::3,CM_A_STD_005,CM_A_STD_005,masked_rendering_skeleton,within_discovery,False,needs_human_review
44068eb563b3f9e7,CM_A_STD_005::1,CM_A_STD_005::2,CM_A_STD_005,CM_A_STD_005,masked_rendering_skeleton,within_discovery,False,needs_human_review
2b835147a13b1f37,CM_A_STD_005::1,CM_A_STD_005::3,CM_A_STD_005,CM_A_STD_005,masked_rendering_skeleton,within_discovery,False,needs_human_review
d224df6d47088a0f,CM_A_STD_005::2,CM_A_STD_005::3,CM_A_STD_005,CM_A_STD_005,masked_rendering_skeleton,within_discovery,False,needs_human_review
58813a344fa5152d,CM_A_STD_006::0,CM_A_STD_006::1,CM_A_STD_006,CM_A_STD_006,masked_rendering_skeleton,within_discovery,False,needs_human_review
8fea2707431cf1fa,CM_A_STD_006::0,CM_A_STD_006::2,CM_A_STD_006,CM_A_STD_006,masked_rendering_skeleton,within_discovery,False,needs_human_review
3235df32775f41d3,CM_A_STD_006::0,CM_A_STD_006::3,CM_A_STD_006,CM_A_STD_006,masked_rendering_skeleton,within_discovery,False,needs_human_review
b2d61511a9dcba06,CM_A_STD_006::1,CM_A_STD_006::2,CM_A_STD_006,CM_A_STD_006,masked_rendering_skeleton,within_discovery,False,needs_human_review
f20c3cf32a1b552c,CM_A_STD_006::1,CM_A_STD_006::3,CM_A_STD_006,CM_A_STD_006,masked_rendering_skeleton,within_discovery,False,needs_human_review
7df5b15f509eda0c,CM_A_STD_006::2,CM_A_STD_006::3,CM_A_STD_006,CM_A_STD_006,masked_rendering_skeleton,within_discovery,False,needs_human_review
1d1c80b43c22967d,CM_A_STD_007::0,CM_A_STD_007::1,CM_A_STD_007,CM_A_STD_007,masked_rendering_skeleton,within_discovery,False,needs_human_review
c6e7ba65bd1e44f5,CM_A_STD_007::0,CM_A_STD_007::2,CM_A_STD_007,CM_A_STD_007,masked_rendering_skeleton,within_discovery,False,needs_human_review
d83de3347dac8944,CM_A_STD_007::0,CM_A_STD_007::3,CM_A_STD_007,CM_A_STD_007,masked_rendering_skeleton,within_discovery,False,needs_human_review
4b3022d8371637ac,CM_A_STD_007::1,CM_A_STD_007::2,CM_A_STD_007,CM_A_STD_007,masked_rendering_skeleton,within_discovery,False,needs_human_review
cef875ebdc7d6a95,CM_A_STD_007::1,CM_A_STD_007::3,CM_A_STD_007,CM_A_STD_007,masked_rendering_skeleton,within_discovery,False,needs_human_review
2a798a833b1949f8,CM_A_STD_007::2,CM_A_STD_007::3,CM_A_STD_007,CM_A_STD_007,masked_rendering_skeleton,within_discovery,False,needs_human_review
cefd4721fc71a55c,CM_A_STD_008::0,CM_A_STD_008::1,CM_A_STD_008,CM_A_STD_008,masked_rendering_skeleton,within_discovery,False,needs_human_review
c033091d2f0c749c,CM_A_STD_008::0,CM_A_STD_008::2,CM_A_STD_008,CM_A_STD_008,masked_rendering_skeleton,within_discovery,False,needs_human_review
c15e0fed30e50199,CM_A_STD_008::0,CM_A_STD_008::3,CM_A_STD_008,CM_A_STD_008,masked_rendering_skeleton,within_discovery,False,needs_human_review
94c099db27143b2c,CM_A_STD_008::1,CM_A_STD_008::2,CM_A_STD_008,CM_A_STD_008,masked_rendering_skeleton,within_discovery,False,needs_human_review
8cfb24fc59438589,CM_A_STD_008::1,CM_A_STD_008::3,CM_A_STD_008,CM_A_STD_008,masked_rendering_skeleton,within_discovery,False,needs_human_review
a5ee5f553a33f7c3,CM_A_STD_008::2,CM_A_STD_008::3,CM_A_STD_008,CM_A_STD_008,masked_rendering_skeleton,within_discovery,False,needs_human_review
e00737be1397974a,CM_A_STD_009::0,CM_A_STD_009::1,CM_A_STD_009,CM_A_STD_009,masked_rendering_skeleton,within_discovery,False,needs_human_review
01d336a812cbdbd0,CM_A_STD_009::0,CM_A_STD_009::2,CM_A_STD_009,CM_A_STD_009,masked_rendering_skeleton,within_discovery,False,needs_human_review
a5a3a56889a3b4a3,CM_A_STD_009::0,CM_A_STD_009::3,CM_A_STD_009,CM_A_STD_009,masked_rendering_skeleton,within_discovery,False,needs_human_review
826e329df339987e,CM_A_STD_009::1,CM_A_STD_009::2,CM_A_STD_009,CM_A_STD_009,masked_rendering_skeleton,within_discovery,False,needs_human_review
54ad732761273a47,CM_A_STD_009::1,CM_A_STD_009::3,CM_A_STD_009,CM_A_STD_009,masked_rendering_skeleton,within_discovery,False,needs_human_review
133a8d0623cc142d,CM_A_STD_009::2,CM_A_STD_009::3,CM_A_STD_009,CM_A_STD_009,masked_rendering_skeleton,within_discovery,False,needs_human_review
9d7592f9417c4f2d,CM_A_STD_010::0,CM_A_STD_010::1,CM_A_STD_010,CM_A_STD_010,masked_rendering_skeleton,within_discovery,False,needs_human_review
08c163861f6180ae,CM_A_STD_010::0,CM_A_STD_010::2,CM_A_STD_010,CM_A_STD_010,masked_rendering_skeleton,within_discovery,False,needs_human_review
d8ce6875e3fa6d03,CM_A_STD_010::0,CM_A_STD_010::3,CM_A_STD_010,CM_A_STD_010,masked_rendering_skeleton,within_discovery,False,needs_human_review
a34a5814d1c5edb1,CM_A_STD_010::1,CM_A_STD_010::2,CM_A_STD_010,CM_A_STD_010,masked_rendering_skeleton,within_discovery,False,needs_human_review
73669392ae382d87,CM_A_STD_010::1,CM_A_STD_010::3,CM_A_STD_010,CM_A_STD_010,masked_rendering_skeleton,within_discovery,False,needs_human_review
c5d8ac0708243648,CM_A_STD_010::2,CM_A_STD_010::3,CM_A_STD_010,CM_A_STD_010,masked_rendering_skeleton,within_discovery,False,needs_human_review
2c29c37e96572b36,CM_A_STD_011::0,CM_A_STD_011::1,CM_A_STD_011,CM_A_STD_011,masked_rendering_skeleton,within_discovery,False,needs_human_review
3638ad4755097407,CM_A_STD_011::0,CM_A_STD_011::2,CM_A_STD_011,CM_A_STD_011,masked_rendering_skeleton,within_discovery,False,needs_human_review
331d74d9050b5242,CM_A_STD_011::0,CM_A_STD_011::3,CM_A_STD_011,CM_A_STD_011,masked_rendering_skeleton,within_discovery,False,needs_human_review
76aa04c440e39575,CM_A_STD_011::1,CM_A_STD_011::2,CM_A_STD_011,CM_A_STD_011,masked_rendering_skeleton,within_discovery,False,needs_human_review
da6600b1497271b4,CM_A_STD_011::1,CM_A_STD_011::3,CM_A_STD_011,CM_A_STD_011,masked_rendering_skeleton,within_discovery,False,needs_human_review
533933470a478c8d,CM_A_STD_011::2,CM_A_STD_011::3,CM_A_STD_011,CM_A_STD_011,masked_rendering_skeleton,within_discovery,False,needs_human_review
325c8b9cf716e9fd,CM_A_STD_012::0,CM_A_STD_012::1,CM_A_STD_012,CM_A_STD_012,masked_rendering_skeleton,within_discovery,False,needs_human_review
ce4cc28bf27497ec,CM_A_STD_012::0,CM_A_STD_012::2,CM_A_STD_012,CM_A_STD_012,masked_rendering_skeleton,within_discovery,False,needs_human_review
88ce1097a77af592,CM_A_STD_012::0,CM_A_STD_012::3,CM_A_STD_012,CM_A_STD_012,masked_rendering_skeleton,within_discovery,False,needs_human_review
e315587fd4087562,CM_A_STD_012::1,CM_A_STD_012::2,CM_A_STD_012,CM_A_STD_012,masked_rendering_skeleton,within_discovery,False,needs_human_review
66ab52a09ba0bad5,CM_A_STD_012::1,CM_A_STD_012::3,CM_A_STD_012,CM_A_STD_012,masked_rendering_skeleton,within_discovery,False,needs_human_review
b3ab17b30e58d886,CM_A_STD_012::2,CM_A_STD_012::3,CM_A_STD_012,CM_A_STD_012,masked_rendering_skeleton,within_discovery,False,needs_human_review
610c8c12fdc48f07,CM_A_STD_013::0,CM_A_STD_013::1,CM_A_STD_013,CM_A_STD_013,masked_rendering_skeleton,within_discovery,False,needs_human_review
d7f2ae395c2a830d,CM_A_STD_013::0,CM_A_STD_013::2,CM_A_STD_013,CM_A_STD_013,masked_rendering_skeleton,within_discovery,False,needs_human_review
edca29b1e3b6a047,CM_A_STD_013::0,CM_A_STD_013::3,CM_A_STD_013,CM_A_STD_013,masked_rendering_skeleton,within_discovery,False,needs_human_review
877de6a7a7fa683b,CM_A_STD_013::1,CM_A_STD_013::2,CM_A_STD_013,CM_A_STD_013,masked_rendering_skeleton,within_discovery,False,needs_human_review
cb655d12f01a3bee,CM_A_STD_013::1,CM_A_STD_013::3,CM_A_STD_013,CM_A_STD_013,masked_rendering_skeleton,within_discovery,False,needs_human_review
94cdbc74f9856ec9,CM_A_STD_013::2,CM_A_STD_013::3,CM_A_STD_013,CM_A_STD_013,masked_rendering_skeleton,within_discovery,False,needs_human_review
011580ab6dbd6d53,CM_A_STD_014::0,CM_A_STD_014::1,CM_A_STD_014,CM_A_STD_014,masked_rendering_skeleton,within_discovery,False,needs_human_review
8ec8a752acd2bb28,CM_A_STD_014::0,CM_A_STD_014::2,CM_A_STD_014,CM_A_STD_014,masked_rendering_skeleton,within_discovery,False,needs_human_review
fb6754121bb925ac,CM_A_STD_014::0,CM_A_STD_014::3,CM_A_STD_014,CM_A_STD_014,masked_rendering_skeleton,within_discovery,False,needs_human_review
064b14cd00116f5c,CM_A_STD_014::1,CM_A_STD_014::2,CM_A_STD_014,CM_A_STD_014,masked_rendering_skeleton,within_discovery,False,needs_human_review
c066f363349b8f63,CM_A_STD_014::1,CM_A_STD_014::3,CM_A_STD_014,CM_A_STD_014,masked_rendering_skeleton,within_discovery,False,needs_human_review
e420088704a2f1b5,CM_A_STD_014::2,CM_A_STD_014::3,CM_A_STD_014,CM_A_STD_014,masked_rendering_skeleton,within_discovery,False,needs_human_review
3d1bf0796a3d868e,CM_A_STD_015::0,CM_A_STD_015::1,CM_A_STD_015,CM_A_STD_015,masked_rendering_skeleton,within_discovery,False,needs_human_review
fc0385ea4d88b6f8,CM_A_STD_015::0,CM_A_STD_015::2,CM_A_STD_015,CM_A_STD_015,masked_rendering_skeleton,within_discovery,False,needs_human_review
a9f261dfd4f1e5a1,CM_A_STD_015::0,CM_A_STD_015::3,CM_A_STD_015,CM_A_STD_015,masked_rendering_skeleton,within_discovery,False,needs_human_review
cf3d3a693cbc807a,CM_A_STD_015::1,CM_A_STD_015::2,CM_A_STD_015,CM_A_STD_015,masked_rendering_skeleton,within_discovery,False,needs_human_review
d893a81e2fe3dd5e,CM_A_STD_015::1,CM_A_STD_015::3,CM_A_STD_015,CM_A_STD_015,masked_rendering_skeleton,within_discovery,False,needs_human_review
5002930ebb4a3d1b,CM_A_STD_015::2,CM_A_STD_015::3,CM_A_STD_015,CM_A_STD_015,masked_rendering_skeleton,within_discovery,False,needs_human_review
adf0f6060efb1fed,CM_A_STD_016::0,CM_A_STD_016::1,CM_A_STD_016,CM_A_STD_016,masked_rendering_skeleton,within_discovery,False,needs_human_review
43aa7d4564ee5aeb,CM_A_STD_016::0,CM_A_STD_016::2,CM_A_STD_016,CM_A_STD_016,masked_rendering_skeleton,within_discovery,False,needs_human_review
1e05dd860d8b3fe2,CM_A_STD_016::0,CM_A_STD_016::3,CM_A_STD_016,CM_A_STD_016,masked_rendering_skeleton,within_discovery,False,needs_human_review
158156f4cf8725a7,CM_A_STD_016::1,CM_A_STD_016::2,CM_A_STD_016,CM_A_STD_016,masked_rendering_skeleton,within_discovery,False,needs_human_review
b87bb01455941417,CM_A_STD_016::1,CM_A_STD_016::3,CM_A_STD_016,CM_A_STD_016,masked_rendering_skeleton,within_discovery,False,needs_human_review
28e09744246bf4df,CM_A_STD_016::2,CM_A_STD_016::3,CM_A_STD_016,CM_A_STD_016,masked_rendering_skeleton,within_discovery,False,needs_human_review
a3f8ea3667c4defa,CM_A_STD_017::0,CM_A_STD_017::1,CM_A_STD_017,CM_A_STD_017,masked_rendering_skeleton,within_discovery,False,needs_human_review
fea90f789158cd3a,CM_A_STD_017::0,CM_A_STD_017::2,CM_A_STD_017,CM_A_STD_017,masked_rendering_skeleton,within_discovery,False,needs_human_review
1e82cb74415b09ee,CM_A_STD_017::0,CM_A_STD_017::3,CM_A_STD_017,CM_A_STD_017,masked_rendering_skeleton,within_discovery,False,needs_human_review
349bc3941d8232b5,CM_A_STD_017::1,CM_A_STD_017::2,CM_A_STD_017,CM_A_STD_017,masked_rendering_skeleton,within_discovery,False,needs_human_review
22a56c7eccc69985,CM_A_STD_017::1,CM_A_STD_017::3,CM_A_STD_017,CM_A_STD_017,masked_rendering_skeleton,within_discovery,False,needs_human_review
ffbf59273b1e4bdb,CM_A_STD_017::2,CM_A_STD_017::3,CM_A_STD_017,CM_A_STD_017,masked_rendering_skeleton,within_discovery,False,needs_human_review
112f17d605ca7b6b,CM_A_STD_018::0,CM_A_STD_018::1,CM_A_STD_018,CM_A_STD_018,masked_rendering_skeleton,within_discovery,False,needs_human_review
3626bfd4bd548565,CM_A_STD_018::0,CM_A_STD_018::2,CM_A_STD_018,CM_A_STD_018,masked_rendering_skeleton,within_discovery,False,needs_human_review
b14ca9a13cf09f18,CM_A_STD_018::0,CM_A_STD_018::3,CM_A_STD_018,CM_A_STD_018,masked_rendering_skeleton,within_discovery,False,needs_human_review
35e3601a1e268b37,CM_A_STD_018::1,CM_A_STD_018::2,CM_A_STD_018,CM_A_STD_018,masked_rendering_skeleton,within_discovery,False,needs_human_review
d72691c169a3fdf5,CM_A_STD_018::1,CM_A_STD_018::3,CM_A_STD_018,CM_A_STD_018,masked_rendering_skeleton,within_discovery,False,needs_human_review
c399e32330ad814f,CM_A_STD_018::2,CM_A_STD_018::3,CM_A_STD_018,CM_A_STD_018,masked_rendering_skeleton,within_discovery,False,needs_human_review
16ce305f62e9727b,CM_A_STD_019::0,CM_A_STD_019::1,CM_A_STD_019,CM_A_STD_019,masked_rendering_skeleton,within_discovery,False,needs_human_review
de63f1b0356076f4,CM_A_STD_019::0,CM_A_STD_019::2,CM_A_STD_019,CM_A_STD_019,masked_rendering_skeleton,within_discovery,False,needs_human_review
f84e7bfdb9777865,CM_A_STD_019::0,CM_A_STD_019::3,CM_A_STD_019,CM_A_STD_019,masked_rendering_skeleton,within_discovery,False,needs_human_review
ed57cb5d4c5a9169,CM_A_STD_019::1,CM_A_STD_019::2,CM_A_STD_019,CM_A_STD_019,masked_rendering_skeleton,within_discovery,False,needs_human_review
e2fa75753665d5c9,CM_A_STD_019::1,CM_A_STD_019::3,CM_A_STD_019,CM_A_STD_019,masked_rendering_skeleton,within_discovery,False,needs_human_review
88e0e195a3a8d2da,CM_A_STD_019::2,CM_A_STD_019::3,CM_A_STD_019,CM_A_STD_019,masked_rendering_skeleton,within_discovery,False,needs_human_review
25c7e23195426f1b,CM_A_STD_020::0,CM_A_STD_020::1,CM_A_STD_020,CM_A_STD_020,masked_rendering_skeleton,within_discovery,False,needs_human_review
9be650baeebfcf8d,CM_A_STD_020::0,CM_A_STD_020::2,CM_A_STD_020,CM_A_STD_020,masked_rendering_skeleton,within_discovery,False,needs_human_review
1dc7275fd724e22f,CM_A_STD_020::0,CM_A_STD_020::3,CM_A_STD_020,CM_A_STD_020,masked_rendering_skeleton,within_discovery,False,needs_human_review
11c2e71a1b7f558c,CM_A_STD_020::1,CM_A_STD_020::2,CM_A_STD_020,CM_A_STD_020,masked_rendering_skeleton,within_discovery,False,needs_human_review
d48bc9e50c6aab9c,CM_A_STD_020::1,CM_A_STD_020::3,CM_A_STD_020,CM_A_STD_020,masked_rendering_skeleton,within_discovery,False,needs_human_review
76101fcaf334bb4d,CM_A_STD_020::2,CM_A_STD_020::3,CM_A_STD_020,CM_A_STD_020,masked_rendering_skeleton,within_discovery,False,needs_human_review
486edfb93cee247c,CM_B_001::0,CM_B_001::1,CM_B_001,CM_B_001,masked_rendering_skeleton,within_discovery,False,needs_human_review
7fd56fad3ace808a,CM_B_001::0,CM_B_001::2,CM_B_001,CM_B_001,masked_rendering_skeleton,within_discovery,False,needs_human_review
e9df557a922c4949,CM_B_001::0,CM_B_001::3,CM_B_001,CM_B_001,masked_rendering_skeleton,within_discovery,False,needs_human_review
e24815005013812f,CM_B_001::1,CM_B_001::2,CM_B_001,CM_B_001,masked_rendering_skeleton,within_discovery,False,needs_human_review
8ab6a57dbb0662b7,CM_B_001::1,CM_B_001::3,CM_B_001,CM_B_001,masked_rendering_skeleton,within_discovery,False,needs_human_review
e8b1666498b88cd4,CM_B_001::2,CM_B_001::3,CM_B_001,CM_B_001,masked_rendering_skeleton,within_discovery,False,needs_human_review
b38119dbeba12f70,CM_B_002::0,CM_B_002::1,CM_B_002,CM_B_002,masked_rendering_skeleton,within_discovery,False,needs_human_review
e72ab33e5f82edc9,CM_B_002::0,CM_B_002::2,CM_B_002,CM_B_002,masked_rendering_skeleton,within_discovery,False,needs_human_review
9b93d8c7def81c87,CM_B_002::0,CM_B_002::3,CM_B_002,CM_B_002,masked_rendering_skeleton,within_discovery,False,needs_human_review
b8da82084e948efa,CM_B_002::1,CM_B_002::2,CM_B_002,CM_B_002,masked_rendering_skeleton,within_discovery,False,needs_human_review
f879016cc39b76a6,CM_B_002::1,CM_B_002::3,CM_B_002,CM_B_002,masked_rendering_skeleton,within_discovery,False,needs_human_review
166d788213f60dff,CM_B_002::2,CM_B_002::3,CM_B_002,CM_B_002,masked_rendering_skeleton,within_discovery,False,needs_human_review
4f7c5860492fa65d,CM_B_003::0,CM_B_003::1,CM_B_003,CM_B_003,masked_rendering_skeleton,within_discovery,False,needs_human_review
4eb034d999d6d47c,CM_B_003::0,CM_B_003::2,CM_B_003,CM_B_003,masked_rendering_skeleton,within_discovery,False,needs_human_review
fa8770ac080cd243,CM_B_003::0,CM_B_003::3,CM_B_003,CM_B_003,masked_rendering_skeleton,within_discovery,False,needs_human_review
f9f9859dbdb6fb6b,CM_B_003::1,CM_B_003::2,CM_B_003,CM_B_003,masked_rendering_skeleton,within_discovery,False,needs_human_review
ca6eac4a7b51237a,CM_B_003::1,CM_B_003::3,CM_B_003,CM_B_003,masked_rendering_skeleton,within_discovery,False,needs_human_review
1455ebc127a620f1,CM_B_003::2,CM_B_003::3,CM_B_003,CM_B_003,masked_rendering_skeleton,within_discovery,False,needs_human_review
06a70cdeb6a08656,CM_B_004::0,CM_B_004::1,CM_B_004,CM_B_004,masked_rendering_skeleton,within_discovery,False,needs_human_review
5f3207512a324105,CM_B_004::0,CM_B_004::2,CM_B_004,CM_B_004,masked_rendering_skeleton,within_discovery,False,needs_human_review
361312e0dbe57a4e,CM_B_004::0,CM_B_004::3,CM_B_004,CM_B_004,masked_rendering_skeleton,within_discovery,False,needs_human_review
a2ec29933789fd9f,CM_B_004::1,CM_B_004::2,CM_B_004,CM_B_004,masked_rendering_skeleton,within_discovery,False,needs_human_review
5ace31bbf15ecc9a,CM_B_004::1,CM_B_004::3,CM_B_004,CM_B_004,masked_rendering_skeleton,within_discovery,False,needs_human_review
d82cc40fead5fdff,CM_B_004::2,CM_B_004::3,CM_B_004,CM_B_004,masked_rendering_skeleton,within_discovery,False,needs_human_review
cfa1ea1f0df310dd,CM_B_005::0,CM_B_005::1,CM_B_005,CM_B_005,masked_rendering_skeleton,within_discovery,False,needs_human_review
0931d07ffb2a95f6,CM_B_005::0,CM_B_005::2,CM_B_005,CM_B_005,masked_rendering_skeleton,within_discovery,False,needs_human_review
aed26359a74cd8da,CM_B_005::0,CM_B_005::3,CM_B_005,CM_B_005,masked_rendering_skeleton,within_discovery,False,needs_human_review
f6bcc75eda711312,CM_B_005::1,CM_B_005::2,CM_B_005,CM_B_005,masked_rendering_skeleton,within_discovery,False,needs_human_review
22684c59beb5d629,CM_B_005::1,CM_B_005::3,CM_B_005,CM_B_005,masked_rendering_skeleton,within_discovery,False,needs_human_review
76643deb2d348d51,CM_B_005::2,CM_B_005::3,CM_B_005,CM_B_005,masked_rendering_skeleton,within_discovery,False,needs_human_review
f38b47b80459cf6e,CM_B_006::0,CM_B_006::1,CM_B_006,CM_B_006,masked_rendering_skeleton,within_discovery,False,needs_human_review
c8212b034d9f5ce5,CM_B_006::0,CM_B_006::2,CM_B_006,CM_B_006,masked_rendering_skeleton,within_discovery,False,needs_human_review
fd6030cbb02b0e05,CM_B_006::0,CM_B_006::3,CM_B_006,CM_B_006,masked_rendering_skeleton,within_discovery,False,needs_human_review
df45628875c6c577,CM_B_006::1,CM_B_006::2,CM_B_006,CM_B_006,masked_rendering_skeleton,within_discovery,False,needs_human_review
74554547b131632c,CM_B_006::1,CM_B_006::3,CM_B_006,CM_B_006,masked_rendering_skeleton,within_discovery,False,needs_human_review
b3e45856c1fc72c7,CM_B_006::2,CM_B_006::3,CM_B_006,CM_B_006,masked_rendering_skeleton,within_discovery,False,needs_human_review
b1e49b2c68988f45,CM_B_007::0,CM_B_007::1,CM_B_007,CM_B_007,masked_rendering_skeleton,within_discovery,False,needs_human_review
e5fb93fb5f365a55,CM_B_007::0,CM_B_007::2,CM_B_007,CM_B_007,masked_rendering_skeleton,within_discovery,False,needs_human_review
ccd608d943621a13,CM_B_007::0,CM_B_007::3,CM_B_007,CM_B_007,masked_rendering_skeleton,within_discovery,False,needs_human_review
7e763fe8f24c71d3,CM_B_007::1,CM_B_007::2,CM_B_007,CM_B_007,masked_rendering_skeleton,within_discovery,False,needs_human_review
3ed45d34c91b3e9d,CM_B_007::1,CM_B_007::3,CM_B_007,CM_B_007,masked_rendering_skeleton,within_discovery,False,needs_human_review
6c21ccd0f0dd4fcf,CM_B_007::2,CM_B_007::3,CM_B_007,CM_B_007,masked_rendering_skeleton,within_discovery,False,needs_human_review
e0578802993ff0f4,CM_B_008::0,CM_B_008::1,CM_B_008,CM_B_008,masked_rendering_skeleton,within_discovery,False,needs_human_review
fb42baba3d510c48,CM_B_008::0,CM_B_008::2,CM_B_008,CM_B_008,masked_rendering_skeleton,within_discovery,False,needs_human_review
fbd7ddd9c94abdb5,CM_B_008::0,CM_B_008::3,CM_B_008,CM_B_008,masked_rendering_skeleton,within_discovery,False,needs_human_review
a235ef9ee3efcfe9,CM_B_008::1,CM_B_008::2,CM_B_008,CM_B_008,masked_rendering_skeleton,within_discovery,False,needs_human_review
593e93032890f619,CM_B_008::1,CM_B_008::3,CM_B_008,CM_B_008,masked_rendering_skeleton,within_discovery,False,needs_human_review
936a6077069f3bf8,CM_B_008::2,CM_B_008::3,CM_B_008,CM_B_008,masked_rendering_skeleton,within_discovery,False,needs_human_review
838917856333b275,CM_B_009::0,CM_B_009::1,CM_B_009,CM_B_009,masked_rendering_skeleton,within_discovery,False,needs_human_review
19067c7c285cc4e2,CM_B_009::0,CM_B_009::2,CM_B_009,CM_B_009,masked_rendering_skeleton,within_discovery,False,needs_human_review
bf54a13ab8dbc726,CM_B_009::0,CM_B_009::3,CM_B_009,CM_B_009,masked_rendering_skeleton,within_discovery,False,needs_human_review
d4ee8496eacfc263,CM_B_009::1,CM_B_009::2,CM_B_009,CM_B_009,masked_rendering_skeleton,within_discovery,False,needs_human_review
fd56ba7bf3b9d3d4,CM_B_009::1,CM_B_009::3,CM_B_009,CM_B_009,masked_rendering_skeleton,within_discovery,False,needs_human_review
d422f6ef487d6f20,CM_B_009::2,CM_B_009::3,CM_B_009,CM_B_009,masked_rendering_skeleton,within_discovery,False,needs_human_review
f4b8ed783377a82c,CM_B_010::0,CM_B_010::1,CM_B_010,CM_B_010,masked_rendering_skeleton,within_discovery,False,needs_human_review
209029b5650bfccf,CM_B_010::0,CM_B_010::2,CM_B_010,CM_B_010,masked_rendering_skeleton,within_discovery,False,needs_human_review
1c92c0aaeff88f11,CM_B_010::0,CM_B_010::3,CM_B_010,CM_B_010,masked_rendering_skeleton,within_discovery,False,needs_human_review
2719e2e879b622db,CM_B_010::1,CM_B_010::2,CM_B_010,CM_B_010,masked_rendering_skeleton,within_discovery,False,needs_human_review
8c11c6ba42696fee,CM_B_010::1,CM_B_010::3,CM_B_010,CM_B_010,masked_rendering_skeleton,within_discovery,False,needs_human_review
f73495294037297e,CM_B_010::2,CM_B_010::3,CM_B_010,CM_B_010,masked_rendering_skeleton,within_discovery,False,needs_human_review
c3f9299d09c27a42,CM_B_STD_001::0,CM_B_STD_001::1,CM_B_STD_001,CM_B_STD_001,masked_rendering_skeleton,within_discovery,False,needs_human_review
0d50f965dafb5b12,CM_B_STD_001::0,CM_B_STD_001::2,CM_B_STD_001,CM_B_STD_001,masked_rendering_skeleton,within_discovery,False,needs_human_review
3efc0d32d24745da,CM_B_STD_001::0,CM_B_STD_001::3,CM_B_STD_001,CM_B_STD_001,masked_rendering_skeleton,within_discovery,False,needs_human_review
fc5b9d03bd20d35e,CM_B_STD_001::1,CM_B_STD_001::2,CM_B_STD_001,CM_B_STD_001,masked_rendering_skeleton,within_discovery,False,needs_human_review
69637f90a6088ab6,CM_B_STD_001::1,CM_B_STD_001::3,CM_B_STD_001,CM_B_STD_001,masked_rendering_skeleton,within_discovery,False,needs_human_review
b1ed0c065e83b26d,CM_B_STD_001::2,CM_B_STD_001::3,CM_B_STD_001,CM_B_STD_001,masked_rendering_skeleton,within_discovery,False,needs_human_review
93112929bf12d00e,CM_B_STD_002::0,CM_B_STD_002::1,CM_B_STD_002,CM_B_STD_002,masked_rendering_skeleton,within_discovery,False,needs_human_review
96f78513a68f7dba,CM_B_STD_002::0,CM_B_STD_002::2,CM_B_STD_002,CM_B_STD_002,masked_rendering_skeleton,within_discovery,False,needs_human_review
322c10ae8a15ea7c,CM_B_STD_002::0,CM_B_STD_002::3,CM_B_STD_002,CM_B_STD_002,masked_rendering_skeleton,within_discovery,False,needs_human_review
46fc8dee6887de13,CM_B_STD_002::1,CM_B_STD_002::2,CM_B_STD_002,CM_B_STD_002,masked_rendering_skeleton,within_discovery,False,needs_human_review
7dad74f927c8d172,CM_B_STD_002::1,CM_B_STD_002::3,CM_B_STD_002,CM_B_STD_002,masked_rendering_skeleton,within_discovery,False,needs_human_review
12f73f0dca04cc5e,CM_B_STD_002::2,CM_B_STD_002::3,CM_B_STD_002,CM_B_STD_002,masked_rendering_skeleton,within_discovery,False,needs_human_review
d79f45e4b5cb97d7,CM_B_STD_003::0,CM_B_STD_003::1,CM_B_STD_003,CM_B_STD_003,masked_rendering_skeleton,within_discovery,False,needs_human_review
c683f63dcc1e874d,CM_B_STD_003::0,CM_B_STD_003::2,CM_B_STD_003,CM_B_STD_003,masked_rendering_skeleton,within_discovery,False,needs_human_review
1981c0d707eae93e,CM_B_STD_003::0,CM_B_STD_003::3,CM_B_STD_003,CM_B_STD_003,masked_rendering_skeleton,within_discovery,False,needs_human_review
a78496456f79fed9,CM_B_STD_003::1,CM_B_STD_003::2,CM_B_STD_003,CM_B_STD_003,masked_rendering_skeleton,within_discovery,False,needs_human_review
4c32d65a15be04da,CM_B_STD_003::1,CM_B_STD_003::3,CM_B_STD_003,CM_B_STD_003,masked_rendering_skeleton,within_discovery,False,needs_human_review
637342f36f521566,CM_B_STD_003::2,CM_B_STD_003::3,CM_B_STD_003,CM_B_STD_003,masked_rendering_skeleton,within_discovery,False,needs_human_review
2a574077621db1b7,CM_B_STD_004::0,CM_B_STD_004::1,CM_B_STD_004,CM_B_STD_004,masked_rendering_skeleton,within_discovery,False,needs_human_review
b6bddfbdf0d1dccf,CM_B_STD_004::0,CM_B_STD_004::2,CM_B_STD_004,CM_B_STD_004,masked_rendering_skeleton,within_discovery,False,needs_human_review
2a0e0ebf1f117b15,CM_B_STD_004::0,CM_B_STD_004::3,CM_B_STD_004,CM_B_STD_004,masked_rendering_skeleton,within_discovery,False,needs_human_review
cae1b99bb5b9b2f4,CM_B_STD_004::1,CM_B_STD_004::2,CM_B_STD_004,CM_B_STD_004,masked_rendering_skeleton,within_discovery,False,needs_human_review
d028794a1c0da39f,CM_B_STD_004::1,CM_B_STD_004::3,CM_B_STD_004,CM_B_STD_004,masked_rendering_skeleton,within_discovery,False,needs_human_review
b21e333f124d4afb,CM_B_STD_004::2,CM_B_STD_004::3,CM_B_STD_004,CM_B_STD_004,masked_rendering_skeleton,within_discovery,False,needs_human_review
8efac2aff38f623b,CM_B_STD_005::0,CM_B_STD_005::1,CM_B_STD_005,CM_B_STD_005,masked_rendering_skeleton,within_discovery,False,needs_human_review
f22fc769dc937fc3,CM_B_STD_005::0,CM_B_STD_005::2,CM_B_STD_005,CM_B_STD_005,masked_rendering_skeleton,within_discovery,False,needs_human_review
af5e1bac46015336,CM_B_STD_005::0,CM_B_STD_005::3,CM_B_STD_005,CM_B_STD_005,masked_rendering_skeleton,within_discovery,False,needs_human_review
1b5c69041858207b,CM_B_STD_005::1,CM_B_STD_005::2,CM_B_STD_005,CM_B_STD_005,masked_rendering_skeleton,within_discovery,False,needs_human_review
ef186c6ff400ddbf,CM_B_STD_005::1,CM_B_STD_005::3,CM_B_STD_005,CM_B_STD_005,masked_rendering_skeleton,within_discovery,False,needs_human_review
026b0ef41c3d8d98,CM_B_STD_005::2,CM_B_STD_005::3,CM_B_STD_005,CM_B_STD_005,masked_rendering_skeleton,within_discovery,False,needs_human_review
dbe0e439b8235fd6,CM_B_STD_006::0,CM_B_STD_006::1,CM_B_STD_006,CM_B_STD_006,masked_rendering_skeleton,within_discovery,False,needs_human_review
a30d926635bed69e,CM_B_STD_006::0,CM_B_STD_006::2,CM_B_STD_006,CM_B_STD_006,masked_rendering_skeleton,within_discovery,False,needs_human_review
ab533f0ffd0be3cc,CM_B_STD_006::0,CM_B_STD_006::3,CM_B_STD_006,CM_B_STD_006,masked_rendering_skeleton,within_discovery,False,needs_human_review
86f78ae463a30d4a,CM_B_STD_006::0,CM_B_STD_006_RENAME::0,CM_B_STD_006,CM_B_STD_006,derived_parent_relation,within_discovery,True,needs_human_review
0da6d1df09eeaabd,CM_B_STD_006::0,CM_B_STD_006_RENAME::1,CM_B_STD_006,CM_B_STD_006,derived_parent_relation,within_discovery,True,needs_human_review
13765a777c019277,CM_B_STD_006::0,CM_B_STD_006_RENAME::2,CM_B_STD_006,CM_B_STD_006,derived_parent_relation,within_discovery,True,needs_human_review
bd76311db6451447,CM_B_STD_006::0,CM_B_STD_006_RENAME::3,CM_B_STD_006,CM_B_STD_006,derived_parent_relation,within_discovery,True,needs_human_review
4f196124440e706a,CM_B_STD_006::1,CM_B_STD_006::2,CM_B_STD_006,CM_B_STD_006,masked_rendering_skeleton,within_discovery,False,needs_human_review
6eebbdfd0b3e0840,CM_B_STD_006::1,CM_B_STD_006::3,CM_B_STD_006,CM_B_STD_006,masked_rendering_skeleton,within_discovery,False,needs_human_review
73120eafb21dafbd,CM_B_STD_006::1,CM_B_STD_006_RENAME::0,CM_B_STD_006,CM_B_STD_006,derived_parent_relation,within_discovery,True,needs_human_review
0ab79fd04390e020,CM_B_STD_006::1,CM_B_STD_006_RENAME::1,CM_B_STD_006,CM_B_STD_006,derived_parent_relation,within_discovery,True,needs_human_review
6a13f583257d32ae,CM_B_STD_006::1,CM_B_STD_006_RENAME::2,CM_B_STD_006,CM_B_STD_006,derived_parent_relation,within_discovery,True,needs_human_review
d99ed4764ded3343,CM_B_STD_006::1,CM_B_STD_006_RENAME::3,CM_B_STD_006,CM_B_STD_006,derived_parent_relation,within_discovery,True,needs_human_review
7fa236663162cf3e,CM_B_STD_006::2,CM_B_STD_006::3,CM_B_STD_006,CM_B_STD_006,masked_rendering_skeleton,within_discovery,False,needs_human_review
51f30f50a699eb27,CM_B_STD_006::2,CM_B_STD_006_RENAME::0,CM_B_STD_006,CM_B_STD_006,derived_parent_relation,within_discovery,True,needs_human_review
09fb47b364f4685c,CM_B_STD_006::2,CM_B_STD_006_RENAME::1,CM_B_STD_006,CM_B_STD_006,derived_parent_relation,within_discovery,True,needs_human_review
999707d785b77604,CM_B_STD_006::2,CM_B_STD_006_RENAME::2,CM_B_STD_006,CM_B_STD_006,derived_parent_relation,within_discovery,True,needs_human_review
7e64343f341123f5,CM_B_STD_006::2,CM_B_STD_006_RENAME::3,CM_B_STD_006,CM_B_STD_006,derived_parent_relation,within_discovery,True,needs_human_review
0acc7499760077d2,CM_B_STD_006::3,CM_B_STD_006_RENAME::0,CM_B_STD_006,CM_B_STD_006,derived_parent_relation,within_discovery,True,needs_human_review
f3fc646720ac57a0,CM_B_STD_006::3,CM_B_STD_006_RENAME::1,CM_B_STD_006,CM_B_STD_006,derived_parent_relation,within_discovery,True,needs_human_review
40daa307dbaf4b77,CM_B_STD_006::3,CM_B_STD_006_RENAME::2,CM_B_STD_006,CM_B_STD_006,derived_parent_relation,within_discovery,True,needs_human_review
cf6a92dccf52d1b6,CM_B_STD_006::3,CM_B_STD_006_RENAME::3,CM_B_STD_006,CM_B_STD_006,derived_parent_relation,within_discovery,True,needs_human_review
64028646414025ca,CM_B_STD_007::0,CM_B_STD_007::1,CM_B_STD_007,CM_B_STD_007,masked_rendering_skeleton,within_discovery,False,needs_human_review
4210b397c6584f3a,CM_B_STD_007::0,CM_B_STD_007::2,CM_B_STD_007,CM_B_STD_007,masked_rendering_skeleton,within_discovery,False,needs_human_review
09c6f5f917f9045d,CM_B_STD_007::0,CM_B_STD_007::3,CM_B_STD_007,CM_B_STD_007,masked_rendering_skeleton,within_discovery,False,needs_human_review
d3f9885b780df8ae,CM_B_STD_007::1,CM_B_STD_007::2,CM_B_STD_007,CM_B_STD_007,masked_rendering_skeleton,within_discovery,False,needs_human_review
413d66fa383f972e,CM_B_STD_007::1,CM_B_STD_007::3,CM_B_STD_007,CM_B_STD_007,masked_rendering_skeleton,within_discovery,False,needs_human_review
fa9b9aaa0deef525,CM_B_STD_007::2,CM_B_STD_007::3,CM_B_STD_007,CM_B_STD_007,masked_rendering_skeleton,within_discovery,False,needs_human_review
305ea5f5bfae69d4,CM_B_STD_008::0,CM_B_STD_008::1,CM_B_STD_008,CM_B_STD_008,masked_rendering_skeleton,within_discovery,False,needs_human_review
e6ae64e6be498fed,CM_B_STD_008::0,CM_B_STD_008::2,CM_B_STD_008,CM_B_STD_008,masked_rendering_skeleton,within_discovery,False,needs_human_review
89827ec343104d68,CM_B_STD_008::0,CM_B_STD_008::3,CM_B_STD_008,CM_B_STD_008,masked_rendering_skeleton,within_discovery,False,needs_human_review
55cc6fff57f9b35c,CM_B_STD_008::1,CM_B_STD_008::2,CM_B_STD_008,CM_B_STD_008,masked_rendering_skeleton,within_discovery,False,needs_human_review
5f4bff0c66a38f00,CM_B_STD_008::1,CM_B_STD_008::3,CM_B_STD_008,CM_B_STD_008,masked_rendering_skeleton,within_discovery,False,needs_human_review
f4624f9b4eff4f96,CM_B_STD_008::2,CM_B_STD_008::3,CM_B_STD_008,CM_B_STD_008,masked_rendering_skeleton,within_discovery,False,needs_human_review
b3bf6fb57e4c48ac,CM_B_STD_009::0,CM_B_STD_009::1,CM_B_STD_009,CM_B_STD_009,masked_rendering_skeleton,within_discovery,False,needs_human_review
6da4853956bcb164,CM_B_STD_009::0,CM_B_STD_009::2,CM_B_STD_009,CM_B_STD_009,masked_rendering_skeleton,within_discovery,False,needs_human_review
58cfe0d9f19eb92a,CM_B_STD_009::0,CM_B_STD_009::3,CM_B_STD_009,CM_B_STD_009,masked_rendering_skeleton,within_discovery,False,needs_human_review
f7752300f3654d5d,CM_B_STD_009::1,CM_B_STD_009::2,CM_B_STD_009,CM_B_STD_009,masked_rendering_skeleton,within_discovery,False,needs_human_review
d5c6a6e5a091e387,CM_B_STD_009::1,CM_B_STD_009::3,CM_B_STD_009,CM_B_STD_009,masked_rendering_skeleton,within_discovery,False,needs_human_review
ac7a1fbc253c2cfe,CM_B_STD_009::2,CM_B_STD_009::3,CM_B_STD_009,CM_B_STD_009,masked_rendering_skeleton,within_discovery,False,needs_human_review
9a001560876391ae,CM_B_STD_010::0,CM_B_STD_010::1,CM_B_STD_010,CM_B_STD_010,masked_rendering_skeleton,within_discovery,False,needs_human_review
51e924130f5d6295,CM_B_STD_010::0,CM_B_STD_010::2,CM_B_STD_010,CM_B_STD_010,masked_rendering_skeleton,within_discovery,False,needs_human_review
70d45ba1369e3c08,CM_B_STD_010::0,CM_B_STD_010::3,CM_B_STD_010,CM_B_STD_010,masked_rendering_skeleton,within_discovery,False,needs_human_review
a2718dd1ae80d4d5,CM_B_STD_010::0,CM_B_STD_010_RENAME::0,CM_B_STD_010,CM_B_STD_010,derived_parent_relation,within_discovery,True,needs_human_review
f6e4875590136155,CM_B_STD_010::0,CM_B_STD_010_RENAME::1,CM_B_STD_010,CM_B_STD_010,derived_parent_relation,within_discovery,True,needs_human_review
14ae0068df6319a3,CM_B_STD_010::0,CM_B_STD_010_RENAME::2,CM_B_STD_010,CM_B_STD_010,derived_parent_relation,within_discovery,True,needs_human_review
4a3f9509e1d79fa4,CM_B_STD_010::0,CM_B_STD_010_RENAME::3,CM_B_STD_010,CM_B_STD_010,derived_parent_relation,within_discovery,True,needs_human_review
7b93932fe52bd2d4,CM_B_STD_010::1,CM_B_STD_010::2,CM_B_STD_010,CM_B_STD_010,masked_rendering_skeleton,within_discovery,False,needs_human_review
5be69317ddeaebcc,CM_B_STD_010::1,CM_B_STD_010::3,CM_B_STD_010,CM_B_STD_010,masked_rendering_skeleton,within_discovery,False,needs_human_review
226cdbf72c6eed81,CM_B_STD_010::1,CM_B_STD_010_RENAME::0,CM_B_STD_010,CM_B_STD_010,derived_parent_relation,within_discovery,True,needs_human_review
eec2c53d5b1c97c9,CM_B_STD_010::1,CM_B_STD_010_RENAME::1,CM_B_STD_010,CM_B_STD_010,derived_parent_relation,within_discovery,True,needs_human_review
9f587814834a75b1,CM_B_STD_010::1,CM_B_STD_010_RENAME::2,CM_B_STD_010,CM_B_STD_010,derived_parent_relation,within_discovery,True,needs_human_review
968ab93827f6bfdd,CM_B_STD_010::1,CM_B_STD_010_RENAME::3,CM_B_STD_010,CM_B_STD_010,derived_parent_relation,within_discovery,True,needs_human_review
b7a2d35bff9b8cfb,CM_B_STD_010::2,CM_B_STD_010::3,CM_B_STD_010,CM_B_STD_010,masked_rendering_skeleton,within_discovery,False,needs_human_review
55d9d84ecdd3adba,CM_B_STD_010::2,CM_B_STD_010_RENAME::0,CM_B_STD_010,CM_B_STD_010,derived_parent_relation,within_discovery,True,needs_human_review
90eded99a36daadc,CM_B_STD_010::2,CM_B_STD_010_RENAME::1,CM_B_STD_010,CM_B_STD_010,derived_parent_relation,within_discovery,True,needs_human_review
7e412fdbcb1ff8ee,CM_B_STD_010::2,CM_B_STD_010_RENAME::2,CM_B_STD_010,CM_B_STD_010,derived_parent_relation,within_discovery,True,needs_human_review
5056ff009b9d35a5,CM_B_STD_010::2,CM_B_STD_010_RENAME::3,CM_B_STD_010,CM_B_STD_010,derived_parent_relation,within_discovery,True,needs_human_review
21a56d4c06893796,CM_B_STD_010::3,CM_B_STD_010_RENAME::0,CM_B_STD_010,CM_B_STD_010,derived_parent_relation,within_discovery,True,needs_human_review
f0a01e8dfbe746d4,CM_B_STD_010::3,CM_B_STD_010_RENAME::1,CM_B_STD_010,CM_B_STD_010,derived_parent_relation,within_discovery,True,needs_human_review
17010ba4f4d4f0b5,CM_B_STD_010::3,CM_B_STD_010_RENAME::2,CM_B_STD_010,CM_B_STD_010,derived_parent_relation,within_discovery,True,needs_human_review
349802216fe22f53,CM_B_STD_010::3,CM_B_STD_010_RENAME::3,CM_B_STD_010,CM_B_STD_010,derived_parent_relation,within_discovery,True,needs_human_review
5536437fa4cd36fc,CM_B_STD_011::0,CM_B_STD_011::1,CM_B_STD_011,CM_B_STD_011,masked_rendering_skeleton,within_discovery,False,needs_human_review
81cc3a5cde33900e,CM_B_STD_011::0,CM_B_STD_011::2,CM_B_STD_011,CM_B_STD_011,masked_rendering_skeleton,within_discovery,False,needs_human_review
deb5816c661b67b6,CM_B_STD_011::0,CM_B_STD_011::3,CM_B_STD_011,CM_B_STD_011,masked_rendering_skeleton,within_discovery,False,needs_human_review
c874279e49ead1c8,CM_B_STD_011::0,CM_B_STD_011_RENAME::0,CM_B_STD_011,CM_B_STD_011,derived_parent_relation,within_discovery,True,needs_human_review
afb9bd6c2df1b2e8,CM_B_STD_011::0,CM_B_STD_011_RENAME::1,CM_B_STD_011,CM_B_STD_011,derived_parent_relation,within_discovery,True,needs_human_review
9caddebc41e56449,CM_B_STD_011::0,CM_B_STD_011_RENAME::2,CM_B_STD_011,CM_B_STD_011,derived_parent_relation,within_discovery,True,needs_human_review
109201fa59592286,CM_B_STD_011::0,CM_B_STD_011_RENAME::3,CM_B_STD_011,CM_B_STD_011,derived_parent_relation,within_discovery,True,needs_human_review
604d6840573ff52b,CM_B_STD_011::1,CM_B_STD_011::2,CM_B_STD_011,CM_B_STD_011,masked_rendering_skeleton,within_discovery,False,needs_human_review
7c31919fcb419f77,CM_B_STD_011::1,CM_B_STD_011::3,CM_B_STD_011,CM_B_STD_011,masked_rendering_skeleton,within_discovery,False,needs_human_review
5e22fe54dc965f04,CM_B_STD_011::1,CM_B_STD_011_RENAME::0,CM_B_STD_011,CM_B_STD_011,derived_parent_relation,within_discovery,True,needs_human_review
39270f4242b5654e,CM_B_STD_011::1,CM_B_STD_011_RENAME::1,CM_B_STD_011,CM_B_STD_011,derived_parent_relation,within_discovery,True,needs_human_review
8113b90b81d1f6db,CM_B_STD_011::1,CM_B_STD_011_RENAME::2,CM_B_STD_011,CM_B_STD_011,derived_parent_relation,within_discovery,True,needs_human_review
88ebce6d5c32a10e,CM_B_STD_011::1,CM_B_STD_011_RENAME::3,CM_B_STD_011,CM_B_STD_011,derived_parent_relation,within_discovery,True,needs_human_review
49a5eb141fa49c73,CM_B_STD_011::2,CM_B_STD_011::3,CM_B_STD_011,CM_B_STD_011,masked_rendering_skeleton,within_discovery,False,needs_human_review
4032f3db6ec55a57,CM_B_STD_011::2,CM_B_STD_011_RENAME::0,CM_B_STD_011,CM_B_STD_011,derived_parent_relation,within_discovery,True,needs_human_review
e3a591e7301a1dd6,CM_B_STD_011::2,CM_B_STD_011_RENAME::1,CM_B_STD_011,CM_B_STD_011,derived_parent_relation,within_discovery,True,needs_human_review
4196ca74f1e89b41,CM_B_STD_011::2,CM_B_STD_011_RENAME::2,CM_B_STD_011,CM_B_STD_011,derived_parent_relation,within_discovery,True,needs_human_review
103eac582a4f9d54,CM_B_STD_011::2,CM_B_STD_011_RENAME::3,CM_B_STD_011,CM_B_STD_011,derived_parent_relation,within_discovery,True,needs_human_review
3637d57f7f801b5d,CM_B_STD_011::3,CM_B_STD_011_RENAME::0,CM_B_STD_011,CM_B_STD_011,derived_parent_relation,within_discovery,True,needs_human_review
1195758c884e052e,CM_B_STD_011::3,CM_B_STD_011_RENAME::1,CM_B_STD_011,CM_B_STD_011,derived_parent_relation,within_discovery,True,needs_human_review
2c75d4e181dd2f0e,CM_B_STD_011::3,CM_B_STD_011_RENAME::2,CM_B_STD_011,CM_B_STD_011,derived_parent_relation,within_discovery,True,needs_human_review
13936ff7d9dcd2ac,CM_B_STD_011::3,CM_B_STD_011_RENAME::3,CM_B_STD_011,CM_B_STD_011,derived_parent_relation,within_discovery,True,needs_human_review
18969cb85a448f8f,CM_B_STD_012::0,CM_B_STD_012::1,CM_B_STD_012,CM_B_STD_012,masked_rendering_skeleton,within_discovery,False,needs_human_review
9d7bfd13d632686c,CM_B_STD_012::0,CM_B_STD_012::2,CM_B_STD_012,CM_B_STD_012,masked_rendering_skeleton,within_discovery,False,needs_human_review
c79bdfe6ee257716,CM_B_STD_012::0,CM_B_STD_012::3,CM_B_STD_012,CM_B_STD_012,masked_rendering_skeleton,within_discovery,False,needs_human_review
1ad46e5f959b9dd8,CM_B_STD_012::1,CM_B_STD_012::2,CM_B_STD_012,CM_B_STD_012,masked_rendering_skeleton,within_discovery,False,needs_human_review
078fc2cc22047d38,CM_B_STD_012::1,CM_B_STD_012::3,CM_B_STD_012,CM_B_STD_012,masked_rendering_skeleton,within_discovery,False,needs_human_review
f5c9d8e589ee6dca,CM_B_STD_012::2,CM_B_STD_012::3,CM_B_STD_012,CM_B_STD_012,masked_rendering_skeleton,within_discovery,False,needs_human_review
eb3fa4ba4f182d7f,CM_B_STD_013::0,CM_B_STD_013::1,CM_B_STD_013,CM_B_STD_013,masked_rendering_skeleton,within_discovery,False,needs_human_review
db81f43c849c9e25,CM_B_STD_013::0,CM_B_STD_013::2,CM_B_STD_013,CM_B_STD_013,masked_rendering_skeleton,within_discovery,False,needs_human_review
d0d531e863c630a8,CM_B_STD_013::0,CM_B_STD_013::3,CM_B_STD_013,CM_B_STD_013,masked_rendering_skeleton,within_discovery,False,needs_human_review
82ef24dbe2e74ddb,CM_B_STD_013::0,CM_B_STD_013_RENAME::0,CM_B_STD_013,CM_B_STD_013,derived_parent_relation,within_discovery,True,needs_human_review
1910335ad1284481,CM_B_STD_013::0,CM_B_STD_013_RENAME::1,CM_B_STD_013,CM_B_STD_013,derived_parent_relation,within_discovery,True,needs_human_review
83380d30ddd8f399,CM_B_STD_013::0,CM_B_STD_013_RENAME::2,CM_B_STD_013,CM_B_STD_013,derived_parent_relation,within_discovery,True,needs_human_review
92f42f7ffcafac60,CM_B_STD_013::0,CM_B_STD_013_RENAME::3,CM_B_STD_013,CM_B_STD_013,derived_parent_relation,within_discovery,True,needs_human_review
491464b05c81d932,CM_B_STD_013::1,CM_B_STD_013::2,CM_B_STD_013,CM_B_STD_013,masked_rendering_skeleton,within_discovery,False,needs_human_review
086aa66a056de840,CM_B_STD_013::1,CM_B_STD_013::3,CM_B_STD_013,CM_B_STD_013,masked_rendering_skeleton,within_discovery,False,needs_human_review
27a478987c02e862,CM_B_STD_013::1,CM_B_STD_013_RENAME::0,CM_B_STD_013,CM_B_STD_013,derived_parent_relation,within_discovery,True,needs_human_review
6549a90b4191aa5f,CM_B_STD_013::1,CM_B_STD_013_RENAME::1,CM_B_STD_013,CM_B_STD_013,derived_parent_relation,within_discovery,True,needs_human_review
985b8f4bfb5e42f9,CM_B_STD_013::1,CM_B_STD_013_RENAME::2,CM_B_STD_013,CM_B_STD_013,derived_parent_relation,within_discovery,True,needs_human_review
f9861b712bf817d7,CM_B_STD_013::1,CM_B_STD_013_RENAME::3,CM_B_STD_013,CM_B_STD_013,derived_parent_relation,within_discovery,True,needs_human_review
a2b4d183bbcbacb0,CM_B_STD_013::2,CM_B_STD_013::3,CM_B_STD_013,CM_B_STD_013,masked_rendering_skeleton,within_discovery,False,needs_human_review
d87d5f065ac77300,CM_B_STD_013::2,CM_B_STD_013_RENAME::0,CM_B_STD_013,CM_B_STD_013,derived_parent_relation,within_discovery,True,needs_human_review
17e8a227f8ca3279,CM_B_STD_013::2,CM_B_STD_013_RENAME::1,CM_B_STD_013,CM_B_STD_013,derived_parent_relation,within_discovery,True,needs_human_review
5b8285ca4090f63f,CM_B_STD_013::2,CM_B_STD_013_RENAME::2,CM_B_STD_013,CM_B_STD_013,derived_parent_relation,within_discovery,True,needs_human_review
02598ef4bc3fcde0,CM_B_STD_013::2,CM_B_STD_013_RENAME::3,CM_B_STD_013,CM_B_STD_013,derived_parent_relation,within_discovery,True,needs_human_review
d092dd4b8e96efeb,CM_B_STD_013::3,CM_B_STD_013_RENAME::0,CM_B_STD_013,CM_B_STD_013,derived_parent_relation,within_discovery,True,needs_human_review
4e30a41f548de850,CM_B_STD_013::3,CM_B_STD_013_RENAME::1,CM_B_STD_013,CM_B_STD_013,derived_parent_relation,within_discovery,True,needs_human_review
e2cb1c837abf5eee,CM_B_STD_013::3,CM_B_STD_013_RENAME::2,CM_B_STD_013,CM_B_STD_013,derived_parent_relation,within_discovery,True,needs_human_review
91ea66038c887354,CM_B_STD_013::3,CM_B_STD_013_RENAME::3,CM_B_STD_013,CM_B_STD_013,derived_parent_relation,within_discovery,True,needs_human_review
c8cb4a6ceaefff46,CM_B_STD_014::0,CM_B_STD_014::1,CM_B_STD_014,CM_B_STD_014,masked_rendering_skeleton,within_discovery,False,needs_human_review
f32621f75c22813f,CM_B_STD_014::0,CM_B_STD_014::2,CM_B_STD_014,CM_B_STD_014,masked_rendering_skeleton,within_discovery,False,needs_human_review
acbe6ae89e21831e,CM_B_STD_014::0,CM_B_STD_014::3,CM_B_STD_014,CM_B_STD_014,masked_rendering_skeleton,within_discovery,False,needs_human_review
a905544bb74f8f29,CM_B_STD_014::1,CM_B_STD_014::2,CM_B_STD_014,CM_B_STD_014,masked_rendering_skeleton,within_discovery,False,needs_human_review
50e0411c5de52d45,CM_B_STD_014::1,CM_B_STD_014::3,CM_B_STD_014,CM_B_STD_014,masked_rendering_skeleton,within_discovery,False,needs_human_review
789d7c5c2b2692d0,CM_B_STD_014::2,CM_B_STD_014::3,CM_B_STD_014,CM_B_STD_014,masked_rendering_skeleton,within_discovery,False,needs_human_review
75e82bdbc16742a8,CM_B_STD_015::0,CM_B_STD_015::1,CM_B_STD_015,CM_B_STD_015,masked_rendering_skeleton,within_discovery,False,needs_human_review
ed448db9bb569d1c,CM_B_STD_015::0,CM_B_STD_015::2,CM_B_STD_015,CM_B_STD_015,masked_rendering_skeleton,within_discovery,False,needs_human_review
261d4561eee59220,CM_B_STD_015::0,CM_B_STD_015::3,CM_B_STD_015,CM_B_STD_015,masked_rendering_skeleton,within_discovery,False,needs_human_review
fb713f8d08cb62e2,CM_B_STD_015::1,CM_B_STD_015::2,CM_B_STD_015,CM_B_STD_015,masked_rendering_skeleton,within_discovery,False,needs_human_review
5e5d5aa437c04e20,CM_B_STD_015::1,CM_B_STD_015::3,CM_B_STD_015,CM_B_STD_015,masked_rendering_skeleton,within_discovery,False,needs_human_review
c56dc9201b5355e6,CM_B_STD_015::2,CM_B_STD_015::3,CM_B_STD_015,CM_B_STD_015,masked_rendering_skeleton,within_discovery,False,needs_human_review
567cd2c834a9b782,CM_B_UM_001::0,CM_B_UM_001::1,CM_B_UM_001,CM_B_UM_001,masked_rendering_skeleton,within_discovery,False,needs_human_review
5e189abb0291f664,CM_B_UM_001::0,CM_B_UM_001::2,CM_B_UM_001,CM_B_UM_001,masked_rendering_skeleton,within_discovery,False,needs_human_review
a90c4d08bb32536c,CM_B_UM_001::0,CM_B_UM_001::3,CM_B_UM_001,CM_B_UM_001,masked_rendering_skeleton,within_discovery,False,needs_human_review
902062d6953b64d7,CM_B_UM_001::1,CM_B_UM_001::2,CM_B_UM_001,CM_B_UM_001,masked_rendering_skeleton,within_discovery,False,needs_human_review
327661e494b16713,CM_B_UM_001::1,CM_B_UM_001::3,CM_B_UM_001,CM_B_UM_001,masked_rendering_skeleton,within_discovery,False,needs_human_review
4aa3b853402f60ca,CM_B_UM_001::2,CM_B_UM_001::3,CM_B_UM_001,CM_B_UM_001,masked_rendering_skeleton,within_discovery,False,needs_human_review
91578797f206c123,CM_B_UM_002::0,CM_B_UM_002::1,CM_B_UM_002,CM_B_UM_002,masked_rendering_skeleton,within_discovery,False,needs_human_review
998f1a8ad12a4985,CM_B_UM_002::0,CM_B_UM_002::2,CM_B_UM_002,CM_B_UM_002,masked_rendering_skeleton,within_discovery,False,needs_human_review
a3ce6fcbf6d30c1e,CM_B_UM_002::0,CM_B_UM_002::3,CM_B_UM_002,CM_B_UM_002,masked_rendering_skeleton,within_discovery,False,needs_human_review
20b9b41415a1939b,CM_B_UM_002::1,CM_B_UM_002::2,CM_B_UM_002,CM_B_UM_002,masked_rendering_skeleton,within_discovery,False,needs_human_review
07391764af71bee2,CM_B_UM_002::1,CM_B_UM_002::3,CM_B_UM_002,CM_B_UM_002,masked_rendering_skeleton,within_discovery,False,needs_human_review
79f52401c569eb62,CM_B_UM_002::2,CM_B_UM_002::3,CM_B_UM_002,CM_B_UM_002,masked_rendering_skeleton,within_discovery,False,needs_human_review
1133a205ff768b70,CM_B_UM_003::0,CM_B_UM_003::1,CM_B_UM_003,CM_B_UM_003,masked_rendering_skeleton,within_discovery,False,needs_human_review
768c60cf61decde2,CM_B_UM_003::0,CM_B_UM_003::2,CM_B_UM_003,CM_B_UM_003,masked_rendering_skeleton,within_discovery,False,needs_human_review
503d1c504be2d656,CM_B_UM_003::0,CM_B_UM_003::3,CM_B_UM_003,CM_B_UM_003,masked_rendering_skeleton,within_discovery,False,needs_human_review
53ebafde17bf702e,CM_B_UM_003::1,CM_B_UM_003::2,CM_B_UM_003,CM_B_UM_003,masked_rendering_skeleton,within_discovery,False,needs_human_review
383a5a9b50b4932f,CM_B_UM_003::1,CM_B_UM_003::3,CM_B_UM_003,CM_B_UM_003,masked_rendering_skeleton,within_discovery,False,needs_human_review
9f011dc14b88e4ef,CM_B_UM_003::2,CM_B_UM_003::3,CM_B_UM_003,CM_B_UM_003,masked_rendering_skeleton,within_discovery,False,needs_human_review
38e78844c6272515,CM_B_UM_004::0,CM_B_UM_004::1,CM_B_UM_004,CM_B_UM_004,masked_rendering_skeleton,within_discovery,False,needs_human_review
6f0f6a7746e9f585,CM_B_UM_004::0,CM_B_UM_004::2,CM_B_UM_004,CM_B_UM_004,masked_rendering_skeleton,within_discovery,False,needs_human_review
a6455421af4e153f,CM_B_UM_004::0,CM_B_UM_004::3,CM_B_UM_004,CM_B_UM_004,masked_rendering_skeleton,within_discovery,False,needs_human_review
eb98e54bda073fc4,CM_B_UM_004::1,CM_B_UM_004::2,CM_B_UM_004,CM_B_UM_004,masked_rendering_skeleton,within_discovery,False,needs_human_review
7d95551c4679c089,CM_B_UM_004::1,CM_B_UM_004::3,CM_B_UM_004,CM_B_UM_004,masked_rendering_skeleton,within_discovery,False,needs_human_review
a29b615b131f2509,CM_B_UM_004::2,CM_B_UM_004::3,CM_B_UM_004,CM_B_UM_004,masked_rendering_skeleton,within_discovery,False,needs_human_review
5c46486b9d604e7a,CM_B_UM_005::0,CM_B_UM_005::1,CM_B_UM_005,CM_B_UM_005,masked_rendering_skeleton,within_discovery,False,needs_human_review
4118382eaba1654e,CM_B_UM_005::0,CM_B_UM_005::2,CM_B_UM_005,CM_B_UM_005,masked_rendering_skeleton,within_discovery,False,needs_human_review
632d7e4d637c0dd6,CM_B_UM_005::0,CM_B_UM_005::3,CM_B_UM_005,CM_B_UM_005,masked_rendering_skeleton,within_discovery,False,needs_human_review
91b33d6033ff9190,CM_B_UM_005::1,CM_B_UM_005::2,CM_B_UM_005,CM_B_UM_005,masked_rendering_skeleton,within_discovery,False,needs_human_review
ad21c85be220ee63,CM_B_UM_005::1,CM_B_UM_005::3,CM_B_UM_005,CM_B_UM_005,masked_rendering_skeleton,within_discovery,False,needs_human_review
560a34295ff59340,CM_B_UM_005::2,CM_B_UM_005::3,CM_B_UM_005,CM_B_UM_005,masked_rendering_skeleton,within_discovery,False,needs_human_review
aa62b0d9f467aedf,CM_B_UM_006::0,CM_B_UM_006::1,CM_B_UM_006,CM_B_UM_006,masked_rendering_skeleton,within_discovery,False,needs_human_review
9072cebaf15ee89a,CM_B_UM_006::0,CM_B_UM_006::2,CM_B_UM_006,CM_B_UM_006,masked_rendering_skeleton,within_discovery,False,needs_human_review
235bfac5da232ca3,CM_B_UM_006::0,CM_B_UM_006::3,CM_B_UM_006,CM_B_UM_006,masked_rendering_skeleton,within_discovery,False,needs_human_review
78979d39505fc037,CM_B_UM_006::1,CM_B_UM_006::2,CM_B_UM_006,CM_B_UM_006,masked_rendering_skeleton,within_discovery,False,needs_human_review
10b6b387eb24e8a9,CM_B_UM_006::1,CM_B_UM_006::3,CM_B_UM_006,CM_B_UM_006,masked_rendering_skeleton,within_discovery,False,needs_human_review
e6385f1681a53045,CM_B_UM_006::2,CM_B_UM_006::3,CM_B_UM_006,CM_B_UM_006,masked_rendering_skeleton,within_discovery,False,needs_human_review
02fbf3e8c6369b5d,CM_B_UM_007::0,CM_B_UM_007::1,CM_B_UM_007,CM_B_UM_007,masked_rendering_skeleton,within_discovery,False,needs_human_review
f375a91dd89bf618,CM_B_UM_007::0,CM_B_UM_007::2,CM_B_UM_007,CM_B_UM_007,masked_rendering_skeleton,within_discovery,False,needs_human_review
499dad93c8ee6d07,CM_B_UM_007::0,CM_B_UM_007::3,CM_B_UM_007,CM_B_UM_007,masked_rendering_skeleton,within_discovery,False,needs_human_review
3a5e3c9b753b069f,CM_B_UM_007::1,CM_B_UM_007::2,CM_B_UM_007,CM_B_UM_007,masked_rendering_skeleton,within_discovery,False,needs_human_review
252399218fa05b4a,CM_B_UM_007::1,CM_B_UM_007::3,CM_B_UM_007,CM_B_UM_007,masked_rendering_skeleton,within_discovery,False,needs_human_review
2ac60a827e29ff64,CM_B_UM_007::2,CM_B_UM_007::3,CM_B_UM_007,CM_B_UM_007,masked_rendering_skeleton,within_discovery,False,needs_human_review
ec9abdd45db1f64d,CM_B_UM_008::0,CM_B_UM_008::1,CM_B_UM_008,CM_B_UM_008,masked_rendering_skeleton,within_discovery,False,needs_human_review
6f9c202c6b80f54a,CM_B_UM_008::0,CM_B_UM_008::2,CM_B_UM_008,CM_B_UM_008,masked_rendering_skeleton,within_discovery,False,needs_human_review
9617b1e339e6dc04,CM_B_UM_008::0,CM_B_UM_008::3,CM_B_UM_008,CM_B_UM_008,masked_rendering_skeleton,within_discovery,False,needs_human_review
a14d3498bb8984b4,CM_B_UM_008::1,CM_B_UM_008::2,CM_B_UM_008,CM_B_UM_008,masked_rendering_skeleton,within_discovery,False,needs_human_review
79b5f59cc3e0949c,CM_B_UM_008::1,CM_B_UM_008::3,CM_B_UM_008,CM_B_UM_008,masked_rendering_skeleton,within_discovery,False,needs_human_review
77a8af37914d369e,CM_B_UM_008::2,CM_B_UM_008::3,CM_B_UM_008,CM_B_UM_008,masked_rendering_skeleton,within_discovery,False,needs_human_review
8b73cca89113fb43,CM_B_UM_009::0,CM_B_UM_009::1,CM_B_UM_009,CM_B_UM_009,masked_rendering_skeleton,within_discovery,False,needs_human_review
622e1d08f78ea160,CM_B_UM_009::0,CM_B_UM_009::2,CM_B_UM_009,CM_B_UM_009,masked_rendering_skeleton,within_discovery,False,needs_human_review
a9f4b237d5ca3ae7,CM_B_UM_009::0,CM_B_UM_009::3,CM_B_UM_009,CM_B_UM_009,masked_rendering_skeleton,within_discovery,False,needs_human_review
2fef91c71b6ef419,CM_B_UM_009::0,CM_B_UM_009_RENAME::0,CM_B_UM_009,CM_B_UM_009,derived_parent_relation,within_discovery,True,needs_human_review
9a46922eabc49bc7,CM_B_UM_009::0,CM_B_UM_009_RENAME::1,CM_B_UM_009,CM_B_UM_009,derived_parent_relation,within_discovery,True,needs_human_review
9c16ce385d396d44,CM_B_UM_009::0,CM_B_UM_009_RENAME::2,CM_B_UM_009,CM_B_UM_009,derived_parent_relation,within_discovery,True,needs_human_review
6a7778af439de962,CM_B_UM_009::0,CM_B_UM_009_RENAME::3,CM_B_UM_009,CM_B_UM_009,derived_parent_relation,within_discovery,True,needs_human_review
f7ced82eb8e03d64,CM_B_UM_009::1,CM_B_UM_009::2,CM_B_UM_009,CM_B_UM_009,masked_rendering_skeleton,within_discovery,False,needs_human_review
16f9e8adc2785fc1,CM_B_UM_009::1,CM_B_UM_009::3,CM_B_UM_009,CM_B_UM_009,masked_rendering_skeleton,within_discovery,False,needs_human_review
bb676348609ab9fe,CM_B_UM_009::1,CM_B_UM_009_RENAME::0,CM_B_UM_009,CM_B_UM_009,derived_parent_relation,within_discovery,True,needs_human_review
a4541fb13a5f7c92,CM_B_UM_009::1,CM_B_UM_009_RENAME::1,CM_B_UM_009,CM_B_UM_009,derived_parent_relation,within_discovery,True,needs_human_review
401c5f1fbaa4c3c6,CM_B_UM_009::1,CM_B_UM_009_RENAME::2,CM_B_UM_009,CM_B_UM_009,derived_parent_relation,within_discovery,True,needs_human_review
d01c30f50b6bc368,CM_B_UM_009::1,CM_B_UM_009_RENAME::3,CM_B_UM_009,CM_B_UM_009,derived_parent_relation,within_discovery,True,needs_human_review
394b5c9d5bc0b89b,CM_B_UM_009::2,CM_B_UM_009::3,CM_B_UM_009,CM_B_UM_009,masked_rendering_skeleton,within_discovery,False,needs_human_review
7ce93b15deda943a,CM_B_UM_009::2,CM_B_UM_009_RENAME::0,CM_B_UM_009,CM_B_UM_009,derived_parent_relation,within_discovery,True,needs_human_review
baa6970174c97363,CM_B_UM_009::2,CM_B_UM_009_RENAME::1,CM_B_UM_009,CM_B_UM_009,derived_parent_relation,within_discovery,True,needs_human_review
fe50930c0633bb01,CM_B_UM_009::2,CM_B_UM_009_RENAME::2,CM_B_UM_009,CM_B_UM_009,derived_parent_relation,within_discovery,True,needs_human_review
a8e56eb132843c9b,CM_B_UM_009::2,CM_B_UM_009_RENAME::3,CM_B_UM_009,CM_B_UM_009,derived_parent_relation,within_discovery,True,needs_human_review
8b49187e26b859ab,CM_B_UM_009::3,CM_B_UM_009_RENAME::0,CM_B_UM_009,CM_B_UM_009,derived_parent_relation,within_discovery,True,needs_human_review
2efbd33bb347c5aa,CM_B_UM_009::3,CM_B_UM_009_RENAME::1,CM_B_UM_009,CM_B_UM_009,derived_parent_relation,within_discovery,True,needs_human_review
14e2b326c4b44c36,CM_B_UM_009::3,CM_B_UM_009_RENAME::2,CM_B_UM_009,CM_B_UM_009,derived_parent_relation,within_discovery,True,needs_human_review
dd1e0283cf81e636,CM_B_UM_009::3,CM_B_UM_009_RENAME::3,CM_B_UM_009,CM_B_UM_009,derived_parent_relation,within_discovery,True,needs_human_review
660c335a5b6b4a82,CM_B_UM_010::0,CM_B_UM_010::1,CM_B_UM_010,CM_B_UM_010,masked_rendering_skeleton,within_discovery,False,needs_human_review
33e5c8f3bd51d0b0,CM_B_UM_010::0,CM_B_UM_010::2,CM_B_UM_010,CM_B_UM_010,masked_rendering_skeleton,within_discovery,False,needs_human_review
0f47ab0c08249d9e,CM_B_UM_010::0,CM_B_UM_010::3,CM_B_UM_010,CM_B_UM_010,masked_rendering_skeleton,within_discovery,False,needs_human_review
6537868be20843f1,CM_B_UM_010::1,CM_B_UM_010::2,CM_B_UM_010,CM_B_UM_010,masked_rendering_skeleton,within_discovery,False,needs_human_review
0c86c0a6b6cd8302,CM_B_UM_010::1,CM_B_UM_010::3,CM_B_UM_010,CM_B_UM_010,masked_rendering_skeleton,within_discovery,False,needs_human_review
ea6fcfd330989d5e,CM_B_UM_010::2,CM_B_UM_010::3,CM_B_UM_010,CM_B_UM_010,masked_rendering_skeleton,within_discovery,False,needs_human_review
9565d773efc2fa9a,CM_B_UM_011::0,CM_B_UM_011::1,CM_B_UM_011,CM_B_UM_011,masked_rendering_skeleton,within_discovery,False,needs_human_review
30f255db46a12cf6,CM_B_UM_011::0,CM_B_UM_011::2,CM_B_UM_011,CM_B_UM_011,masked_rendering_skeleton,within_discovery,False,needs_human_review
059f8877803a2c7d,CM_B_UM_011::0,CM_B_UM_011::3,CM_B_UM_011,CM_B_UM_011,masked_rendering_skeleton,within_discovery,False,needs_human_review
c6b86088faa2de86,CM_B_UM_011::1,CM_B_UM_011::2,CM_B_UM_011,CM_B_UM_011,masked_rendering_skeleton,within_discovery,False,needs_human_review
648d6b8cb2197d64,CM_B_UM_011::1,CM_B_UM_011::3,CM_B_UM_011,CM_B_UM_011,masked_rendering_skeleton,within_discovery,False,needs_human_review
196dd1620497b7c9,CM_B_UM_011::2,CM_B_UM_011::3,CM_B_UM_011,CM_B_UM_011,masked_rendering_skeleton,within_discovery,False,needs_human_review
fa0ff5102fec7a38,CM_B_UM_012::0,CM_B_UM_012::1,CM_B_UM_012,CM_B_UM_012,masked_rendering_skeleton,within_discovery,False,needs_human_review
3d267f66d1aaecd8,CM_B_UM_012::0,CM_B_UM_012::2,CM_B_UM_012,CM_B_UM_012,masked_rendering_skeleton,within_discovery,False,needs_human_review
4cbf2a605e2b9954,CM_B_UM_012::0,CM_B_UM_012::3,CM_B_UM_012,CM_B_UM_012,masked_rendering_skeleton,within_discovery,False,needs_human_review
ebe4ba66a8ea7a4d,CM_B_UM_012::1,CM_B_UM_012::2,CM_B_UM_012,CM_B_UM_012,masked_rendering_skeleton,within_discovery,False,needs_human_review
a5f10b4616309692,CM_B_UM_012::1,CM_B_UM_012::3,CM_B_UM_012,CM_B_UM_012,masked_rendering_skeleton,within_discovery,False,needs_human_review
5a6a5928311bcc51,CM_B_UM_012::2,CM_B_UM_012::3,CM_B_UM_012,CM_B_UM_012,masked_rendering_skeleton,within_discovery,False,needs_human_review
e8d52c76eef5fd0f,CM_B_UM_013::0,CM_B_UM_013::1,CM_B_UM_013,CM_B_UM_013,masked_rendering_skeleton,within_discovery,False,needs_human_review
572d488d2f1fca53,CM_B_UM_013::0,CM_B_UM_013::2,CM_B_UM_013,CM_B_UM_013,masked_rendering_skeleton,within_discovery,False,needs_human_review
f1405aa076e74eaf,CM_B_UM_013::0,CM_B_UM_013::3,CM_B_UM_013,CM_B_UM_013,masked_rendering_skeleton,within_discovery,False,needs_human_review
2f6317668dfb0334,CM_B_UM_013::1,CM_B_UM_013::2,CM_B_UM_013,CM_B_UM_013,masked_rendering_skeleton,within_discovery,False,needs_human_review
17edc2f259e5753a,CM_B_UM_013::1,CM_B_UM_013::3,CM_B_UM_013,CM_B_UM_013,masked_rendering_skeleton,within_discovery,False,needs_human_review
7c287e425d8b2944,CM_B_UM_013::2,CM_B_UM_013::3,CM_B_UM_013,CM_B_UM_013,masked_rendering_skeleton,within_discovery,False,needs_human_review
2721762c1766c29c,CM_B_UM_014::0,CM_B_UM_014::1,CM_B_UM_014,CM_B_UM_014,masked_rendering_skeleton,within_discovery,False,needs_human_review
b64e915f97321267,CM_B_UM_014::0,CM_B_UM_014::2,CM_B_UM_014,CM_B_UM_014,masked_rendering_skeleton,within_discovery,False,needs_human_review
59ec54d58de7d50e,CM_B_UM_014::0,CM_B_UM_014::3,CM_B_UM_014,CM_B_UM_014,masked_rendering_skeleton,within_discovery,False,needs_human_review
f1dc678427e2df0c,CM_B_UM_014::1,CM_B_UM_014::2,CM_B_UM_014,CM_B_UM_014,masked_rendering_skeleton,within_discovery,False,needs_human_review
c592568583a820c1,CM_B_UM_014::1,CM_B_UM_014::3,CM_B_UM_014,CM_B_UM_014,masked_rendering_skeleton,within_discovery,False,needs_human_review
2cbe4e0fa23f7f60,CM_B_UM_014::2,CM_B_UM_014::3,CM_B_UM_014,CM_B_UM_014,masked_rendering_skeleton,within_discovery,False,needs_human_review
1020f2bafc9f5c47,CM_B_UM_015::0,CM_B_UM_015::1,CM_B_UM_015,CM_B_UM_015,masked_rendering_skeleton,within_discovery,False,needs_human_review
b90888315cb6d027,CM_B_UM_015::0,CM_B_UM_015::2,CM_B_UM_015,CM_B_UM_015,masked_rendering_skeleton,within_discovery,False,needs_human_review
4ed7c3977e209e8a,CM_B_UM_015::0,CM_B_UM_015::3,CM_B_UM_015,CM_B_UM_015,masked_rendering_skeleton,within_discovery,False,needs_human_review
05a623a4966efe2b,CM_B_UM_015::1,CM_B_UM_015::2,CM_B_UM_015,CM_B_UM_015,masked_rendering_skeleton,within_discovery,False,needs_human_review
f28b7268c231d3c0,CM_B_UM_015::1,CM_B_UM_015::3,CM_B_UM_015,CM_B_UM_015,masked_rendering_skeleton,within_discovery,False,needs_human_review
4f2193426ae4a0ee,CM_B_UM_015::2,CM_B_UM_015::3,CM_B_UM_015,CM_B_UM_015,masked_rendering_skeleton,within_discovery,False,needs_human_review
23d76610ec8c535c,CM_B_UM_016::0,CM_B_UM_016::1,CM_B_UM_016,CM_B_UM_016,masked_rendering_skeleton,within_discovery,False,needs_human_review
65c2fd2b9524d550,CM_B_UM_016::0,CM_B_UM_016::2,CM_B_UM_016,CM_B_UM_016,masked_rendering_skeleton,within_discovery,False,needs_human_review
a0de30d057d09c7d,CM_B_UM_016::0,CM_B_UM_016::3,CM_B_UM_016,CM_B_UM_016,masked_rendering_skeleton,within_discovery,False,needs_human_review
7ea2489fdad4529c,CM_B_UM_016::1,CM_B_UM_016::2,CM_B_UM_016,CM_B_UM_016,masked_rendering_skeleton,within_discovery,False,needs_human_review
10044f7f4cc647fb,CM_B_UM_016::1,CM_B_UM_016::3,CM_B_UM_016,CM_B_UM_016,masked_rendering_skeleton,within_discovery,False,needs_human_review
52914014303f2f39,CM_B_UM_016::2,CM_B_UM_016::3,CM_B_UM_016,CM_B_UM_016,masked_rendering_skeleton,within_discovery,False,needs_human_review
e642620109d05df5,CM_B_UM_017::0,CM_B_UM_017::1,CM_B_UM_017,CM_B_UM_017,masked_rendering_skeleton,within_discovery,False,needs_human_review
3133767a15a00fdd,CM_B_UM_017::0,CM_B_UM_017::2,CM_B_UM_017,CM_B_UM_017,masked_rendering_skeleton,within_discovery,False,needs_human_review
c636dc5e1df38133,CM_B_UM_017::0,CM_B_UM_017::3,CM_B_UM_017,CM_B_UM_017,masked_rendering_skeleton,within_discovery,False,needs_human_review
a02ed7cdb20d22e0,CM_B_UM_017::1,CM_B_UM_017::2,CM_B_UM_017,CM_B_UM_017,masked_rendering_skeleton,within_discovery,False,needs_human_review
0510e2297ad46582,CM_B_UM_017::1,CM_B_UM_017::3,CM_B_UM_017,CM_B_UM_017,masked_rendering_skeleton,within_discovery,False,needs_human_review
a47753d0cd0a756b,CM_B_UM_017::2,CM_B_UM_017::3,CM_B_UM_017,CM_B_UM_017,masked_rendering_skeleton,within_discovery,False,needs_human_review
cc9c9da805f2dc74,CM_B_UM_018::0,CM_B_UM_018::1,CM_B_UM_018,CM_B_UM_018,masked_rendering_skeleton,within_discovery,False,needs_human_review
480c1d8763c8da63,CM_B_UM_018::0,CM_B_UM_018::2,CM_B_UM_018,CM_B_UM_018,masked_rendering_skeleton,within_discovery,False,needs_human_review
3d2fe6797e4d1de9,CM_B_UM_018::0,CM_B_UM_018::3,CM_B_UM_018,CM_B_UM_018,masked_rendering_skeleton,within_discovery,False,needs_human_review
d30dbd225a10c686,CM_B_UM_018::1,CM_B_UM_018::2,CM_B_UM_018,CM_B_UM_018,masked_rendering_skeleton,within_discovery,False,needs_human_review
7d2577ef5f151d9b,CM_B_UM_018::1,CM_B_UM_018::3,CM_B_UM_018,CM_B_UM_018,masked_rendering_skeleton,within_discovery,False,needs_human_review
01b0982f878804f8,CM_B_UM_018::2,CM_B_UM_018::3,CM_B_UM_018,CM_B_UM_018,masked_rendering_skeleton,within_discovery,False,needs_human_review
c0de12f475a4721c,CM_B_UM_019::0,CM_B_UM_019::1,CM_B_UM_019,CM_B_UM_019,masked_rendering_skeleton,within_discovery,False,needs_human_review
bc1ee0a6b11ef8c3,CM_B_UM_019::0,CM_B_UM_019::2,CM_B_UM_019,CM_B_UM_019,masked_rendering_skeleton,within_discovery,False,needs_human_review
064106047c2175a3,CM_B_UM_019::0,CM_B_UM_019::3,CM_B_UM_019,CM_B_UM_019,masked_rendering_skeleton,within_discovery,False,needs_human_review
e7df5bf8f86e7e4a,CM_B_UM_019::1,CM_B_UM_019::2,CM_B_UM_019,CM_B_UM_019,masked_rendering_skeleton,within_discovery,False,needs_human_review
df68f99cbeed1030,CM_B_UM_019::1,CM_B_UM_019::3,CM_B_UM_019,CM_B_UM_019,masked_rendering_skeleton,within_discovery,False,needs_human_review
fa22a1bec083cbd5,CM_B_UM_019::2,CM_B_UM_019::3,CM_B_UM_019,CM_B_UM_019,masked_rendering_skeleton,within_discovery,False,needs_human_review
5d57060181cbfc00,CM_B_UM_020::0,CM_B_UM_020::1,CM_B_UM_020,CM_B_UM_020,masked_rendering_skeleton,within_discovery,False,needs_human_review
4671d1dae0d9e322,CM_B_UM_020::0,CM_B_UM_020::2,CM_B_UM_020,CM_B_UM_020,masked_rendering_skeleton,within_discovery,False,needs_human_review
f68e8304c6ea75ab,CM_B_UM_020::0,CM_B_UM_020::3,CM_B_UM_020,CM_B_UM_020,masked_rendering_skeleton,within_discovery,False,needs_human_review
57e14b28873b7770,CM_B_UM_020::1,CM_B_UM_020::2,CM_B_UM_020,CM_B_UM_020,masked_rendering_skeleton,within_discovery,False,needs_human_review
2a71d5e30edc68d7,CM_B_UM_020::1,CM_B_UM_020::3,CM_B_UM_020,CM_B_UM_020,masked_rendering_skeleton,within_discovery,False,needs_human_review
b828fa3ba754b67c,CM_B_UM_020::2,CM_B_UM_020::3,CM_B_UM_020,CM_B_UM_020,masked_rendering_skeleton,within_discovery,False,needs_human_review
1b135b55b9c36597,CM_B_UM_021::0,CM_B_UM_021::1,CM_B_UM_021,CM_B_UM_021,masked_rendering_skeleton,within_discovery,False,needs_human_review
d5864a0a3108005b,CM_B_UM_021::0,CM_B_UM_021::2,CM_B_UM_021,CM_B_UM_021,masked_rendering_skeleton,within_discovery,False,needs_human_review
7a71960de8444cd4,CM_B_UM_021::0,CM_B_UM_021::3,CM_B_UM_021,CM_B_UM_021,masked_rendering_skeleton,within_discovery,False,needs_human_review
4f57f37de99ac79f,CM_B_UM_021::1,CM_B_UM_021::2,CM_B_UM_021,CM_B_UM_021,masked_rendering_skeleton,within_discovery,False,needs_human_review
5252f6cd69bd8385,CM_B_UM_021::1,CM_B_UM_021::3,CM_B_UM_021,CM_B_UM_021,masked_rendering_skeleton,within_discovery,False,needs_human_review
fe76913352ccc59c,CM_B_UM_021::2,CM_B_UM_021::3,CM_B_UM_021,CM_B_UM_021,masked_rendering_skeleton,within_discovery,False,needs_human_review
764959f56ce90b22,CM_B_UM_022::0,CM_B_UM_022::1,CM_B_UM_022,CM_B_UM_022,masked_rendering_skeleton,within_discovery,False,needs_human_review
00b48f9441629341,CM_B_UM_022::0,CM_B_UM_022::2,CM_B_UM_022,CM_B_UM_022,masked_rendering_skeleton,within_discovery,False,needs_human_review
d839f4ff6a108bfc,CM_B_UM_022::0,CM_B_UM_022::3,CM_B_UM_022,CM_B_UM_022,masked_rendering_skeleton,within_discovery,False,needs_human_review
2a48fcbb827304f1,CM_B_UM_022::1,CM_B_UM_022::2,CM_B_UM_022,CM_B_UM_022,masked_rendering_skeleton,within_discovery,False,needs_human_review
f05685aeea2fe169,CM_B_UM_022::1,CM_B_UM_022::3,CM_B_UM_022,CM_B_UM_022,masked_rendering_skeleton,within_discovery,False,needs_human_review
2a7e723d555895ce,CM_B_UM_022::2,CM_B_UM_022::3,CM_B_UM_022,CM_B_UM_022,masked_rendering_skeleton,within_discovery,False,needs_human_review
b432e29f613b03da,CM_B_UM_023::0,CM_B_UM_023::1,CM_B_UM_023,CM_B_UM_023,masked_rendering_skeleton,within_discovery,False,needs_human_review
4f9723616484c50d,CM_B_UM_023::0,CM_B_UM_023::2,CM_B_UM_023,CM_B_UM_023,masked_rendering_skeleton,within_discovery,False,needs_human_review
ef5fd68d5609e4a8,CM_B_UM_023::0,CM_B_UM_023::3,CM_B_UM_023,CM_B_UM_023,masked_rendering_skeleton,within_discovery,False,needs_human_review
bf53a49fbb1096db,CM_B_UM_023::1,CM_B_UM_023::2,CM_B_UM_023,CM_B_UM_023,masked_rendering_skeleton,within_discovery,False,needs_human_review
b12a748138d105ef,CM_B_UM_023::1,CM_B_UM_023::3,CM_B_UM_023,CM_B_UM_023,masked_rendering_skeleton,within_discovery,False,needs_human_review
a046e5125fb9c140,CM_B_UM_023::2,CM_B_UM_023::3,CM_B_UM_023,CM_B_UM_023,masked_rendering_skeleton,within_discovery,False,needs_human_review
2cbcc96572ff9d32,CM_B_UM_024::0,CM_B_UM_024::1,CM_B_UM_024,CM_B_UM_024,masked_rendering_skeleton,within_discovery,False,needs_human_review
3321d5cb006a0c4f,CM_B_UM_024::0,CM_B_UM_024::2,CM_B_UM_024,CM_B_UM_024,masked_rendering_skeleton,within_discovery,False,needs_human_review
ec2eea639cf8d883,CM_B_UM_024::0,CM_B_UM_024::3,CM_B_UM_024,CM_B_UM_024,masked_rendering_skeleton,within_discovery,False,needs_human_review
221e7d1d18250c52,CM_B_UM_024::1,CM_B_UM_024::2,CM_B_UM_024,CM_B_UM_024,masked_rendering_skeleton,within_discovery,False,needs_human_review
c12b0561d6b12b23,CM_B_UM_024::1,CM_B_UM_024::3,CM_B_UM_024,CM_B_UM_024,masked_rendering_skeleton,within_discovery,False,needs_human_review
17680889086a4132,CM_B_UM_024::2,CM_B_UM_024::3,CM_B_UM_024,CM_B_UM_024,masked_rendering_skeleton,within_discovery,False,needs_human_review
3b435fdaa8710963,CM_B_UM_025::0,CM_B_UM_025::1,CM_B_UM_025,CM_B_UM_025,masked_rendering_skeleton,within_discovery,False,needs_human_review
aaa792ea07af6627,CM_B_UM_025::0,CM_B_UM_025::2,CM_B_UM_025,CM_B_UM_025,masked_rendering_skeleton,within_discovery,False,needs_human_review
4b870d5e7577931d,CM_B_UM_025::0,CM_B_UM_025::3,CM_B_UM_025,CM_B_UM_025,masked_rendering_skeleton,within_discovery,False,needs_human_review
9db82d264f716ab3,CM_B_UM_025::1,CM_B_UM_025::2,CM_B_UM_025,CM_B_UM_025,masked_rendering_skeleton,within_discovery,False,needs_human_review
0b3d245f7878823b,CM_B_UM_025::1,CM_B_UM_025::3,CM_B_UM_025,CM_B_UM_025,masked_rendering_skeleton,within_discovery,False,needs_human_review
33ea31bdf9558f79,CM_B_UM_025::2,CM_B_UM_025::3,CM_B_UM_025,CM_B_UM_025,masked_rendering_skeleton,within_discovery,False,needs_human_review
650ae0e014bfdd2e,CM_B_UM_026::0,CM_B_UM_026::1,CM_B_UM_026,CM_B_UM_026,masked_rendering_skeleton,within_discovery,False,needs_human_review
ab186f06c7d9da1d,CM_B_UM_026::0,CM_B_UM_026::2,CM_B_UM_026,CM_B_UM_026,masked_rendering_skeleton,within_discovery,False,needs_human_review
d9f328bfea983d6c,CM_B_UM_026::0,CM_B_UM_026::3,CM_B_UM_026,CM_B_UM_026,masked_rendering_skeleton,within_discovery,False,needs_human_review
fc21552d430832b7,CM_B_UM_026::1,CM_B_UM_026::2,CM_B_UM_026,CM_B_UM_026,masked_rendering_skeleton,within_discovery,False,needs_human_review
5f5f6788dd6befdc,CM_B_UM_026::1,CM_B_UM_026::3,CM_B_UM_026,CM_B_UM_026,masked_rendering_skeleton,within_discovery,False,needs_human_review
8c924e4b4aec3d30,CM_B_UM_026::2,CM_B_UM_026::3,CM_B_UM_026,CM_B_UM_026,masked_rendering_skeleton,within_discovery,False,needs_human_review
f2cd057dd5c8ab43,CM_B_UM_027::0,CM_B_UM_027::1,CM_B_UM_027,CM_B_UM_027,masked_rendering_skeleton,within_discovery,False,needs_human_review
5fd10d27b2b06658,CM_B_UM_027::0,CM_B_UM_027::2,CM_B_UM_027,CM_B_UM_027,masked_rendering_skeleton,within_discovery,False,needs_human_review
15b851c8c2872867,CM_B_UM_027::0,CM_B_UM_027::3,CM_B_UM_027,CM_B_UM_027,masked_rendering_skeleton,within_discovery,False,needs_human_review
001d4586585501fe,CM_B_UM_027::0,CM_B_UM_028::0,CM_B_UM_027,CM_B_UM_028,masked_rendering_skeleton,within_discovery,False,needs_human_review
7f01bae7baec786c,CM_B_UM_027::0,CM_B_UM_028::1,CM_B_UM_027,CM_B_UM_028,masked_rendering_skeleton,within_discovery,False,needs_human_review
86d5cc169ed47f3f,CM_B_UM_027::0,CM_B_UM_028::2,CM_B_UM_027,CM_B_UM_028,masked_rendering_skeleton,within_discovery,False,needs_human_review
e1b33484ff17b928,CM_B_UM_027::0,CM_B_UM_028::3,CM_B_UM_027,CM_B_UM_028,masked_rendering_skeleton,within_discovery,False,needs_human_review
37c46ff50042683a,CM_B_UM_027::0,CM_B_UM_029::0,CM_B_UM_027,CM_B_UM_029,masked_rendering_skeleton,within_discovery,False,needs_human_review
c98212ce46fa6e78,CM_B_UM_027::0,CM_B_UM_029::1,CM_B_UM_027,CM_B_UM_029,masked_rendering_skeleton,within_discovery,False,needs_human_review
a998270d1db1d004,CM_B_UM_027::0,CM_B_UM_029::2,CM_B_UM_027,CM_B_UM_029,masked_rendering_skeleton,within_discovery,False,needs_human_review
39922081852b065a,CM_B_UM_027::0,CM_B_UM_029::3,CM_B_UM_027,CM_B_UM_029,masked_rendering_skeleton,within_discovery,False,needs_human_review
a441760affcfaf6c,CM_B_UM_027::0,CM_B_UM_030::0,CM_B_UM_027,CM_B_UM_030,masked_rendering_skeleton,within_discovery,False,needs_human_review
612889affe784cd3,CM_B_UM_027::0,CM_B_UM_030::1,CM_B_UM_027,CM_B_UM_030,masked_rendering_skeleton,within_discovery,False,needs_human_review
746eb71ea1c856bf,CM_B_UM_027::0,CM_B_UM_030::2,CM_B_UM_027,CM_B_UM_030,masked_rendering_skeleton,within_discovery,False,needs_human_review
7720468f8d992f9c,CM_B_UM_027::0,CM_B_UM_030::3,CM_B_UM_027,CM_B_UM_030,masked_rendering_skeleton,within_discovery,False,needs_human_review
1555d633ac2d2e1d,CM_B_UM_027::0,CM_B_UM_031::0,CM_B_UM_027,CM_B_UM_031,masked_rendering_skeleton,within_discovery,False,needs_human_review
8fe0c1bc2a6e0815,CM_B_UM_027::0,CM_B_UM_031::1,CM_B_UM_027,CM_B_UM_031,masked_rendering_skeleton,within_discovery,False,needs_human_review
acbd1bb7fef61d08,CM_B_UM_027::0,CM_B_UM_031::2,CM_B_UM_027,CM_B_UM_031,masked_rendering_skeleton,within_discovery,False,needs_human_review
b26c329e71d9499f,CM_B_UM_027::0,CM_B_UM_031::3,CM_B_UM_027,CM_B_UM_031,masked_rendering_skeleton,within_discovery,False,needs_human_review
300f6d59f97227c4,CM_B_UM_027::1,CM_B_UM_027::2,CM_B_UM_027,CM_B_UM_027,masked_rendering_skeleton,within_discovery,False,needs_human_review
2d9dcfdfb868f0eb,CM_B_UM_027::1,CM_B_UM_027::3,CM_B_UM_027,CM_B_UM_027,masked_rendering_skeleton,within_discovery,False,needs_human_review
a70ef41f058c3408,CM_B_UM_027::1,CM_B_UM_028::0,CM_B_UM_027,CM_B_UM_028,masked_rendering_skeleton,within_discovery,False,needs_human_review
381bdc91b6b9aae3,CM_B_UM_027::1,CM_B_UM_028::1,CM_B_UM_027,CM_B_UM_028,masked_rendering_skeleton,within_discovery,False,needs_human_review
021f1dcff2bdbae3,CM_B_UM_027::1,CM_B_UM_028::2,CM_B_UM_027,CM_B_UM_028,masked_rendering_skeleton,within_discovery,False,needs_human_review
bef9edda5f2ee1ea,CM_B_UM_027::1,CM_B_UM_028::3,CM_B_UM_027,CM_B_UM_028,masked_rendering_skeleton,within_discovery,False,needs_human_review
bba5ad8e846ee3fd,CM_B_UM_027::1,CM_B_UM_029::0,CM_B_UM_027,CM_B_UM_029,masked_rendering_skeleton,within_discovery,False,needs_human_review
fb9aae6af528e1f8,CM_B_UM_027::1,CM_B_UM_029::1,CM_B_UM_027,CM_B_UM_029,masked_rendering_skeleton,within_discovery,False,needs_human_review
e4de4a55702412e4,CM_B_UM_027::1,CM_B_UM_029::2,CM_B_UM_027,CM_B_UM_029,masked_rendering_skeleton,within_discovery,False,needs_human_review
55f04a45a058cf8c,CM_B_UM_027::1,CM_B_UM_029::3,CM_B_UM_027,CM_B_UM_029,masked_rendering_skeleton,within_discovery,False,needs_human_review
9ae05c1096f27573,CM_B_UM_027::1,CM_B_UM_030::0,CM_B_UM_027,CM_B_UM_030,masked_rendering_skeleton,within_discovery,False,needs_human_review
b32a5c8c1d9d05ab,CM_B_UM_027::1,CM_B_UM_030::1,CM_B_UM_027,CM_B_UM_030,masked_rendering_skeleton,within_discovery,False,needs_human_review
386d1f00a38a20ca,CM_B_UM_027::1,CM_B_UM_030::2,CM_B_UM_027,CM_B_UM_030,masked_rendering_skeleton,within_discovery,False,needs_human_review
698ed2abfb70db9d,CM_B_UM_027::1,CM_B_UM_030::3,CM_B_UM_027,CM_B_UM_030,masked_rendering_skeleton,within_discovery,False,needs_human_review
53778826cc1f876c,CM_B_UM_027::1,CM_B_UM_031::0,CM_B_UM_027,CM_B_UM_031,masked_rendering_skeleton,within_discovery,False,needs_human_review
807a37d459c73db6,CM_B_UM_027::1,CM_B_UM_031::1,CM_B_UM_027,CM_B_UM_031,masked_rendering_skeleton,within_discovery,False,needs_human_review
cfc50583a872aabc,CM_B_UM_027::1,CM_B_UM_031::2,CM_B_UM_027,CM_B_UM_031,masked_rendering_skeleton,within_discovery,False,needs_human_review
ac111d6dd53430e8,CM_B_UM_027::1,CM_B_UM_031::3,CM_B_UM_027,CM_B_UM_031,masked_rendering_skeleton,within_discovery,False,needs_human_review
e972ba6bd1ce500a,CM_B_UM_027::2,CM_B_UM_027::3,CM_B_UM_027,CM_B_UM_027,masked_rendering_skeleton,within_discovery,False,needs_human_review
1fd06dbb8c29e3b0,CM_B_UM_027::2,CM_B_UM_028::0,CM_B_UM_027,CM_B_UM_028,masked_rendering_skeleton,within_discovery,False,needs_human_review
700d1af750e43233,CM_B_UM_027::2,CM_B_UM_028::1,CM_B_UM_027,CM_B_UM_028,masked_rendering_skeleton,within_discovery,False,needs_human_review
e37f13ecfe047445,CM_B_UM_027::2,CM_B_UM_028::2,CM_B_UM_027,CM_B_UM_028,masked_rendering_skeleton,within_discovery,False,needs_human_review
987d9d998bddfa66,CM_B_UM_027::2,CM_B_UM_028::3,CM_B_UM_027,CM_B_UM_028,masked_rendering_skeleton,within_discovery,False,needs_human_review
079ccecf7fd00966,CM_B_UM_027::2,CM_B_UM_029::0,CM_B_UM_027,CM_B_UM_029,masked_rendering_skeleton,within_discovery,False,needs_human_review
abb17923056fae9a,CM_B_UM_027::2,CM_B_UM_029::1,CM_B_UM_027,CM_B_UM_029,masked_rendering_skeleton,within_discovery,False,needs_human_review
08904db991560984,CM_B_UM_027::2,CM_B_UM_029::2,CM_B_UM_027,CM_B_UM_029,masked_rendering_skeleton,within_discovery,False,needs_human_review
3e9a707997e7f398,CM_B_UM_027::2,CM_B_UM_029::3,CM_B_UM_027,CM_B_UM_029,masked_rendering_skeleton,within_discovery,False,needs_human_review
f61ac52028fa5e51,CM_B_UM_027::2,CM_B_UM_030::0,CM_B_UM_027,CM_B_UM_030,masked_rendering_skeleton,within_discovery,False,needs_human_review
c8cc841d25b27df4,CM_B_UM_027::2,CM_B_UM_030::1,CM_B_UM_027,CM_B_UM_030,masked_rendering_skeleton,within_discovery,False,needs_human_review
75b18de318f546bd,CM_B_UM_027::2,CM_B_UM_030::2,CM_B_UM_027,CM_B_UM_030,masked_rendering_skeleton,within_discovery,False,needs_human_review
fab1246ade34a10e,CM_B_UM_027::2,CM_B_UM_030::3,CM_B_UM_027,CM_B_UM_030,masked_rendering_skeleton,within_discovery,False,needs_human_review
f5513ebed68df177,CM_B_UM_027::2,CM_B_UM_031::0,CM_B_UM_027,CM_B_UM_031,masked_rendering_skeleton,within_discovery,False,needs_human_review
7c2523a3e555c6b7,CM_B_UM_027::2,CM_B_UM_031::1,CM_B_UM_027,CM_B_UM_031,masked_rendering_skeleton,within_discovery,False,needs_human_review
3656727990622fb0,CM_B_UM_027::2,CM_B_UM_031::2,CM_B_UM_027,CM_B_UM_031,masked_rendering_skeleton,within_discovery,False,needs_human_review
b79dd4841dddd0ad,CM_B_UM_027::2,CM_B_UM_031::3,CM_B_UM_027,CM_B_UM_031,masked_rendering_skeleton,within_discovery,False,needs_human_review
55c63da92f3ec1db,CM_B_UM_027::3,CM_B_UM_028::0,CM_B_UM_027,CM_B_UM_028,masked_rendering_skeleton,within_discovery,False,needs_human_review
915f0f6d73ec5b72,CM_B_UM_027::3,CM_B_UM_028::1,CM_B_UM_027,CM_B_UM_028,masked_rendering_skeleton,within_discovery,False,needs_human_review
394e23f149b0cb51,CM_B_UM_027::3,CM_B_UM_028::2,CM_B_UM_027,CM_B_UM_028,masked_rendering_skeleton,within_discovery,False,needs_human_review
f7d6d3e720f38a12,CM_B_UM_027::3,CM_B_UM_028::3,CM_B_UM_027,CM_B_UM_028,masked_rendering_skeleton,within_discovery,False,needs_human_review
f8e224ceddc69e17,CM_B_UM_027::3,CM_B_UM_029::0,CM_B_UM_027,CM_B_UM_029,masked_rendering_skeleton,within_discovery,False,needs_human_review
2b0a6e23bdf7f678,CM_B_UM_027::3,CM_B_UM_029::1,CM_B_UM_027,CM_B_UM_029,masked_rendering_skeleton,within_discovery,False,needs_human_review
3d10204330511a31,CM_B_UM_027::3,CM_B_UM_029::2,CM_B_UM_027,CM_B_UM_029,masked_rendering_skeleton,within_discovery,False,needs_human_review
4349f91d09539d44,CM_B_UM_027::3,CM_B_UM_029::3,CM_B_UM_027,CM_B_UM_029,masked_rendering_skeleton,within_discovery,False,needs_human_review
876dd1ec32c3ff76,CM_B_UM_027::3,CM_B_UM_030::0,CM_B_UM_027,CM_B_UM_030,masked_rendering_skeleton,within_discovery,False,needs_human_review
e73eb867fcba41e4,CM_B_UM_027::3,CM_B_UM_030::1,CM_B_UM_027,CM_B_UM_030,masked_rendering_skeleton,within_discovery,False,needs_human_review
96a1c5acca2d4756,CM_B_UM_027::3,CM_B_UM_030::2,CM_B_UM_027,CM_B_UM_030,masked_rendering_skeleton,within_discovery,False,needs_human_review
fe244c300121b7a9,CM_B_UM_027::3,CM_B_UM_030::3,CM_B_UM_027,CM_B_UM_030,masked_rendering_skeleton,within_discovery,False,needs_human_review
70c6d607a0dd44bd,CM_B_UM_027::3,CM_B_UM_031::0,CM_B_UM_027,CM_B_UM_031,masked_rendering_skeleton,within_discovery,False,needs_human_review
795c53cdf439ebe4,CM_B_UM_027::3,CM_B_UM_031::1,CM_B_UM_027,CM_B_UM_031,masked_rendering_skeleton,within_discovery,False,needs_human_review
94f069ae859470f1,CM_B_UM_027::3,CM_B_UM_031::2,CM_B_UM_027,CM_B_UM_031,masked_rendering_skeleton,within_discovery,False,needs_human_review
f3d787490e91c47d,CM_B_UM_027::3,CM_B_UM_031::3,CM_B_UM_027,CM_B_UM_031,masked_rendering_skeleton,within_discovery,False,needs_human_review
3133650575568461,CM_B_UM_028::0,CM_B_UM_028::1,CM_B_UM_028,CM_B_UM_028,masked_rendering_skeleton,within_discovery,False,needs_human_review
0c58c93d55ef3305,CM_B_UM_028::0,CM_B_UM_028::2,CM_B_UM_028,CM_B_UM_028,masked_rendering_skeleton,within_discovery,False,needs_human_review
96cd7fc617ea5b35,CM_B_UM_028::0,CM_B_UM_028::3,CM_B_UM_028,CM_B_UM_028,masked_rendering_skeleton,within_discovery,False,needs_human_review
6906bc9d79d802fa,CM_B_UM_028::0,CM_B_UM_029::0,CM_B_UM_028,CM_B_UM_029,masked_rendering_skeleton,within_discovery,False,needs_human_review
1c35eb6b9e88c2b0,CM_B_UM_028::0,CM_B_UM_029::1,CM_B_UM_028,CM_B_UM_029,masked_rendering_skeleton,within_discovery,False,needs_human_review
593d414744eeb148,CM_B_UM_028::0,CM_B_UM_029::2,CM_B_UM_028,CM_B_UM_029,masked_rendering_skeleton,within_discovery,False,needs_human_review
f38050a84f8aec45,CM_B_UM_028::0,CM_B_UM_029::3,CM_B_UM_028,CM_B_UM_029,masked_rendering_skeleton,within_discovery,False,needs_human_review
128e3ae7a7ee3f51,CM_B_UM_028::0,CM_B_UM_030::0,CM_B_UM_028,CM_B_UM_030,masked_rendering_skeleton,within_discovery,False,needs_human_review
e0b5102b39b16f8d,CM_B_UM_028::0,CM_B_UM_030::1,CM_B_UM_028,CM_B_UM_030,masked_rendering_skeleton,within_discovery,False,needs_human_review
8b081df65e8f2f45,CM_B_UM_028::0,CM_B_UM_030::2,CM_B_UM_028,CM_B_UM_030,masked_rendering_skeleton,within_discovery,False,needs_human_review
9122f08b33b18796,CM_B_UM_028::0,CM_B_UM_030::3,CM_B_UM_028,CM_B_UM_030,masked_rendering_skeleton,within_discovery,False,needs_human_review
7771be5751d0c3de,CM_B_UM_028::0,CM_B_UM_031::0,CM_B_UM_028,CM_B_UM_031,masked_rendering_skeleton,within_discovery,False,needs_human_review
e0508ca0c7187af3,CM_B_UM_028::0,CM_B_UM_031::1,CM_B_UM_028,CM_B_UM_031,masked_rendering_skeleton,within_discovery,False,needs_human_review
d69082e96e866b2d,CM_B_UM_028::0,CM_B_UM_031::2,CM_B_UM_028,CM_B_UM_031,masked_rendering_skeleton,within_discovery,False,needs_human_review
a4132efbc3aa2fd3,CM_B_UM_028::0,CM_B_UM_031::3,CM_B_UM_028,CM_B_UM_031,masked_rendering_skeleton,within_discovery,False,needs_human_review
9d4300d21cfe247c,CM_B_UM_028::1,CM_B_UM_028::2,CM_B_UM_028,CM_B_UM_028,masked_rendering_skeleton,within_discovery,False,needs_human_review
31fa05b77fa19553,CM_B_UM_028::1,CM_B_UM_028::3,CM_B_UM_028,CM_B_UM_028,masked_rendering_skeleton,within_discovery,False,needs_human_review
a3a75af49fff2b30,CM_B_UM_028::1,CM_B_UM_029::0,CM_B_UM_028,CM_B_UM_029,masked_rendering_skeleton,within_discovery,False,needs_human_review
658b095753073b82,CM_B_UM_028::1,CM_B_UM_029::1,CM_B_UM_028,CM_B_UM_029,masked_rendering_skeleton,within_discovery,False,needs_human_review
4a606fbad3966794,CM_B_UM_028::1,CM_B_UM_029::2,CM_B_UM_028,CM_B_UM_029,masked_rendering_skeleton,within_discovery,False,needs_human_review
0cb5dac37d040e19,CM_B_UM_028::1,CM_B_UM_029::3,CM_B_UM_028,CM_B_UM_029,masked_rendering_skeleton,within_discovery,False,needs_human_review
95b81267219463a0,CM_B_UM_028::1,CM_B_UM_030::0,CM_B_UM_028,CM_B_UM_030,masked_rendering_skeleton,within_discovery,False,needs_human_review
47f6586c24495ca7,CM_B_UM_028::1,CM_B_UM_030::1,CM_B_UM_028,CM_B_UM_030,masked_rendering_skeleton,within_discovery,False,needs_human_review
82567577dd27c0c2,CM_B_UM_028::1,CM_B_UM_030::2,CM_B_UM_028,CM_B_UM_030,masked_rendering_skeleton,within_discovery,False,needs_human_review
00193b148c12db58,CM_B_UM_028::1,CM_B_UM_030::3,CM_B_UM_028,CM_B_UM_030,masked_rendering_skeleton,within_discovery,False,needs_human_review
5bf38c1ec675c272,CM_B_UM_028::1,CM_B_UM_031::0,CM_B_UM_028,CM_B_UM_031,masked_rendering_skeleton,within_discovery,False,needs_human_review
8fbc14f3ee1617c6,CM_B_UM_028::1,CM_B_UM_031::1,CM_B_UM_028,CM_B_UM_031,masked_rendering_skeleton,within_discovery,False,needs_human_review
6714a862aae2629d,CM_B_UM_028::1,CM_B_UM_031::2,CM_B_UM_028,CM_B_UM_031,masked_rendering_skeleton,within_discovery,False,needs_human_review
bf1dba921441fd66,CM_B_UM_028::1,CM_B_UM_031::3,CM_B_UM_028,CM_B_UM_031,masked_rendering_skeleton,within_discovery,False,needs_human_review
c31ae4a0e703d73e,CM_B_UM_028::2,CM_B_UM_028::3,CM_B_UM_028,CM_B_UM_028,masked_rendering_skeleton,within_discovery,False,needs_human_review
63a551ae1dfd2285,CM_B_UM_028::2,CM_B_UM_029::0,CM_B_UM_028,CM_B_UM_029,masked_rendering_skeleton,within_discovery,False,needs_human_review
cfd58e86376d62d7,CM_B_UM_028::2,CM_B_UM_029::1,CM_B_UM_028,CM_B_UM_029,masked_rendering_skeleton,within_discovery,False,needs_human_review
556136845ba08fb3,CM_B_UM_028::2,CM_B_UM_029::2,CM_B_UM_028,CM_B_UM_029,masked_rendering_skeleton,within_discovery,False,needs_human_review
385ee243a09840b5,CM_B_UM_028::2,CM_B_UM_029::3,CM_B_UM_028,CM_B_UM_029,masked_rendering_skeleton,within_discovery,False,needs_human_review
f6bb99d267e0a07e,CM_B_UM_028::2,CM_B_UM_030::0,CM_B_UM_028,CM_B_UM_030,masked_rendering_skeleton,within_discovery,False,needs_human_review
ce13fe3ca21adc42,CM_B_UM_028::2,CM_B_UM_030::1,CM_B_UM_028,CM_B_UM_030,masked_rendering_skeleton,within_discovery,False,needs_human_review
f31b59f299133c3f,CM_B_UM_028::2,CM_B_UM_030::2,CM_B_UM_028,CM_B_UM_030,masked_rendering_skeleton,within_discovery,False,needs_human_review
d09c6450badaf2e6,CM_B_UM_028::2,CM_B_UM_030::3,CM_B_UM_028,CM_B_UM_030,masked_rendering_skeleton,within_discovery,False,needs_human_review
fb764bb0e1a6995e,CM_B_UM_028::2,CM_B_UM_031::0,CM_B_UM_028,CM_B_UM_031,masked_rendering_skeleton,within_discovery,False,needs_human_review
382553cd16f33879,CM_B_UM_028::2,CM_B_UM_031::1,CM_B_UM_028,CM_B_UM_031,masked_rendering_skeleton,within_discovery,False,needs_human_review
dde795d674b7097a,CM_B_UM_028::2,CM_B_UM_031::2,CM_B_UM_028,CM_B_UM_031,masked_rendering_skeleton,within_discovery,False,needs_human_review
afb42556c4f8bb72,CM_B_UM_028::2,CM_B_UM_031::3,CM_B_UM_028,CM_B_UM_031,masked_rendering_skeleton,within_discovery,False,needs_human_review
6e0d656692d728e3,CM_B_UM_028::3,CM_B_UM_029::0,CM_B_UM_028,CM_B_UM_029,masked_rendering_skeleton,within_discovery,False,needs_human_review
8afef0aca7fe7a5a,CM_B_UM_028::3,CM_B_UM_029::1,CM_B_UM_028,CM_B_UM_029,masked_rendering_skeleton,within_discovery,False,needs_human_review
86ba68eacc599814,CM_B_UM_028::3,CM_B_UM_029::2,CM_B_UM_028,CM_B_UM_029,masked_rendering_skeleton,within_discovery,False,needs_human_review
4d8326ddaa483260,CM_B_UM_028::3,CM_B_UM_029::3,CM_B_UM_028,CM_B_UM_029,masked_rendering_skeleton,within_discovery,False,needs_human_review
0d377cbbef1dac91,CM_B_UM_028::3,CM_B_UM_030::0,CM_B_UM_028,CM_B_UM_030,masked_rendering_skeleton,within_discovery,False,needs_human_review
fb12e418dc44c793,CM_B_UM_028::3,CM_B_UM_030::1,CM_B_UM_028,CM_B_UM_030,masked_rendering_skeleton,within_discovery,False,needs_human_review
7bbeb6ccdb52efea,CM_B_UM_028::3,CM_B_UM_030::2,CM_B_UM_028,CM_B_UM_030,masked_rendering_skeleton,within_discovery,False,needs_human_review
0eaedb25f3e934ab,CM_B_UM_028::3,CM_B_UM_030::3,CM_B_UM_028,CM_B_UM_030,masked_rendering_skeleton,within_discovery,False,needs_human_review
f0a57138bcccb5c4,CM_B_UM_028::3,CM_B_UM_031::0,CM_B_UM_028,CM_B_UM_031,masked_rendering_skeleton,within_discovery,False,needs_human_review
d94173afda3da4fa,CM_B_UM_028::3,CM_B_UM_031::1,CM_B_UM_028,CM_B_UM_031,masked_rendering_skeleton,within_discovery,False,needs_human_review
ab3631d36f2b9a86,CM_B_UM_028::3,CM_B_UM_031::2,CM_B_UM_028,CM_B_UM_031,masked_rendering_skeleton,within_discovery,False,needs_human_review
fb00d463e75a413c,CM_B_UM_028::3,CM_B_UM_031::3,CM_B_UM_028,CM_B_UM_031,masked_rendering_skeleton,within_discovery,False,needs_human_review
41874209c2275888,CM_B_UM_029::0,CM_B_UM_029::1,CM_B_UM_029,CM_B_UM_029,masked_rendering_skeleton,within_discovery,False,needs_human_review
7b62e1d37e2669ca,CM_B_UM_029::0,CM_B_UM_029::2,CM_B_UM_029,CM_B_UM_029,masked_rendering_skeleton,within_discovery,False,needs_human_review
21fe982a068b7d50,CM_B_UM_029::0,CM_B_UM_029::3,CM_B_UM_029,CM_B_UM_029,masked_rendering_skeleton,within_discovery,False,needs_human_review
58656cd71e1266ac,CM_B_UM_029::0,CM_B_UM_030::0,CM_B_UM_029,CM_B_UM_030,masked_rendering_skeleton,within_discovery,False,needs_human_review
17e1855b887b84d4,CM_B_UM_029::0,CM_B_UM_030::1,CM_B_UM_029,CM_B_UM_030,masked_rendering_skeleton,within_discovery,False,needs_human_review
80f3339e5ca97cc3,CM_B_UM_029::0,CM_B_UM_030::2,CM_B_UM_029,CM_B_UM_030,masked_rendering_skeleton,within_discovery,False,needs_human_review
b892e1da6cf73b56,CM_B_UM_029::0,CM_B_UM_030::3,CM_B_UM_029,CM_B_UM_030,masked_rendering_skeleton,within_discovery,False,needs_human_review
fbd7f2a20e5e495a,CM_B_UM_029::0,CM_B_UM_031::0,CM_B_UM_029,CM_B_UM_031,masked_rendering_skeleton,within_discovery,False,needs_human_review
61b169d2ab8eb3f8,CM_B_UM_029::0,CM_B_UM_031::1,CM_B_UM_029,CM_B_UM_031,masked_rendering_skeleton,within_discovery,False,needs_human_review
906f2af8945a8edc,CM_B_UM_029::0,CM_B_UM_031::2,CM_B_UM_029,CM_B_UM_031,masked_rendering_skeleton,within_discovery,False,needs_human_review
305df99614e75947,CM_B_UM_029::0,CM_B_UM_031::3,CM_B_UM_029,CM_B_UM_031,masked_rendering_skeleton,within_discovery,False,needs_human_review
e30975c784cf881b,CM_B_UM_029::1,CM_B_UM_029::2,CM_B_UM_029,CM_B_UM_029,masked_rendering_skeleton,within_discovery,False,needs_human_review
186b982c11ce09b9,CM_B_UM_029::1,CM_B_UM_029::3,CM_B_UM_029,CM_B_UM_029,masked_rendering_skeleton,within_discovery,False,needs_human_review
56573fb48379875a,CM_B_UM_029::1,CM_B_UM_030::0,CM_B_UM_029,CM_B_UM_030,masked_rendering_skeleton,within_discovery,False,needs_human_review
27d0ec566ded2e3f,CM_B_UM_029::1,CM_B_UM_030::1,CM_B_UM_029,CM_B_UM_030,masked_rendering_skeleton,within_discovery,False,needs_human_review
a2218465d6c32759,CM_B_UM_029::1,CM_B_UM_030::2,CM_B_UM_029,CM_B_UM_030,masked_rendering_skeleton,within_discovery,False,needs_human_review
253d1b10d66c6bba,CM_B_UM_029::1,CM_B_UM_030::3,CM_B_UM_029,CM_B_UM_030,masked_rendering_skeleton,within_discovery,False,needs_human_review
2d928dfe83f8356d,CM_B_UM_029::1,CM_B_UM_031::0,CM_B_UM_029,CM_B_UM_031,masked_rendering_skeleton,within_discovery,False,needs_human_review
a4e44236234a1e7a,CM_B_UM_029::1,CM_B_UM_031::1,CM_B_UM_029,CM_B_UM_031,masked_rendering_skeleton,within_discovery,False,needs_human_review
fb37e2698ecd8d27,CM_B_UM_029::1,CM_B_UM_031::2,CM_B_UM_029,CM_B_UM_031,masked_rendering_skeleton,within_discovery,False,needs_human_review
43bcbaad2dc3730a,CM_B_UM_029::1,CM_B_UM_031::3,CM_B_UM_029,CM_B_UM_031,masked_rendering_skeleton,within_discovery,False,needs_human_review
37aede3791346695,CM_B_UM_029::2,CM_B_UM_029::3,CM_B_UM_029,CM_B_UM_029,masked_rendering_skeleton,within_discovery,False,needs_human_review
c57c18f39da2c532,CM_B_UM_029::2,CM_B_UM_030::0,CM_B_UM_029,CM_B_UM_030,masked_rendering_skeleton,within_discovery,False,needs_human_review
94f288ee170fcc62,CM_B_UM_029::2,CM_B_UM_030::1,CM_B_UM_029,CM_B_UM_030,masked_rendering_skeleton,within_discovery,False,needs_human_review
6d2d91dbc90030a8,CM_B_UM_029::2,CM_B_UM_030::2,CM_B_UM_029,CM_B_UM_030,masked_rendering_skeleton,within_discovery,False,needs_human_review
7f2682ec3846304f,CM_B_UM_029::2,CM_B_UM_030::3,CM_B_UM_029,CM_B_UM_030,masked_rendering_skeleton,within_discovery,False,needs_human_review
4838f38f3834baf5,CM_B_UM_029::2,CM_B_UM_031::0,CM_B_UM_029,CM_B_UM_031,masked_rendering_skeleton,within_discovery,False,needs_human_review
9151a00b7eaab722,CM_B_UM_029::2,CM_B_UM_031::1,CM_B_UM_029,CM_B_UM_031,masked_rendering_skeleton,within_discovery,False,needs_human_review
518904383fc34087,CM_B_UM_029::2,CM_B_UM_031::2,CM_B_UM_029,CM_B_UM_031,masked_rendering_skeleton,within_discovery,False,needs_human_review
9658c336acb8cbdf,CM_B_UM_029::2,CM_B_UM_031::3,CM_B_UM_029,CM_B_UM_031,masked_rendering_skeleton,within_discovery,False,needs_human_review
f74490d9ae5ec6c9,CM_B_UM_029::3,CM_B_UM_030::0,CM_B_UM_029,CM_B_UM_030,masked_rendering_skeleton,within_discovery,False,needs_human_review
1683098045283489,CM_B_UM_029::3,CM_B_UM_030::1,CM_B_UM_029,CM_B_UM_030,masked_rendering_skeleton,within_discovery,False,needs_human_review
56519b9a4dcfc546,CM_B_UM_029::3,CM_B_UM_030::2,CM_B_UM_029,CM_B_UM_030,masked_rendering_skeleton,within_discovery,False,needs_human_review
b22e55ce12d65d89,CM_B_UM_029::3,CM_B_UM_030::3,CM_B_UM_029,CM_B_UM_030,masked_rendering_skeleton,within_discovery,False,needs_human_review
cb7730aabe5ee226,CM_B_UM_029::3,CM_B_UM_031::0,CM_B_UM_029,CM_B_UM_031,masked_rendering_skeleton,within_discovery,False,needs_human_review
8a97507a55c0e9ba,CM_B_UM_029::3,CM_B_UM_031::1,CM_B_UM_029,CM_B_UM_031,masked_rendering_skeleton,within_discovery,False,needs_human_review
ceb0da13aeb6c123,CM_B_UM_029::3,CM_B_UM_031::2,CM_B_UM_029,CM_B_UM_031,masked_rendering_skeleton,within_discovery,False,needs_human_review
eac21bafb423780a,CM_B_UM_029::3,CM_B_UM_031::3,CM_B_UM_029,CM_B_UM_031,masked_rendering_skeleton,within_discovery,False,needs_human_review
f8d57012a97bcbc2,CM_B_UM_030::0,CM_B_UM_030::1,CM_B_UM_030,CM_B_UM_030,masked_rendering_skeleton,within_discovery,False,needs_human_review
3e406d0026882a9f,CM_B_UM_030::0,CM_B_UM_030::2,CM_B_UM_030,CM_B_UM_030,masked_rendering_skeleton,within_discovery,False,needs_human_review
bf6829b4b318a9ae,CM_B_UM_030::0,CM_B_UM_030::3,CM_B_UM_030,CM_B_UM_030,masked_rendering_skeleton,within_discovery,False,needs_human_review
3406aff797b832de,CM_B_UM_030::0,CM_B_UM_031::0,CM_B_UM_030,CM_B_UM_031,masked_rendering_skeleton,within_discovery,False,needs_human_review
4bd7ef7414763703,CM_B_UM_030::0,CM_B_UM_031::1,CM_B_UM_030,CM_B_UM_031,masked_rendering_skeleton,within_discovery,False,needs_human_review
4aa8d004164ee920,CM_B_UM_030::0,CM_B_UM_031::2,CM_B_UM_030,CM_B_UM_031,masked_rendering_skeleton,within_discovery,False,needs_human_review
a9b76c382d9d355f,CM_B_UM_030::0,CM_B_UM_031::3,CM_B_UM_030,CM_B_UM_031,masked_rendering_skeleton,within_discovery,False,needs_human_review
fd785998bdc080c3,CM_B_UM_030::1,CM_B_UM_030::2,CM_B_UM_030,CM_B_UM_030,masked_rendering_skeleton,within_discovery,False,needs_human_review
fbb92436b4191f1c,CM_B_UM_030::1,CM_B_UM_030::3,CM_B_UM_030,CM_B_UM_030,masked_rendering_skeleton,within_discovery,False,needs_human_review
a539ad9ec3e4cdc3,CM_B_UM_030::1,CM_B_UM_031::0,CM_B_UM_030,CM_B_UM_031,masked_rendering_skeleton,within_discovery,False,needs_human_review
ce351d47744b8d30,CM_B_UM_030::1,CM_B_UM_031::1,CM_B_UM_030,CM_B_UM_031,masked_rendering_skeleton,within_discovery,False,needs_human_review
5441332a092647fc,CM_B_UM_030::1,CM_B_UM_031::2,CM_B_UM_030,CM_B_UM_031,masked_rendering_skeleton,within_discovery,False,needs_human_review
b499a2c837c9a2e2,CM_B_UM_030::1,CM_B_UM_031::3,CM_B_UM_030,CM_B_UM_031,masked_rendering_skeleton,within_discovery,False,needs_human_review
b4567ae0a2c84769,CM_B_UM_030::2,CM_B_UM_030::3,CM_B_UM_030,CM_B_UM_030,masked_rendering_skeleton,within_discovery,False,needs_human_review
19f25f21317d1a3d,CM_B_UM_030::2,CM_B_UM_031::0,CM_B_UM_030,CM_B_UM_031,masked_rendering_skeleton,within_discovery,False,needs_human_review
8fcb579b58641e1e,CM_B_UM_030::2,CM_B_UM_031::1,CM_B_UM_030,CM_B_UM_031,masked_rendering_skeleton,within_discovery,False,needs_human_review
0102842082001a20,CM_B_UM_030::2,CM_B_UM_031::2,CM_B_UM_030,CM_B_UM_031,masked_rendering_skeleton,within_discovery,False,needs_human_review
0f3e41da23f8c41f,CM_B_UM_030::2,CM_B_UM_031::3,CM_B_UM_030,CM_B_UM_031,masked_rendering_skeleton,within_discovery,False,needs_human_review
0be514bf9bb98101,CM_B_UM_030::3,CM_B_UM_031::0,CM_B_UM_030,CM_B_UM_031,masked_rendering_skeleton,within_discovery,False,needs_human_review
0ee0122a8e849d5f,CM_B_UM_030::3,CM_B_UM_031::1,CM_B_UM_030,CM_B_UM_031,masked_rendering_skeleton,within_discovery,False,needs_human_review
49c51d2428ef5766,CM_B_UM_030::3,CM_B_UM_031::2,CM_B_UM_030,CM_B_UM_031,masked_rendering_skeleton,within_discovery,False,needs_human_review
04691ca3d28ad94d,CM_B_UM_030::3,CM_B_UM_031::3,CM_B_UM_030,CM_B_UM_031,masked_rendering_skeleton,within_discovery,False,needs_human_review
af522e3612b1e738,CM_B_UM_031::0,CM_B_UM_031::1,CM_B_UM_031,CM_B_UM_031,masked_rendering_skeleton,within_discovery,False,needs_human_review
b47bc6a31346efd1,CM_B_UM_031::0,CM_B_UM_031::2,CM_B_UM_031,CM_B_UM_031,masked_rendering_skeleton,within_discovery,False,needs_human_review
6a61f0d78fb1ffaa,CM_B_UM_031::0,CM_B_UM_031::3,CM_B_UM_031,CM_B_UM_031,masked_rendering_skeleton,within_discovery,False,needs_human_review
b1b50faaabde398f,CM_B_UM_031::1,CM_B_UM_031::2,CM_B_UM_031,CM_B_UM_031,masked_rendering_skeleton,within_discovery,False,needs_human_review
026e6c5caaacda4a,CM_B_UM_031::1,CM_B_UM_031::3,CM_B_UM_031,CM_B_UM_031,masked_rendering_skeleton,within_discovery,False,needs_human_review
370c2166cd21eb9a,CM_B_UM_031::2,CM_B_UM_031::3,CM_B_UM_031,CM_B_UM_031,masked_rendering_skeleton,within_discovery,False,needs_human_review
dd7484264ee08600,CM_B_UM_032::0,CM_B_UM_032::1,CM_B_UM_032,CM_B_UM_032,masked_rendering_skeleton,within_discovery,False,needs_human_review
ee4e6a81fdad6e8e,CM_B_UM_032::0,CM_B_UM_032::2,CM_B_UM_032,CM_B_UM_032,masked_rendering_skeleton,within_discovery,False,needs_human_review
1c51bc6d79a66578,CM_B_UM_032::0,CM_B_UM_032::3,CM_B_UM_032,CM_B_UM_032,masked_rendering_skeleton,within_discovery,False,needs_human_review
97de096d5431caf4,CM_B_UM_032::0,CM_B_UM_034::0,CM_B_UM_032,CM_B_UM_034,masked_rendering_skeleton,within_discovery,False,needs_human_review
2eb9123d0cf60d9c,CM_B_UM_032::0,CM_B_UM_034::1,CM_B_UM_032,CM_B_UM_034,masked_rendering_skeleton,within_discovery,False,needs_human_review
4eb4ee8caf93ea7b,CM_B_UM_032::0,CM_B_UM_034::2,CM_B_UM_032,CM_B_UM_034,masked_rendering_skeleton,within_discovery,False,needs_human_review
399f23346910e458,CM_B_UM_032::0,CM_B_UM_034::3,CM_B_UM_032,CM_B_UM_034,masked_rendering_skeleton,within_discovery,False,needs_human_review
a529d1f3d98a9bca,CM_B_UM_032::0,CM_B_UM_032_RENAME::0,CM_B_UM_032,CM_B_UM_032,derived_parent_relation,within_discovery,True,needs_human_review
8f1282d1bd94ba60,CM_B_UM_032::0,CM_B_UM_032_RENAME::1,CM_B_UM_032,CM_B_UM_032,derived_parent_relation,within_discovery,True,needs_human_review
fb06e3aaa605430f,CM_B_UM_032::0,CM_B_UM_032_RENAME::2,CM_B_UM_032,CM_B_UM_032,derived_parent_relation,within_discovery,True,needs_human_review
7d3204f05fca4b59,CM_B_UM_032::0,CM_B_UM_032_RENAME::3,CM_B_UM_032,CM_B_UM_032,derived_parent_relation,within_discovery,True,needs_human_review
61a46b371eb9c028,CM_B_UM_032::1,CM_B_UM_032::2,CM_B_UM_032,CM_B_UM_032,masked_rendering_skeleton,within_discovery,False,needs_human_review
c30a8e741f92bc95,CM_B_UM_032::1,CM_B_UM_032::3,CM_B_UM_032,CM_B_UM_032,masked_rendering_skeleton,within_discovery,False,needs_human_review
b95e8ee96571e9f4,CM_B_UM_032::1,CM_B_UM_034::0,CM_B_UM_032,CM_B_UM_034,masked_rendering_skeleton,within_discovery,False,needs_human_review
b0512b290af8c569,CM_B_UM_032::1,CM_B_UM_034::1,CM_B_UM_032,CM_B_UM_034,masked_rendering_skeleton,within_discovery,False,needs_human_review
7b36ba8c3a77f998,CM_B_UM_032::1,CM_B_UM_034::2,CM_B_UM_032,CM_B_UM_034,masked_rendering_skeleton,within_discovery,False,needs_human_review
21a0b82ade6efafe,CM_B_UM_032::1,CM_B_UM_034::3,CM_B_UM_032,CM_B_UM_034,masked_rendering_skeleton,within_discovery,False,needs_human_review
11661f18f1599fe3,CM_B_UM_032::1,CM_B_UM_032_RENAME::0,CM_B_UM_032,CM_B_UM_032,derived_parent_relation,within_discovery,True,needs_human_review
15e8780d9d0aff5d,CM_B_UM_032::1,CM_B_UM_032_RENAME::1,CM_B_UM_032,CM_B_UM_032,derived_parent_relation,within_discovery,True,needs_human_review
56b3cb3f0f90c4df,CM_B_UM_032::1,CM_B_UM_032_RENAME::2,CM_B_UM_032,CM_B_UM_032,derived_parent_relation,within_discovery,True,needs_human_review
80d019c0649b406d,CM_B_UM_032::1,CM_B_UM_032_RENAME::3,CM_B_UM_032,CM_B_UM_032,derived_parent_relation,within_discovery,True,needs_human_review
392aa571fd83a132,CM_B_UM_032::2,CM_B_UM_032::3,CM_B_UM_032,CM_B_UM_032,masked_rendering_skeleton,within_discovery,False,needs_human_review
c20c6735184d3aa3,CM_B_UM_032::2,CM_B_UM_034::0,CM_B_UM_032,CM_B_UM_034,masked_rendering_skeleton,within_discovery,False,needs_human_review
841fd2f6fb6c3be3,CM_B_UM_032::2,CM_B_UM_034::1,CM_B_UM_032,CM_B_UM_034,masked_rendering_skeleton,within_discovery,False,needs_human_review
bb56179ff888b62f,CM_B_UM_032::2,CM_B_UM_034::2,CM_B_UM_032,CM_B_UM_034,masked_rendering_skeleton,within_discovery,False,needs_human_review
c532ca98fe743066,CM_B_UM_032::2,CM_B_UM_034::3,CM_B_UM_032,CM_B_UM_034,masked_rendering_skeleton,within_discovery,False,needs_human_review
4d112cfb2439b1a1,CM_B_UM_032::2,CM_B_UM_032_RENAME::0,CM_B_UM_032,CM_B_UM_032,derived_parent_relation,within_discovery,True,needs_human_review
df0449d12004fcd3,CM_B_UM_032::2,CM_B_UM_032_RENAME::1,CM_B_UM_032,CM_B_UM_032,derived_parent_relation,within_discovery,True,needs_human_review
1a68421eee5c509d,CM_B_UM_032::2,CM_B_UM_032_RENAME::2,CM_B_UM_032,CM_B_UM_032,derived_parent_relation,within_discovery,True,needs_human_review
f072e1e003e8d9d3,CM_B_UM_032::2,CM_B_UM_032_RENAME::3,CM_B_UM_032,CM_B_UM_032,derived_parent_relation,within_discovery,True,needs_human_review
89af0a28e3b2e2af,CM_B_UM_032::3,CM_B_UM_034::0,CM_B_UM_032,CM_B_UM_034,masked_rendering_skeleton,within_discovery,False,needs_human_review
1fd869fc8625dec8,CM_B_UM_032::3,CM_B_UM_034::1,CM_B_UM_032,CM_B_UM_034,masked_rendering_skeleton,within_discovery,False,needs_human_review
0ec5af334de9cdfa,CM_B_UM_032::3,CM_B_UM_034::2,CM_B_UM_032,CM_B_UM_034,masked_rendering_skeleton,within_discovery,False,needs_human_review
5844f943431ebd81,CM_B_UM_032::3,CM_B_UM_034::3,CM_B_UM_032,CM_B_UM_034,masked_rendering_skeleton,within_discovery,False,needs_human_review
6172533ceeaf2676,CM_B_UM_032::3,CM_B_UM_032_RENAME::0,CM_B_UM_032,CM_B_UM_032,derived_parent_relation,within_discovery,True,needs_human_review
efdf2ebd392ceb6b,CM_B_UM_032::3,CM_B_UM_032_RENAME::1,CM_B_UM_032,CM_B_UM_032,derived_parent_relation,within_discovery,True,needs_human_review
35c234c854cf9512,CM_B_UM_032::3,CM_B_UM_032_RENAME::2,CM_B_UM_032,CM_B_UM_032,derived_parent_relation,within_discovery,True,needs_human_review
e9337547af44dbe7,CM_B_UM_032::3,CM_B_UM_032_RENAME::3,CM_B_UM_032,CM_B_UM_032,derived_parent_relation,within_discovery,True,needs_human_review
6050a5876c376ca0,CM_B_UM_033::0,CM_B_UM_033::1,CM_B_UM_033,CM_B_UM_033,masked_rendering_skeleton,within_discovery,False,needs_human_review
0954b4025cd2e508,CM_B_UM_033::0,CM_B_UM_033::2,CM_B_UM_033,CM_B_UM_033,masked_rendering_skeleton,within_discovery,False,needs_human_review
179d8c4f3e5b8efa,CM_B_UM_033::0,CM_B_UM_033::3,CM_B_UM_033,CM_B_UM_033,masked_rendering_skeleton,within_discovery,False,needs_human_review
a1bcd495774b2cdc,CM_B_UM_033::0,CM_B_UM_035::0,CM_B_UM_033,CM_B_UM_035,masked_rendering_skeleton,within_discovery,False,needs_human_review
fb43b3a5fd53a18a,CM_B_UM_033::0,CM_B_UM_035::1,CM_B_UM_033,CM_B_UM_035,masked_rendering_skeleton,within_discovery,False,needs_human_review
db5539e07ced5456,CM_B_UM_033::0,CM_B_UM_035::2,CM_B_UM_033,CM_B_UM_035,masked_rendering_skeleton,within_discovery,False,needs_human_review
dc23323b22143ac3,CM_B_UM_033::0,CM_B_UM_035::3,CM_B_UM_033,CM_B_UM_035,masked_rendering_skeleton,within_discovery,False,needs_human_review
51d6e6ef7d3feb21,CM_B_UM_033::0,CM_B_UM_033_RENAME::0,CM_B_UM_033,CM_B_UM_033,derived_parent_relation,within_discovery,True,needs_human_review
dc384b352332e169,CM_B_UM_033::0,CM_B_UM_033_RENAME::1,CM_B_UM_033,CM_B_UM_033,derived_parent_relation,within_discovery,True,needs_human_review
307d498b44fb2d8d,CM_B_UM_033::0,CM_B_UM_033_RENAME::2,CM_B_UM_033,CM_B_UM_033,derived_parent_relation,within_discovery,True,needs_human_review
342fdbfb0cf62458,CM_B_UM_033::0,CM_B_UM_033_RENAME::3,CM_B_UM_033,CM_B_UM_033,derived_parent_relation,within_discovery,True,needs_human_review
609f563e02f14a32,CM_B_UM_033::1,CM_B_UM_033::2,CM_B_UM_033,CM_B_UM_033,masked_rendering_skeleton,within_discovery,False,needs_human_review
2c0448323bacf209,CM_B_UM_033::1,CM_B_UM_033::3,CM_B_UM_033,CM_B_UM_033,masked_rendering_skeleton,within_discovery,False,needs_human_review
17876fc8767c1802,CM_B_UM_033::1,CM_B_UM_035::0,CM_B_UM_033,CM_B_UM_035,masked_rendering_skeleton,within_discovery,False,needs_human_review
7c89d6c5243ab660,CM_B_UM_033::1,CM_B_UM_035::1,CM_B_UM_033,CM_B_UM_035,masked_rendering_skeleton,within_discovery,False,needs_human_review
2921a3184c3ead1d,CM_B_UM_033::1,CM_B_UM_035::2,CM_B_UM_033,CM_B_UM_035,masked_rendering_skeleton,within_discovery,False,needs_human_review
d7ceaf455640dc63,CM_B_UM_033::1,CM_B_UM_035::3,CM_B_UM_033,CM_B_UM_035,masked_rendering_skeleton,within_discovery,False,needs_human_review
16469bcb9774f595,CM_B_UM_033::1,CM_B_UM_033_RENAME::0,CM_B_UM_033,CM_B_UM_033,derived_parent_relation,within_discovery,True,needs_human_review
d6557b6eb8498420,CM_B_UM_033::1,CM_B_UM_033_RENAME::1,CM_B_UM_033,CM_B_UM_033,derived_parent_relation,within_discovery,True,needs_human_review
c2ef67152dd4fb86,CM_B_UM_033::1,CM_B_UM_033_RENAME::2,CM_B_UM_033,CM_B_UM_033,derived_parent_relation,within_discovery,True,needs_human_review
18d82889801bfbb4,CM_B_UM_033::1,CM_B_UM_033_RENAME::3,CM_B_UM_033,CM_B_UM_033,derived_parent_relation,within_discovery,True,needs_human_review
1594eb6329ea19b3,CM_B_UM_033::2,CM_B_UM_033::3,CM_B_UM_033,CM_B_UM_033,masked_rendering_skeleton,within_discovery,False,needs_human_review
6beb4762c3f33cdb,CM_B_UM_033::2,CM_B_UM_035::0,CM_B_UM_033,CM_B_UM_035,masked_rendering_skeleton,within_discovery,False,needs_human_review
55c0b02648935b51,CM_B_UM_033::2,CM_B_UM_035::1,CM_B_UM_033,CM_B_UM_035,masked_rendering_skeleton,within_discovery,False,needs_human_review
eb1dc5b68c599453,CM_B_UM_033::2,CM_B_UM_035::2,CM_B_UM_033,CM_B_UM_035,masked_rendering_skeleton,within_discovery,False,needs_human_review
45bfa6bd79a20162,CM_B_UM_033::2,CM_B_UM_035::3,CM_B_UM_033,CM_B_UM_035,masked_rendering_skeleton,within_discovery,False,needs_human_review
c60fc1f0289b5ee5,CM_B_UM_033::2,CM_B_UM_033_RENAME::0,CM_B_UM_033,CM_B_UM_033,derived_parent_relation,within_discovery,True,needs_human_review
27be33320fb4c82e,CM_B_UM_033::2,CM_B_UM_033_RENAME::1,CM_B_UM_033,CM_B_UM_033,derived_parent_relation,within_discovery,True,needs_human_review
c5a08b98d8b36713,CM_B_UM_033::2,CM_B_UM_033_RENAME::2,CM_B_UM_033,CM_B_UM_033,derived_parent_relation,within_discovery,True,needs_human_review
99f354402760a371,CM_B_UM_033::2,CM_B_UM_033_RENAME::3,CM_B_UM_033,CM_B_UM_033,derived_parent_relation,within_discovery,True,needs_human_review
543f09088100dcf1,CM_B_UM_033::3,CM_B_UM_035::0,CM_B_UM_033,CM_B_UM_035,masked_rendering_skeleton,within_discovery,False,needs_human_review
3a6e8bb98c2beb80,CM_B_UM_033::3,CM_B_UM_035::1,CM_B_UM_033,CM_B_UM_035,masked_rendering_skeleton,within_discovery,False,needs_human_review
fee082733493437e,CM_B_UM_033::3,CM_B_UM_035::2,CM_B_UM_033,CM_B_UM_035,masked_rendering_skeleton,within_discovery,False,needs_human_review
016c4995874656e3,CM_B_UM_033::3,CM_B_UM_035::3,CM_B_UM_033,CM_B_UM_035,masked_rendering_skeleton,within_discovery,False,needs_human_review
b85772e7e0ed2ac4,CM_B_UM_033::3,CM_B_UM_033_RENAME::0,CM_B_UM_033,CM_B_UM_033,derived_parent_relation,within_discovery,True,needs_human_review
f6706dde68895fb3,CM_B_UM_033::3,CM_B_UM_033_RENAME::1,CM_B_UM_033,CM_B_UM_033,derived_parent_relation,within_discovery,True,needs_human_review
3d7e2bbfdf7901f9,CM_B_UM_033::3,CM_B_UM_033_RENAME::2,CM_B_UM_033,CM_B_UM_033,derived_parent_relation,within_discovery,True,needs_human_review
7c5a4157515d0731,CM_B_UM_033::3,CM_B_UM_033_RENAME::3,CM_B_UM_033,CM_B_UM_033,derived_parent_relation,within_discovery,True,needs_human_review
739d7aa3490d2cfb,CM_B_UM_034::0,CM_B_UM_034::1,CM_B_UM_034,CM_B_UM_034,masked_rendering_skeleton,within_discovery,False,needs_human_review
73fe4c7afeb4e330,CM_B_UM_034::0,CM_B_UM_034::2,CM_B_UM_034,CM_B_UM_034,masked_rendering_skeleton,within_discovery,False,needs_human_review
c23a4cf69aacb35d,CM_B_UM_034::0,CM_B_UM_034::3,CM_B_UM_034,CM_B_UM_034,masked_rendering_skeleton,within_discovery,False,needs_human_review
eb2542c8d354c73c,CM_B_UM_034::1,CM_B_UM_034::2,CM_B_UM_034,CM_B_UM_034,masked_rendering_skeleton,within_discovery,False,needs_human_review
4052d386d352626e,CM_B_UM_034::1,CM_B_UM_034::3,CM_B_UM_034,CM_B_UM_034,masked_rendering_skeleton,within_discovery,False,needs_human_review
197ed4803e1612eb,CM_B_UM_034::2,CM_B_UM_034::3,CM_B_UM_034,CM_B_UM_034,masked_rendering_skeleton,within_discovery,False,needs_human_review
0f9cf9beeddabc88,CM_B_UM_035::0,CM_B_UM_035::1,CM_B_UM_035,CM_B_UM_035,masked_rendering_skeleton,within_discovery,False,needs_human_review
9752acf222b25b80,CM_B_UM_035::0,CM_B_UM_035::2,CM_B_UM_035,CM_B_UM_035,masked_rendering_skeleton,within_discovery,False,needs_human_review
cd17eef3cf022f12,CM_B_UM_035::0,CM_B_UM_035::3,CM_B_UM_035,CM_B_UM_035,masked_rendering_skeleton,within_discovery,False,needs_human_review
6996b3d7ee2137fb,CM_B_UM_035::0,CM_B_UM_033_RENAME::0,CM_B_UM_035,CM_B_UM_033,lexical_similarity,within_discovery,False,needs_human_review
ec1a23d721fb5626,CM_B_UM_035::0,CM_B_UM_033_RENAME::1,CM_B_UM_035,CM_B_UM_033,lexical_similarity,within_discovery,False,needs_human_review
1e5258a6701751e1,CM_B_UM_035::0,CM_B_UM_033_RENAME::2,CM_B_UM_035,CM_B_UM_033,lexical_similarity,within_discovery,False,needs_human_review
78493312cf401a27,CM_B_UM_035::0,CM_B_UM_033_RENAME::3,CM_B_UM_035,CM_B_UM_033,lexical_similarity,within_discovery,False,needs_human_review
bfdfb0190f7f0a0c,CM_B_UM_035::1,CM_B_UM_035::2,CM_B_UM_035,CM_B_UM_035,masked_rendering_skeleton,within_discovery,False,needs_human_review
9fe81d6e17618765,CM_B_UM_035::1,CM_B_UM_035::3,CM_B_UM_035,CM_B_UM_035,masked_rendering_skeleton,within_discovery,False,needs_human_review
af23b28de2699ea1,CM_B_UM_035::1,CM_B_UM_033_RENAME::1,CM_B_UM_035,CM_B_UM_033,lexical_similarity,within_discovery,False,needs_human_review
3ae96cfa96b122b1,CM_B_UM_035::1,CM_B_UM_033_RENAME::2,CM_B_UM_035,CM_B_UM_033,lexical_similarity,within_discovery,False,needs_human_review
99498df5403aa9c8,CM_B_UM_035::1,CM_B_UM_033_RENAME::3,CM_B_UM_035,CM_B_UM_033,lexical_similarity,within_discovery,False,needs_human_review
140e5341b64c98a2,CM_B_UM_035::2,CM_B_UM_035::3,CM_B_UM_035,CM_B_UM_035,masked_rendering_skeleton,within_discovery,False,needs_human_review
ff1b591c8ca7277a,CM_B_UM_035::2,CM_B_UM_033_RENAME::0,CM_B_UM_035,CM_B_UM_033,lexical_similarity,within_discovery,False,needs_human_review
449cfe0dd43f6645,CM_B_UM_035::2,CM_B_UM_033_RENAME::1,CM_B_UM_035,CM_B_UM_033,lexical_similarity,within_discovery,False,needs_human_review
83f0c2716786ad71,CM_B_UM_035::2,CM_B_UM_033_RENAME::2,CM_B_UM_035,CM_B_UM_033,lexical_similarity,within_discovery,False,needs_human_review
ab925418913a6941,CM_B_UM_035::2,CM_B_UM_033_RENAME::3,CM_B_UM_035,CM_B_UM_033,lexical_similarity,within_discovery,False,needs_human_review
669f72648287cb13,CM_B_UM_035::3,CM_B_UM_033_RENAME::1,CM_B_UM_035,CM_B_UM_033,lexical_similarity,within_discovery,False,needs_human_review
780151bbac3c46fc,CM_B_UM_035::3,CM_B_UM_033_RENAME::2,CM_B_UM_035,CM_B_UM_033,lexical_similarity,within_discovery,False,needs_human_review
4e3c741ed1d7bf65,CM_B_UM_035::3,CM_B_UM_033_RENAME::3,CM_B_UM_035,CM_B_UM_033,lexical_similarity,within_discovery,False,needs_human_review
c039f8761f68a8cf,CM_B_UM_036::0,CM_B_UM_036::1,CM_B_UM_036,CM_B_UM_036,masked_rendering_skeleton,within_discovery,False,needs_human_review
39120c616e12172a,CM_B_UM_036::0,CM_B_UM_036::2,CM_B_UM_036,CM_B_UM_036,masked_rendering_skeleton,within_discovery,False,needs_human_review
241a29a39104d352,CM_B_UM_036::0,CM_B_UM_036::3,CM_B_UM_036,CM_B_UM_036,masked_rendering_skeleton,within_discovery,False,needs_human_review
33ff9a984cd9884c,CM_B_UM_036::1,CM_B_UM_036::2,CM_B_UM_036,CM_B_UM_036,masked_rendering_skeleton,within_discovery,False,needs_human_review
7c32f6b49aee6883,CM_B_UM_036::1,CM_B_UM_036::3,CM_B_UM_036,CM_B_UM_036,masked_rendering_skeleton,within_discovery,False,needs_human_review
8bc23526bc74d2d1,CM_B_UM_036::2,CM_B_UM_036::3,CM_B_UM_036,CM_B_UM_036,masked_rendering_skeleton,within_discovery,False,needs_human_review
5abfd437cc0fd06e,CM_B_UM_037::0,CM_B_UM_037::1,CM_B_UM_037,CM_B_UM_037,masked_rendering_skeleton,within_discovery,False,needs_human_review
4b523a19ca1ef534,CM_B_UM_037::0,CM_B_UM_037::2,CM_B_UM_037,CM_B_UM_037,masked_rendering_skeleton,within_discovery,False,needs_human_review
f3acbb12fc4e90d1,CM_B_UM_037::0,CM_B_UM_037::3,CM_B_UM_037,CM_B_UM_037,masked_rendering_skeleton,within_discovery,False,needs_human_review
2e7ba2904348f7ff,CM_B_UM_037::0,CM_B_UM_038::0,CM_B_UM_037,CM_B_UM_038,masked_rendering_skeleton,within_discovery,False,needs_human_review
c82e06e6c67b793d,CM_B_UM_037::0,CM_B_UM_038::1,CM_B_UM_037,CM_B_UM_038,masked_rendering_skeleton,within_discovery,False,needs_human_review
eaa7e385702bf35e,CM_B_UM_037::0,CM_B_UM_038::2,CM_B_UM_037,CM_B_UM_038,masked_rendering_skeleton,within_discovery,False,needs_human_review
5633e08e2320e172,CM_B_UM_037::0,CM_B_UM_038::3,CM_B_UM_037,CM_B_UM_038,masked_rendering_skeleton,within_discovery,False,needs_human_review
ba859a18fa34acd7,CM_B_UM_037::0,CM_B_UM_039::0,CM_B_UM_037,CM_B_UM_039,masked_rendering_skeleton,within_discovery,False,needs_human_review
643b0c077ed4e584,CM_B_UM_037::0,CM_B_UM_039::1,CM_B_UM_037,CM_B_UM_039,masked_rendering_skeleton,within_discovery,False,needs_human_review
1b91f93326eaa5d6,CM_B_UM_037::0,CM_B_UM_039::2,CM_B_UM_037,CM_B_UM_039,masked_rendering_skeleton,within_discovery,False,needs_human_review
4f65a6df30c4e78c,CM_B_UM_037::0,CM_B_UM_039::3,CM_B_UM_037,CM_B_UM_039,masked_rendering_skeleton,within_discovery,False,needs_human_review
ae48ff7655730ff7,CM_B_UM_037::0,CM_B_UM_040::0,CM_B_UM_037,CM_B_UM_040,masked_rendering_skeleton,within_discovery,False,needs_human_review
0546657ccbe1d7c0,CM_B_UM_037::0,CM_B_UM_040::1,CM_B_UM_037,CM_B_UM_040,masked_rendering_skeleton,within_discovery,False,needs_human_review
b565b3a66097920a,CM_B_UM_037::0,CM_B_UM_040::2,CM_B_UM_037,CM_B_UM_040,masked_rendering_skeleton,within_discovery,False,needs_human_review
6d29320a02cec7e6,CM_B_UM_037::0,CM_B_UM_040::3,CM_B_UM_037,CM_B_UM_040,masked_rendering_skeleton,within_discovery,False,needs_human_review
1e48e7d0f59daf79,CM_B_UM_037::1,CM_B_UM_037::2,CM_B_UM_037,CM_B_UM_037,masked_rendering_skeleton,within_discovery,False,needs_human_review
a6198c1b39b1fb7e,CM_B_UM_037::1,CM_B_UM_037::3,CM_B_UM_037,CM_B_UM_037,masked_rendering_skeleton,within_discovery,False,needs_human_review
a0ef0691cf9762bf,CM_B_UM_037::1,CM_B_UM_038::0,CM_B_UM_037,CM_B_UM_038,masked_rendering_skeleton,within_discovery,False,needs_human_review
2b62d5ff1b8a645e,CM_B_UM_037::1,CM_B_UM_038::1,CM_B_UM_037,CM_B_UM_038,masked_rendering_skeleton,within_discovery,False,needs_human_review
19281e02e7fde139,CM_B_UM_037::1,CM_B_UM_038::2,CM_B_UM_037,CM_B_UM_038,masked_rendering_skeleton,within_discovery,False,needs_human_review
c4fa50775d7b3b49,CM_B_UM_037::1,CM_B_UM_038::3,CM_B_UM_037,CM_B_UM_038,masked_rendering_skeleton,within_discovery,False,needs_human_review
e3e9f1b05ccc724c,CM_B_UM_037::1,CM_B_UM_039::0,CM_B_UM_037,CM_B_UM_039,masked_rendering_skeleton,within_discovery,False,needs_human_review
1f760af4a4a50642,CM_B_UM_037::1,CM_B_UM_039::1,CM_B_UM_037,CM_B_UM_039,masked_rendering_skeleton,within_discovery,False,needs_human_review
33c780093a2c3227,CM_B_UM_037::1,CM_B_UM_039::2,CM_B_UM_037,CM_B_UM_039,masked_rendering_skeleton,within_discovery,False,needs_human_review
9d42e2f2b9a28c95,CM_B_UM_037::1,CM_B_UM_039::3,CM_B_UM_037,CM_B_UM_039,masked_rendering_skeleton,within_discovery,False,needs_human_review
90e2242db5fbc250,CM_B_UM_037::1,CM_B_UM_040::0,CM_B_UM_037,CM_B_UM_040,masked_rendering_skeleton,within_discovery,False,needs_human_review
34720536f2b92df4,CM_B_UM_037::1,CM_B_UM_040::1,CM_B_UM_037,CM_B_UM_040,masked_rendering_skeleton,within_discovery,False,needs_human_review
704e49b86afb1ea6,CM_B_UM_037::1,CM_B_UM_040::2,CM_B_UM_037,CM_B_UM_040,masked_rendering_skeleton,within_discovery,False,needs_human_review
af395a71fa37a721,CM_B_UM_037::1,CM_B_UM_040::3,CM_B_UM_037,CM_B_UM_040,masked_rendering_skeleton,within_discovery,False,needs_human_review
d8e516b373d93694,CM_B_UM_037::2,CM_B_UM_037::3,CM_B_UM_037,CM_B_UM_037,masked_rendering_skeleton,within_discovery,False,needs_human_review
96a38bb0f1a17505,CM_B_UM_037::2,CM_B_UM_038::0,CM_B_UM_037,CM_B_UM_038,masked_rendering_skeleton,within_discovery,False,needs_human_review
0202d5faa393c96b,CM_B_UM_037::2,CM_B_UM_038::1,CM_B_UM_037,CM_B_UM_038,masked_rendering_skeleton,within_discovery,False,needs_human_review
97c46e5ac36f1ad8,CM_B_UM_037::2,CM_B_UM_038::2,CM_B_UM_037,CM_B_UM_038,masked_rendering_skeleton,within_discovery,False,needs_human_review
8aeed883ff1b7e93,CM_B_UM_037::2,CM_B_UM_038::3,CM_B_UM_037,CM_B_UM_038,masked_rendering_skeleton,within_discovery,False,needs_human_review
c8888c4a5c39dbf2,CM_B_UM_037::2,CM_B_UM_039::0,CM_B_UM_037,CM_B_UM_039,masked_rendering_skeleton,within_discovery,False,needs_human_review
b2b55177159a6e36,CM_B_UM_037::2,CM_B_UM_039::1,CM_B_UM_037,CM_B_UM_039,masked_rendering_skeleton,within_discovery,False,needs_human_review
35ce893a0388dc74,CM_B_UM_037::2,CM_B_UM_039::2,CM_B_UM_037,CM_B_UM_039,masked_rendering_skeleton,within_discovery,False,needs_human_review
404524400685524a,CM_B_UM_037::2,CM_B_UM_039::3,CM_B_UM_037,CM_B_UM_039,masked_rendering_skeleton,within_discovery,False,needs_human_review
4930ce4fd2048138,CM_B_UM_037::2,CM_B_UM_040::0,CM_B_UM_037,CM_B_UM_040,masked_rendering_skeleton,within_discovery,False,needs_human_review
ff400837a11bce67,CM_B_UM_037::2,CM_B_UM_040::1,CM_B_UM_037,CM_B_UM_040,masked_rendering_skeleton,within_discovery,False,needs_human_review
e8f53cd8113dcc3b,CM_B_UM_037::2,CM_B_UM_040::2,CM_B_UM_037,CM_B_UM_040,masked_rendering_skeleton,within_discovery,False,needs_human_review
78f058c5e7fe8248,CM_B_UM_037::2,CM_B_UM_040::3,CM_B_UM_037,CM_B_UM_040,masked_rendering_skeleton,within_discovery,False,needs_human_review
cba8df4c0eac2a91,CM_B_UM_037::3,CM_B_UM_038::0,CM_B_UM_037,CM_B_UM_038,masked_rendering_skeleton,within_discovery,False,needs_human_review
23c9d9c78a2b1c16,CM_B_UM_037::3,CM_B_UM_038::1,CM_B_UM_037,CM_B_UM_038,masked_rendering_skeleton,within_discovery,False,needs_human_review
783d6bafa49f647a,CM_B_UM_037::3,CM_B_UM_038::2,CM_B_UM_037,CM_B_UM_038,masked_rendering_skeleton,within_discovery,False,needs_human_review
1d3ff5318ebc15cc,CM_B_UM_037::3,CM_B_UM_038::3,CM_B_UM_037,CM_B_UM_038,masked_rendering_skeleton,within_discovery,False,needs_human_review
8b12ba30660a4ae7,CM_B_UM_037::3,CM_B_UM_039::0,CM_B_UM_037,CM_B_UM_039,masked_rendering_skeleton,within_discovery,False,needs_human_review
557749f1ab211c8e,CM_B_UM_037::3,CM_B_UM_039::1,CM_B_UM_037,CM_B_UM_039,masked_rendering_skeleton,within_discovery,False,needs_human_review
391598eedbc88205,CM_B_UM_037::3,CM_B_UM_039::2,CM_B_UM_037,CM_B_UM_039,masked_rendering_skeleton,within_discovery,False,needs_human_review
c47b525cfa9ffc71,CM_B_UM_037::3,CM_B_UM_039::3,CM_B_UM_037,CM_B_UM_039,masked_rendering_skeleton,within_discovery,False,needs_human_review
b2e312ad046cf087,CM_B_UM_037::3,CM_B_UM_040::0,CM_B_UM_037,CM_B_UM_040,masked_rendering_skeleton,within_discovery,False,needs_human_review
528f533d58cbc25f,CM_B_UM_037::3,CM_B_UM_040::1,CM_B_UM_037,CM_B_UM_040,masked_rendering_skeleton,within_discovery,False,needs_human_review
414c29bd5f96af67,CM_B_UM_037::3,CM_B_UM_040::2,CM_B_UM_037,CM_B_UM_040,masked_rendering_skeleton,within_discovery,False,needs_human_review
05f911895c3d4493,CM_B_UM_037::3,CM_B_UM_040::3,CM_B_UM_037,CM_B_UM_040,masked_rendering_skeleton,within_discovery,False,needs_human_review
d9267e32c9ea6711,CM_B_UM_038::0,CM_B_UM_038::1,CM_B_UM_038,CM_B_UM_038,masked_rendering_skeleton,within_discovery,False,needs_human_review
c3b759e9c111dbf8,CM_B_UM_038::0,CM_B_UM_038::2,CM_B_UM_038,CM_B_UM_038,masked_rendering_skeleton,within_discovery,False,needs_human_review
b4b3e00bfbc95d1c,CM_B_UM_038::0,CM_B_UM_038::3,CM_B_UM_038,CM_B_UM_038,masked_rendering_skeleton,within_discovery,False,needs_human_review
ef4a8f778ad45314,CM_B_UM_038::0,CM_B_UM_039::0,CM_B_UM_038,CM_B_UM_039,masked_rendering_skeleton,within_discovery,False,needs_human_review
fe647f0e6976be19,CM_B_UM_038::0,CM_B_UM_039::1,CM_B_UM_038,CM_B_UM_039,masked_rendering_skeleton,within_discovery,False,needs_human_review
d99edd0d54ca8230,CM_B_UM_038::0,CM_B_UM_039::2,CM_B_UM_038,CM_B_UM_039,masked_rendering_skeleton,within_discovery,False,needs_human_review
13663e3a02e97c04,CM_B_UM_038::0,CM_B_UM_039::3,CM_B_UM_038,CM_B_UM_039,masked_rendering_skeleton,within_discovery,False,needs_human_review
4ce7c4da04ab28c6,CM_B_UM_038::0,CM_B_UM_040::0,CM_B_UM_038,CM_B_UM_040,masked_rendering_skeleton,within_discovery,False,needs_human_review
fd2c75e296c232a4,CM_B_UM_038::0,CM_B_UM_040::1,CM_B_UM_038,CM_B_UM_040,masked_rendering_skeleton,within_discovery,False,needs_human_review
b949173ecc6c4621,CM_B_UM_038::0,CM_B_UM_040::2,CM_B_UM_038,CM_B_UM_040,masked_rendering_skeleton,within_discovery,False,needs_human_review
7bdebfccfddd6d01,CM_B_UM_038::0,CM_B_UM_040::3,CM_B_UM_038,CM_B_UM_040,masked_rendering_skeleton,within_discovery,False,needs_human_review
0757f1017857aff3,CM_B_UM_038::1,CM_B_UM_038::2,CM_B_UM_038,CM_B_UM_038,masked_rendering_skeleton,within_discovery,False,needs_human_review
da54c712004289a1,CM_B_UM_038::1,CM_B_UM_038::3,CM_B_UM_038,CM_B_UM_038,masked_rendering_skeleton,within_discovery,False,needs_human_review
fa08677aa2d38571,CM_B_UM_038::1,CM_B_UM_039::0,CM_B_UM_038,CM_B_UM_039,masked_rendering_skeleton,within_discovery,False,needs_human_review
050a5cea3ea97175,CM_B_UM_038::1,CM_B_UM_039::1,CM_B_UM_038,CM_B_UM_039,masked_rendering_skeleton,within_discovery,False,needs_human_review
764de24f7c18e68d,CM_B_UM_038::1,CM_B_UM_039::2,CM_B_UM_038,CM_B_UM_039,masked_rendering_skeleton,within_discovery,False,needs_human_review
65c65ea84c2e50a9,CM_B_UM_038::1,CM_B_UM_039::3,CM_B_UM_038,CM_B_UM_039,masked_rendering_skeleton,within_discovery,False,needs_human_review
fba624e133223da8,CM_B_UM_038::1,CM_B_UM_040::0,CM_B_UM_038,CM_B_UM_040,masked_rendering_skeleton,within_discovery,False,needs_human_review
2c65ff4e9e73a5b2,CM_B_UM_038::1,CM_B_UM_040::1,CM_B_UM_038,CM_B_UM_040,masked_rendering_skeleton,within_discovery,False,needs_human_review
feb25c72adc08625,CM_B_UM_038::1,CM_B_UM_040::2,CM_B_UM_038,CM_B_UM_040,masked_rendering_skeleton,within_discovery,False,needs_human_review
2b9c67db33933368,CM_B_UM_038::1,CM_B_UM_040::3,CM_B_UM_038,CM_B_UM_040,masked_rendering_skeleton,within_discovery,False,needs_human_review
65d7eb8df68091df,CM_B_UM_038::2,CM_B_UM_038::3,CM_B_UM_038,CM_B_UM_038,masked_rendering_skeleton,within_discovery,False,needs_human_review
e3c64a51b8fe2252,CM_B_UM_038::2,CM_B_UM_039::0,CM_B_UM_038,CM_B_UM_039,masked_rendering_skeleton,within_discovery,False,needs_human_review
6a7959497461830d,CM_B_UM_038::2,CM_B_UM_039::1,CM_B_UM_038,CM_B_UM_039,masked_rendering_skeleton,within_discovery,False,needs_human_review
e0b0f6a7b8038779,CM_B_UM_038::2,CM_B_UM_039::2,CM_B_UM_038,CM_B_UM_039,masked_rendering_skeleton,within_discovery,False,needs_human_review
ac9bd3904e18fe3b,CM_B_UM_038::2,CM_B_UM_039::3,CM_B_UM_038,CM_B_UM_039,masked_rendering_skeleton,within_discovery,False,needs_human_review
bc2bf4753f05e8fd,CM_B_UM_038::2,CM_B_UM_040::0,CM_B_UM_038,CM_B_UM_040,masked_rendering_skeleton,within_discovery,False,needs_human_review
82cf8d42b21d87fd,CM_B_UM_038::2,CM_B_UM_040::1,CM_B_UM_038,CM_B_UM_040,masked_rendering_skeleton,within_discovery,False,needs_human_review
7d4ea9c91e79b16f,CM_B_UM_038::2,CM_B_UM_040::2,CM_B_UM_038,CM_B_UM_040,masked_rendering_skeleton,within_discovery,False,needs_human_review
b938b68fb110c718,CM_B_UM_038::2,CM_B_UM_040::3,CM_B_UM_038,CM_B_UM_040,masked_rendering_skeleton,within_discovery,False,needs_human_review
d12a8d380aba5b04,CM_B_UM_038::3,CM_B_UM_039::0,CM_B_UM_038,CM_B_UM_039,masked_rendering_skeleton,within_discovery,False,needs_human_review
6be0751fee0fa7c0,CM_B_UM_038::3,CM_B_UM_039::1,CM_B_UM_038,CM_B_UM_039,masked_rendering_skeleton,within_discovery,False,needs_human_review
313f30f50e802ba4,CM_B_UM_038::3,CM_B_UM_039::2,CM_B_UM_038,CM_B_UM_039,masked_rendering_skeleton,within_discovery,False,needs_human_review
dc8b372de4a5862a,CM_B_UM_038::3,CM_B_UM_039::3,CM_B_UM_038,CM_B_UM_039,masked_rendering_skeleton,within_discovery,False,needs_human_review
98ca55d064983a76,CM_B_UM_038::3,CM_B_UM_040::0,CM_B_UM_038,CM_B_UM_040,masked_rendering_skeleton,within_discovery,False,needs_human_review
b89ea52eea5e5d04,CM_B_UM_038::3,CM_B_UM_040::1,CM_B_UM_038,CM_B_UM_040,masked_rendering_skeleton,within_discovery,False,needs_human_review
f836c08619032351,CM_B_UM_038::3,CM_B_UM_040::2,CM_B_UM_038,CM_B_UM_040,masked_rendering_skeleton,within_discovery,False,needs_human_review
86a1a70dd7cfd696,CM_B_UM_038::3,CM_B_UM_040::3,CM_B_UM_038,CM_B_UM_040,masked_rendering_skeleton,within_discovery,False,needs_human_review
05c6d026199546c7,CM_B_UM_039::0,CM_B_UM_039::1,CM_B_UM_039,CM_B_UM_039,masked_rendering_skeleton,within_discovery,False,needs_human_review
aae188b8a5bb6be0,CM_B_UM_039::0,CM_B_UM_039::2,CM_B_UM_039,CM_B_UM_039,masked_rendering_skeleton,within_discovery,False,needs_human_review
6eae6d56212f51db,CM_B_UM_039::0,CM_B_UM_039::3,CM_B_UM_039,CM_B_UM_039,masked_rendering_skeleton,within_discovery,False,needs_human_review
9838a4b80eed7934,CM_B_UM_039::0,CM_B_UM_040::0,CM_B_UM_039,CM_B_UM_040,masked_rendering_skeleton,within_discovery,False,needs_human_review
f248b9f86e4eee95,CM_B_UM_039::0,CM_B_UM_040::1,CM_B_UM_039,CM_B_UM_040,masked_rendering_skeleton,within_discovery,False,needs_human_review
2c0f194c47cf91cf,CM_B_UM_039::0,CM_B_UM_040::2,CM_B_UM_039,CM_B_UM_040,masked_rendering_skeleton,within_discovery,False,needs_human_review
a63701d61d7ff339,CM_B_UM_039::0,CM_B_UM_040::3,CM_B_UM_039,CM_B_UM_040,masked_rendering_skeleton,within_discovery,False,needs_human_review
9df428c52d67f7a8,CM_B_UM_039::1,CM_B_UM_039::2,CM_B_UM_039,CM_B_UM_039,masked_rendering_skeleton,within_discovery,False,needs_human_review
add58e623be535fe,CM_B_UM_039::1,CM_B_UM_039::3,CM_B_UM_039,CM_B_UM_039,masked_rendering_skeleton,within_discovery,False,needs_human_review
94f44b008dbfeafc,CM_B_UM_039::1,CM_B_UM_040::0,CM_B_UM_039,CM_B_UM_040,masked_rendering_skeleton,within_discovery,False,needs_human_review
5e41c47d67be34ee,CM_B_UM_039::1,CM_B_UM_040::1,CM_B_UM_039,CM_B_UM_040,masked_rendering_skeleton,within_discovery,False,needs_human_review
7da55b8fedf0f5a7,CM_B_UM_039::1,CM_B_UM_040::2,CM_B_UM_039,CM_B_UM_040,masked_rendering_skeleton,within_discovery,False,needs_human_review
fdfc85fc2298a31c,CM_B_UM_039::1,CM_B_UM_040::3,CM_B_UM_039,CM_B_UM_040,masked_rendering_skeleton,within_discovery,False,needs_human_review
154307c1c8ff861c,CM_B_UM_039::2,CM_B_UM_039::3,CM_B_UM_039,CM_B_UM_039,masked_rendering_skeleton,within_discovery,False,needs_human_review
83ad9306de7a30f6,CM_B_UM_039::2,CM_B_UM_040::0,CM_B_UM_039,CM_B_UM_040,masked_rendering_skeleton,within_discovery,False,needs_human_review
b91c55884b2f8c4d,CM_B_UM_039::2,CM_B_UM_040::1,CM_B_UM_039,CM_B_UM_040,masked_rendering_skeleton,within_discovery,False,needs_human_review
62a847caeaa5aa05,CM_B_UM_039::2,CM_B_UM_040::2,CM_B_UM_039,CM_B_UM_040,masked_rendering_skeleton,within_discovery,False,needs_human_review
bbfc5b4092bc211c,CM_B_UM_039::2,CM_B_UM_040::3,CM_B_UM_039,CM_B_UM_040,masked_rendering_skeleton,within_discovery,False,needs_human_review
82087c0a3ca4baa5,CM_B_UM_039::3,CM_B_UM_040::0,CM_B_UM_039,CM_B_UM_040,masked_rendering_skeleton,within_discovery,False,needs_human_review
1d65626e17ee0345,CM_B_UM_039::3,CM_B_UM_040::1,CM_B_UM_039,CM_B_UM_040,masked_rendering_skeleton,within_discovery,False,needs_human_review
e7babd44cd3e7524,CM_B_UM_039::3,CM_B_UM_040::2,CM_B_UM_039,CM_B_UM_040,masked_rendering_skeleton,within_discovery,False,needs_human_review
5d3d20c5e7e009d6,CM_B_UM_039::3,CM_B_UM_040::3,CM_B_UM_039,CM_B_UM_040,masked_rendering_skeleton,within_discovery,False,needs_human_review
e3e0660d73089756,CM_B_UM_040::0,CM_B_UM_040::1,CM_B_UM_040,CM_B_UM_040,masked_rendering_skeleton,within_discovery,False,needs_human_review
2dda5fe86f188ef1,CM_B_UM_040::0,CM_B_UM_040::2,CM_B_UM_040,CM_B_UM_040,masked_rendering_skeleton,within_discovery,False,needs_human_review
bf017c527597a944,CM_B_UM_040::0,CM_B_UM_040::3,CM_B_UM_040,CM_B_UM_040,masked_rendering_skeleton,within_discovery,False,needs_human_review
65728b0de2b32fd8,CM_B_UM_040::1,CM_B_UM_040::2,CM_B_UM_040,CM_B_UM_040,masked_rendering_skeleton,within_discovery,False,needs_human_review
e565cf21243e9e68,CM_B_UM_040::1,CM_B_UM_040::3,CM_B_UM_040,CM_B_UM_040,masked_rendering_skeleton,within_discovery,False,needs_human_review
321d7ccfb33d6bb3,CM_B_UM_040::2,CM_B_UM_040::3,CM_B_UM_040,CM_B_UM_040,masked_rendering_skeleton,within_discovery,False,needs_human_review
1cab4b700002e784,CM_B_UM_041::0,CM_B_UM_041::1,CM_B_UM_041,CM_B_UM_041,masked_rendering_skeleton,within_discovery,False,needs_human_review
f35a91c4578658bc,CM_B_UM_041::0,CM_B_UM_041::2,CM_B_UM_041,CM_B_UM_041,masked_rendering_skeleton,within_discovery,False,needs_human_review
69ad27028b02f951,CM_B_UM_041::0,CM_B_UM_041::3,CM_B_UM_041,CM_B_UM_041,masked_rendering_skeleton,within_discovery,False,needs_human_review
609d3caca1af21f6,CM_B_UM_041::1,CM_B_UM_041::2,CM_B_UM_041,CM_B_UM_041,masked_rendering_skeleton,within_discovery,False,needs_human_review
73bf8ddff108af18,CM_B_UM_041::1,CM_B_UM_041::3,CM_B_UM_041,CM_B_UM_041,masked_rendering_skeleton,within_discovery,False,needs_human_review
6c93e0a9357f081a,CM_B_UM_041::2,CM_B_UM_041::3,CM_B_UM_041,CM_B_UM_041,masked_rendering_skeleton,within_discovery,False,needs_human_review
7019c3e3c95ef8c9,CM_B_UM_042::0,CM_B_UM_042::1,CM_B_UM_042,CM_B_UM_042,masked_rendering_skeleton,within_discovery,False,needs_human_review
3f2904fc8553b150,CM_B_UM_042::0,CM_B_UM_042::2,CM_B_UM_042,CM_B_UM_042,masked_rendering_skeleton,within_discovery,False,needs_human_review
8cb2f5976af331e8,CM_B_UM_042::0,CM_B_UM_042::3,CM_B_UM_042,CM_B_UM_042,masked_rendering_skeleton,within_discovery,False,needs_human_review
13cf074e6ea2eb2e,CM_B_UM_042::1,CM_B_UM_042::2,CM_B_UM_042,CM_B_UM_042,masked_rendering_skeleton,within_discovery,False,needs_human_review
39de2e8ec5f46c16,CM_B_UM_042::1,CM_B_UM_042::3,CM_B_UM_042,CM_B_UM_042,masked_rendering_skeleton,within_discovery,False,needs_human_review
eed5ddf5d905be83,CM_B_UM_042::2,CM_B_UM_042::3,CM_B_UM_042,CM_B_UM_042,masked_rendering_skeleton,within_discovery,False,needs_human_review
79db4d12c1d6065e,CM_B_UM_043::0,CM_B_UM_043::1,CM_B_UM_043,CM_B_UM_043,masked_rendering_skeleton,within_discovery,False,needs_human_review
9e1a86ddc73b1481,CM_B_UM_043::0,CM_B_UM_043::2,CM_B_UM_043,CM_B_UM_043,masked_rendering_skeleton,within_discovery,False,needs_human_review
f0f10ae200fb41be,CM_B_UM_043::0,CM_B_UM_043::3,CM_B_UM_043,CM_B_UM_043,masked_rendering_skeleton,within_discovery,False,needs_human_review
4a4623035de90977,CM_B_UM_043::1,CM_B_UM_043::2,CM_B_UM_043,CM_B_UM_043,masked_rendering_skeleton,within_discovery,False,needs_human_review
2b6048ecbeccac35,CM_B_UM_043::1,CM_B_UM_043::3,CM_B_UM_043,CM_B_UM_043,masked_rendering_skeleton,within_discovery,False,needs_human_review
bdb51b15d7852777,CM_B_UM_043::2,CM_B_UM_043::3,CM_B_UM_043,CM_B_UM_043,masked_rendering_skeleton,within_discovery,False,needs_human_review
bece61c8ae599d11,CM_B_UM_044::0,CM_B_UM_044::1,CM_B_UM_044,CM_B_UM_044,masked_rendering_skeleton,within_discovery,False,needs_human_review
e292c39b1fb7c024,CM_B_UM_044::0,CM_B_UM_044::2,CM_B_UM_044,CM_B_UM_044,masked_rendering_skeleton,within_discovery,False,needs_human_review
cde4654845d7e889,CM_B_UM_044::0,CM_B_UM_044::3,CM_B_UM_044,CM_B_UM_044,masked_rendering_skeleton,within_discovery,False,needs_human_review
a1aa7832d9206ccf,CM_B_UM_044::1,CM_B_UM_044::2,CM_B_UM_044,CM_B_UM_044,masked_rendering_skeleton,within_discovery,False,needs_human_review
d787f3b58a403e68,CM_B_UM_044::1,CM_B_UM_044::3,CM_B_UM_044,CM_B_UM_044,masked_rendering_skeleton,within_discovery,False,needs_human_review
7d25ecb1751c001a,CM_B_UM_044::2,CM_B_UM_044::3,CM_B_UM_044,CM_B_UM_044,masked_rendering_skeleton,within_discovery,False,needs_human_review
797ded5db80c32b8,CM_B_UM_045::0,CM_B_UM_045::1,CM_B_UM_045,CM_B_UM_045,masked_rendering_skeleton,within_discovery,False,needs_human_review
8ec9519a0b339fc3,CM_B_UM_045::0,CM_B_UM_045::2,CM_B_UM_045,CM_B_UM_045,masked_rendering_skeleton,within_discovery,False,needs_human_review
5e5d5ff3659314c6,CM_B_UM_045::0,CM_B_UM_045::3,CM_B_UM_045,CM_B_UM_045,masked_rendering_skeleton,within_discovery,False,needs_human_review
ceb2b7ea119bb4d2,CM_B_UM_045::1,CM_B_UM_045::2,CM_B_UM_045,CM_B_UM_045,masked_rendering_skeleton,within_discovery,False,needs_human_review
5dfd390fb494a3ec,CM_B_UM_045::1,CM_B_UM_045::3,CM_B_UM_045,CM_B_UM_045,masked_rendering_skeleton,within_discovery,False,needs_human_review
36e0ea7ba23508e2,CM_B_UM_045::2,CM_B_UM_045::3,CM_B_UM_045,CM_B_UM_045,masked_rendering_skeleton,within_discovery,False,needs_human_review
c1c5e219bfa7c91f,CM_B_UM_046::0,CM_B_UM_046::1,CM_B_UM_046,CM_B_UM_046,masked_rendering_skeleton,within_discovery,False,needs_human_review
4d022b7b408a5b64,CM_B_UM_046::0,CM_B_UM_046::2,CM_B_UM_046,CM_B_UM_046,masked_rendering_skeleton,within_discovery,False,needs_human_review
72e2628fb21df485,CM_B_UM_046::0,CM_B_UM_046::3,CM_B_UM_046,CM_B_UM_046,masked_rendering_skeleton,within_discovery,False,needs_human_review
8556fac5b88198cd,CM_B_UM_046::1,CM_B_UM_046::2,CM_B_UM_046,CM_B_UM_046,masked_rendering_skeleton,within_discovery,False,needs_human_review
a778ae57bcb487e7,CM_B_UM_046::1,CM_B_UM_046::3,CM_B_UM_046,CM_B_UM_046,masked_rendering_skeleton,within_discovery,False,needs_human_review
c63b1e3be14bad44,CM_B_UM_046::2,CM_B_UM_046::3,CM_B_UM_046,CM_B_UM_046,masked_rendering_skeleton,within_discovery,False,needs_human_review
d72c54daf4761415,CM_B_UM_047::0,CM_B_UM_047::1,CM_B_UM_047,CM_B_UM_047,masked_rendering_skeleton,within_discovery,False,needs_human_review
b7054b4e3b83dd2f,CM_B_UM_047::0,CM_B_UM_047::2,CM_B_UM_047,CM_B_UM_047,masked_rendering_skeleton,within_discovery,False,needs_human_review
a4c7e43efccd15ee,CM_B_UM_047::0,CM_B_UM_047::3,CM_B_UM_047,CM_B_UM_047,masked_rendering_skeleton,within_discovery,False,needs_human_review
7fa5317fbc737892,CM_B_UM_047::1,CM_B_UM_047::2,CM_B_UM_047,CM_B_UM_047,masked_rendering_skeleton,within_discovery,False,needs_human_review
cd6093a82c7dc54c,CM_B_UM_047::1,CM_B_UM_047::3,CM_B_UM_047,CM_B_UM_047,masked_rendering_skeleton,within_discovery,False,needs_human_review
51b8bf30dbde8ef6,CM_B_UM_047::2,CM_B_UM_047::3,CM_B_UM_047,CM_B_UM_047,masked_rendering_skeleton,within_discovery,False,needs_human_review
e2feb24b3dc6f9ed,CM_B_UM_048::0,CM_B_UM_048::1,CM_B_UM_048,CM_B_UM_048,masked_rendering_skeleton,within_discovery,False,needs_human_review
29ecc1509b5514a1,CM_B_UM_048::0,CM_B_UM_048::2,CM_B_UM_048,CM_B_UM_048,masked_rendering_skeleton,within_discovery,False,needs_human_review
139743b736239c4b,CM_B_UM_048::0,CM_B_UM_048::3,CM_B_UM_048,CM_B_UM_048,masked_rendering_skeleton,within_discovery,False,needs_human_review
9f9622115a7bfc77,CM_B_UM_048::1,CM_B_UM_048::2,CM_B_UM_048,CM_B_UM_048,masked_rendering_skeleton,within_discovery,False,needs_human_review
d637b8f2665866b7,CM_B_UM_048::1,CM_B_UM_048::3,CM_B_UM_048,CM_B_UM_048,masked_rendering_skeleton,within_discovery,False,needs_human_review
73a0bb6df754508e,CM_B_UM_048::2,CM_B_UM_048::3,CM_B_UM_048,CM_B_UM_048,masked_rendering_skeleton,within_discovery,False,needs_human_review
423966ff8ed151ad,CM_B_UM_049::0,CM_B_UM_049::1,CM_B_UM_049,CM_B_UM_049,masked_rendering_skeleton,within_discovery,False,needs_human_review
f221406010720f67,CM_B_UM_049::0,CM_B_UM_049::2,CM_B_UM_049,CM_B_UM_049,masked_rendering_skeleton,within_discovery,False,needs_human_review
d0cc7430756450be,CM_B_UM_049::0,CM_B_UM_049::3,CM_B_UM_049,CM_B_UM_049,masked_rendering_skeleton,within_discovery,False,needs_human_review
8ae2f7b50bf2653e,CM_B_UM_049::1,CM_B_UM_049::2,CM_B_UM_049,CM_B_UM_049,masked_rendering_skeleton,within_discovery,False,needs_human_review
2490941bb8221005,CM_B_UM_049::1,CM_B_UM_049::3,CM_B_UM_049,CM_B_UM_049,masked_rendering_skeleton,within_discovery,False,needs_human_review
7b005e86423575e5,CM_B_UM_049::2,CM_B_UM_049::3,CM_B_UM_049,CM_B_UM_049,masked_rendering_skeleton,within_discovery,False,needs_human_review
3dda0f7681f2d15a,CM_B_UM_050::0,CM_B_UM_050::1,CM_B_UM_050,CM_B_UM_050,masked_rendering_skeleton,within_discovery,False,needs_human_review
3a21efb8b25d93f8,CM_B_UM_050::0,CM_B_UM_050::2,CM_B_UM_050,CM_B_UM_050,masked_rendering_skeleton,within_discovery,False,needs_human_review
6a3913fef3fec22f,CM_B_UM_050::0,CM_B_UM_050::3,CM_B_UM_050,CM_B_UM_050,masked_rendering_skeleton,within_discovery,False,needs_human_review
94a0ab65172915a1,CM_B_UM_050::1,CM_B_UM_050::2,CM_B_UM_050,CM_B_UM_050,masked_rendering_skeleton,within_discovery,False,needs_human_review
f17d444b83874a4a,CM_B_UM_050::1,CM_B_UM_050::3,CM_B_UM_050,CM_B_UM_050,masked_rendering_skeleton,within_discovery,False,needs_human_review
572ba32047879abb,CM_B_UM_050::2,CM_B_UM_050::3,CM_B_UM_050,CM_B_UM_050,masked_rendering_skeleton,within_discovery,False,needs_human_review
8cb60fc892b86aee,CM_B_UM_051::0,CM_B_UM_051::1,CM_B_UM_051,CM_B_UM_051,masked_rendering_skeleton,within_discovery,False,needs_human_review
0f013f20d2de8ee5,CM_B_UM_051::0,CM_B_UM_051::2,CM_B_UM_051,CM_B_UM_051,masked_rendering_skeleton,within_discovery,False,needs_human_review
db4d9c0038fbc9f5,CM_B_UM_051::0,CM_B_UM_051::3,CM_B_UM_051,CM_B_UM_051,masked_rendering_skeleton,within_discovery,False,needs_human_review
7d889fce8f14fcf7,CM_B_UM_051::0,CM_B_UM_055::2,CM_B_UM_051,CM_B_UM_055,lexical_similarity,within_discovery,False,needs_human_review
f8085679660a2d2a,CM_B_UM_051::1,CM_B_UM_051::2,CM_B_UM_051,CM_B_UM_051,masked_rendering_skeleton,within_discovery,False,needs_human_review
72cb62151b1c6feb,CM_B_UM_051::1,CM_B_UM_051::3,CM_B_UM_051,CM_B_UM_051,masked_rendering_skeleton,within_discovery,False,needs_human_review
4ccdc7ad33ea1ece,CM_B_UM_051::2,CM_B_UM_051::3,CM_B_UM_051,CM_B_UM_051,masked_rendering_skeleton,within_discovery,False,needs_human_review
be313d73ac17a30c,CM_B_UM_051::2,CM_B_UM_055::3,CM_B_UM_051,CM_B_UM_055,lexical_similarity,within_discovery,False,needs_human_review
1eaaf7cac4b688a5,CM_B_UM_052::0,CM_B_UM_052::1,CM_B_UM_052,CM_B_UM_052,masked_rendering_skeleton,within_discovery,False,needs_human_review
a66f1b4a7d4b41e8,CM_B_UM_052::0,CM_B_UM_052::2,CM_B_UM_052,CM_B_UM_052,masked_rendering_skeleton,within_discovery,False,needs_human_review
658d742534f0677a,CM_B_UM_052::0,CM_B_UM_052::3,CM_B_UM_052,CM_B_UM_052,masked_rendering_skeleton,within_discovery,False,needs_human_review
420df02a81a68549,CM_B_UM_052::0,CM_B_UM_055::2,CM_B_UM_052,CM_B_UM_055,lexical_similarity,within_discovery,False,needs_human_review
ad8dd708e2c761fc,CM_B_UM_052::0,CM_B_UM_055::3,CM_B_UM_052,CM_B_UM_055,lexical_similarity,within_discovery,False,needs_human_review
58b9b7d445ee966a,CM_B_UM_052::0,CM_B_UM_052_RENAME::0,CM_B_UM_052,CM_B_UM_052,derived_parent_relation,within_discovery,True,needs_human_review
ddc0ad8f86370d08,CM_B_UM_052::0,CM_B_UM_052_RENAME::1,CM_B_UM_052,CM_B_UM_052,derived_parent_relation,within_discovery,True,needs_human_review
fb157b14ddbf4fcd,CM_B_UM_052::0,CM_B_UM_052_RENAME::2,CM_B_UM_052,CM_B_UM_052,derived_parent_relation,within_discovery,True,needs_human_review
57c36b4d1e7a2926,CM_B_UM_052::0,CM_B_UM_052_RENAME::3,CM_B_UM_052,CM_B_UM_052,derived_parent_relation,within_discovery,True,needs_human_review
42f65a82586edf9e,CM_B_UM_052::1,CM_B_UM_052::2,CM_B_UM_052,CM_B_UM_052,masked_rendering_skeleton,within_discovery,False,needs_human_review
8b80a968a29aaf33,CM_B_UM_052::1,CM_B_UM_052::3,CM_B_UM_052,CM_B_UM_052,masked_rendering_skeleton,within_discovery,False,needs_human_review
8ee530385bf3f580,CM_B_UM_052::1,CM_B_UM_055::2,CM_B_UM_052,CM_B_UM_055,lexical_similarity,within_discovery,False,needs_human_review
ced2b55f0d815d41,CM_B_UM_052::1,CM_B_UM_055::3,CM_B_UM_052,CM_B_UM_055,lexical_similarity,within_discovery,False,needs_human_review
21648a9836a14144,CM_B_UM_052::1,CM_B_UM_052_RENAME::0,CM_B_UM_052,CM_B_UM_052,derived_parent_relation,within_discovery,True,needs_human_review
9f2d857caf249525,CM_B_UM_052::1,CM_B_UM_052_RENAME::1,CM_B_UM_052,CM_B_UM_052,derived_parent_relation,within_discovery,True,needs_human_review
e6df79066d9e0871,CM_B_UM_052::1,CM_B_UM_052_RENAME::2,CM_B_UM_052,CM_B_UM_052,derived_parent_relation,within_discovery,True,needs_human_review
a729b6a0aee3e0ec,CM_B_UM_052::1,CM_B_UM_052_RENAME::3,CM_B_UM_052,CM_B_UM_052,derived_parent_relation,within_discovery,True,needs_human_review
76ad721fa8aba663,CM_B_UM_052::2,CM_B_UM_052::3,CM_B_UM_052,CM_B_UM_052,masked_rendering_skeleton,within_discovery,False,needs_human_review
e96e8262251fdcaf,CM_B_UM_052::2,CM_B_UM_055::2,CM_B_UM_052,CM_B_UM_055,lexical_similarity,within_discovery,False,needs_human_review
65fe25dc6272ecbf,CM_B_UM_052::2,CM_B_UM_055::3,CM_B_UM_052,CM_B_UM_055,lexical_similarity,within_discovery,False,needs_human_review
cba899473b38017c,CM_B_UM_052::2,CM_B_UM_052_RENAME::0,CM_B_UM_052,CM_B_UM_052,derived_parent_relation,within_discovery,True,needs_human_review
47ce743b780273fb,CM_B_UM_052::2,CM_B_UM_052_RENAME::1,CM_B_UM_052,CM_B_UM_052,derived_parent_relation,within_discovery,True,needs_human_review
01ee777607291f8c,CM_B_UM_052::2,CM_B_UM_052_RENAME::2,CM_B_UM_052,CM_B_UM_052,derived_parent_relation,within_discovery,True,needs_human_review
522ffca6dfd07e10,CM_B_UM_052::2,CM_B_UM_052_RENAME::3,CM_B_UM_052,CM_B_UM_052,derived_parent_relation,within_discovery,True,needs_human_review
28458bba80a0fe72,CM_B_UM_052::3,CM_B_UM_055::2,CM_B_UM_052,CM_B_UM_055,lexical_similarity,within_discovery,False,needs_human_review
7dca2370fdd46da9,CM_B_UM_052::3,CM_B_UM_055::3,CM_B_UM_052,CM_B_UM_055,lexical_similarity,within_discovery,False,needs_human_review
0dbd4a6a04bfd74f,CM_B_UM_052::3,CM_B_UM_052_RENAME::0,CM_B_UM_052,CM_B_UM_052,derived_parent_relation,within_discovery,True,needs_human_review
2deb57484ccf00fb,CM_B_UM_052::3,CM_B_UM_052_RENAME::1,CM_B_UM_052,CM_B_UM_052,derived_parent_relation,within_discovery,True,needs_human_review
e43e63a249d2e415,CM_B_UM_052::3,CM_B_UM_052_RENAME::2,CM_B_UM_052,CM_B_UM_052,derived_parent_relation,within_discovery,True,needs_human_review
e075622010a42121,CM_B_UM_052::3,CM_B_UM_052_RENAME::3,CM_B_UM_052,CM_B_UM_052,derived_parent_relation,within_discovery,True,needs_human_review
b462b33f52958a70,CM_B_UM_053::0,CM_B_UM_053::1,CM_B_UM_053,CM_B_UM_053,masked_rendering_skeleton,within_discovery,False,needs_human_review
c882f335076c7117,CM_B_UM_053::0,CM_B_UM_053::2,CM_B_UM_053,CM_B_UM_053,masked_rendering_skeleton,within_discovery,False,needs_human_review
a1786bd1166f293a,CM_B_UM_053::0,CM_B_UM_053::3,CM_B_UM_053,CM_B_UM_053,masked_rendering_skeleton,within_discovery,False,needs_human_review
01425dd53fbc618a,CM_B_UM_053::1,CM_B_UM_053::2,CM_B_UM_053,CM_B_UM_053,masked_rendering_skeleton,within_discovery,False,needs_human_review
195b389f466704f3,CM_B_UM_053::1,CM_B_UM_053::3,CM_B_UM_053,CM_B_UM_053,masked_rendering_skeleton,within_discovery,False,needs_human_review
471c0eec6cc0ad29,CM_B_UM_053::2,CM_B_UM_053::3,CM_B_UM_053,CM_B_UM_053,masked_rendering_skeleton,within_discovery,False,needs_human_review
f1cd7a0c3732b627,CM_B_UM_054::0,CM_B_UM_054::1,CM_B_UM_054,CM_B_UM_054,masked_rendering_skeleton,within_discovery,False,needs_human_review
37fd3211a1ffc5f3,CM_B_UM_054::0,CM_B_UM_054::2,CM_B_UM_054,CM_B_UM_054,masked_rendering_skeleton,within_discovery,False,needs_human_review
0c044c36951926f1,CM_B_UM_054::0,CM_B_UM_054::3,CM_B_UM_054,CM_B_UM_054,masked_rendering_skeleton,within_discovery,False,needs_human_review
5b39c8b7a09d2116,CM_B_UM_054::1,CM_B_UM_054::2,CM_B_UM_054,CM_B_UM_054,masked_rendering_skeleton,within_discovery,False,needs_human_review
4bb7fb8900a27a6a,CM_B_UM_054::1,CM_B_UM_054::3,CM_B_UM_054,CM_B_UM_054,masked_rendering_skeleton,within_discovery,False,needs_human_review
f5a9b682bf1b9119,CM_B_UM_054::2,CM_B_UM_054::3,CM_B_UM_054,CM_B_UM_054,masked_rendering_skeleton,within_discovery,False,needs_human_review
fb4af0e3b8292e2f,CM_B_UM_055::0,CM_B_UM_055::1,CM_B_UM_055,CM_B_UM_055,masked_rendering_skeleton,within_discovery,False,needs_human_review
99eef4db5ed4c0e7,CM_B_UM_055::0,CM_B_UM_055::2,CM_B_UM_055,CM_B_UM_055,masked_rendering_skeleton,within_discovery,False,needs_human_review
da8c2d9cf08cb29a,CM_B_UM_055::0,CM_B_UM_055::3,CM_B_UM_055,CM_B_UM_055,masked_rendering_skeleton,within_discovery,False,needs_human_review
2da00e123995b55f,CM_B_UM_055::0,CM_B_UM_055_RENAME::0,CM_B_UM_055,CM_B_UM_055,derived_parent_relation,within_discovery,True,needs_human_review
1e1be9f8f5c1c2a6,CM_B_UM_055::0,CM_B_UM_055_RENAME::1,CM_B_UM_055,CM_B_UM_055,derived_parent_relation,within_discovery,True,needs_human_review
3f61047e91389ee5,CM_B_UM_055::0,CM_B_UM_055_RENAME::2,CM_B_UM_055,CM_B_UM_055,derived_parent_relation,within_discovery,True,needs_human_review
0aa1d8644c61634f,CM_B_UM_055::0,CM_B_UM_055_RENAME::3,CM_B_UM_055,CM_B_UM_055,derived_parent_relation,within_discovery,True,needs_human_review
8f337f1be8c8cfc7,CM_B_UM_055::1,CM_B_UM_055::2,CM_B_UM_055,CM_B_UM_055,masked_rendering_skeleton,within_discovery,False,needs_human_review
4bba16aed52412b0,CM_B_UM_055::1,CM_B_UM_055::3,CM_B_UM_055,CM_B_UM_055,masked_rendering_skeleton,within_discovery,False,needs_human_review
227c752d9f8204fd,CM_B_UM_055::1,CM_B_UM_055_RENAME::0,CM_B_UM_055,CM_B_UM_055,derived_parent_relation,within_discovery,True,needs_human_review
0b3481e98b6a4be4,CM_B_UM_055::1,CM_B_UM_055_RENAME::1,CM_B_UM_055,CM_B_UM_055,derived_parent_relation,within_discovery,True,needs_human_review
2c68cf3386277a9b,CM_B_UM_055::1,CM_B_UM_055_RENAME::2,CM_B_UM_055,CM_B_UM_055,derived_parent_relation,within_discovery,True,needs_human_review
d244f173bb733fd0,CM_B_UM_055::1,CM_B_UM_055_RENAME::3,CM_B_UM_055,CM_B_UM_055,derived_parent_relation,within_discovery,True,needs_human_review
7a227dc446447b4c,CM_B_UM_055::2,CM_B_UM_055::3,CM_B_UM_055,CM_B_UM_055,masked_rendering_skeleton,within_discovery,False,needs_human_review
fc900794260607a1,CM_B_UM_055::2,CM_B_UM_055_RENAME::0,CM_B_UM_055,CM_B_UM_055,derived_parent_relation,within_discovery,True,needs_human_review
f1cf3725a60b15b5,CM_B_UM_055::2,CM_B_UM_055_RENAME::1,CM_B_UM_055,CM_B_UM_055,derived_parent_relation,within_discovery,True,needs_human_review
90715b148b3cbce5,CM_B_UM_055::2,CM_B_UM_055_RENAME::2,CM_B_UM_055,CM_B_UM_055,derived_parent_relation,within_discovery,True,needs_human_review
58c19d1099e30bba,CM_B_UM_055::2,CM_B_UM_055_RENAME::3,CM_B_UM_055,CM_B_UM_055,derived_parent_relation,within_discovery,True,needs_human_review
ba9d9bb26f29e1b3,CM_B_UM_055::3,CM_B_UM_055_RENAME::0,CM_B_UM_055,CM_B_UM_055,derived_parent_relation,within_discovery,True,needs_human_review
6d1db19597049c5e,CM_B_UM_055::3,CM_B_UM_055_RENAME::1,CM_B_UM_055,CM_B_UM_055,derived_parent_relation,within_discovery,True,needs_human_review
3dd91122a11616cc,CM_B_UM_055::3,CM_B_UM_055_RENAME::2,CM_B_UM_055,CM_B_UM_055,derived_parent_relation,within_discovery,True,needs_human_review
e84e8ec5f2086cfc,CM_B_UM_055::3,CM_B_UM_055_RENAME::3,CM_B_UM_055,CM_B_UM_055,derived_parent_relation,within_discovery,True,needs_human_review
605c8edadc1bd3ac,CM_B_UM_056::0,CM_B_UM_056::1,CM_B_UM_056,CM_B_UM_056,masked_rendering_skeleton,within_discovery,False,needs_human_review
3b9240e46edafa19,CM_B_UM_056::0,CM_B_UM_056::2,CM_B_UM_056,CM_B_UM_056,masked_rendering_skeleton,within_discovery,False,needs_human_review
af85012ffa167a2d,CM_B_UM_056::0,CM_B_UM_056::3,CM_B_UM_056,CM_B_UM_056,masked_rendering_skeleton,within_discovery,False,needs_human_review
1a28514b06c235d6,CM_B_UM_056::1,CM_B_UM_056::2,CM_B_UM_056,CM_B_UM_056,masked_rendering_skeleton,within_discovery,False,needs_human_review
2e6f437a54c8b3fb,CM_B_UM_056::1,CM_B_UM_056::3,CM_B_UM_056,CM_B_UM_056,masked_rendering_skeleton,within_discovery,False,needs_human_review
a1b2e5ed804d10b5,CM_B_UM_056::2,CM_B_UM_056::3,CM_B_UM_056,CM_B_UM_056,masked_rendering_skeleton,within_discovery,False,needs_human_review
7ed749010c310a1f,CM_B_UM_057::0,CM_B_UM_057::1,CM_B_UM_057,CM_B_UM_057,masked_rendering_skeleton,within_discovery,False,needs_human_review
03826ecc68e1ae6d,CM_B_UM_057::0,CM_B_UM_057::2,CM_B_UM_057,CM_B_UM_057,masked_rendering_skeleton,within_discovery,False,needs_human_review
68354e4528012f14,CM_B_UM_057::0,CM_B_UM_057::3,CM_B_UM_057,CM_B_UM_057,masked_rendering_skeleton,within_discovery,False,needs_human_review
bb43380c1b104b47,CM_B_UM_057::0,CM_B_UM_058::0,CM_B_UM_057,CM_B_UM_058,masked_rendering_skeleton,within_discovery,False,needs_human_review
98dc8cdc58e680bb,CM_B_UM_057::0,CM_B_UM_058::1,CM_B_UM_057,CM_B_UM_058,masked_rendering_skeleton,within_discovery,False,needs_human_review
bcf89161272f49f5,CM_B_UM_057::0,CM_B_UM_058::2,CM_B_UM_057,CM_B_UM_058,masked_rendering_skeleton,within_discovery,False,needs_human_review
249e1679cc8634e1,CM_B_UM_057::0,CM_B_UM_058::3,CM_B_UM_057,CM_B_UM_058,masked_rendering_skeleton,within_discovery,False,needs_human_review
af19d96d65cf2a59,CM_B_UM_057::0,CM_B_UM_060::0,CM_B_UM_057,CM_B_UM_060,masked_rendering_skeleton,within_discovery,False,needs_human_review
1b09884532a63d19,CM_B_UM_057::0,CM_B_UM_060::1,CM_B_UM_057,CM_B_UM_060,masked_rendering_skeleton,within_discovery,False,needs_human_review
ea1bb210cc028d70,CM_B_UM_057::0,CM_B_UM_060::2,CM_B_UM_057,CM_B_UM_060,masked_rendering_skeleton,within_discovery,False,needs_human_review
16a76f08b6072ac5,CM_B_UM_057::0,CM_B_UM_060::3,CM_B_UM_057,CM_B_UM_060,masked_rendering_skeleton,within_discovery,False,needs_human_review
7ac6cb982ff58c39,CM_B_UM_057::1,CM_B_UM_057::2,CM_B_UM_057,CM_B_UM_057,masked_rendering_skeleton,within_discovery,False,needs_human_review
276f376ffd732c7b,CM_B_UM_057::1,CM_B_UM_057::3,CM_B_UM_057,CM_B_UM_057,masked_rendering_skeleton,within_discovery,False,needs_human_review
73a7039a47f5f648,CM_B_UM_057::1,CM_B_UM_058::0,CM_B_UM_057,CM_B_UM_058,masked_rendering_skeleton,within_discovery,False,needs_human_review
fc5786ac93ac9bbc,CM_B_UM_057::1,CM_B_UM_058::1,CM_B_UM_057,CM_B_UM_058,masked_rendering_skeleton,within_discovery,False,needs_human_review
cb28c4329da330a9,CM_B_UM_057::1,CM_B_UM_058::2,CM_B_UM_057,CM_B_UM_058,masked_rendering_skeleton,within_discovery,False,needs_human_review
04e7c60112de6092,CM_B_UM_057::1,CM_B_UM_058::3,CM_B_UM_057,CM_B_UM_058,masked_rendering_skeleton,within_discovery,False,needs_human_review
4e0972cb5bf5de65,CM_B_UM_057::1,CM_B_UM_060::0,CM_B_UM_057,CM_B_UM_060,masked_rendering_skeleton,within_discovery,False,needs_human_review
eb3764bf244522ea,CM_B_UM_057::1,CM_B_UM_060::1,CM_B_UM_057,CM_B_UM_060,masked_rendering_skeleton,within_discovery,False,needs_human_review
4dfbbb7d6c4fd768,CM_B_UM_057::1,CM_B_UM_060::2,CM_B_UM_057,CM_B_UM_060,masked_rendering_skeleton,within_discovery,False,needs_human_review
c3bc3be6361e640c,CM_B_UM_057::1,CM_B_UM_060::3,CM_B_UM_057,CM_B_UM_060,masked_rendering_skeleton,within_discovery,False,needs_human_review
c2d9f3b0ff635c51,CM_B_UM_057::2,CM_B_UM_057::3,CM_B_UM_057,CM_B_UM_057,masked_rendering_skeleton,within_discovery,False,needs_human_review
19a8a9b963d69920,CM_B_UM_057::2,CM_B_UM_058::0,CM_B_UM_057,CM_B_UM_058,masked_rendering_skeleton,within_discovery,False,needs_human_review
c31b3255a414062c,CM_B_UM_057::2,CM_B_UM_058::1,CM_B_UM_057,CM_B_UM_058,masked_rendering_skeleton,within_discovery,False,needs_human_review
214b844b9d157c8b,CM_B_UM_057::2,CM_B_UM_058::2,CM_B_UM_057,CM_B_UM_058,masked_rendering_skeleton,within_discovery,False,needs_human_review
012260e49f436f3c,CM_B_UM_057::2,CM_B_UM_058::3,CM_B_UM_057,CM_B_UM_058,masked_rendering_skeleton,within_discovery,False,needs_human_review
5f25d60e563902c0,CM_B_UM_057::2,CM_B_UM_060::0,CM_B_UM_057,CM_B_UM_060,masked_rendering_skeleton,within_discovery,False,needs_human_review
bf8a94ff205968c0,CM_B_UM_057::2,CM_B_UM_060::1,CM_B_UM_057,CM_B_UM_060,masked_rendering_skeleton,within_discovery,False,needs_human_review
7cdc6414d3400630,CM_B_UM_057::2,CM_B_UM_060::2,CM_B_UM_057,CM_B_UM_060,masked_rendering_skeleton,within_discovery,False,needs_human_review
c400a52a269fafa7,CM_B_UM_057::2,CM_B_UM_060::3,CM_B_UM_057,CM_B_UM_060,masked_rendering_skeleton,within_discovery,False,needs_human_review
f0ac1a0a0c2d655f,CM_B_UM_057::3,CM_B_UM_058::0,CM_B_UM_057,CM_B_UM_058,masked_rendering_skeleton,within_discovery,False,needs_human_review
bc2f8d215fdae174,CM_B_UM_057::3,CM_B_UM_058::1,CM_B_UM_057,CM_B_UM_058,masked_rendering_skeleton,within_discovery,False,needs_human_review
de9c016ad3ccad32,CM_B_UM_057::3,CM_B_UM_058::2,CM_B_UM_057,CM_B_UM_058,masked_rendering_skeleton,within_discovery,False,needs_human_review
d66c3cde45b2b49a,CM_B_UM_057::3,CM_B_UM_058::3,CM_B_UM_057,CM_B_UM_058,masked_rendering_skeleton,within_discovery,False,needs_human_review
fca2421c51a850ad,CM_B_UM_057::3,CM_B_UM_060::0,CM_B_UM_057,CM_B_UM_060,masked_rendering_skeleton,within_discovery,False,needs_human_review
eb3ad2f0455cd760,CM_B_UM_057::3,CM_B_UM_060::1,CM_B_UM_057,CM_B_UM_060,masked_rendering_skeleton,within_discovery,False,needs_human_review
f5fcce7c505cd48c,CM_B_UM_057::3,CM_B_UM_060::2,CM_B_UM_057,CM_B_UM_060,masked_rendering_skeleton,within_discovery,False,needs_human_review
ba768bea18ccc57b,CM_B_UM_057::3,CM_B_UM_060::3,CM_B_UM_057,CM_B_UM_060,masked_rendering_skeleton,within_discovery,False,needs_human_review
7508aae7a671330f,CM_B_UM_058::0,CM_B_UM_058::1,CM_B_UM_058,CM_B_UM_058,masked_rendering_skeleton,within_discovery,False,needs_human_review
972bf7e4218b463c,CM_B_UM_058::0,CM_B_UM_058::2,CM_B_UM_058,CM_B_UM_058,masked_rendering_skeleton,within_discovery,False,needs_human_review
d33786829d262cbe,CM_B_UM_058::0,CM_B_UM_058::3,CM_B_UM_058,CM_B_UM_058,masked_rendering_skeleton,within_discovery,False,needs_human_review
a36473e6bb371455,CM_B_UM_058::0,CM_B_UM_059::1,CM_B_UM_058,CM_B_UM_059,lexical_similarity,within_discovery,False,needs_human_review
662f787da454ac1b,CM_B_UM_058::0,CM_B_UM_059::2,CM_B_UM_058,CM_B_UM_059,lexical_similarity,within_discovery,False,needs_human_review
229e871c630f6e9f,CM_B_UM_058::0,CM_B_UM_059::3,CM_B_UM_058,CM_B_UM_059,lexical_similarity,within_discovery,False,needs_human_review
c580a4a5fd43ce12,CM_B_UM_058::0,CM_B_UM_060::0,CM_B_UM_058,CM_B_UM_060,masked_rendering_skeleton,within_discovery,False,needs_human_review
7948f4260e6e7c67,CM_B_UM_058::0,CM_B_UM_060::1,CM_B_UM_058,CM_B_UM_060,masked_rendering_skeleton,within_discovery,False,needs_human_review
89ebca34936ae963,CM_B_UM_058::0,CM_B_UM_060::2,CM_B_UM_058,CM_B_UM_060,masked_rendering_skeleton,within_discovery,False,needs_human_review
d11787c17a0f5021,CM_B_UM_058::0,CM_B_UM_060::3,CM_B_UM_058,CM_B_UM_060,masked_rendering_skeleton,within_discovery,False,needs_human_review
18b38f82d66fefab,CM_B_UM_058::1,CM_B_UM_058::2,CM_B_UM_058,CM_B_UM_058,masked_rendering_skeleton,within_discovery,False,needs_human_review
2a0d18cef24e11dd,CM_B_UM_058::1,CM_B_UM_058::3,CM_B_UM_058,CM_B_UM_058,masked_rendering_skeleton,within_discovery,False,needs_human_review
81d2f62122fd9566,CM_B_UM_058::1,CM_B_UM_059::1,CM_B_UM_058,CM_B_UM_059,lexical_similarity,within_discovery,False,needs_human_review
6e540bb27508870e,CM_B_UM_058::1,CM_B_UM_059::2,CM_B_UM_058,CM_B_UM_059,lexical_similarity,within_discovery,False,needs_human_review
f550498349987c46,CM_B_UM_058::1,CM_B_UM_059::3,CM_B_UM_058,CM_B_UM_059,lexical_similarity,within_discovery,False,needs_human_review
9469d105bd9cd4e1,CM_B_UM_058::1,CM_B_UM_060::0,CM_B_UM_058,CM_B_UM_060,masked_rendering_skeleton,within_discovery,False,needs_human_review
410f8c396b87cd48,CM_B_UM_058::1,CM_B_UM_060::1,CM_B_UM_058,CM_B_UM_060,masked_rendering_skeleton,within_discovery,False,needs_human_review
bf15dd1bd1ad86c3,CM_B_UM_058::1,CM_B_UM_060::2,CM_B_UM_058,CM_B_UM_060,masked_rendering_skeleton,within_discovery,False,needs_human_review
798ccfaef7d89d4a,CM_B_UM_058::1,CM_B_UM_060::3,CM_B_UM_058,CM_B_UM_060,masked_rendering_skeleton,within_discovery,False,needs_human_review
52c564545e5faad0,CM_B_UM_058::2,CM_B_UM_058::3,CM_B_UM_058,CM_B_UM_058,masked_rendering_skeleton,within_discovery,False,needs_human_review
c464518f7ae74c6c,CM_B_UM_058::2,CM_B_UM_059::1,CM_B_UM_058,CM_B_UM_059,lexical_similarity,within_discovery,False,needs_human_review
599035fdae239138,CM_B_UM_058::2,CM_B_UM_059::2,CM_B_UM_058,CM_B_UM_059,lexical_similarity,within_discovery,False,needs_human_review
334fbc613e81c821,CM_B_UM_058::2,CM_B_UM_059::3,CM_B_UM_058,CM_B_UM_059,lexical_similarity,within_discovery,False,needs_human_review
a50f17bd0d4d49fe,CM_B_UM_058::2,CM_B_UM_060::0,CM_B_UM_058,CM_B_UM_060,masked_rendering_skeleton,within_discovery,False,needs_human_review
4fbd04ec6a0a2c8f,CM_B_UM_058::2,CM_B_UM_060::1,CM_B_UM_058,CM_B_UM_060,masked_rendering_skeleton,within_discovery,False,needs_human_review
fcb242ba22c755a9,CM_B_UM_058::2,CM_B_UM_060::2,CM_B_UM_058,CM_B_UM_060,masked_rendering_skeleton,within_discovery,False,needs_human_review
facab2645e7c3e1a,CM_B_UM_058::2,CM_B_UM_060::3,CM_B_UM_058,CM_B_UM_060,masked_rendering_skeleton,within_discovery,False,needs_human_review
b90d4526b6c777cb,CM_B_UM_058::3,CM_B_UM_059::1,CM_B_UM_058,CM_B_UM_059,lexical_similarity,within_discovery,False,needs_human_review
8632b29ff1ca84d0,CM_B_UM_058::3,CM_B_UM_059::2,CM_B_UM_058,CM_B_UM_059,lexical_similarity,within_discovery,False,needs_human_review
8f57bd1a171edcfb,CM_B_UM_058::3,CM_B_UM_059::3,CM_B_UM_058,CM_B_UM_059,lexical_similarity,within_discovery,False,needs_human_review
8943175e34dfc5d0,CM_B_UM_058::3,CM_B_UM_060::0,CM_B_UM_058,CM_B_UM_060,masked_rendering_skeleton,within_discovery,False,needs_human_review
9d67dadda5a231f2,CM_B_UM_058::3,CM_B_UM_060::1,CM_B_UM_058,CM_B_UM_060,masked_rendering_skeleton,within_discovery,False,needs_human_review
f357dbd7e08ce0e9,CM_B_UM_058::3,CM_B_UM_060::2,CM_B_UM_058,CM_B_UM_060,masked_rendering_skeleton,within_discovery,False,needs_human_review
b671df8a7b91b7a7,CM_B_UM_058::3,CM_B_UM_060::3,CM_B_UM_058,CM_B_UM_060,masked_rendering_skeleton,within_discovery,False,needs_human_review
5c7902fd95a98be9,CM_B_UM_059::0,CM_B_UM_059::1,CM_B_UM_059,CM_B_UM_059,masked_rendering_skeleton,within_discovery,False,needs_human_review
af5c8404505dd91d,CM_B_UM_059::0,CM_B_UM_059::2,CM_B_UM_059,CM_B_UM_059,masked_rendering_skeleton,within_discovery,False,needs_human_review
0bc89639b37bc65b,CM_B_UM_059::0,CM_B_UM_059::3,CM_B_UM_059,CM_B_UM_059,masked_rendering_skeleton,within_discovery,False,needs_human_review
48288cf8db0157d5,CM_B_UM_059::0,CM_B_UM_060::1,CM_B_UM_059,CM_B_UM_060,lexical_similarity,within_discovery,False,needs_human_review
46b23a2836e8e942,CM_B_UM_059::0,CM_B_UM_059_RENAME::0,CM_B_UM_059,CM_B_UM_059,derived_parent_relation,within_discovery,True,needs_human_review
d6d8a3b17bbd061b,CM_B_UM_059::0,CM_B_UM_059_RENAME::1,CM_B_UM_059,CM_B_UM_059,derived_parent_relation,within_discovery,True,needs_human_review
ad8297d4a73ab3e8,CM_B_UM_059::0,CM_B_UM_059_RENAME::2,CM_B_UM_059,CM_B_UM_059,derived_parent_relation,within_discovery,True,needs_human_review
d0f202333db3bf1b,CM_B_UM_059::0,CM_B_UM_059_RENAME::3,CM_B_UM_059,CM_B_UM_059,derived_parent_relation,within_discovery,True,needs_human_review
154844fd965a0adb,CM_B_UM_059::1,CM_B_UM_059::2,CM_B_UM_059,CM_B_UM_059,masked_rendering_skeleton,within_discovery,False,needs_human_review
0b2687e1b9a122a6,CM_B_UM_059::1,CM_B_UM_059::3,CM_B_UM_059,CM_B_UM_059,masked_rendering_skeleton,within_discovery,False,needs_human_review
3b24e1c4dc6dd8d2,CM_B_UM_059::1,CM_B_UM_059_RENAME::0,CM_B_UM_059,CM_B_UM_059,derived_parent_relation,within_discovery,True,needs_human_review
79785de5c19b2d23,CM_B_UM_059::1,CM_B_UM_059_RENAME::1,CM_B_UM_059,CM_B_UM_059,derived_parent_relation,within_discovery,True,needs_human_review
e12d3abb6387101f,CM_B_UM_059::1,CM_B_UM_059_RENAME::2,CM_B_UM_059,CM_B_UM_059,derived_parent_relation,within_discovery,True,needs_human_review
759c0cfb25524e80,CM_B_UM_059::1,CM_B_UM_059_RENAME::3,CM_B_UM_059,CM_B_UM_059,derived_parent_relation,within_discovery,True,needs_human_review
e9ee962debfda082,CM_B_UM_059::2,CM_B_UM_059::3,CM_B_UM_059,CM_B_UM_059,masked_rendering_skeleton,within_discovery,False,needs_human_review
d48ae5247adb29ab,CM_B_UM_059::2,CM_B_UM_060::2,CM_B_UM_059,CM_B_UM_060,lexical_similarity,within_discovery,False,needs_human_review
af55f83b6453864f,CM_B_UM_059::2,CM_B_UM_059_RENAME::0,CM_B_UM_059,CM_B_UM_059,derived_parent_relation,within_discovery,True,needs_human_review
6a4e5c269898923f,CM_B_UM_059::2,CM_B_UM_059_RENAME::1,CM_B_UM_059,CM_B_UM_059,derived_parent_relation,within_discovery,True,needs_human_review
8ea1d05275788e5f,CM_B_UM_059::2,CM_B_UM_059_RENAME::2,CM_B_UM_059,CM_B_UM_059,derived_parent_relation,within_discovery,True,needs_human_review
184742ce65dcfb16,CM_B_UM_059::2,CM_B_UM_059_RENAME::3,CM_B_UM_059,CM_B_UM_059,derived_parent_relation,within_discovery,True,needs_human_review
085f4bbe5496f1fe,CM_B_UM_059::3,CM_B_UM_060::0,CM_B_UM_059,CM_B_UM_060,lexical_similarity,within_discovery,False,needs_human_review
114173fcdbaa81fd,CM_B_UM_059::3,CM_B_UM_060::2,CM_B_UM_059,CM_B_UM_060,lexical_similarity,within_discovery,False,needs_human_review
a0024f15890403de,CM_B_UM_059::3,CM_B_UM_059_RENAME::0,CM_B_UM_059,CM_B_UM_059,derived_parent_relation,within_discovery,True,needs_human_review
37bd5e9b9349f2bd,CM_B_UM_059::3,CM_B_UM_059_RENAME::1,CM_B_UM_059,CM_B_UM_059,derived_parent_relation,within_discovery,True,needs_human_review
caef9b3a58b0047b,CM_B_UM_059::3,CM_B_UM_059_RENAME::2,CM_B_UM_059,CM_B_UM_059,derived_parent_relation,within_discovery,True,needs_human_review
8c0d84d8d076c8c5,CM_B_UM_059::3,CM_B_UM_059_RENAME::3,CM_B_UM_059,CM_B_UM_059,derived_parent_relation,within_discovery,True,needs_human_review
88a2d1bc7d860b9d,CM_B_UM_060::0,CM_B_UM_060::1,CM_B_UM_060,CM_B_UM_060,masked_rendering_skeleton,within_discovery,False,needs_human_review
0a357daec8febd47,CM_B_UM_060::0,CM_B_UM_060::2,CM_B_UM_060,CM_B_UM_060,masked_rendering_skeleton,within_discovery,False,needs_human_review
1aa26c6023f697f1,CM_B_UM_060::0,CM_B_UM_060::3,CM_B_UM_060,CM_B_UM_060,masked_rendering_skeleton,within_discovery,False,needs_human_review
6dc8e54b1e87e359,CM_B_UM_060::1,CM_B_UM_060::2,CM_B_UM_060,CM_B_UM_060,masked_rendering_skeleton,within_discovery,False,needs_human_review
8125f134d3659269,CM_B_UM_060::1,CM_B_UM_060::3,CM_B_UM_060,CM_B_UM_060,masked_rendering_skeleton,within_discovery,False,needs_human_review
17e72090f4579b0e,CM_B_UM_060::2,CM_B_UM_060::3,CM_B_UM_060,CM_B_UM_060,masked_rendering_skeleton,within_discovery,False,needs_human_review
16c77d6b9acf37be,CM_B_UM_061::0,CM_B_UM_061::1,CM_B_UM_061,CM_B_UM_061,masked_rendering_skeleton,within_discovery,False,needs_human_review
d62cd2e3a93cbaec,CM_B_UM_061::0,CM_B_UM_061::2,CM_B_UM_061,CM_B_UM_061,masked_rendering_skeleton,within_discovery,False,needs_human_review
536363ede3879a43,CM_B_UM_061::0,CM_B_UM_061::3,CM_B_UM_061,CM_B_UM_061,masked_rendering_skeleton,within_discovery,False,needs_human_review
9265b280c5822be2,CM_B_UM_061::1,CM_B_UM_061::2,CM_B_UM_061,CM_B_UM_061,masked_rendering_skeleton,within_discovery,False,needs_human_review
484d7c4d0a028b9d,CM_B_UM_061::1,CM_B_UM_061::3,CM_B_UM_061,CM_B_UM_061,masked_rendering_skeleton,within_discovery,False,needs_human_review
fc297cbc2cb6b85a,CM_B_UM_061::2,CM_B_UM_061::3,CM_B_UM_061,CM_B_UM_061,masked_rendering_skeleton,within_discovery,False,needs_human_review
ec968941a948bc62,CM_B_UM_062::0,CM_B_UM_062::1,CM_B_UM_062,CM_B_UM_062,masked_rendering_skeleton,within_discovery,False,needs_human_review
b80eb2f17959c33b,CM_B_UM_062::0,CM_B_UM_062::2,CM_B_UM_062,CM_B_UM_062,masked_rendering_skeleton,within_discovery,False,needs_human_review
c4eeb490cb28b3eb,CM_B_UM_062::0,CM_B_UM_062::3,CM_B_UM_062,CM_B_UM_062,masked_rendering_skeleton,within_discovery,False,needs_human_review
91050447e1f3a373,CM_B_UM_062::1,CM_B_UM_062::2,CM_B_UM_062,CM_B_UM_062,masked_rendering_skeleton,within_discovery,False,needs_human_review
ab7cb3dcdae84a6e,CM_B_UM_062::1,CM_B_UM_062::3,CM_B_UM_062,CM_B_UM_062,masked_rendering_skeleton,within_discovery,False,needs_human_review
c4e7dae2e1a0961e,CM_B_UM_062::2,CM_B_UM_062::3,CM_B_UM_062,CM_B_UM_062,masked_rendering_skeleton,within_discovery,False,needs_human_review
4ff682523045a8e8,CM_B_UM_063::0,CM_B_UM_063::1,CM_B_UM_063,CM_B_UM_063,masked_rendering_skeleton,within_discovery,False,needs_human_review
07a33edbc5fc8f49,CM_B_UM_063::0,CM_B_UM_063::2,CM_B_UM_063,CM_B_UM_063,masked_rendering_skeleton,within_discovery,False,needs_human_review
341c32d19877f615,CM_B_UM_063::0,CM_B_UM_063::3,CM_B_UM_063,CM_B_UM_063,masked_rendering_skeleton,within_discovery,False,needs_human_review
4ea26d26f24055d0,CM_B_UM_063::1,CM_B_UM_063::2,CM_B_UM_063,CM_B_UM_063,masked_rendering_skeleton,within_discovery,False,needs_human_review
cc7b7f49265251fd,CM_B_UM_063::1,CM_B_UM_063::3,CM_B_UM_063,CM_B_UM_063,masked_rendering_skeleton,within_discovery,False,needs_human_review
6cfcd348044f4e0d,CM_B_UM_063::2,CM_B_UM_063::3,CM_B_UM_063,CM_B_UM_063,masked_rendering_skeleton,within_discovery,False,needs_human_review
3580cea5be03d401,CM_C_001::0,CM_C_001::1,CM_C_001,CM_C_001,lexical_similarity,within_discovery,False,needs_human_review
833ac87d54cd234c,CM_C_001::0,CM_C_001::2,CM_C_001,CM_C_001,lexical_similarity,within_discovery,False,needs_human_review
eea10ab7ba0c105e,CM_C_001::0,CM_C_001::3,CM_C_001,CM_C_001,lexical_similarity,within_discovery,False,needs_human_review
7aacc79cb93b8bd6,CM_C_001::1,CM_C_001::2,CM_C_001,CM_C_001,lexical_similarity,within_discovery,False,needs_human_review
cb3590f2ec601fcf,CM_C_001::1,CM_C_001::3,CM_C_001,CM_C_001,lexical_similarity,within_discovery,False,needs_human_review
486a351d85e25aeb,CM_C_001::2,CM_C_001::3,CM_C_001,CM_C_001,lexical_similarity,within_discovery,False,needs_human_review
ea025c7973edfef3,CM_C_002::0,CM_C_002::1,CM_C_002,CM_C_002,lexical_similarity,within_discovery,False,needs_human_review
b4d3b1c076cfd987,CM_C_002::0,CM_C_002::2,CM_C_002,CM_C_002,lexical_similarity,within_discovery,False,needs_human_review
c2477563bd5853b9,CM_C_002::0,CM_C_002::3,CM_C_002,CM_C_002,lexical_similarity,within_discovery,False,needs_human_review
23a17b9bad34f87c,CM_C_002::1,CM_C_002::2,CM_C_002,CM_C_002,lexical_similarity,within_discovery,False,needs_human_review
f8a85cea07531e76,CM_C_002::1,CM_C_002::3,CM_C_002,CM_C_002,lexical_similarity,within_discovery,False,needs_human_review
e222714018ffaa4a,CM_C_002::2,CM_C_002::3,CM_C_002,CM_C_002,lexical_similarity,within_discovery,False,needs_human_review
aaf088719693d7e4,CM_C_003::0,CM_C_003::1,CM_C_003,CM_C_003,lexical_similarity,within_discovery,False,needs_human_review
0ccc33a7ceccb91a,CM_C_003::0,CM_C_003::2,CM_C_003,CM_C_003,lexical_similarity,within_discovery,False,needs_human_review
c984771d2801119e,CM_C_003::0,CM_C_003::3,CM_C_003,CM_C_003,lexical_similarity,within_discovery,False,needs_human_review
5bdf044de4e9454c,CM_C_003::1,CM_C_003::2,CM_C_003,CM_C_003,lexical_similarity,within_discovery,False,needs_human_review
dca0cca59cf03893,CM_C_003::1,CM_C_003::3,CM_C_003,CM_C_003,lexical_similarity,within_discovery,False,needs_human_review
1a013caa09ccb79b,CM_C_003::2,CM_C_003::3,CM_C_003,CM_C_003,lexical_similarity,within_discovery,False,needs_human_review
f2f8fa88dd8732f7,CM_C_004::0,CM_C_004::1,CM_C_004,CM_C_004,lexical_similarity,within_discovery,False,needs_human_review
799251eecf374ae3,CM_C_004::0,CM_C_004::2,CM_C_004,CM_C_004,lexical_similarity,within_discovery,False,needs_human_review
8adfd383a8c898d4,CM_C_004::0,CM_C_004::3,CM_C_004,CM_C_004,lexical_similarity,within_discovery,False,needs_human_review
f5787a833a171ff6,CM_C_004::1,CM_C_004::2,CM_C_004,CM_C_004,lexical_similarity,within_discovery,False,needs_human_review
2d812cdaf933f965,CM_C_004::1,CM_C_004::3,CM_C_004,CM_C_004,lexical_similarity,within_discovery,False,needs_human_review
d674d98145dd8c19,CM_C_004::2,CM_C_004::3,CM_C_004,CM_C_004,lexical_similarity,within_discovery,False,needs_human_review
e5675666fb732138,CM_C_005::0,CM_C_005::1,CM_C_005,CM_C_005,lexical_similarity,within_discovery,False,needs_human_review
e48d72484787bf64,CM_C_005::0,CM_C_005::2,CM_C_005,CM_C_005,lexical_similarity,within_discovery,False,needs_human_review
91b2618735e05760,CM_C_005::0,CM_C_005::3,CM_C_005,CM_C_005,lexical_similarity,within_discovery,False,needs_human_review
c52cb81c1592d06b,CM_C_005::1,CM_C_005::2,CM_C_005,CM_C_005,lexical_similarity,within_discovery,False,needs_human_review
447784c77be51396,CM_C_005::1,CM_C_005::3,CM_C_005,CM_C_005,lexical_similarity,within_discovery,False,needs_human_review
678fd066dea2a357,CM_C_005::2,CM_C_005::3,CM_C_005,CM_C_005,lexical_similarity,within_discovery,False,needs_human_review
48b1100aa380f3fe,CM_C_006::0,CM_C_006::1,CM_C_006,CM_C_006,lexical_similarity,within_discovery,False,needs_human_review
328548a0af68222d,CM_C_006::0,CM_C_006::2,CM_C_006,CM_C_006,lexical_similarity,within_discovery,False,needs_human_review
2c8ad5b1fd99361f,CM_C_006::0,CM_C_006::3,CM_C_006,CM_C_006,lexical_similarity,within_discovery,False,needs_human_review
108f055e7b00b87d,CM_C_006::1,CM_C_006::2,CM_C_006,CM_C_006,lexical_similarity,within_discovery,False,needs_human_review
fc5b690b22ad50d2,CM_C_006::1,CM_C_006::3,CM_C_006,CM_C_006,lexical_similarity,within_discovery,False,needs_human_review
7c2648216c55db84,CM_C_006::2,CM_C_006::3,CM_C_006,CM_C_006,lexical_similarity,within_discovery,False,needs_human_review
8b5de55227acb310,CM_C_007::0,CM_C_007::1,CM_C_007,CM_C_007,lexical_similarity,within_discovery,False,needs_human_review
6bb6ed180d1eac58,CM_C_007::0,CM_C_007::2,CM_C_007,CM_C_007,lexical_similarity,within_discovery,False,needs_human_review
267d40cac1be6ecf,CM_C_007::0,CM_C_007::3,CM_C_007,CM_C_007,lexical_similarity,within_discovery,False,needs_human_review
8598ff3430e49e5b,CM_C_007::1,CM_C_007::2,CM_C_007,CM_C_007,lexical_similarity,within_discovery,False,needs_human_review
46720a9d952d82c0,CM_C_007::1,CM_C_007::3,CM_C_007,CM_C_007,lexical_similarity,within_discovery,False,needs_human_review
d841e04636ba73e4,CM_C_007::2,CM_C_007::3,CM_C_007,CM_C_007,lexical_similarity,within_discovery,False,needs_human_review
e97da6ee1fbcea07,CM_C_008::0,CM_C_008::1,CM_C_008,CM_C_008,lexical_similarity,within_discovery,False,needs_human_review
492bd370c7e298f7,CM_C_008::0,CM_C_008::2,CM_C_008,CM_C_008,lexical_similarity,within_discovery,False,needs_human_review
d1c49996a87fd148,CM_C_008::0,CM_C_008::3,CM_C_008,CM_C_008,lexical_similarity,within_discovery,False,needs_human_review
081e9a94c622aba8,CM_C_008::1,CM_C_008::2,CM_C_008,CM_C_008,lexical_similarity,within_discovery,False,needs_human_review
8881314ad06bc5bf,CM_C_008::1,CM_C_008::3,CM_C_008,CM_C_008,lexical_similarity,within_discovery,False,needs_human_review
d4390cf116386f5a,CM_C_008::2,CM_C_008::3,CM_C_008,CM_C_008,lexical_similarity,within_discovery,False,needs_human_review
3ce7f5b7d89540e0,CM_C_009::0,CM_C_009::1,CM_C_009,CM_C_009,lexical_similarity,within_discovery,False,needs_human_review
962cf432b7d5d207,CM_C_009::0,CM_C_009::2,CM_C_009,CM_C_009,lexical_similarity,within_discovery,False,needs_human_review
b3a975eb7f2a88f1,CM_C_009::0,CM_C_009::3,CM_C_009,CM_C_009,lexical_similarity,within_discovery,False,needs_human_review
a44da0c91365d66e,CM_C_009::1,CM_C_009::2,CM_C_009,CM_C_009,lexical_similarity,within_discovery,False,needs_human_review
0e932fe385415195,CM_C_009::1,CM_C_009::3,CM_C_009,CM_C_009,lexical_similarity,within_discovery,False,needs_human_review
47c90769995bec89,CM_C_009::2,CM_C_009::3,CM_C_009,CM_C_009,lexical_similarity,within_discovery,False,needs_human_review
2c18c5da53f13f1c,CM_C_010::0,CM_C_010::1,CM_C_010,CM_C_010,lexical_similarity,within_discovery,False,needs_human_review
2d30562324b378b7,CM_C_010::0,CM_C_010::2,CM_C_010,CM_C_010,lexical_similarity,within_discovery,False,needs_human_review
11a8a025a97ffde5,CM_C_010::0,CM_C_010::3,CM_C_010,CM_C_010,lexical_similarity,within_discovery,False,needs_human_review
ff3447f062ba2380,CM_C_010::1,CM_C_010::2,CM_C_010,CM_C_010,lexical_similarity,within_discovery,False,needs_human_review
23931bde2eb7a8ed,CM_C_010::1,CM_C_010::3,CM_C_010,CM_C_010,lexical_similarity,within_discovery,False,needs_human_review
5f083530b1ad1939,CM_C_010::2,CM_C_010::3,CM_C_010,CM_C_010,lexical_similarity,within_discovery,False,needs_human_review
354122d859787bff,CM_C_011::0,CM_C_011::1,CM_C_011,CM_C_011,lexical_similarity,within_discovery,False,needs_human_review
ec2998eaf718dcbd,CM_C_011::0,CM_C_011::2,CM_C_011,CM_C_011,lexical_similarity,within_discovery,False,needs_human_review
33df94e260cc483a,CM_C_011::0,CM_C_011::3,CM_C_011,CM_C_011,lexical_similarity,within_discovery,False,needs_human_review
76d0fd991d92cb15,CM_C_011::1,CM_C_011::2,CM_C_011,CM_C_011,lexical_similarity,within_discovery,False,needs_human_review
c4cb675d967ceb8f,CM_C_011::1,CM_C_011::3,CM_C_011,CM_C_011,lexical_similarity,within_discovery,False,needs_human_review
65885648e6eddd99,CM_C_011::2,CM_C_011::3,CM_C_011,CM_C_011,masked_rendering_skeleton,within_discovery,False,needs_human_review
6efac855842593f3,CM_C_012::0,CM_C_012::1,CM_C_012,CM_C_012,lexical_similarity,within_discovery,False,needs_human_review
cc6455c8fd4bfb99,CM_C_012::0,CM_C_012::2,CM_C_012,CM_C_012,lexical_similarity,within_discovery,False,needs_human_review
ec7c1544904aa513,CM_C_012::0,CM_C_012::3,CM_C_012,CM_C_012,lexical_similarity,within_discovery,False,needs_human_review
7abb718604981d62,CM_C_012::1,CM_C_012::2,CM_C_012,CM_C_012,lexical_similarity,within_discovery,False,needs_human_review
38387036aa70d20f,CM_C_012::1,CM_C_012::3,CM_C_012,CM_C_012,lexical_similarity,within_discovery,False,needs_human_review
8951400971874361,CM_C_012::2,CM_C_012::3,CM_C_012,CM_C_012,lexical_similarity,within_discovery,False,needs_human_review
1f43bfc573f55dc8,CM_C_013::0,CM_C_013::1,CM_C_013,CM_C_013,lexical_similarity,within_discovery,False,needs_human_review
a6eb13f66b117c87,CM_C_013::0,CM_C_013::2,CM_C_013,CM_C_013,lexical_similarity,within_discovery,False,needs_human_review
455830d6b84b5291,CM_C_013::0,CM_C_013::3,CM_C_013,CM_C_013,lexical_similarity,within_discovery,False,needs_human_review
2a6ec1029928b016,CM_C_013::1,CM_C_013::2,CM_C_013,CM_C_013,lexical_similarity,within_discovery,False,needs_human_review
849bcf1f890ddc4e,CM_C_013::1,CM_C_013::3,CM_C_013,CM_C_013,lexical_similarity,within_discovery,False,needs_human_review
030dad7bfa17fe13,CM_C_013::2,CM_C_013::3,CM_C_013,CM_C_013,lexical_similarity,within_discovery,False,needs_human_review
aae2bf0e55c80b12,CM_C_014::0,CM_C_014::1,CM_C_014,CM_C_014,lexical_similarity,within_discovery,False,needs_human_review
a341f57f673e90e0,CM_C_014::0,CM_C_014::2,CM_C_014,CM_C_014,lexical_similarity,within_discovery,False,needs_human_review
6378219f81e5f4d5,CM_C_014::0,CM_C_014::3,CM_C_014,CM_C_014,lexical_similarity,within_discovery,False,needs_human_review
0c7fb46db7bb577d,CM_C_014::1,CM_C_014::2,CM_C_014,CM_C_014,lexical_similarity,within_discovery,False,needs_human_review
f6d7fdb0190e2e8f,CM_C_014::1,CM_C_014::3,CM_C_014,CM_C_014,lexical_similarity,within_discovery,False,needs_human_review
2ccba39dad290f67,CM_C_014::2,CM_C_014::3,CM_C_014,CM_C_014,lexical_similarity,within_discovery,False,needs_human_review
fb9e95af9782e135,CM_C_015::0,CM_C_015::1,CM_C_015,CM_C_015,lexical_similarity,within_discovery,False,needs_human_review
0572853ee18b8c1f,CM_C_015::0,CM_C_015::2,CM_C_015,CM_C_015,lexical_similarity,within_discovery,False,needs_human_review
fcd4a8b2ec83be64,CM_C_015::0,CM_C_015::3,CM_C_015,CM_C_015,lexical_similarity,within_discovery,False,needs_human_review
10e3489d07369e2d,CM_C_015::2,CM_C_015::3,CM_C_015,CM_C_015,lexical_similarity,within_discovery,False,needs_human_review
83664bd54fe1ea78,EL_A_001::0,EL_A_001::1,EL_A_001,EL_A_001,lexical_similarity,within_discovery,False,needs_human_review
c8f294f876c8baaa,EL_A_001::0,EL_A_001::2,EL_A_001,EL_A_001,lexical_similarity,within_discovery,False,needs_human_review
5e02cbb1cd2f228a,EL_A_001::0,EL_A_001::3,EL_A_001,EL_A_001,lexical_similarity,within_discovery,False,needs_human_review
6d218a5b771c4f73,EL_A_001::1,EL_A_001::2,EL_A_001,EL_A_001,lexical_similarity,within_discovery,False,needs_human_review
524bdbc822655c29,EL_A_001::1,EL_A_001::3,EL_A_001,EL_A_001,lexical_similarity,within_discovery,False,needs_human_review
074ea3aa60fb48c9,EL_A_001::2,EL_A_001::3,EL_A_001,EL_A_001,lexical_similarity,within_discovery,False,needs_human_review
529df88bc1434d7e,EL_A_002::0,EL_A_002::1,EL_A_002,EL_A_002,lexical_similarity,within_discovery,False,needs_human_review
8f7f6d511457af59,EL_A_002::0,EL_A_002::2,EL_A_002,EL_A_002,lexical_similarity,within_discovery,False,needs_human_review
127341c7d7ebae4e,EL_A_002::0,EL_A_002::3,EL_A_002,EL_A_002,lexical_similarity,within_discovery,False,needs_human_review
0ab7851ad4295cba,EL_A_002::1,EL_A_002::2,EL_A_002,EL_A_002,lexical_similarity,within_discovery,False,needs_human_review
37ff8a41dffd1984,EL_A_002::1,EL_A_002::3,EL_A_002,EL_A_002,lexical_similarity,within_discovery,False,needs_human_review
a1d3835409da614e,EL_A_002::2,EL_A_002::3,EL_A_002,EL_A_002,lexical_similarity,within_discovery,False,needs_human_review
4d031e09d2eb7f41,EL_A_003::0,EL_A_003::1,EL_A_003,EL_A_003,lexical_similarity,within_discovery,False,needs_human_review
7547b6dbe478c515,EL_A_003::0,EL_A_003::2,EL_A_003,EL_A_003,lexical_similarity,within_discovery,False,needs_human_review
52e2821d96301b08,EL_A_003::0,EL_A_003::3,EL_A_003,EL_A_003,lexical_similarity,within_discovery,False,needs_human_review
87cf71c34bd32fcd,EL_A_003::1,EL_A_003::2,EL_A_003,EL_A_003,lexical_similarity,within_discovery,False,needs_human_review
5a2c9385bfd20d13,EL_A_003::1,EL_A_003::3,EL_A_003,EL_A_003,lexical_similarity,within_discovery,False,needs_human_review
730561ad8a2d2258,EL_A_003::2,EL_A_003::3,EL_A_003,EL_A_003,lexical_similarity,within_discovery,False,needs_human_review
99c2630502fd691c,EL_A_004::0,EL_A_004::1,EL_A_004,EL_A_004,masked_rendering_skeleton,within_discovery,False,needs_human_review
cd542b2ddd42021b,EL_A_004::0,EL_A_004::2,EL_A_004,EL_A_004,masked_rendering_skeleton,within_discovery,False,needs_human_review
c7beaf4421868e90,EL_A_004::0,EL_A_004::3,EL_A_004,EL_A_004,masked_rendering_skeleton,within_discovery,False,needs_human_review
2e29574b594a0740,EL_A_004::1,EL_A_004::2,EL_A_004,EL_A_004,masked_rendering_skeleton,within_discovery,False,needs_human_review
c0a3a9f15ea0fa43,EL_A_004::1,EL_A_004::3,EL_A_004,EL_A_004,masked_rendering_skeleton,within_discovery,False,needs_human_review
363997afbd9bfb4e,EL_A_004::2,EL_A_004::3,EL_A_004,EL_A_004,masked_rendering_skeleton,within_discovery,False,needs_human_review
00bbca533fd22918,EL_A_005::0,EL_A_005::1,EL_A_005,EL_A_005,lexical_similarity,within_discovery,False,needs_human_review
4d36ed2956e291e4,EL_A_005::0,EL_A_005::2,EL_A_005,EL_A_005,lexical_similarity,within_discovery,False,needs_human_review
abf6719ade123035,EL_A_005::0,EL_A_005::3,EL_A_005,EL_A_005,lexical_similarity,within_discovery,False,needs_human_review
7d8cb9b13ac6c239,EL_A_005::1,EL_A_005::2,EL_A_005,EL_A_005,lexical_similarity,within_discovery,False,needs_human_review
3fbc1c5244723b35,EL_A_005::1,EL_A_005::3,EL_A_005,EL_A_005,lexical_similarity,within_discovery,False,needs_human_review
dd78af8895d3c3ad,EL_A_005::2,EL_A_005::3,EL_A_005,EL_A_005,lexical_similarity,within_discovery,False,needs_human_review
c4cdd45e1d924053,EL_B_001::0,EL_B_001::1,EL_B_001,EL_B_001,masked_rendering_skeleton,within_discovery,False,needs_human_review
e540cdb8be9c8c5e,EL_B_001::0,EL_B_001::2,EL_B_001,EL_B_001,masked_rendering_skeleton,within_discovery,False,needs_human_review
88d68e2987723654,EL_B_001::0,EL_B_001::3,EL_B_001,EL_B_001,masked_rendering_skeleton,within_discovery,False,needs_human_review
50e568518243b2f5,EL_B_001::1,EL_B_001::2,EL_B_001,EL_B_001,masked_rendering_skeleton,within_discovery,False,needs_human_review
b44a53bd891c8a29,EL_B_001::1,EL_B_001::3,EL_B_001,EL_B_001,masked_rendering_skeleton,within_discovery,False,needs_human_review
9848d8562042bdf5,EL_B_001::2,EL_B_001::3,EL_B_001,EL_B_001,masked_rendering_skeleton,within_discovery,False,needs_human_review
6b450d71a7d5cc8d,EL_B_002::0,EL_B_002::1,EL_B_002,EL_B_002,masked_rendering_skeleton,within_discovery,False,needs_human_review
ae58986b859c320d,EL_B_002::0,EL_B_002::2,EL_B_002,EL_B_002,masked_rendering_skeleton,within_discovery,False,needs_human_review
aad393cc4894abd5,EL_B_002::0,EL_B_002::3,EL_B_002,EL_B_002,masked_rendering_skeleton,within_discovery,False,needs_human_review
183cab55a16add13,EL_B_002::1,EL_B_002::2,EL_B_002,EL_B_002,masked_rendering_skeleton,within_discovery,False,needs_human_review
045b41b19d5bcf36,EL_B_002::1,EL_B_002::3,EL_B_002,EL_B_002,masked_rendering_skeleton,within_discovery,False,needs_human_review
f227d757482c8068,EL_B_002::2,EL_B_002::3,EL_B_002,EL_B_002,masked_rendering_skeleton,within_discovery,False,needs_human_review
2078f9a346850f99,EL_B_003::0,EL_B_003::1,EL_B_003,EL_B_003,masked_rendering_skeleton,within_discovery,False,needs_human_review
cb7f964b1c41676f,EL_B_003::0,EL_B_003::2,EL_B_003,EL_B_003,lexical_similarity,within_discovery,False,needs_human_review
b4627ff784f507cb,EL_B_003::0,EL_B_003::3,EL_B_003,EL_B_003,lexical_similarity,within_discovery,False,needs_human_review
ac30f9fb10bb28ad,EL_B_003::1,EL_B_003::2,EL_B_003,EL_B_003,lexical_similarity,within_discovery,False,needs_human_review
1fea3d46d831746c,EL_B_003::1,EL_B_003::3,EL_B_003,EL_B_003,lexical_similarity,within_discovery,False,needs_human_review
97b4e3c078b073b7,EL_B_003::2,EL_B_003::3,EL_B_003,EL_B_003,masked_rendering_skeleton,within_discovery,False,needs_human_review
7f37f3f6f25397a8,EL_B_004::0,EL_B_004::1,EL_B_004,EL_B_004,masked_rendering_skeleton,within_discovery,False,needs_human_review
edacbc603c304c29,EL_B_004::0,EL_B_004::2,EL_B_004,EL_B_004,masked_rendering_skeleton,within_discovery,False,needs_human_review
ddcac88aeba72eb0,EL_B_004::0,EL_B_004::3,EL_B_004,EL_B_004,masked_rendering_skeleton,within_discovery,False,needs_human_review
01c9b47e1b4552fc,EL_B_004::1,EL_B_004::2,EL_B_004,EL_B_004,masked_rendering_skeleton,within_discovery,False,needs_human_review
8677479f82c17b4c,EL_B_004::1,EL_B_004::3,EL_B_004,EL_B_004,masked_rendering_skeleton,within_discovery,False,needs_human_review
81b3ad50c3aa72c2,EL_B_004::2,EL_B_004::3,EL_B_004,EL_B_004,masked_rendering_skeleton,within_discovery,False,needs_human_review
eb679f829cd25b67,EL_B_005::0,EL_B_005::1,EL_B_005,EL_B_005,masked_rendering_skeleton,within_discovery,False,needs_human_review
9fe7e3b8fb182214,EL_B_005::0,EL_B_005::2,EL_B_005,EL_B_005,lexical_similarity,within_discovery,False,needs_human_review
f3d427f56e72be33,EL_B_005::0,EL_B_005::3,EL_B_005,EL_B_005,lexical_similarity,within_discovery,False,needs_human_review
d9c3cc62ff4ade9b,EL_B_005::1,EL_B_005::2,EL_B_005,EL_B_005,lexical_similarity,within_discovery,False,needs_human_review
3746f816ef9b6f33,EL_B_005::1,EL_B_005::3,EL_B_005,EL_B_005,lexical_similarity,within_discovery,False,needs_human_review
c74c33b278826e5a,EL_B_005::2,EL_B_005::3,EL_B_005,EL_B_005,masked_rendering_skeleton,within_discovery,False,needs_human_review
2cdeb25049c1a0be,TH_B_UM_001::0,TH_B_UM_001::1,TH_B_UM_001,TH_B_UM_001,masked_rendering_skeleton,within_discovery,False,needs_human_review
2460b6759db6c9fd,TH_B_UM_001::0,TH_B_UM_001::2,TH_B_UM_001,TH_B_UM_001,masked_rendering_skeleton,within_discovery,False,needs_human_review
2187cccbceceb7d9,TH_B_UM_001::0,TH_B_UM_001::3,TH_B_UM_001,TH_B_UM_001,masked_rendering_skeleton,within_discovery,False,needs_human_review
dafbd3ea62436836,TH_B_UM_001::1,TH_B_UM_001::2,TH_B_UM_001,TH_B_UM_001,masked_rendering_skeleton,within_discovery,False,needs_human_review
5c52ed63ed830f39,TH_B_UM_001::1,TH_B_UM_001::3,TH_B_UM_001,TH_B_UM_001,masked_rendering_skeleton,within_discovery,False,needs_human_review
397c6ad1c31fa85b,TH_B_UM_001::2,TH_B_UM_001::3,TH_B_UM_001,TH_B_UM_001,masked_rendering_skeleton,within_discovery,False,needs_human_review
b94a0426e221f271,TH_B_UM_002::0,TH_B_UM_002::1,TH_B_UM_002,TH_B_UM_002,masked_rendering_skeleton,within_discovery,False,needs_human_review
f3d7a609d1c7cfdb,TH_B_UM_002::0,TH_B_UM_002::2,TH_B_UM_002,TH_B_UM_002,masked_rendering_skeleton,within_discovery,False,needs_human_review
58e7ae3984fa1a22,TH_B_UM_002::0,TH_B_UM_002::3,TH_B_UM_002,TH_B_UM_002,masked_rendering_skeleton,within_discovery,False,needs_human_review
c4a0f551ffba18b7,TH_B_UM_002::1,TH_B_UM_002::2,TH_B_UM_002,TH_B_UM_002,masked_rendering_skeleton,within_discovery,False,needs_human_review
649994147c350572,TH_B_UM_002::1,TH_B_UM_002::3,TH_B_UM_002,TH_B_UM_002,masked_rendering_skeleton,within_discovery,False,needs_human_review
b48f2ee5ed2a62de,TH_B_UM_002::2,TH_B_UM_002::3,TH_B_UM_002,TH_B_UM_002,masked_rendering_skeleton,within_discovery,False,needs_human_review
65d06ba02f4928e3,TH_B_UM_003::0,TH_B_UM_003::1,TH_B_UM_003,TH_B_UM_003,masked_rendering_skeleton,within_discovery,False,needs_human_review
51ca359f9c5dc808,TH_B_UM_003::0,TH_B_UM_003::2,TH_B_UM_003,TH_B_UM_003,masked_rendering_skeleton,within_discovery,False,needs_human_review
9c1d0e7af9fbc15b,TH_B_UM_003::0,TH_B_UM_003::3,TH_B_UM_003,TH_B_UM_003,masked_rendering_skeleton,within_discovery,False,needs_human_review
aa03769ad8371a62,TH_B_UM_003::1,TH_B_UM_003::2,TH_B_UM_003,TH_B_UM_003,masked_rendering_skeleton,within_discovery,False,needs_human_review
de9d3e65e7e96cdf,TH_B_UM_003::1,TH_B_UM_003::3,TH_B_UM_003,TH_B_UM_003,masked_rendering_skeleton,within_discovery,False,needs_human_review
6477049fb13257c1,TH_B_UM_003::2,TH_B_UM_003::3,TH_B_UM_003,TH_B_UM_003,masked_rendering_skeleton,within_discovery,False,needs_human_review
2ee062e723a62b0b,TH_B_UM_004::0,TH_B_UM_004::1,TH_B_UM_004,TH_B_UM_004,masked_rendering_skeleton,within_discovery,False,needs_human_review
ca0a58e882581acd,TH_B_UM_004::0,TH_B_UM_004::2,TH_B_UM_004,TH_B_UM_004,masked_rendering_skeleton,within_discovery,False,needs_human_review
2968c987f80953c6,TH_B_UM_004::0,TH_B_UM_004::3,TH_B_UM_004,TH_B_UM_004,masked_rendering_skeleton,within_discovery,False,needs_human_review
edaa702d10b6e20b,TH_B_UM_004::1,TH_B_UM_004::2,TH_B_UM_004,TH_B_UM_004,masked_rendering_skeleton,within_discovery,False,needs_human_review
109d08a0e0af2e9f,TH_B_UM_004::1,TH_B_UM_004::3,TH_B_UM_004,TH_B_UM_004,masked_rendering_skeleton,within_discovery,False,needs_human_review
c3a1157e579b2f8b,TH_B_UM_004::2,TH_B_UM_004::3,TH_B_UM_004,TH_B_UM_004,masked_rendering_skeleton,within_discovery,False,needs_human_review
f49888c18c6f5a95,TH_B_UM_005::0,TH_B_UM_005::1,TH_B_UM_005,TH_B_UM_005,masked_rendering_skeleton,within_discovery,False,needs_human_review
400a5dbf898b6df6,TH_B_UM_005::0,TH_B_UM_005::2,TH_B_UM_005,TH_B_UM_005,masked_rendering_skeleton,within_discovery,False,needs_human_review
2f3bc7fc75634d7b,TH_B_UM_005::0,TH_B_UM_005::3,TH_B_UM_005,TH_B_UM_005,masked_rendering_skeleton,within_discovery,False,needs_human_review
6faaedd3b35c5ec1,TH_B_UM_005::1,TH_B_UM_005::2,TH_B_UM_005,TH_B_UM_005,masked_rendering_skeleton,within_discovery,False,needs_human_review
9fd0c0dd1693564f,TH_B_UM_005::1,TH_B_UM_005::3,TH_B_UM_005,TH_B_UM_005,masked_rendering_skeleton,within_discovery,False,needs_human_review
adb1b895180e384a,TH_B_UM_005::2,TH_B_UM_005::3,TH_B_UM_005,TH_B_UM_005,masked_rendering_skeleton,within_discovery,False,needs_human_review
13c4c50edbcd3967,TH_B_UM_006::0,TH_B_UM_006::1,TH_B_UM_006,TH_B_UM_006,masked_rendering_skeleton,within_discovery,False,needs_human_review
45ecfc22bd72a707,TH_B_UM_006::0,TH_B_UM_006::2,TH_B_UM_006,TH_B_UM_006,masked_rendering_skeleton,within_discovery,False,needs_human_review
4d8f93f78ef396b2,TH_B_UM_006::0,TH_B_UM_006::3,TH_B_UM_006,TH_B_UM_006,masked_rendering_skeleton,within_discovery,False,needs_human_review
5cc643faa1f25ea0,TH_B_UM_006::0,TH_B_UM_007::0,TH_B_UM_006,TH_B_UM_007,masked_rendering_skeleton,within_discovery,False,needs_human_review
fac4467bce2bb02f,TH_B_UM_006::0,TH_B_UM_007::1,TH_B_UM_006,TH_B_UM_007,masked_rendering_skeleton,within_discovery,False,needs_human_review
de048c80de6fd7a1,TH_B_UM_006::0,TH_B_UM_007::2,TH_B_UM_006,TH_B_UM_007,masked_rendering_skeleton,within_discovery,False,needs_human_review
c8aecde6684a4918,TH_B_UM_006::0,TH_B_UM_007::3,TH_B_UM_006,TH_B_UM_007,masked_rendering_skeleton,within_discovery,False,needs_human_review
991f3a9622b8f508,TH_B_UM_006::0,TH_B_UM_008::0,TH_B_UM_006,TH_B_UM_008,masked_rendering_skeleton,within_discovery,False,needs_human_review
f136687f7612c082,TH_B_UM_006::0,TH_B_UM_008::1,TH_B_UM_006,TH_B_UM_008,masked_rendering_skeleton,within_discovery,False,needs_human_review
471ff4e6158d5c35,TH_B_UM_006::0,TH_B_UM_008::2,TH_B_UM_006,TH_B_UM_008,masked_rendering_skeleton,within_discovery,False,needs_human_review
ac945d6371a36522,TH_B_UM_006::0,TH_B_UM_008::3,TH_B_UM_006,TH_B_UM_008,masked_rendering_skeleton,within_discovery,False,needs_human_review
344a47696a9e3755,TH_B_UM_006::1,TH_B_UM_006::2,TH_B_UM_006,TH_B_UM_006,masked_rendering_skeleton,within_discovery,False,needs_human_review
c6ed9cf131f90589,TH_B_UM_006::1,TH_B_UM_006::3,TH_B_UM_006,TH_B_UM_006,masked_rendering_skeleton,within_discovery,False,needs_human_review
c25be5d5dc45efad,TH_B_UM_006::1,TH_B_UM_007::0,TH_B_UM_006,TH_B_UM_007,masked_rendering_skeleton,within_discovery,False,needs_human_review
4b60fa3df3228c2d,TH_B_UM_006::1,TH_B_UM_007::1,TH_B_UM_006,TH_B_UM_007,masked_rendering_skeleton,within_discovery,False,needs_human_review
9bfe8d7913592620,TH_B_UM_006::1,TH_B_UM_007::2,TH_B_UM_006,TH_B_UM_007,masked_rendering_skeleton,within_discovery,False,needs_human_review
84a60c34122fc875,TH_B_UM_006::1,TH_B_UM_007::3,TH_B_UM_006,TH_B_UM_007,masked_rendering_skeleton,within_discovery,False,needs_human_review
879c113a4a2aee8c,TH_B_UM_006::1,TH_B_UM_008::0,TH_B_UM_006,TH_B_UM_008,masked_rendering_skeleton,within_discovery,False,needs_human_review
b4a5b487b5e1a8b8,TH_B_UM_006::1,TH_B_UM_008::1,TH_B_UM_006,TH_B_UM_008,masked_rendering_skeleton,within_discovery,False,needs_human_review
80eae850dfbe6598,TH_B_UM_006::1,TH_B_UM_008::2,TH_B_UM_006,TH_B_UM_008,masked_rendering_skeleton,within_discovery,False,needs_human_review
8c102d4e36d36fee,TH_B_UM_006::1,TH_B_UM_008::3,TH_B_UM_006,TH_B_UM_008,masked_rendering_skeleton,within_discovery,False,needs_human_review
4683b796ce014b6c,TH_B_UM_006::2,TH_B_UM_006::3,TH_B_UM_006,TH_B_UM_006,masked_rendering_skeleton,within_discovery,False,needs_human_review
21bb48a220689d79,TH_B_UM_006::2,TH_B_UM_007::0,TH_B_UM_006,TH_B_UM_007,masked_rendering_skeleton,within_discovery,False,needs_human_review
e82d03e89c302863,TH_B_UM_006::2,TH_B_UM_007::1,TH_B_UM_006,TH_B_UM_007,masked_rendering_skeleton,within_discovery,False,needs_human_review
350611726efd60be,TH_B_UM_006::2,TH_B_UM_007::2,TH_B_UM_006,TH_B_UM_007,masked_rendering_skeleton,within_discovery,False,needs_human_review
90adbb06af72191a,TH_B_UM_006::2,TH_B_UM_007::3,TH_B_UM_006,TH_B_UM_007,masked_rendering_skeleton,within_discovery,False,needs_human_review
52eb78aa72c10437,TH_B_UM_006::2,TH_B_UM_008::0,TH_B_UM_006,TH_B_UM_008,masked_rendering_skeleton,within_discovery,False,needs_human_review
6c62aea8e60139fc,TH_B_UM_006::2,TH_B_UM_008::1,TH_B_UM_006,TH_B_UM_008,masked_rendering_skeleton,within_discovery,False,needs_human_review
e2971143f8315785,TH_B_UM_006::2,TH_B_UM_008::2,TH_B_UM_006,TH_B_UM_008,masked_rendering_skeleton,within_discovery,False,needs_human_review
764186cf140f5034,TH_B_UM_006::2,TH_B_UM_008::3,TH_B_UM_006,TH_B_UM_008,masked_rendering_skeleton,within_discovery,False,needs_human_review
d3caaf026ded3414,TH_B_UM_006::3,TH_B_UM_007::0,TH_B_UM_006,TH_B_UM_007,masked_rendering_skeleton,within_discovery,False,needs_human_review
17703a68b59024e0,TH_B_UM_006::3,TH_B_UM_007::1,TH_B_UM_006,TH_B_UM_007,masked_rendering_skeleton,within_discovery,False,needs_human_review
e211ef0574721252,TH_B_UM_006::3,TH_B_UM_007::2,TH_B_UM_006,TH_B_UM_007,masked_rendering_skeleton,within_discovery,False,needs_human_review
52c834707b38e7ff,TH_B_UM_006::3,TH_B_UM_007::3,TH_B_UM_006,TH_B_UM_007,masked_rendering_skeleton,within_discovery,False,needs_human_review
f69b8f586140b7d8,TH_B_UM_006::3,TH_B_UM_008::0,TH_B_UM_006,TH_B_UM_008,masked_rendering_skeleton,within_discovery,False,needs_human_review
9004813497275f88,TH_B_UM_006::3,TH_B_UM_008::1,TH_B_UM_006,TH_B_UM_008,masked_rendering_skeleton,within_discovery,False,needs_human_review
64a30e16fde039e2,TH_B_UM_006::3,TH_B_UM_008::2,TH_B_UM_006,TH_B_UM_008,masked_rendering_skeleton,within_discovery,False,needs_human_review
9685ee9f89bfd292,TH_B_UM_006::3,TH_B_UM_008::3,TH_B_UM_006,TH_B_UM_008,masked_rendering_skeleton,within_discovery,False,needs_human_review
67cff0b2e99e7992,TH_B_UM_007::0,TH_B_UM_007::1,TH_B_UM_007,TH_B_UM_007,masked_rendering_skeleton,within_discovery,False,needs_human_review
77c72922de284681,TH_B_UM_007::0,TH_B_UM_007::2,TH_B_UM_007,TH_B_UM_007,masked_rendering_skeleton,within_discovery,False,needs_human_review
352a839837abc46e,TH_B_UM_007::0,TH_B_UM_007::3,TH_B_UM_007,TH_B_UM_007,masked_rendering_skeleton,within_discovery,False,needs_human_review
609c6de97411a6ec,TH_B_UM_007::0,TH_B_UM_008::0,TH_B_UM_007,TH_B_UM_008,masked_rendering_skeleton,within_discovery,False,needs_human_review
90ef5d3b4addf8e8,TH_B_UM_007::0,TH_B_UM_008::1,TH_B_UM_007,TH_B_UM_008,masked_rendering_skeleton,within_discovery,False,needs_human_review
d1cfa8e2ae045199,TH_B_UM_007::0,TH_B_UM_008::2,TH_B_UM_007,TH_B_UM_008,masked_rendering_skeleton,within_discovery,False,needs_human_review
ded9eec9d415c9db,TH_B_UM_007::0,TH_B_UM_008::3,TH_B_UM_007,TH_B_UM_008,masked_rendering_skeleton,within_discovery,False,needs_human_review
da24a4392eca949c,TH_B_UM_007::1,TH_B_UM_007::2,TH_B_UM_007,TH_B_UM_007,masked_rendering_skeleton,within_discovery,False,needs_human_review
a36803aae3899733,TH_B_UM_007::1,TH_B_UM_007::3,TH_B_UM_007,TH_B_UM_007,masked_rendering_skeleton,within_discovery,False,needs_human_review
109822301100d0d1,TH_B_UM_007::1,TH_B_UM_008::0,TH_B_UM_007,TH_B_UM_008,masked_rendering_skeleton,within_discovery,False,needs_human_review
6c3e03c1e5585fd0,TH_B_UM_007::1,TH_B_UM_008::1,TH_B_UM_007,TH_B_UM_008,masked_rendering_skeleton,within_discovery,False,needs_human_review
569cd696371c188f,TH_B_UM_007::1,TH_B_UM_008::2,TH_B_UM_007,TH_B_UM_008,masked_rendering_skeleton,within_discovery,False,needs_human_review
42526fbc80936542,TH_B_UM_007::1,TH_B_UM_008::3,TH_B_UM_007,TH_B_UM_008,masked_rendering_skeleton,within_discovery,False,needs_human_review
79ca79ff2c842a34,TH_B_UM_007::2,TH_B_UM_007::3,TH_B_UM_007,TH_B_UM_007,masked_rendering_skeleton,within_discovery,False,needs_human_review
f60bc6a84a5a4ab7,TH_B_UM_007::2,TH_B_UM_008::0,TH_B_UM_007,TH_B_UM_008,masked_rendering_skeleton,within_discovery,False,needs_human_review
42fb175b8e72b232,TH_B_UM_007::2,TH_B_UM_008::1,TH_B_UM_007,TH_B_UM_008,masked_rendering_skeleton,within_discovery,False,needs_human_review
b9f4104bdf1a44d3,TH_B_UM_007::2,TH_B_UM_008::2,TH_B_UM_007,TH_B_UM_008,masked_rendering_skeleton,within_discovery,False,needs_human_review
e69e32fbbf64c97b,TH_B_UM_007::2,TH_B_UM_008::3,TH_B_UM_007,TH_B_UM_008,masked_rendering_skeleton,within_discovery,False,needs_human_review
a4d73e6fae2af58e,TH_B_UM_007::3,TH_B_UM_008::0,TH_B_UM_007,TH_B_UM_008,masked_rendering_skeleton,within_discovery,False,needs_human_review
9fb9b49591f08420,TH_B_UM_007::3,TH_B_UM_008::1,TH_B_UM_007,TH_B_UM_008,masked_rendering_skeleton,within_discovery,False,needs_human_review
945794876ce0f436,TH_B_UM_007::3,TH_B_UM_008::2,TH_B_UM_007,TH_B_UM_008,masked_rendering_skeleton,within_discovery,False,needs_human_review
24a0405feb2b48f6,TH_B_UM_007::3,TH_B_UM_008::3,TH_B_UM_007,TH_B_UM_008,masked_rendering_skeleton,within_discovery,False,needs_human_review
9ff540b9f1ef9b58,TH_B_UM_008::0,TH_B_UM_008::1,TH_B_UM_008,TH_B_UM_008,masked_rendering_skeleton,within_discovery,False,needs_human_review
07412e6c0f1b4179,TH_B_UM_008::0,TH_B_UM_008::2,TH_B_UM_008,TH_B_UM_008,masked_rendering_skeleton,within_discovery,False,needs_human_review
5523e802ea636283,TH_B_UM_008::0,TH_B_UM_008::3,TH_B_UM_008,TH_B_UM_008,masked_rendering_skeleton,within_discovery,False,needs_human_review
b3629653a2928e60,TH_B_UM_008::1,TH_B_UM_008::2,TH_B_UM_008,TH_B_UM_008,masked_rendering_skeleton,within_discovery,False,needs_human_review
ebd9306821c6c45d,TH_B_UM_008::1,TH_B_UM_008::3,TH_B_UM_008,TH_B_UM_008,masked_rendering_skeleton,within_discovery,False,needs_human_review
7ca48d612b12335f,TH_B_UM_008::2,TH_B_UM_008::3,TH_B_UM_008,TH_B_UM_008,masked_rendering_skeleton,within_discovery,False,needs_human_review
50aea24e02bf8a05,TH_B_UM_009::0,TH_B_UM_009::1,TH_B_UM_009,TH_B_UM_009,masked_rendering_skeleton,within_discovery,False,needs_human_review
dfc4b66283b41517,TH_B_UM_009::0,TH_B_UM_009::2,TH_B_UM_009,TH_B_UM_009,masked_rendering_skeleton,within_discovery,False,needs_human_review
ae935c07b9fab399,TH_B_UM_009::0,TH_B_UM_009::3,TH_B_UM_009,TH_B_UM_009,masked_rendering_skeleton,within_discovery,False,needs_human_review
f653be37ccac1df7,TH_B_UM_009::0,TH_B_UM_010::0,TH_B_UM_009,TH_B_UM_010,masked_rendering_skeleton,within_discovery,False,needs_human_review
fa569e402a80e0c9,TH_B_UM_009::0,TH_B_UM_010::1,TH_B_UM_009,TH_B_UM_010,masked_rendering_skeleton,within_discovery,False,needs_human_review
7e13b1edeffafb8d,TH_B_UM_009::0,TH_B_UM_010::2,TH_B_UM_009,TH_B_UM_010,masked_rendering_skeleton,within_discovery,False,needs_human_review
4d27ccdad41b66f1,TH_B_UM_009::0,TH_B_UM_010::3,TH_B_UM_009,TH_B_UM_010,masked_rendering_skeleton,within_discovery,False,needs_human_review
57f2ef807932b56d,TH_B_UM_009::1,TH_B_UM_009::2,TH_B_UM_009,TH_B_UM_009,masked_rendering_skeleton,within_discovery,False,needs_human_review
7859e69dc359226a,TH_B_UM_009::1,TH_B_UM_009::3,TH_B_UM_009,TH_B_UM_009,masked_rendering_skeleton,within_discovery,False,needs_human_review
695fbcf8cb844117,TH_B_UM_009::1,TH_B_UM_010::0,TH_B_UM_009,TH_B_UM_010,masked_rendering_skeleton,within_discovery,False,needs_human_review
19112dbb49cb7777,TH_B_UM_009::1,TH_B_UM_010::1,TH_B_UM_009,TH_B_UM_010,masked_rendering_skeleton,within_discovery,False,needs_human_review
2d6563f7feb99e03,TH_B_UM_009::1,TH_B_UM_010::2,TH_B_UM_009,TH_B_UM_010,masked_rendering_skeleton,within_discovery,False,needs_human_review
f0159c5aec327773,TH_B_UM_009::1,TH_B_UM_010::3,TH_B_UM_009,TH_B_UM_010,masked_rendering_skeleton,within_discovery,False,needs_human_review
a1a508e15cb89b95,TH_B_UM_009::2,TH_B_UM_009::3,TH_B_UM_009,TH_B_UM_009,masked_rendering_skeleton,within_discovery,False,needs_human_review
55a453f705df2d15,TH_B_UM_009::2,TH_B_UM_010::0,TH_B_UM_009,TH_B_UM_010,masked_rendering_skeleton,within_discovery,False,needs_human_review
767a286afae1ba8c,TH_B_UM_009::2,TH_B_UM_010::1,TH_B_UM_009,TH_B_UM_010,masked_rendering_skeleton,within_discovery,False,needs_human_review
0c9e57c96f2d7eaf,TH_B_UM_009::2,TH_B_UM_010::2,TH_B_UM_009,TH_B_UM_010,masked_rendering_skeleton,within_discovery,False,needs_human_review
856e71a83008133e,TH_B_UM_009::2,TH_B_UM_010::3,TH_B_UM_009,TH_B_UM_010,masked_rendering_skeleton,within_discovery,False,needs_human_review
0adbc17eabbad0f4,TH_B_UM_009::3,TH_B_UM_010::0,TH_B_UM_009,TH_B_UM_010,masked_rendering_skeleton,within_discovery,False,needs_human_review
e24b554c2f51774a,TH_B_UM_009::3,TH_B_UM_010::1,TH_B_UM_009,TH_B_UM_010,masked_rendering_skeleton,within_discovery,False,needs_human_review
f3f3cd7d965eccdd,TH_B_UM_009::3,TH_B_UM_010::2,TH_B_UM_009,TH_B_UM_010,masked_rendering_skeleton,within_discovery,False,needs_human_review
6d13f6bb05b002f7,TH_B_UM_009::3,TH_B_UM_010::3,TH_B_UM_009,TH_B_UM_010,masked_rendering_skeleton,within_discovery,False,needs_human_review
4537f576d6a50c62,TH_B_UM_010::0,TH_B_UM_010::1,TH_B_UM_010,TH_B_UM_010,masked_rendering_skeleton,within_discovery,False,needs_human_review
8bb73d6b0d079b8c,TH_B_UM_010::0,TH_B_UM_010::2,TH_B_UM_010,TH_B_UM_010,masked_rendering_skeleton,within_discovery,False,needs_human_review
bf3ed88cd2405b2c,TH_B_UM_010::0,TH_B_UM_010::3,TH_B_UM_010,TH_B_UM_010,masked_rendering_skeleton,within_discovery,False,needs_human_review
0ead31229bbff3fb,TH_B_UM_010::1,TH_B_UM_010::2,TH_B_UM_010,TH_B_UM_010,masked_rendering_skeleton,within_discovery,False,needs_human_review
64858727438b5cf7,TH_B_UM_010::1,TH_B_UM_010::3,TH_B_UM_010,TH_B_UM_010,masked_rendering_skeleton,within_discovery,False,needs_human_review
e59300e3230a273d,TH_B_UM_010::2,TH_B_UM_010::3,TH_B_UM_010,TH_B_UM_010,masked_rendering_skeleton,within_discovery,False,needs_human_review
277ff4bd8307cee0,TH_B_UM_011::0,TH_B_UM_011::1,TH_B_UM_011,TH_B_UM_011,masked_rendering_skeleton,within_discovery,False,needs_human_review
275155ef27e855ce,TH_B_UM_011::0,TH_B_UM_011::2,TH_B_UM_011,TH_B_UM_011,masked_rendering_skeleton,within_discovery,False,needs_human_review
6ad400bc8a3d4144,TH_B_UM_011::0,TH_B_UM_011::3,TH_B_UM_011,TH_B_UM_011,masked_rendering_skeleton,within_discovery,False,needs_human_review
3227e019ba6d2852,TH_B_UM_011::1,TH_B_UM_011::2,TH_B_UM_011,TH_B_UM_011,masked_rendering_skeleton,within_discovery,False,needs_human_review
1c5041d8ae4b8426,TH_B_UM_011::1,TH_B_UM_011::3,TH_B_UM_011,TH_B_UM_011,masked_rendering_skeleton,within_discovery,False,needs_human_review
df3ed54674a93c74,TH_B_UM_011::2,TH_B_UM_011::3,TH_B_UM_011,TH_B_UM_011,masked_rendering_skeleton,within_discovery,False,needs_human_review
9b000b23d818fa46,TH_B_UM_012::0,TH_B_UM_012::1,TH_B_UM_012,TH_B_UM_012,masked_rendering_skeleton,within_discovery,False,needs_human_review
bfc6bf9e1ca429f0,TH_B_UM_012::0,TH_B_UM_012::2,TH_B_UM_012,TH_B_UM_012,masked_rendering_skeleton,within_discovery,False,needs_human_review
aa0767cec98ff959,TH_B_UM_012::0,TH_B_UM_012::3,TH_B_UM_012,TH_B_UM_012,masked_rendering_skeleton,within_discovery,False,needs_human_review
78b48711bcbce13c,TH_B_UM_012::1,TH_B_UM_012::2,TH_B_UM_012,TH_B_UM_012,masked_rendering_skeleton,within_discovery,False,needs_human_review
611b3162f31532d5,TH_B_UM_012::1,TH_B_UM_012::3,TH_B_UM_012,TH_B_UM_012,masked_rendering_skeleton,within_discovery,False,needs_human_review
8395b75c08733752,TH_B_UM_012::2,TH_B_UM_012::3,TH_B_UM_012,TH_B_UM_012,masked_rendering_skeleton,within_discovery,False,needs_human_review
4c1356ac184848b6,CM_B_UM_059_RENAME::0,CM_B_UM_059_RENAME::1,CM_B_UM_059,CM_B_UM_059,masked_rendering_skeleton,within_discovery,False,needs_human_review
70fd31fb9bb6d76e,CM_B_UM_059_RENAME::0,CM_B_UM_059_RENAME::2,CM_B_UM_059,CM_B_UM_059,masked_rendering_skeleton,within_discovery,False,needs_human_review
20a0200e2bcbdc89,CM_B_UM_059_RENAME::0,CM_B_UM_059_RENAME::3,CM_B_UM_059,CM_B_UM_059,masked_rendering_skeleton,within_discovery,False,needs_human_review
98f3f6d57331f392,CM_B_UM_059_RENAME::1,CM_B_UM_059_RENAME::2,CM_B_UM_059,CM_B_UM_059,masked_rendering_skeleton,within_discovery,False,needs_human_review
a0b4c2309a34b248,CM_B_UM_059_RENAME::1,CM_B_UM_059_RENAME::3,CM_B_UM_059,CM_B_UM_059,masked_rendering_skeleton,within_discovery,False,needs_human_review
0a54c4e7e9739ec7,CM_B_UM_059_RENAME::2,CM_B_UM_059_RENAME::3,CM_B_UM_059,CM_B_UM_059,masked_rendering_skeleton,within_discovery,False,needs_human_review
2bebf49886399d12,CM_B_UM_032_RENAME::0,CM_B_UM_032_RENAME::1,CM_B_UM_032,CM_B_UM_032,masked_rendering_skeleton,within_discovery,False,needs_human_review
108396ad1330fb65,CM_B_UM_032_RENAME::0,CM_B_UM_032_RENAME::2,CM_B_UM_032,CM_B_UM_032,masked_rendering_skeleton,within_discovery,False,needs_human_review
b8e758ac116f38e4,CM_B_UM_032_RENAME::0,CM_B_UM_032_RENAME::3,CM_B_UM_032,CM_B_UM_032,masked_rendering_skeleton,within_discovery,False,needs_human_review
0cfd38cc1997bcf3,CM_B_UM_032_RENAME::1,CM_B_UM_032_RENAME::2,CM_B_UM_032,CM_B_UM_032,masked_rendering_skeleton,within_discovery,False,needs_human_review
b367ed3c71944d92,CM_B_UM_032_RENAME::1,CM_B_UM_032_RENAME::3,CM_B_UM_032,CM_B_UM_032,masked_rendering_skeleton,within_discovery,False,needs_human_review
f14311896c28494e,CM_B_UM_032_RENAME::2,CM_B_UM_032_RENAME::3,CM_B_UM_032,CM_B_UM_032,masked_rendering_skeleton,within_discovery,False,needs_human_review
9757d65ebbf33169,CM_B_STD_006_RENAME::0,CM_B_STD_006_RENAME::1,CM_B_STD_006,CM_B_STD_006,masked_rendering_skeleton,within_discovery,False,needs_human_review
d7a24b05dd89bfac,CM_B_STD_006_RENAME::0,CM_B_STD_006_RENAME::2,CM_B_STD_006,CM_B_STD_006,masked_rendering_skeleton,within_discovery,False,needs_human_review
0e597f247b808b36,CM_B_STD_006_RENAME::0,CM_B_STD_006_RENAME::3,CM_B_STD_006,CM_B_STD_006,masked_rendering_skeleton,within_discovery,False,needs_human_review
b3c00a028e00751d,CM_B_STD_006_RENAME::1,CM_B_STD_006_RENAME::2,CM_B_STD_006,CM_B_STD_006,masked_rendering_skeleton,within_discovery,False,needs_human_review
12c33e1fe6c4daaf,CM_B_STD_006_RENAME::1,CM_B_STD_006_RENAME::3,CM_B_STD_006,CM_B_STD_006,masked_rendering_skeleton,within_discovery,False,needs_human_review
a8680709f87448db,CM_B_STD_006_RENAME::2,CM_B_STD_006_RENAME::3,CM_B_STD_006,CM_B_STD_006,masked_rendering_skeleton,within_discovery,False,needs_human_review
dcc28a2cc8e40776,CM_B_UM_055_RENAME::0,CM_B_UM_055_RENAME::1,CM_B_UM_055,CM_B_UM_055,masked_rendering_skeleton,within_discovery,False,needs_human_review
15c3e7600d25f096,CM_B_UM_055_RENAME::0,CM_B_UM_055_RENAME::2,CM_B_UM_055,CM_B_UM_055,masked_rendering_skeleton,within_discovery,False,needs_human_review
ae9232141740bd07,CM_B_UM_055_RENAME::0,CM_B_UM_055_RENAME::3,CM_B_UM_055,CM_B_UM_055,masked_rendering_skeleton,within_discovery,False,needs_human_review
a21fdc0c417dab0d,CM_B_UM_055_RENAME::0,CM_B_UM_052_RENAME::0,CM_B_UM_055,CM_B_UM_052,lexical_similarity,within_discovery,False,needs_human_review
f815c0401ff45c4a,CM_B_UM_055_RENAME::0,CM_B_UM_052_RENAME::1,CM_B_UM_055,CM_B_UM_052,lexical_similarity,within_discovery,False,needs_human_review
9b2a0f7307fa6e07,CM_B_UM_055_RENAME::0,CM_B_UM_052_RENAME::2,CM_B_UM_055,CM_B_UM_052,lexical_similarity,within_discovery,False,needs_human_review
77617608a58ed6c2,CM_B_UM_055_RENAME::0,CM_B_UM_052_RENAME::3,CM_B_UM_055,CM_B_UM_052,lexical_similarity,within_discovery,False,needs_human_review
c05f5f362d3afa50,CM_B_UM_055_RENAME::1,CM_B_UM_055_RENAME::2,CM_B_UM_055,CM_B_UM_055,masked_rendering_skeleton,within_discovery,False,needs_human_review
42b411f8f055b605,CM_B_UM_055_RENAME::1,CM_B_UM_055_RENAME::3,CM_B_UM_055,CM_B_UM_055,masked_rendering_skeleton,within_discovery,False,needs_human_review
8d40b3e18431c442,CM_B_UM_055_RENAME::1,CM_B_UM_052_RENAME::0,CM_B_UM_055,CM_B_UM_052,lexical_similarity,within_discovery,False,needs_human_review
2e04239db92678ef,CM_B_UM_055_RENAME::1,CM_B_UM_052_RENAME::1,CM_B_UM_055,CM_B_UM_052,lexical_similarity,within_discovery,False,needs_human_review
a28d23bc48866a16,CM_B_UM_055_RENAME::1,CM_B_UM_052_RENAME::2,CM_B_UM_055,CM_B_UM_052,lexical_similarity,within_discovery,False,needs_human_review
d72eef21d9ced8fe,CM_B_UM_055_RENAME::1,CM_B_UM_052_RENAME::3,CM_B_UM_055,CM_B_UM_052,lexical_similarity,within_discovery,False,needs_human_review
678dc463e21f9a77,CM_B_UM_055_RENAME::2,CM_B_UM_055_RENAME::3,CM_B_UM_055,CM_B_UM_055,masked_rendering_skeleton,within_discovery,False,needs_human_review
fd7954c195bd7744,CM_B_UM_055_RENAME::2,CM_B_UM_052_RENAME::0,CM_B_UM_055,CM_B_UM_052,lexical_similarity,within_discovery,False,needs_human_review
da65d542899383bf,CM_B_UM_055_RENAME::2,CM_B_UM_052_RENAME::1,CM_B_UM_055,CM_B_UM_052,lexical_similarity,within_discovery,False,needs_human_review
ed1a350a9e82e5e2,CM_B_UM_055_RENAME::2,CM_B_UM_052_RENAME::2,CM_B_UM_055,CM_B_UM_052,lexical_similarity,within_discovery,False,needs_human_review
fc5f7eda84f93615,CM_B_UM_055_RENAME::2,CM_B_UM_052_RENAME::3,CM_B_UM_055,CM_B_UM_052,lexical_similarity,within_discovery,False,needs_human_review
8288021ed91bdee9,CM_B_UM_055_RENAME::3,CM_B_UM_052_RENAME::0,CM_B_UM_055,CM_B_UM_052,lexical_similarity,within_discovery,False,needs_human_review
89c879e3c6c7764b,CM_B_UM_055_RENAME::3,CM_B_UM_052_RENAME::1,CM_B_UM_055,CM_B_UM_052,lexical_similarity,within_discovery,False,needs_human_review
b27321115633981a,CM_B_UM_055_RENAME::3,CM_B_UM_052_RENAME::2,CM_B_UM_055,CM_B_UM_052,lexical_similarity,within_discovery,False,needs_human_review
ecdd2ea52bc141d1,CM_B_UM_055_RENAME::3,CM_B_UM_052_RENAME::3,CM_B_UM_055,CM_B_UM_052,lexical_similarity,within_discovery,False,needs_human_review
d0274bd147ffc6b9,CM_B_STD_013_RENAME::0,CM_B_STD_013_RENAME::1,CM_B_STD_013,CM_B_STD_013,masked_rendering_skeleton,within_discovery,False,needs_human_review
41070afb57cd1325,CM_B_STD_013_RENAME::0,CM_B_STD_013_RENAME::2,CM_B_STD_013,CM_B_STD_013,masked_rendering_skeleton,within_discovery,False,needs_human_review
982f3b7b7106fcaf,CM_B_STD_013_RENAME::0,CM_B_STD_013_RENAME::3,CM_B_STD_013,CM_B_STD_013,masked_rendering_skeleton,within_discovery,False,needs_human_review
065bfbf108a3b73d,CM_B_STD_013_RENAME::1,CM_B_STD_013_RENAME::2,CM_B_STD_013,CM_B_STD_013,masked_rendering_skeleton,within_discovery,False,needs_human_review
07e34f944fed17b9,CM_B_STD_013_RENAME::1,CM_B_STD_013_RENAME::3,CM_B_STD_013,CM_B_STD_013,masked_rendering_skeleton,within_discovery,False,needs_human_review
5027675fdb4d4a53,CM_B_STD_013_RENAME::2,CM_B_STD_013_RENAME::3,CM_B_STD_013,CM_B_STD_013,masked_rendering_skeleton,within_discovery,False,needs_human_review
a4f558a5c249d66b,CM_B_UM_052_RENAME::0,CM_B_UM_052_RENAME::1,CM_B_UM_052,CM_B_UM_052,masked_rendering_skeleton,within_discovery,False,needs_human_review
56182b8fcab3e01b,CM_B_UM_052_RENAME::0,CM_B_UM_052_RENAME::2,CM_B_UM_052,CM_B_UM_052,masked_rendering_skeleton,within_discovery,False,needs_human_review
cf86e2ed123f0479,CM_B_UM_052_RENAME::0,CM_B_UM_052_RENAME::3,CM_B_UM_052,CM_B_UM_052,masked_rendering_skeleton,within_discovery,False,needs_human_review
bba0da4e35a6a866,CM_B_UM_052_RENAME::1,CM_B_UM_052_RENAME::2,CM_B_UM_052,CM_B_UM_052,masked_rendering_skeleton,within_discovery,False,needs_human_review
96b381a66e0a7d34,CM_B_UM_052_RENAME::1,CM_B_UM_052_RENAME::3,CM_B_UM_052,CM_B_UM_052,masked_rendering_skeleton,within_discovery,False,needs_human_review
bf47270f9a0ccf3c,CM_B_UM_052_RENAME::2,CM_B_UM_052_RENAME::3,CM_B_UM_052,CM_B_UM_052,masked_rendering_skeleton,within_discovery,False,needs_human_review
95d33ad4f125ee6d,CM_B_STD_010_RENAME::0,CM_B_STD_010_RENAME::1,CM_B_STD_010,CM_B_STD_010,masked_rendering_skeleton,within_discovery,False,needs_human_review
058d0d91605fd811,CM_B_STD_010_RENAME::0,CM_B_STD_010_RENAME::2,CM_B_STD_010,CM_B_STD_010,masked_rendering_skeleton,within_discovery,False,needs_human_review
4723eb25f9ed857f,CM_B_STD_010_RENAME::0,CM_B_STD_010_RENAME::3,CM_B_STD_010,CM_B_STD_010,masked_rendering_skeleton,within_discovery,False,needs_human_review
31c6d123f8640acb,CM_B_STD_010_RENAME::1,CM_B_STD_010_RENAME::2,CM_B_STD_010,CM_B_STD_010,masked_rendering_skeleton,within_discovery,False,needs_human_review
6a877e236f44df4d,CM_B_STD_010_RENAME::1,CM_B_STD_010_RENAME::3,CM_B_STD_010,CM_B_STD_010,masked_rendering_skeleton,within_discovery,False,needs_human_review
682c6b64b5b17247,CM_B_STD_010_RENAME::2,CM_B_STD_010_RENAME::3,CM_B_STD_010,CM_B_STD_010,masked_rendering_skeleton,within_discovery,False,needs_human_review
5d0ade821c0579d4,CM_B_STD_011_RENAME::0,CM_B_STD_011_RENAME::1,CM_B_STD_011,CM_B_STD_011,masked_rendering_skeleton,within_discovery,False,needs_human_review
1de9ec29b48fb24d,CM_B_STD_011_RENAME::0,CM_B_STD_011_RENAME::2,CM_B_STD_011,CM_B_STD_011,masked_rendering_skeleton,within_discovery,False,needs_human_review
4d252a813ff21ee8,CM_B_STD_011_RENAME::0,CM_B_STD_011_RENAME::3,CM_B_STD_011,CM_B_STD_011,masked_rendering_skeleton,within_discovery,False,needs_human_review
da20bca84f307784,CM_B_STD_011_RENAME::1,CM_B_STD_011_RENAME::2,CM_B_STD_011,CM_B_STD_011,masked_rendering_skeleton,within_discovery,False,needs_human_review
eea3f52902de0565,CM_B_STD_011_RENAME::1,CM_B_STD_011_RENAME::3,CM_B_STD_011,CM_B_STD_011,masked_rendering_skeleton,within_discovery,False,needs_human_review
9d2c41bd9787f0ed,CM_B_STD_011_RENAME::2,CM_B_STD_011_RENAME::3,CM_B_STD_011,CM_B_STD_011,masked_rendering_skeleton,within_discovery,False,needs_human_review
f0adcfc0ddb8e4bb,CM_B_UM_033_RENAME::0,CM_B_UM_033_RENAME::1,CM_B_UM_033,CM_B_UM_033,masked_rendering_skeleton,within_discovery,False,needs_human_review
8ba31559fa517acd,CM_B_UM_033_RENAME::0,CM_B_UM_033_RENAME::2,CM_B_UM_033,CM_B_UM_033,masked_rendering_skeleton,within_discovery,False,needs_human_review
21a37b7de1ffe40d,CM_B_UM_033_RENAME::0,CM_B_UM_033_RENAME::3,CM_B_UM_033,CM_B_UM_033,masked_rendering_skeleton,within_discovery,False,needs_human_review
6684517fd4ef3fcf,CM_B_UM_033_RENAME::1,CM_B_UM_033_RENAME::2,CM_B_UM_033,CM_B_UM_033,masked_rendering_skeleton,within_discovery,False,needs_human_review
c6a588681e51faa5,CM_B_UM_033_RENAME::1,CM_B_UM_033_RENAME::3,CM_B_UM_033,CM_B_UM_033,masked_rendering_skeleton,within_discovery,False,needs_human_review
fe8d50ffbf0d5afb,CM_B_UM_033_RENAME::2,CM_B_UM_033_RENAME::3,CM_B_UM_033,CM_B_UM_033,masked_rendering_skeleton,within_discovery,False,needs_human_review
8b01caf529f31285,CM_B_UM_009_RENAME::0,CM_B_UM_009_RENAME::1,CM_B_UM_009,CM_B_UM_009,masked_rendering_skeleton,within_discovery,False,needs_human_review
762bda1337e1d87e,CM_B_UM_009_RENAME::0,CM_B_UM_009_RENAME::2,CM_B_UM_009,CM_B_UM_009,masked_rendering_skeleton,within_discovery,False,needs_human_review
5395bf8896c3eafb,CM_B_UM_009_RENAME::0,CM_B_UM_009_RENAME::3,CM_B_UM_009,CM_B_UM_009,masked_rendering_skeleton,within_discovery,False,needs_human_review
b205face3ffea402,CM_B_UM_009_RENAME::1,CM_B_UM_009_RENAME::2,CM_B_UM_009,CM_B_UM_009,masked_rendering_skeleton,within_discovery,False,needs_human_review
060223af4acfe138,CM_B_UM_009_RENAME::1,CM_B_UM_009_RENAME::3,CM_B_UM_009,CM_B_UM_009,masked_rendering_skeleton,within_discovery,False,needs_human_review
596ab61a8ae099f4,CM_B_UM_009_RENAME::2,CM_B_UM_009_RENAME::3,CM_B_UM_009,CM_B_UM_009,masked_rendering_skeleton,within_discovery,False,needs_human_review
