family_a,family_b,variant_a,variant_b,relation,split_a,split_b,equation_a,equation_b,answer_a,answer_b
CM_A_001,CM_A_STD_001,0,0,cross_family_structural_candidate,original,original,v_0 + a * t,v_0 + a * t,11.0 m/s,12.0 m/s
CM_A_001,CM_A_STD_001,0,1,cross_family_structural_candidate,original,original,v_0 + a * t,v_0 + a * t,11.0 m/s,12.0 m/s
CM_A_001,CM_A_STD_001,0,2,cross_family_structural_candidate,original,original,v_0 + a * t,v_0 + a * t,11.0 m/s,12.0 m/s
CM_A_001,CM_A_STD_001,0,3,cross_family_structural_candidate,original,original,v_0 + a * t,v_0 + a * t,11.0 m/s,12.0 m/s
CM_A_001,CM_B_002,0,0,cross_family_structural_candidate,original,original,v_0 + a * t,v_0 + a * t,11.0 m/s,10.0 m/s
CM_A_001,CM_B_002,0,1,cross_family_structural_candidate,original,original,v_0 + a * t,v_0 + a * t,11.0 m/s,10.0 m/s
CM_A_001,CM_B_002,0,2,cross_family_structural_candidate,original,original,v_0 + a * t,v_0 + a * t,11.0 m/s,10.0 m/s
CM_A_001,CM_B_002,0,3,cross_family_structural_candidate,original,original,v_0 + a * t,v_0 + a * t,11.0 m/s,10.0 m/s
CM_A_001,CM_A_STD_001,1,0,cross_family_structural_candidate,original,original,v_0 + a * t,v_0 + a * t,11.0 m/s,12.0 m/s
CM_A_001,CM_A_STD_001,1,1,cross_family_structural_candidate,original,original,v_0 + a * t,v_0 + a * t,11.0 m/s,12.0 m/s
CM_A_001,CM_A_STD_001,1,2,cross_family_structural_candidate,original,original,v_0 + a * t,v_0 + a * t,11.0 m/s,12.0 m/s
CM_A_001,CM_A_STD_001,1,3,cross_family_structural_candidate,original,original,v_0 + a * t,v_0 + a * t,11.0 m/s,12.0 m/s
CM_A_001,CM_B_002,1,0,cross_family_structural_candidate,original,original,v_0 + a * t,v_0 + a * t,11.0 m/s,10.0 m/s
CM_A_001,CM_B_002,1,1,cross_family_structural_candidate,original,original,v_0 + a * t,v_0 + a * t,11.0 m/s,10.0 m/s
CM_A_001,CM_B_002,1,2,cross_family_structural_candidate,original,original,v_0 + a * t,v_0 + a * t,11.0 m/s,10.0 m/s
CM_A_001,CM_B_002,1,3,cross_family_structural_candidate,original,original,v_0 + a * t,v_0 + a * t,11.0 m/s,10.0 m/s
CM_A_001,CM_A_STD_001,2,0,cross_family_structural_candidate,original,original,v_0 + a * t,v_0 + a * t,11.0 m/s,12.0 m/s
CM_A_001,CM_A_STD_001,2,1,cross_family_structural_candidate,original,original,v_0 + a * t,v_0 + a * t,11.0 m/s,12.0 m/s
CM_A_001,CM_A_STD_001,2,2,cross_family_structural_candidate,original,original,v_0 + a * t,v_0 + a * t,11.0 m/s,12.0 m/s
CM_A_001,CM_A_STD_001,2,3,cross_family_structural_candidate,original,original,v_0 + a * t,v_0 + a * t,11.0 m/s,12.0 m/s
CM_A_001,CM_B_002,2,0,cross_family_structural_candidate,original,original,v_0 + a * t,v_0 + a * t,11.0 m/s,10.0 m/s
CM_A_001,CM_B_002,2,1,cross_family_structural_candidate,original,original,v_0 + a * t,v_0 + a * t,11.0 m/s,10.0 m/s
CM_A_001,CM_B_002,2,2,cross_family_structural_candidate,original,original,v_0 + a * t,v_0 + a * t,11.0 m/s,10.0 m/s
CM_A_001,CM_B_002,2,3,cross_family_structural_candidate,original,original,v_0 + a * t,v_0 + a * t,11.0 m/s,10.0 m/s
CM_A_001,CM_A_STD_001,3,0,cross_family_structural_candidate,original,original,v_0 + a * t,v_0 + a * t,11.0 m/s,12.0 m/s
CM_A_001,CM_A_STD_001,3,1,cross_family_structural_candidate,original,original,v_0 + a * t,v_0 + a * t,11.0 m/s,12.0 m/s
CM_A_001,CM_A_STD_001,3,2,cross_family_structural_candidate,original,original,v_0 + a * t,v_0 + a * t,11.0 m/s,12.0 m/s
CM_A_001,CM_A_STD_001,3,3,cross_family_structural_candidate,original,original,v_0 + a * t,v_0 + a * t,11.0 m/s,12.0 m/s
CM_A_001,CM_B_002,3,0,cross_family_structural_candidate,original,original,v_0 + a * t,v_0 + a * t,11.0 m/s,10.0 m/s
CM_A_001,CM_B_002,3,1,cross_family_structural_candidate,original,original,v_0 + a * t,v_0 + a * t,11.0 m/s,10.0 m/s
CM_A_001,CM_B_002,3,2,cross_family_structural_candidate,original,original,v_0 + a * t,v_0 + a * t,11.0 m/s,10.0 m/s
CM_A_001,CM_B_002,3,3,cross_family_structural_candidate,original,original,v_0 + a * t,v_0 + a * t,11.0 m/s,10.0 m/s
CM_A_002,CM_A_STD_002,0,0,cross_family_structural_candidate,original,original,v_0 * t + 0.5 * a * t**2,v_0 * t + 0.5 * a * t**2,14.0 m,18.0 m
CM_A_002,CM_A_STD_002,0,1,cross_family_structural_candidate,original,original,v_0 * t + 0.5 * a * t**2,v_0 * t + 0.5 * a * t**2,14.0 m,18.0 m
CM_A_002,CM_A_STD_002,0,2,cross_family_structural_candidate,original,original,v_0 * t + 0.5 * a * t**2,v_0 * t + 0.5 * a * t**2,14.0 m,18.0 m
CM_A_002,CM_A_STD_002,0,3,cross_family_structural_candidate,original,original,v_0 * t + 0.5 * a * t**2,v_0 * t + 0.5 * a * t**2,14.0 m,18.0 m
CM_A_002,CM_A_STD_002,1,0,cross_family_structural_candidate,original,original,v_0 * t + 0.5 * a * t**2,v_0 * t + 0.5 * a * t**2,14.0 m,18.0 m
CM_A_002,CM_A_STD_002,1,1,cross_family_structural_candidate,original,original,v_0 * t + 0.5 * a * t**2,v_0 * t + 0.5 * a * t**2,14.0 m,18.0 m
CM_A_002,CM_A_STD_002,1,2,cross_family_structural_candidate,original,original,v_0 * t + 0.5 * a * t**2,v_0 * t + 0.5 * a * t**2,14.0 m,18.0 m
CM_A_002,CM_A_STD_002,1,3,cross_family_structural_candidate,original,original,v_0 * t + 0.5 * a * t**2,v_0 * t + 0.5 * a * t**2,14.0 m,18.0 m
CM_A_002,CM_A_STD_002,2,0,cross_family_structural_candidate,original,original,v_0 * t + 0.5 * a * t**2,v_0 * t + 0.5 * a * t**2,14.0 m,18.0 m
CM_A_002,CM_A_STD_002,2,1,cross_family_structural_candidate,original,original,v_0 * t + 0.5 * a * t**2,v_0 * t + 0.5 * a * t**2,14.0 m,18.0 m
CM_A_002,CM_A_STD_002,2,2,cross_family_structural_candidate,original,original,v_0 * t + 0.5 * a * t**2,v_0 * t + 0.5 * a * t**2,14.0 m,18.0 m
CM_A_002,CM_A_STD_002,2,3,cross_family_structural_candidate,original,original,v_0 * t + 0.5 * a * t**2,v_0 * t + 0.5 * a * t**2,14.0 m,18.0 m
CM_A_002,CM_A_STD_002,3,0,cross_family_structural_candidate,original,original,v_0 * t + 0.5 * a * t**2,v_0 * t + 0.5 * a * t**2,14.0 m,18.0 m
CM_A_002,CM_A_STD_002,3,1,cross_family_structural_candidate,original,original,v_0 * t + 0.5 * a * t**2,v_0 * t + 0.5 * a * t**2,14.0 m,18.0 m
CM_A_002,CM_A_STD_002,3,2,cross_family_structural_candidate,original,original,v_0 * t + 0.5 * a * t**2,v_0 * t + 0.5 * a * t**2,14.0 m,18.0 m
CM_A_002,CM_A_STD_002,3,3,cross_family_structural_candidate,original,original,v_0 * t + 0.5 * a * t**2,v_0 * t + 0.5 * a * t**2,14.0 m,18.0 m
CM_A_003,CM_A_STD_003,0,0,cross_family_structural_candidate,original,original,0.5 * m * v**2,0.5 * m * v**2,24.0 J,36.0 J
CM_A_003,CM_A_STD_003,0,1,cross_family_structural_candidate,original,original,0.5 * m * v**2,0.5 * m * v**2,24.0 J,36.0 J
CM_A_003,CM_A_STD_003,0,2,cross_family_structural_candidate,original,original,0.5 * m * v**2,0.5 * m * v**2,24.0 J,36.0 J
CM_A_003,CM_A_STD_003,0,3,cross_family_structural_candidate,original,original,0.5 * m * v**2,0.5 * m * v**2,24.0 J,36.0 J
CM_A_003,CM_B_003,0,0,cross_family_structural_candidate,original,original,0.5 * m * v**2,0.5 * m * v**2,24.0 J,50.0 J
CM_A_003,CM_B_003,0,1,cross_family_structural_candidate,original,original,0.5 * m * v**2,0.5 * m * v**2,24.0 J,50.0 J
CM_A_003,CM_B_003,0,2,cross_family_structural_candidate,original,original,0.5 * m * v**2,0.5 * m * v**2,24.0 J,50.0 J
CM_A_003,CM_B_003,0,3,cross_family_structural_candidate,original,original,0.5 * m * v**2,0.5 * m * v**2,24.0 J,50.0 J
CM_A_003,CM_A_STD_003,1,0,cross_family_structural_candidate,original,original,0.5 * m * v**2,0.5 * m * v**2,24.0 J,36.0 J
CM_A_003,CM_A_STD_003,1,1,cross_family_structural_candidate,original,original,0.5 * m * v**2,0.5 * m * v**2,24.0 J,36.0 J
CM_A_003,CM_A_STD_003,1,2,cross_family_structural_candidate,original,original,0.5 * m * v**2,0.5 * m * v**2,24.0 J,36.0 J
CM_A_003,CM_A_STD_003,1,3,cross_family_structural_candidate,original,original,0.5 * m * v**2,0.5 * m * v**2,24.0 J,36.0 J
CM_A_003,CM_B_003,1,0,cross_family_structural_candidate,original,original,0.5 * m * v**2,0.5 * m * v**2,24.0 J,50.0 J
CM_A_003,CM_B_003,1,1,cross_family_structural_candidate,original,original,0.5 * m * v**2,0.5 * m * v**2,24.0 J,50.0 J
CM_A_003,CM_B_003,1,2,cross_family_structural_candidate,original,original,0.5 * m * v**2,0.5 * m * v**2,24.0 J,50.0 J
CM_A_003,CM_B_003,1,3,cross_family_structural_candidate,original,original,0.5 * m * v**2,0.5 * m * v**2,24.0 J,50.0 J
CM_A_003,CM_A_STD_003,2,0,cross_family_structural_candidate,original,original,0.5 * m * v**2,0.5 * m * v**2,24.0 J,36.0 J
CM_A_003,CM_A_STD_003,2,1,cross_family_structural_candidate,original,original,0.5 * m * v**2,0.5 * m * v**2,24.0 J,36.0 J
CM_A_003,CM_A_STD_003,2,2,cross_family_structural_candidate,original,original,0.5 * m * v**2,0.5 * m * v**2,24.0 J,36.0 J
CM_A_003,CM_A_STD_003,2,3,cross_family_structural_candidate,original,original,0.5 * m * v**2,0.5 * m * v**2,24.0 J,36.0 J
CM_A_003,CM_B_003,2,0,cross_family_structural_candidate,original,original,0.5 * m * v**2,0.5 * m * v**2,24.0 J,50.0 J
CM_A_003,CM_B_003,2,1,cross_family_structural_candidate,original,original,0.5 * m * v**2,0.5 * m * v**2,24.0 J,50.0 J
CM_A_003,CM_B_003,2,2,cross_family_structural_candidate,original,original,0.5 * m * v**2,0.5 * m * v**2,24.0 J,50.0 J
CM_A_003,CM_B_003,2,3,cross_family_structural_candidate,original,original,0.5 * m * v**2,0.5 * m * v**2,24.0 J,50.0 J
CM_A_003,CM_A_STD_003,3,0,cross_family_structural_candidate,original,original,0.5 * m * v**2,0.5 * m * v**2,24.0 J,36.0 J
CM_A_003,CM_A_STD_003,3,1,cross_family_structural_candidate,original,original,0.5 * m * v**2,0.5 * m * v**2,24.0 J,36.0 J
CM_A_003,CM_A_STD_003,3,2,cross_family_structural_candidate,original,original,0.5 * m * v**2,0.5 * m * v**2,24.0 J,36.0 J
CM_A_003,CM_A_STD_003,3,3,cross_family_structural_candidate,original,original,0.5 * m * v**2,0.5 * m * v**2,24.0 J,36.0 J
CM_A_003,CM_B_003,3,0,cross_family_structural_candidate,original,original,0.5 * m * v**2,0.5 * m * v**2,24.0 J,50.0 J
CM_A_003,CM_B_003,3,1,cross_family_structural_candidate,original,original,0.5 * m * v**2,0.5 * m * v**2,24.0 J,50.0 J
CM_A_003,CM_B_003,3,2,cross_family_structural_candidate,original,original,0.5 * m * v**2,0.5 * m * v**2,24.0 J,50.0 J
CM_A_003,CM_B_003,3,3,cross_family_structural_candidate,original,original,0.5 * m * v**2,0.5 * m * v**2,24.0 J,50.0 J
CM_A_004,CM_B_001,0,0,cross_family_structural_candidate,original,original,F_net / m,F_net / m_A,5.0 m/s^2,5.0 m/s^2
CM_A_004,CM_B_001,0,1,cross_family_structural_candidate,original,original,F_net / m,F_net / m_A,5.0 m/s^2,5.0 m/s^2
CM_A_004,CM_B_001,0,2,cross_family_structural_candidate,original,original,F_net / m,F_net / m_A,5.0 m/s^2,5.0 m/s^2
CM_A_004,CM_B_001,0,3,cross_family_structural_candidate,original,original,F_net / m,F_net / m_A,5.0 m/s^2,5.0 m/s^2
CM_A_004,CM_B_001,1,0,cross_family_structural_candidate,original,original,F_net / m,F_net / m_A,5.0 m/s^2,5.0 m/s^2
CM_A_004,CM_B_001,1,1,cross_family_structural_candidate,original,original,F_net / m,F_net / m_A,5.0 m/s^2,5.0 m/s^2
CM_A_004,CM_B_001,1,2,cross_family_structural_candidate,original,original,F_net / m,F_net / m_A,5.0 m/s^2,5.0 m/s^2
CM_A_004,CM_B_001,1,3,cross_family_structural_candidate,original,original,F_net / m,F_net / m_A,5.0 m/s^2,5.0 m/s^2
CM_A_004,CM_B_001,2,0,cross_family_structural_candidate,original,original,F_net / m,F_net / m_A,5.0 m/s^2,5.0 m/s^2
CM_A_004,CM_B_001,2,1,cross_family_structural_candidate,original,original,F_net / m,F_net / m_A,5.0 m/s^2,5.0 m/s^2
CM_A_004,CM_B_001,2,2,cross_family_structural_candidate,original,original,F_net / m,F_net / m_A,5.0 m/s^2,5.0 m/s^2
CM_A_004,CM_B_001,2,3,cross_family_structural_candidate,original,original,F_net / m,F_net / m_A,5.0 m/s^2,5.0 m/s^2
CM_A_004,CM_B_001,3,0,cross_family_structural_candidate,original,original,F_net / m,F_net / m_A,5.0 m/s^2,5.0 m/s^2
CM_A_004,CM_B_001,3,1,cross_family_structural_candidate,original,original,F_net / m,F_net / m_A,5.0 m/s^2,5.0 m/s^2
CM_A_004,CM_B_001,3,2,cross_family_structural_candidate,original,original,F_net / m,F_net / m_A,5.0 m/s^2,5.0 m/s^2
CM_A_004,CM_B_001,3,3,cross_family_structural_candidate,original,original,F_net / m,F_net / m_A,5.0 m/s^2,5.0 m/s^2
CM_A_005,CM_A_STD_007,0,0,cross_family_structural_candidate,original,original,m * g * h,m * g * h,98.0 J,98.0 J
CM_A_005,CM_A_STD_007,0,1,cross_family_structural_candidate,original,original,m * g * h,m * g * h,98.0 J,98.0 J
CM_A_005,CM_A_STD_007,0,2,cross_family_structural_candidate,original,original,m * g * h,m * g * h,98.0 J,98.0 J
CM_A_005,CM_A_STD_007,0,3,cross_family_structural_candidate,original,original,m * g * h,m * g * h,98.0 J,98.0 J
CM_A_005,CM_B_004,0,0,cross_family_structural_candidate,original,original,m * g * h,m * g * h,98.0 J,117.6 J
CM_A_005,CM_B_004,0,1,cross_family_structural_candidate,original,original,m * g * h,m * g * h,98.0 J,117.6 J
CM_A_005,CM_B_004,0,2,cross_family_structural_candidate,original,original,m * g * h,m * g * h,98.0 J,117.6 J
CM_A_005,CM_B_004,0,3,cross_family_structural_candidate,original,original,m * g * h,m * g * h,98.0 J,117.6 J
CM_A_005,CM_A_STD_007,1,0,cross_family_structural_candidate,original,original,m * g * h,m * g * h,98.0 J,98.0 J
CM_A_005,CM_A_STD_007,1,1,cross_family_structural_candidate,original,original,m * g * h,m * g * h,98.0 J,98.0 J
CM_A_005,CM_A_STD_007,1,2,cross_family_structural_candidate,original,original,m * g * h,m * g * h,98.0 J,98.0 J
CM_A_005,CM_A_STD_007,1,3,cross_family_structural_candidate,original,original,m * g * h,m * g * h,98.0 J,98.0 J
CM_A_005,CM_B_004,1,0,cross_family_structural_candidate,original,original,m * g * h,m * g * h,98.0 J,117.6 J
CM_A_005,CM_B_004,1,1,cross_family_structural_candidate,original,original,m * g * h,m * g * h,98.0 J,117.6 J
CM_A_005,CM_B_004,1,2,cross_family_structural_candidate,original,original,m * g * h,m * g * h,98.0 J,117.6 J
CM_A_005,CM_B_004,1,3,cross_family_structural_candidate,original,original,m * g * h,m * g * h,98.0 J,117.6 J
CM_A_005,CM_A_STD_007,2,0,cross_family_structural_candidate,original,original,m * g * h,m * g * h,98.0 J,98.0 J
CM_A_005,CM_A_STD_007,2,1,cross_family_structural_candidate,original,original,m * g * h,m * g * h,98.0 J,98.0 J
CM_A_005,CM_A_STD_007,2,2,cross_family_structural_candidate,original,original,m * g * h,m * g * h,98.0 J,98.0 J
CM_A_005,CM_A_STD_007,2,3,cross_family_structural_candidate,original,original,m * g * h,m * g * h,98.0 J,98.0 J
CM_A_005,CM_B_004,2,0,cross_family_structural_candidate,original,original,m * g * h,m * g * h,98.0 J,117.6 J
CM_A_005,CM_B_004,2,1,cross_family_structural_candidate,original,original,m * g * h,m * g * h,98.0 J,117.6 J
CM_A_005,CM_B_004,2,2,cross_family_structural_candidate,original,original,m * g * h,m * g * h,98.0 J,117.6 J
CM_A_005,CM_B_004,2,3,cross_family_structural_candidate,original,original,m * g * h,m * g * h,98.0 J,117.6 J
CM_A_005,CM_A_STD_007,3,0,cross_family_structural_candidate,original,original,m * g * h,m * g * h,98.0 J,98.0 J
CM_A_005,CM_A_STD_007,3,1,cross_family_structural_candidate,original,original,m * g * h,m * g * h,98.0 J,98.0 J
CM_A_005,CM_A_STD_007,3,2,cross_family_structural_candidate,original,original,m * g * h,m * g * h,98.0 J,98.0 J
CM_A_005,CM_A_STD_007,3,3,cross_family_structural_candidate,original,original,m * g * h,m * g * h,98.0 J,98.0 J
CM_A_005,CM_B_004,3,0,cross_family_structural_candidate,original,original,m * g * h,m * g * h,98.0 J,117.6 J
CM_A_005,CM_B_004,3,1,cross_family_structural_candidate,original,original,m * g * h,m * g * h,98.0 J,117.6 J
CM_A_005,CM_B_004,3,2,cross_family_structural_candidate,original,original,m * g * h,m * g * h,98.0 J,117.6 J
CM_A_005,CM_B_004,3,3,cross_family_structural_candidate,original,original,m * g * h,m * g * h,98.0 J,117.6 J
CM_A_006,CM_A_STD_004,0,0,cross_family_structural_candidate,original,original,k * x,k * x,10.0 N,14.0 N
CM_A_006,CM_A_STD_004,0,1,cross_family_structural_candidate,original,original,k * x,k * x,10.0 N,14.0 N
CM_A_006,CM_A_STD_004,0,2,cross_family_structural_candidate,original,original,k * x,k * x,10.0 N,14.0 N
CM_A_006,CM_A_STD_004,0,3,cross_family_structural_candidate,original,original,k * x,k * x,10.0 N,14.0 N
CM_A_006,CM_B_005,0,0,cross_family_structural_candidate,original,original,k * x,k * x,10.0 N,12.0 N
CM_A_006,CM_B_005,0,1,cross_family_structural_candidate,original,original,k * x,k * x,10.0 N,12.0 N
CM_A_006,CM_B_005,0,2,cross_family_structural_candidate,original,original,k * x,k * x,10.0 N,12.0 N
CM_A_006,CM_B_005,0,3,cross_family_structural_candidate,original,original,k * x,k * x,10.0 N,12.0 N
CM_A_006,CM_B_UM_062,0,0,cross_family_structural_candidate,original,expansion,k * x,k * x,10.0 N,24.48 N
CM_A_006,CM_B_UM_062,0,1,cross_family_structural_candidate,original,expansion,k * x,k * x,10.0 N,24.48 N
CM_A_006,CM_B_UM_062,0,2,cross_family_structural_candidate,original,expansion,k * x,k * x,10.0 N,24.48 N
CM_A_006,CM_B_UM_062,0,3,cross_family_structural_candidate,original,expansion,k * x,k * x,10.0 N,24.48 N
CM_A_006,CM_A_STD_004,1,0,cross_family_structural_candidate,original,original,k * x,k * x,10.0 N,14.0 N
CM_A_006,CM_A_STD_004,1,1,cross_family_structural_candidate,original,original,k * x,k * x,10.0 N,14.0 N
CM_A_006,CM_A_STD_004,1,2,cross_family_structural_candidate,original,original,k * x,k * x,10.0 N,14.0 N
CM_A_006,CM_A_STD_004,1,3,cross_family_structural_candidate,original,original,k * x,k * x,10.0 N,14.0 N
CM_A_006,CM_B_005,1,0,cross_family_structural_candidate,original,original,k * x,k * x,10.0 N,12.0 N
CM_A_006,CM_B_005,1,1,cross_family_structural_candidate,original,original,k * x,k * x,10.0 N,12.0 N
CM_A_006,CM_B_005,1,2,cross_family_structural_candidate,original,original,k * x,k * x,10.0 N,12.0 N
CM_A_006,CM_B_005,1,3,cross_family_structural_candidate,original,original,k * x,k * x,10.0 N,12.0 N
CM_A_006,CM_B_UM_062,1,0,cross_family_structural_candidate,original,expansion,k * x,k * x,10.0 N,24.48 N
CM_A_006,CM_B_UM_062,1,1,cross_family_structural_candidate,original,expansion,k * x,k * x,10.0 N,24.48 N
CM_A_006,CM_B_UM_062,1,2,cross_family_structural_candidate,original,expansion,k * x,k * x,10.0 N,24.48 N
CM_A_006,CM_B_UM_062,1,3,cross_family_structural_candidate,original,expansion,k * x,k * x,10.0 N,24.48 N
CM_A_006,CM_A_STD_004,2,0,cross_family_structural_candidate,original,original,k * x,k * x,10.0 N,14.0 N
CM_A_006,CM_A_STD_004,2,1,cross_family_structural_candidate,original,original,k * x,k * x,10.0 N,14.0 N
CM_A_006,CM_A_STD_004,2,2,cross_family_structural_candidate,original,original,k * x,k * x,10.0 N,14.0 N
CM_A_006,CM_A_STD_004,2,3,cross_family_structural_candidate,original,original,k * x,k * x,10.0 N,14.0 N
CM_A_006,CM_B_005,2,0,cross_family_structural_candidate,original,original,k * x,k * x,10.0 N,12.0 N
CM_A_006,CM_B_005,2,1,cross_family_structural_candidate,original,original,k * x,k * x,10.0 N,12.0 N
CM_A_006,CM_B_005,2,2,cross_family_structural_candidate,original,original,k * x,k * x,10.0 N,12.0 N
CM_A_006,CM_B_005,2,3,cross_family_structural_candidate,original,original,k * x,k * x,10.0 N,12.0 N
CM_A_006,CM_B_UM_062,2,0,cross_family_structural_candidate,original,expansion,k * x,k * x,10.0 N,24.48 N
CM_A_006,CM_B_UM_062,2,1,cross_family_structural_candidate,original,expansion,k * x,k * x,10.0 N,24.48 N
CM_A_006,CM_B_UM_062,2,2,cross_family_structural_candidate,original,expansion,k * x,k * x,10.0 N,24.48 N
CM_A_006,CM_B_UM_062,2,3,cross_family_structural_candidate,original,expansion,k * x,k * x,10.0 N,24.48 N
CM_A_006,CM_A_STD_004,3,0,cross_family_structural_candidate,original,original,k * x,k * x,10.0 N,14.0 N
CM_A_006,CM_A_STD_004,3,1,cross_family_structural_candidate,original,original,k * x,k * x,10.0 N,14.0 N
CM_A_006,CM_A_STD_004,3,2,cross_family_structural_candidate,original,original,k * x,k * x,10.0 N,14.0 N
CM_A_006,CM_A_STD_004,3,3,cross_family_structural_candidate,original,original,k * x,k * x,10.0 N,14.0 N
CM_A_006,CM_B_005,3,0,cross_family_structural_candidate,original,original,k * x,k * x,10.0 N,12.0 N
CM_A_006,CM_B_005,3,1,cross_family_structural_candidate,original,original,k * x,k * x,10.0 N,12.0 N
CM_A_006,CM_B_005,3,2,cross_family_structural_candidate,original,original,k * x,k * x,10.0 N,12.0 N
CM_A_006,CM_B_005,3,3,cross_family_structural_candidate,original,original,k * x,k * x,10.0 N,12.0 N
CM_A_006,CM_B_UM_062,3,0,cross_family_structural_candidate,original,expansion,k * x,k * x,10.0 N,24.48 N
CM_A_006,CM_B_UM_062,3,1,cross_family_structural_candidate,original,expansion,k * x,k * x,10.0 N,24.48 N
CM_A_006,CM_B_UM_062,3,2,cross_family_structural_candidate,original,expansion,k * x,k * x,10.0 N,24.48 N
CM_A_006,CM_B_UM_062,3,3,cross_family_structural_candidate,original,expansion,k * x,k * x,10.0 N,24.48 N
CM_A_007,CM_A_STD_005,0,0,cross_family_structural_candidate,original,original,m * v**2 / r,m * v**2 / r,3.0 N,18.0 N
CM_A_007,CM_A_STD_005,0,1,cross_family_structural_candidate,original,original,m * v**2 / r,m * v**2 / r,3.0 N,18.0 N
CM_A_007,CM_A_STD_005,0,2,cross_family_structural_candidate,original,original,m * v**2 / r,m * v**2 / r,3.0 N,18.0 N
CM_A_007,CM_A_STD_005,0,3,cross_family_structural_candidate,original,original,m * v**2 / r,m * v**2 / r,3.0 N,18.0 N
CM_A_007,CM_B_007,0,0,cross_family_structural_candidate,original,original,m * v**2 / r,m * v**2 / r,3.0 N,8.0 N
CM_A_007,CM_B_007,0,1,cross_family_structural_candidate,original,original,m * v**2 / r,m * v**2 / r,3.0 N,8.0 N
CM_A_007,CM_B_007,0,2,cross_family_structural_candidate,original,original,m * v**2 / r,m * v**2 / r,3.0 N,8.0 N
CM_A_007,CM_B_007,0,3,cross_family_structural_candidate,original,original,m * v**2 / r,m * v**2 / r,3.0 N,8.0 N
CM_A_007,CM_A_STD_005,1,0,cross_family_structural_candidate,original,original,m * v**2 / r,m * v**2 / r,3.0 N,18.0 N
CM_A_007,CM_A_STD_005,1,1,cross_family_structural_candidate,original,original,m * v**2 / r,m * v**2 / r,3.0 N,18.0 N
CM_A_007,CM_A_STD_005,1,2,cross_family_structural_candidate,original,original,m * v**2 / r,m * v**2 / r,3.0 N,18.0 N
CM_A_007,CM_A_STD_005,1,3,cross_family_structural_candidate,original,original,m * v**2 / r,m * v**2 / r,3.0 N,18.0 N
CM_A_007,CM_B_007,1,0,cross_family_structural_candidate,original,original,m * v**2 / r,m * v**2 / r,3.0 N,8.0 N
CM_A_007,CM_B_007,1,1,cross_family_structural_candidate,original,original,m * v**2 / r,m * v**2 / r,3.0 N,8.0 N
CM_A_007,CM_B_007,1,2,cross_family_structural_candidate,original,original,m * v**2 / r,m * v**2 / r,3.0 N,8.0 N
CM_A_007,CM_B_007,1,3,cross_family_structural_candidate,original,original,m * v**2 / r,m * v**2 / r,3.0 N,8.0 N
CM_A_007,CM_A_STD_005,2,0,cross_family_structural_candidate,original,original,m * v**2 / r,m * v**2 / r,3.0 N,18.0 N
CM_A_007,CM_A_STD_005,2,1,cross_family_structural_candidate,original,original,m * v**2 / r,m * v**2 / r,3.0 N,18.0 N
CM_A_007,CM_A_STD_005,2,2,cross_family_structural_candidate,original,original,m * v**2 / r,m * v**2 / r,3.0 N,18.0 N
CM_A_007,CM_A_STD_005,2,3,cross_family_structural_candidate,original,original,m * v**2 / r,m * v**2 / r,3.0 N,18.0 N
CM_A_007,CM_B_007,2,0,cross_family_structural_candidate,original,original,m * v**2 / r,m * v**2 / r,3.0 N,8.0 N
CM_A_007,CM_B_007,2,1,cross_family_structural_candidate,original,original,m * v**2 / r,m * v**2 / r,3.0 N,8.0 N
CM_A_007,CM_B_007,2,2,cross_family_structural_candidate,original,original,m * v**2 / r,m * v**2 / r,3.0 N,8.0 N
CM_A_007,CM_B_007,2,3,cross_family_structural_candidate,original,original,m * v**2 / r,m * v**2 / r,3.0 N,8.0 N
CM_A_007,CM_A_STD_005,3,0,cross_family_structural_candidate,original,original,m * v**2 / r,m * v**2 / r,3.0 N,18.0 N
CM_A_007,CM_A_STD_005,3,1,cross_family_structural_candidate,original,original,m * v**2 / r,m * v**2 / r,3.0 N,18.0 N
CM_A_007,CM_A_STD_005,3,2,cross_family_structural_candidate,original,original,m * v**2 / r,m * v**2 / r,3.0 N,18.0 N
CM_A_007,CM_A_STD_005,3,3,cross_family_structural_candidate,original,original,m * v**2 / r,m * v**2 / r,3.0 N,18.0 N
CM_A_007,CM_B_007,3,0,cross_family_structural_candidate,original,original,m * v**2 / r,m * v**2 / r,3.0 N,8.0 N
CM_A_007,CM_B_007,3,1,cross_family_structural_candidate,original,original,m * v**2 / r,m * v**2 / r,3.0 N,8.0 N
CM_A_007,CM_B_007,3,2,cross_family_structural_candidate,original,original,m * v**2 / r,m * v**2 / r,3.0 N,8.0 N
CM_A_007,CM_B_007,3,3,cross_family_structural_candidate,original,original,m * v**2 / r,m * v**2 / r,3.0 N,8.0 N
CM_A_008,CM_B_009,0,0,cross_family_structural_candidate,original,original,(m1 * v1 + m2 * v2) / (m1 + m2),(m1 * v1 + m2 * v2) / (m1 + m2),2.4 m/s,3.0 m/s
CM_A_008,CM_B_009,0,1,cross_family_structural_candidate,original,original,(m1 * v1 + m2 * v2) / (m1 + m2),(m1 * v1 + m2 * v2) / (m1 + m2),2.4 m/s,3.0 m/s
CM_A_008,CM_B_009,0,2,cross_family_structural_candidate,original,original,(m1 * v1 + m2 * v2) / (m1 + m2),(m1 * v1 + m2 * v2) / (m1 + m2),2.4 m/s,3.0 m/s
CM_A_008,CM_B_009,0,3,cross_family_structural_candidate,original,original,(m1 * v1 + m2 * v2) / (m1 + m2),(m1 * v1 + m2 * v2) / (m1 + m2),2.4 m/s,3.0 m/s
CM_A_008,CM_B_009,1,0,cross_family_structural_candidate,original,original,(m1 * v1 + m2 * v2) / (m1 + m2),(m1 * v1 + m2 * v2) / (m1 + m2),2.4 m/s,3.0 m/s
CM_A_008,CM_B_009,1,1,cross_family_structural_candidate,original,original,(m1 * v1 + m2 * v2) / (m1 + m2),(m1 * v1 + m2 * v2) / (m1 + m2),2.4 m/s,3.0 m/s
CM_A_008,CM_B_009,1,2,cross_family_structural_candidate,original,original,(m1 * v1 + m2 * v2) / (m1 + m2),(m1 * v1 + m2 * v2) / (m1 + m2),2.4 m/s,3.0 m/s
CM_A_008,CM_B_009,1,3,cross_family_structural_candidate,original,original,(m1 * v1 + m2 * v2) / (m1 + m2),(m1 * v1 + m2 * v2) / (m1 + m2),2.4 m/s,3.0 m/s
CM_A_008,CM_B_009,2,0,cross_family_structural_candidate,original,original,(m1 * v1 + m2 * v2) / (m1 + m2),(m1 * v1 + m2 * v2) / (m1 + m2),2.4 m/s,3.0 m/s
CM_A_008,CM_B_009,2,1,cross_family_structural_candidate,original,original,(m1 * v1 + m2 * v2) / (m1 + m2),(m1 * v1 + m2 * v2) / (m1 + m2),2.4 m/s,3.0 m/s
CM_A_008,CM_B_009,2,2,cross_family_structural_candidate,original,original,(m1 * v1 + m2 * v2) / (m1 + m2),(m1 * v1 + m2 * v2) / (m1 + m2),2.4 m/s,3.0 m/s
CM_A_008,CM_B_009,2,3,cross_family_structural_candidate,original,original,(m1 * v1 + m2 * v2) / (m1 + m2),(m1 * v1 + m2 * v2) / (m1 + m2),2.4 m/s,3.0 m/s
CM_A_008,CM_B_009,3,0,cross_family_structural_candidate,original,original,(m1 * v1 + m2 * v2) / (m1 + m2),(m1 * v1 + m2 * v2) / (m1 + m2),2.4 m/s,3.0 m/s
CM_A_008,CM_B_009,3,1,cross_family_structural_candidate,original,original,(m1 * v1 + m2 * v2) / (m1 + m2),(m1 * v1 + m2 * v2) / (m1 + m2),2.4 m/s,3.0 m/s
CM_A_008,CM_B_009,3,2,cross_family_structural_candidate,original,original,(m1 * v1 + m2 * v2) / (m1 + m2),(m1 * v1 + m2 * v2) / (m1 + m2),2.4 m/s,3.0 m/s
CM_A_008,CM_B_009,3,3,cross_family_structural_candidate,original,original,(m1 * v1 + m2 * v2) / (m1 + m2),(m1 * v1 + m2 * v2) / (m1 + m2),2.4 m/s,3.0 m/s
CM_A_009,CM_A_STD_009,0,0,cross_family_structural_candidate,original,original,r * F,r * F,10.0 N*m,12.0 N*m
CM_A_009,CM_A_STD_009,0,1,cross_family_structural_candidate,original,original,r * F,r * F,10.0 N*m,12.0 N*m
CM_A_009,CM_A_STD_009,0,2,cross_family_structural_candidate,original,original,r * F,r * F,10.0 N*m,12.0 N*m
CM_A_009,CM_A_STD_009,0,3,cross_family_structural_candidate,original,original,r * F,r * F,10.0 N*m,12.0 N*m
CM_A_009,CM_B_010,0,0,cross_family_structural_candidate,original,original,r * F,r * F,10.0 N*m,15.0 N*m
CM_A_009,CM_B_010,0,1,cross_family_structural_candidate,original,original,r * F,r * F,10.0 N*m,15.0 N*m
CM_A_009,CM_B_010,0,2,cross_family_structural_candidate,original,original,r * F,r * F,10.0 N*m,15.0 N*m
CM_A_009,CM_B_010,0,3,cross_family_structural_candidate,original,original,r * F,r * F,10.0 N*m,15.0 N*m
CM_A_009,CM_B_UM_029,0,0,cross_family_structural_candidate,original,original,r * F,r_A * F_A,10.0 N*m,10.0 N*m
CM_A_009,CM_B_UM_029,0,1,cross_family_structural_candidate,original,original,r * F,r_A * F_A,10.0 N*m,10.0 N*m
CM_A_009,CM_B_UM_029,0,2,cross_family_structural_candidate,original,original,r * F,r_A * F_A,10.0 N*m,10.0 N*m
CM_A_009,CM_B_UM_029,0,3,cross_family_structural_candidate,original,original,r * F,r_A * F_A,10.0 N*m,10.0 N*m
CM_A_009,CM_B_UM_031,0,0,cross_family_structural_candidate,original,original,r * F,r_A * F_A,10.0 N*m,10.0 N*m
CM_A_009,CM_B_UM_031,0,1,cross_family_structural_candidate,original,original,r * F,r_A * F_A,10.0 N*m,10.0 N*m
CM_A_009,CM_B_UM_031,0,2,cross_family_structural_candidate,original,original,r * F,r_A * F_A,10.0 N*m,10.0 N*m
CM_A_009,CM_B_UM_031,0,3,cross_family_structural_candidate,original,original,r * F,r_A * F_A,10.0 N*m,10.0 N*m
CM_A_009,CM_B_UM_061,0,0,cross_family_structural_candidate,original,expansion,r * F,r * F,10.0 N*m,6.928 N*m
CM_A_009,CM_B_UM_061,0,1,cross_family_structural_candidate,original,expansion,r * F,r * F,10.0 N*m,6.928 N*m
CM_A_009,CM_B_UM_061,0,2,cross_family_structural_candidate,original,expansion,r * F,r * F,10.0 N*m,6.928 N*m
CM_A_009,CM_B_UM_061,0,3,cross_family_structural_candidate,original,expansion,r * F,r * F,10.0 N*m,6.928 N*m
CM_A_009,CM_A_STD_009,1,0,cross_family_structural_candidate,original,original,r * F,r * F,10.0 N*m,12.0 N*m
CM_A_009,CM_A_STD_009,1,1,cross_family_structural_candidate,original,original,r * F,r * F,10.0 N*m,12.0 N*m
CM_A_009,CM_A_STD_009,1,2,cross_family_structural_candidate,original,original,r * F,r * F,10.0 N*m,12.0 N*m
CM_A_009,CM_A_STD_009,1,3,cross_family_structural_candidate,original,original,r * F,r * F,10.0 N*m,12.0 N*m
CM_A_009,CM_B_010,1,0,cross_family_structural_candidate,original,original,r * F,r * F,10.0 N*m,15.0 N*m
CM_A_009,CM_B_010,1,1,cross_family_structural_candidate,original,original,r * F,r * F,10.0 N*m,15.0 N*m
CM_A_009,CM_B_010,1,2,cross_family_structural_candidate,original,original,r * F,r * F,10.0 N*m,15.0 N*m
CM_A_009,CM_B_010,1,3,cross_family_structural_candidate,original,original,r * F,r * F,10.0 N*m,15.0 N*m
CM_A_009,CM_B_UM_029,1,0,cross_family_structural_candidate,original,original,r * F,r_A * F_A,10.0 N*m,10.0 N*m
CM_A_009,CM_B_UM_029,1,1,cross_family_structural_candidate,original,original,r * F,r_A * F_A,10.0 N*m,10.0 N*m
CM_A_009,CM_B_UM_029,1,2,cross_family_structural_candidate,original,original,r * F,r_A * F_A,10.0 N*m,10.0 N*m
CM_A_009,CM_B_UM_029,1,3,cross_family_structural_candidate,original,original,r * F,r_A * F_A,10.0 N*m,10.0 N*m
CM_A_009,CM_B_UM_031,1,0,cross_family_structural_candidate,original,original,r * F,r_A * F_A,10.0 N*m,10.0 N*m
CM_A_009,CM_B_UM_031,1,1,cross_family_structural_candidate,original,original,r * F,r_A * F_A,10.0 N*m,10.0 N*m
CM_A_009,CM_B_UM_031,1,2,cross_family_structural_candidate,original,original,r * F,r_A * F_A,10.0 N*m,10.0 N*m
CM_A_009,CM_B_UM_031,1,3,cross_family_structural_candidate,original,original,r * F,r_A * F_A,10.0 N*m,10.0 N*m
CM_A_009,CM_B_UM_061,1,0,cross_family_structural_candidate,original,expansion,r * F,r * F,10.0 N*m,6.928 N*m
CM_A_009,CM_B_UM_061,1,1,cross_family_structural_candidate,original,expansion,r * F,r * F,10.0 N*m,6.928 N*m
CM_A_009,CM_B_UM_061,1,2,cross_family_structural_candidate,original,expansion,r * F,r * F,10.0 N*m,6.928 N*m
CM_A_009,CM_B_UM_061,1,3,cross_family_structural_candidate,original,expansion,r * F,r * F,10.0 N*m,6.928 N*m
CM_A_009,CM_A_STD_009,2,0,cross_family_structural_candidate,original,original,r * F,r * F,10.0 N*m,12.0 N*m
CM_A_009,CM_A_STD_009,2,1,cross_family_structural_candidate,original,original,r * F,r * F,10.0 N*m,12.0 N*m
CM_A_009,CM_A_STD_009,2,2,cross_family_structural_candidate,original,original,r * F,r * F,10.0 N*m,12.0 N*m
CM_A_009,CM_A_STD_009,2,3,cross_family_structural_candidate,original,original,r * F,r * F,10.0 N*m,12.0 N*m
CM_A_009,CM_B_010,2,0,cross_family_structural_candidate,original,original,r * F,r * F,10.0 N*m,15.0 N*m
CM_A_009,CM_B_010,2,1,cross_family_structural_candidate,original,original,r * F,r * F,10.0 N*m,15.0 N*m
CM_A_009,CM_B_010,2,2,cross_family_structural_candidate,original,original,r * F,r * F,10.0 N*m,15.0 N*m
CM_A_009,CM_B_010,2,3,cross_family_structural_candidate,original,original,r * F,r * F,10.0 N*m,15.0 N*m
CM_A_009,CM_B_UM_029,2,0,cross_family_structural_candidate,original,original,r * F,r_A * F_A,10.0 N*m,10.0 N*m
CM_A_009,CM_B_UM_029,2,1,cross_family_structural_candidate,original,original,r * F,r_A * F_A,10.0 N*m,10.0 N*m
CM_A_009,CM_B_UM_029,2,2,cross_family_structural_candidate,original,original,r * F,r_A * F_A,10.0 N*m,10.0 N*m
CM_A_009,CM_B_UM_029,2,3,cross_family_structural_candidate,original,original,r * F,r_A * F_A,10.0 N*m,10.0 N*m
CM_A_009,CM_B_UM_031,2,0,cross_family_structural_candidate,original,original,r * F,r_A * F_A,10.0 N*m,10.0 N*m
CM_A_009,CM_B_UM_031,2,1,cross_family_structural_candidate,original,original,r * F,r_A * F_A,10.0 N*m,10.0 N*m
CM_A_009,CM_B_UM_031,2,2,cross_family_structural_candidate,original,original,r * F,r_A * F_A,10.0 N*m,10.0 N*m
CM_A_009,CM_B_UM_031,2,3,cross_family_structural_candidate,original,original,r * F,r_A * F_A,10.0 N*m,10.0 N*m
CM_A_009,CM_B_UM_061,2,0,cross_family_structural_candidate,original,expansion,r * F,r * F,10.0 N*m,6.928 N*m
CM_A_009,CM_B_UM_061,2,1,cross_family_structural_candidate,original,expansion,r * F,r * F,10.0 N*m,6.928 N*m
CM_A_009,CM_B_UM_061,2,2,cross_family_structural_candidate,original,expansion,r * F,r * F,10.0 N*m,6.928 N*m
CM_A_009,CM_B_UM_061,2,3,cross_family_structural_candidate,original,expansion,r * F,r * F,10.0 N*m,6.928 N*m
CM_A_009,CM_A_STD_009,3,0,cross_family_structural_candidate,original,original,r * F,r * F,10.0 N*m,12.0 N*m
CM_A_009,CM_A_STD_009,3,1,cross_family_structural_candidate,original,original,r * F,r * F,10.0 N*m,12.0 N*m
CM_A_009,CM_A_STD_009,3,2,cross_family_structural_candidate,original,original,r * F,r * F,10.0 N*m,12.0 N*m
CM_A_009,CM_A_STD_009,3,3,cross_family_structural_candidate,original,original,r * F,r * F,10.0 N*m,12.0 N*m
CM_A_009,CM_B_010,3,0,cross_family_structural_candidate,original,original,r * F,r * F,10.0 N*m,15.0 N*m
CM_A_009,CM_B_010,3,1,cross_family_structural_candidate,original,original,r * F,r * F,10.0 N*m,15.0 N*m
CM_A_009,CM_B_010,3,2,cross_family_structural_candidate,original,original,r * F,r * F,10.0 N*m,15.0 N*m
CM_A_009,CM_B_010,3,3,cross_family_structural_candidate,original,original,r * F,r * F,10.0 N*m,15.0 N*m
CM_A_009,CM_B_UM_029,3,0,cross_family_structural_candidate,original,original,r * F,r_A * F_A,10.0 N*m,10.0 N*m
CM_A_009,CM_B_UM_029,3,1,cross_family_structural_candidate,original,original,r * F,r_A * F_A,10.0 N*m,10.0 N*m
CM_A_009,CM_B_UM_029,3,2,cross_family_structural_candidate,original,original,r * F,r_A * F_A,10.0 N*m,10.0 N*m
CM_A_009,CM_B_UM_029,3,3,cross_family_structural_candidate,original,original,r * F,r_A * F_A,10.0 N*m,10.0 N*m
CM_A_009,CM_B_UM_031,3,0,cross_family_structural_candidate,original,original,r * F,r_A * F_A,10.0 N*m,10.0 N*m
CM_A_009,CM_B_UM_031,3,1,cross_family_structural_candidate,original,original,r * F,r_A * F_A,10.0 N*m,10.0 N*m
CM_A_009,CM_B_UM_031,3,2,cross_family_structural_candidate,original,original,r * F,r_A * F_A,10.0 N*m,10.0 N*m
CM_A_009,CM_B_UM_031,3,3,cross_family_structural_candidate,original,original,r * F,r_A * F_A,10.0 N*m,10.0 N*m
CM_A_009,CM_B_UM_061,3,0,cross_family_structural_candidate,original,expansion,r * F,r * F,10.0 N*m,6.928 N*m
CM_A_009,CM_B_UM_061,3,1,cross_family_structural_candidate,original,expansion,r * F,r * F,10.0 N*m,6.928 N*m
CM_A_009,CM_B_UM_061,3,2,cross_family_structural_candidate,original,expansion,r * F,r * F,10.0 N*m,6.928 N*m
CM_A_009,CM_B_UM_061,3,3,cross_family_structural_candidate,original,expansion,r * F,r * F,10.0 N*m,6.928 N*m
CM_A_010,CM_A_STD_008,0,0,cross_family_structural_candidate,original,original,F * d,F * d,60.0 J,42.0 J
CM_A_010,CM_A_STD_008,0,1,cross_family_structural_candidate,original,original,F * d,F * d,60.0 J,42.0 J
CM_A_010,CM_A_STD_008,0,2,cross_family_structural_candidate,original,original,F * d,F * d,60.0 J,42.0 J
CM_A_010,CM_A_STD_008,0,3,cross_family_structural_candidate,original,original,F * d,F * d,60.0 J,42.0 J
CM_A_010,CM_B_008,0,0,cross_family_structural_candidate,original,original,F * d,F * d,60.0 J,160.0 J
CM_A_010,CM_B_008,0,1,cross_family_structural_candidate,original,original,F * d,F * d,60.0 J,160.0 J
CM_A_010,CM_B_008,0,2,cross_family_structural_candidate,original,original,F * d,F * d,60.0 J,160.0 J
CM_A_010,CM_B_008,0,3,cross_family_structural_candidate,original,original,F * d,F * d,60.0 J,160.0 J
CM_A_010,CM_B_UM_063,0,0,cross_family_structural_candidate,original,expansion,F * d,F * d,60.0 J,18.72 J
CM_A_010,CM_B_UM_063,0,1,cross_family_structural_candidate,original,expansion,F * d,F * d,60.0 J,18.72 J
CM_A_010,CM_B_UM_063,0,2,cross_family_structural_candidate,original,expansion,F * d,F * d,60.0 J,18.72 J
CM_A_010,CM_B_UM_063,0,3,cross_family_structural_candidate,original,expansion,F * d,F * d,60.0 J,18.72 J
CM_A_010,CM_A_STD_008,1,0,cross_family_structural_candidate,original,original,F * d,F * d,60.0 J,42.0 J
CM_A_010,CM_A_STD_008,1,1,cross_family_structural_candidate,original,original,F * d,F * d,60.0 J,42.0 J
CM_A_010,CM_A_STD_008,1,2,cross_family_structural_candidate,original,original,F * d,F * d,60.0 J,42.0 J
CM_A_010,CM_A_STD_008,1,3,cross_family_structural_candidate,original,original,F * d,F * d,60.0 J,42.0 J
CM_A_010,CM_B_008,1,0,cross_family_structural_candidate,original,original,F * d,F * d,60.0 J,160.0 J
CM_A_010,CM_B_008,1,1,cross_family_structural_candidate,original,original,F * d,F * d,60.0 J,160.0 J
CM_A_010,CM_B_008,1,2,cross_family_structural_candidate,original,original,F * d,F * d,60.0 J,160.0 J
CM_A_010,CM_B_008,1,3,cross_family_structural_candidate,original,original,F * d,F * d,60.0 J,160.0 J
CM_A_010,CM_B_UM_063,1,0,cross_family_structural_candidate,original,expansion,F * d,F * d,60.0 J,18.72 J
CM_A_010,CM_B_UM_063,1,1,cross_family_structural_candidate,original,expansion,F * d,F * d,60.0 J,18.72 J
CM_A_010,CM_B_UM_063,1,2,cross_family_structural_candidate,original,expansion,F * d,F * d,60.0 J,18.72 J
CM_A_010,CM_B_UM_063,1,3,cross_family_structural_candidate,original,expansion,F * d,F * d,60.0 J,18.72 J
CM_A_010,CM_A_STD_008,2,0,cross_family_structural_candidate,original,original,F * d,F * d,60.0 J,42.0 J
CM_A_010,CM_A_STD_008,2,1,cross_family_structural_candidate,original,original,F * d,F * d,60.0 J,42.0 J
CM_A_010,CM_A_STD_008,2,2,cross_family_structural_candidate,original,original,F * d,F * d,60.0 J,42.0 J
CM_A_010,CM_A_STD_008,2,3,cross_family_structural_candidate,original,original,F * d,F * d,60.0 J,42.0 J
CM_A_010,CM_B_008,2,0,cross_family_structural_candidate,original,original,F * d,F * d,60.0 J,160.0 J
CM_A_010,CM_B_008,2,1,cross_family_structural_candidate,original,original,F * d,F * d,60.0 J,160.0 J
CM_A_010,CM_B_008,2,2,cross_family_structural_candidate,original,original,F * d,F * d,60.0 J,160.0 J
CM_A_010,CM_B_008,2,3,cross_family_structural_candidate,original,original,F * d,F * d,60.0 J,160.0 J
CM_A_010,CM_B_UM_063,2,0,cross_family_structural_candidate,original,expansion,F * d,F * d,60.0 J,18.72 J
CM_A_010,CM_B_UM_063,2,1,cross_family_structural_candidate,original,expansion,F * d,F * d,60.0 J,18.72 J
CM_A_010,CM_B_UM_063,2,2,cross_family_structural_candidate,original,expansion,F * d,F * d,60.0 J,18.72 J
CM_A_010,CM_B_UM_063,2,3,cross_family_structural_candidate,original,expansion,F * d,F * d,60.0 J,18.72 J
CM_A_010,CM_A_STD_008,3,0,cross_family_structural_candidate,original,original,F * d,F * d,60.0 J,42.0 J
CM_A_010,CM_A_STD_008,3,1,cross_family_structural_candidate,original,original,F * d,F * d,60.0 J,42.0 J
CM_A_010,CM_A_STD_008,3,2,cross_family_structural_candidate,original,original,F * d,F * d,60.0 J,42.0 J
CM_A_010,CM_A_STD_008,3,3,cross_family_structural_candidate,original,original,F * d,F * d,60.0 J,42.0 J
CM_A_010,CM_B_008,3,0,cross_family_structural_candidate,original,original,F * d,F * d,60.0 J,160.0 J
CM_A_010,CM_B_008,3,1,cross_family_structural_candidate,original,original,F * d,F * d,60.0 J,160.0 J
CM_A_010,CM_B_008,3,2,cross_family_structural_candidate,original,original,F * d,F * d,60.0 J,160.0 J
CM_A_010,CM_B_008,3,3,cross_family_structural_candidate,original,original,F * d,F * d,60.0 J,160.0 J
CM_A_010,CM_B_UM_063,3,0,cross_family_structural_candidate,original,expansion,F * d,F * d,60.0 J,18.72 J
CM_A_010,CM_B_UM_063,3,1,cross_family_structural_candidate,original,expansion,F * d,F * d,60.0 J,18.72 J
CM_A_010,CM_B_UM_063,3,2,cross_family_structural_candidate,original,expansion,F * d,F * d,60.0 J,18.72 J
CM_A_010,CM_B_UM_063,3,3,cross_family_structural_candidate,original,expansion,F * d,F * d,60.0 J,18.72 J
CM_A_STD_001,CM_B_002,0,0,cross_family_structural_candidate,original,original,v_0 + a * t,v_0 + a * t,12.0 m/s,10.0 m/s
CM_A_STD_001,CM_B_002,0,1,cross_family_structural_candidate,original,original,v_0 + a * t,v_0 + a * t,12.0 m/s,10.0 m/s
CM_A_STD_001,CM_B_002,0,2,cross_family_structural_candidate,original,original,v_0 + a * t,v_0 + a * t,12.0 m/s,10.0 m/s
CM_A_STD_001,CM_B_002,0,3,cross_family_structural_candidate,original,original,v_0 + a * t,v_0 + a * t,12.0 m/s,10.0 m/s
CM_A_STD_001,CM_B_002,1,0,cross_family_structural_candidate,original,original,v_0 + a * t,v_0 + a * t,12.0 m/s,10.0 m/s
CM_A_STD_001,CM_B_002,1,1,cross_family_structural_candidate,original,original,v_0 + a * t,v_0 + a * t,12.0 m/s,10.0 m/s
CM_A_STD_001,CM_B_002,1,2,cross_family_structural_candidate,original,original,v_0 + a * t,v_0 + a * t,12.0 m/s,10.0 m/s
CM_A_STD_001,CM_B_002,1,3,cross_family_structural_candidate,original,original,v_0 + a * t,v_0 + a * t,12.0 m/s,10.0 m/s
CM_A_STD_001,CM_B_002,2,0,cross_family_structural_candidate,original,original,v_0 + a * t,v_0 + a * t,12.0 m/s,10.0 m/s
CM_A_STD_001,CM_B_002,2,1,cross_family_structural_candidate,original,original,v_0 + a * t,v_0 + a * t,12.0 m/s,10.0 m/s
CM_A_STD_001,CM_B_002,2,2,cross_family_structural_candidate,original,original,v_0 + a * t,v_0 + a * t,12.0 m/s,10.0 m/s
CM_A_STD_001,CM_B_002,2,3,cross_family_structural_candidate,original,original,v_0 + a * t,v_0 + a * t,12.0 m/s,10.0 m/s
CM_A_STD_001,CM_B_002,3,0,cross_family_structural_candidate,original,original,v_0 + a * t,v_0 + a * t,12.0 m/s,10.0 m/s
CM_A_STD_001,CM_B_002,3,1,cross_family_structural_candidate,original,original,v_0 + a * t,v_0 + a * t,12.0 m/s,10.0 m/s
CM_A_STD_001,CM_B_002,3,2,cross_family_structural_candidate,original,original,v_0 + a * t,v_0 + a * t,12.0 m/s,10.0 m/s
CM_A_STD_001,CM_B_002,3,3,cross_family_structural_candidate,original,original,v_0 + a * t,v_0 + a * t,12.0 m/s,10.0 m/s
CM_A_STD_003,CM_B_003,0,0,cross_family_structural_candidate,original,original,0.5 * m * v**2,0.5 * m * v**2,36.0 J,50.0 J
CM_A_STD_003,CM_B_003,0,1,cross_family_structural_candidate,original,original,0.5 * m * v**2,0.5 * m * v**2,36.0 J,50.0 J
CM_A_STD_003,CM_B_003,0,2,cross_family_structural_candidate,original,original,0.5 * m * v**2,0.5 * m * v**2,36.0 J,50.0 J
CM_A_STD_003,CM_B_003,0,3,cross_family_structural_candidate,original,original,0.5 * m * v**2,0.5 * m * v**2,36.0 J,50.0 J
CM_A_STD_003,CM_B_003,1,0,cross_family_structural_candidate,original,original,0.5 * m * v**2,0.5 * m * v**2,36.0 J,50.0 J
CM_A_STD_003,CM_B_003,1,1,cross_family_structural_candidate,original,original,0.5 * m * v**2,0.5 * m * v**2,36.0 J,50.0 J
CM_A_STD_003,CM_B_003,1,2,cross_family_structural_candidate,original,original,0.5 * m * v**2,0.5 * m * v**2,36.0 J,50.0 J
CM_A_STD_003,CM_B_003,1,3,cross_family_structural_candidate,original,original,0.5 * m * v**2,0.5 * m * v**2,36.0 J,50.0 J
CM_A_STD_003,CM_B_003,2,0,cross_family_structural_candidate,original,original,0.5 * m * v**2,0.5 * m * v**2,36.0 J,50.0 J
CM_A_STD_003,CM_B_003,2,1,cross_family_structural_candidate,original,original,0.5 * m * v**2,0.5 * m * v**2,36.0 J,50.0 J
CM_A_STD_003,CM_B_003,2,2,cross_family_structural_candidate,original,original,0.5 * m * v**2,0.5 * m * v**2,36.0 J,50.0 J
CM_A_STD_003,CM_B_003,2,3,cross_family_structural_candidate,original,original,0.5 * m * v**2,0.5 * m * v**2,36.0 J,50.0 J
CM_A_STD_003,CM_B_003,3,0,cross_family_structural_candidate,original,original,0.5 * m * v**2,0.5 * m * v**2,36.0 J,50.0 J
CM_A_STD_003,CM_B_003,3,1,cross_family_structural_candidate,original,original,0.5 * m * v**2,0.5 * m * v**2,36.0 J,50.0 J
CM_A_STD_003,CM_B_003,3,2,cross_family_structural_candidate,original,original,0.5 * m * v**2,0.5 * m * v**2,36.0 J,50.0 J
CM_A_STD_003,CM_B_003,3,3,cross_family_structural_candidate,original,original,0.5 * m * v**2,0.5 * m * v**2,36.0 J,50.0 J
CM_A_STD_004,CM_B_005,0,0,cross_family_structural_candidate,original,original,k * x,k * x,14.0 N,12.0 N
CM_A_STD_004,CM_B_005,0,1,cross_family_structural_candidate,original,original,k * x,k * x,14.0 N,12.0 N
CM_A_STD_004,CM_B_005,0,2,cross_family_structural_candidate,original,original,k * x,k * x,14.0 N,12.0 N
CM_A_STD_004,CM_B_005,0,3,cross_family_structural_candidate,original,original,k * x,k * x,14.0 N,12.0 N
CM_A_STD_004,CM_B_UM_062,0,0,cross_family_structural_candidate,original,expansion,k * x,k * x,14.0 N,24.48 N
CM_A_STD_004,CM_B_UM_062,0,1,cross_family_structural_candidate,original,expansion,k * x,k * x,14.0 N,24.48 N
CM_A_STD_004,CM_B_UM_062,0,2,cross_family_structural_candidate,original,expansion,k * x,k * x,14.0 N,24.48 N
CM_A_STD_004,CM_B_UM_062,0,3,cross_family_structural_candidate,original,expansion,k * x,k * x,14.0 N,24.48 N
CM_A_STD_004,CM_B_005,1,0,cross_family_structural_candidate,original,original,k * x,k * x,14.0 N,12.0 N
CM_A_STD_004,CM_B_005,1,1,cross_family_structural_candidate,original,original,k * x,k * x,14.0 N,12.0 N
CM_A_STD_004,CM_B_005,1,2,cross_family_structural_candidate,original,original,k * x,k * x,14.0 N,12.0 N
CM_A_STD_004,CM_B_005,1,3,cross_family_structural_candidate,original,original,k * x,k * x,14.0 N,12.0 N
CM_A_STD_004,CM_B_UM_062,1,0,cross_family_structural_candidate,original,expansion,k * x,k * x,14.0 N,24.48 N
CM_A_STD_004,CM_B_UM_062,1,1,cross_family_structural_candidate,original,expansion,k * x,k * x,14.0 N,24.48 N
CM_A_STD_004,CM_B_UM_062,1,2,cross_family_structural_candidate,original,expansion,k * x,k * x,14.0 N,24.48 N
CM_A_STD_004,CM_B_UM_062,1,3,cross_family_structural_candidate,original,expansion,k * x,k * x,14.0 N,24.48 N
CM_A_STD_004,CM_B_005,2,0,cross_family_structural_candidate,original,original,k * x,k * x,14.0 N,12.0 N
CM_A_STD_004,CM_B_005,2,1,cross_family_structural_candidate,original,original,k * x,k * x,14.0 N,12.0 N
CM_A_STD_004,CM_B_005,2,2,cross_family_structural_candidate,original,original,k * x,k * x,14.0 N,12.0 N
CM_A_STD_004,CM_B_005,2,3,cross_family_structural_candidate,original,original,k * x,k * x,14.0 N,12.0 N
CM_A_STD_004,CM_B_UM_062,2,0,cross_family_structural_candidate,original,expansion,k * x,k * x,14.0 N,24.48 N
CM_A_STD_004,CM_B_UM_062,2,1,cross_family_structural_candidate,original,expansion,k * x,k * x,14.0 N,24.48 N
CM_A_STD_004,CM_B_UM_062,2,2,cross_family_structural_candidate,original,expansion,k * x,k * x,14.0 N,24.48 N
CM_A_STD_004,CM_B_UM_062,2,3,cross_family_structural_candidate,original,expansion,k * x,k * x,14.0 N,24.48 N
CM_A_STD_004,CM_B_005,3,0,cross_family_structural_candidate,original,original,k * x,k * x,14.0 N,12.0 N
CM_A_STD_004,CM_B_005,3,1,cross_family_structural_candidate,original,original,k * x,k * x,14.0 N,12.0 N
CM_A_STD_004,CM_B_005,3,2,cross_family_structural_candidate,original,original,k * x,k * x,14.0 N,12.0 N
CM_A_STD_004,CM_B_005,3,3,cross_family_structural_candidate,original,original,k * x,k * x,14.0 N,12.0 N
CM_A_STD_004,CM_B_UM_062,3,0,cross_family_structural_candidate,original,expansion,k * x,k * x,14.0 N,24.48 N
CM_A_STD_004,CM_B_UM_062,3,1,cross_family_structural_candidate,original,expansion,k * x,k * x,14.0 N,24.48 N
CM_A_STD_004,CM_B_UM_062,3,2,cross_family_structural_candidate,original,expansion,k * x,k * x,14.0 N,24.48 N
CM_A_STD_004,CM_B_UM_062,3,3,cross_family_structural_candidate,original,expansion,k * x,k * x,14.0 N,24.48 N
CM_A_STD_005,CM_B_007,0,0,cross_family_structural_candidate,original,original,m * v**2 / r,m * v**2 / r,18.0 N,8.0 N
CM_A_STD_005,CM_B_007,0,1,cross_family_structural_candidate,original,original,m * v**2 / r,m * v**2 / r,18.0 N,8.0 N
CM_A_STD_005,CM_B_007,0,2,cross_family_structural_candidate,original,original,m * v**2 / r,m * v**2 / r,18.0 N,8.0 N
CM_A_STD_005,CM_B_007,0,3,cross_family_structural_candidate,original,original,m * v**2 / r,m * v**2 / r,18.0 N,8.0 N
CM_A_STD_005,CM_B_007,1,0,cross_family_structural_candidate,original,original,m * v**2 / r,m * v**2 / r,18.0 N,8.0 N
CM_A_STD_005,CM_B_007,1,1,cross_family_structural_candidate,original,original,m * v**2 / r,m * v**2 / r,18.0 N,8.0 N
CM_A_STD_005,CM_B_007,1,2,cross_family_structural_candidate,original,original,m * v**2 / r,m * v**2 / r,18.0 N,8.0 N
CM_A_STD_005,CM_B_007,1,3,cross_family_structural_candidate,original,original,m * v**2 / r,m * v**2 / r,18.0 N,8.0 N
CM_A_STD_005,CM_B_007,2,0,cross_family_structural_candidate,original,original,m * v**2 / r,m * v**2 / r,18.0 N,8.0 N
CM_A_STD_005,CM_B_007,2,1,cross_family_structural_candidate,original,original,m * v**2 / r,m * v**2 / r,18.0 N,8.0 N
CM_A_STD_005,CM_B_007,2,2,cross_family_structural_candidate,original,original,m * v**2 / r,m * v**2 / r,18.0 N,8.0 N
CM_A_STD_005,CM_B_007,2,3,cross_family_structural_candidate,original,original,m * v**2 / r,m * v**2 / r,18.0 N,8.0 N
CM_A_STD_005,CM_B_007,3,0,cross_family_structural_candidate,original,original,m * v**2 / r,m * v**2 / r,18.0 N,8.0 N
CM_A_STD_005,CM_B_007,3,1,cross_family_structural_candidate,original,original,m * v**2 / r,m * v**2 / r,18.0 N,8.0 N
CM_A_STD_005,CM_B_007,3,2,cross_family_structural_candidate,original,original,m * v**2 / r,m * v**2 / r,18.0 N,8.0 N
CM_A_STD_005,CM_B_007,3,3,cross_family_structural_candidate,original,original,m * v**2 / r,m * v**2 / r,18.0 N,8.0 N
CM_A_STD_006,CM_B_006,0,0,cross_family_structural_candidate,original,original,m * v,m * v,12.0 kg*m/s,14.0 kg*m/s
CM_A_STD_006,CM_B_006,0,1,cross_family_structural_candidate,original,original,m * v,m * v,12.0 kg*m/s,14.0 kg*m/s
CM_A_STD_006,CM_B_006,0,2,cross_family_structural_candidate,original,original,m * v,m * v,12.0 kg*m/s,14.0 kg*m/s
CM_A_STD_006,CM_B_006,0,3,cross_family_structural_candidate,original,original,m * v,m * v,12.0 kg*m/s,14.0 kg*m/s
CM_A_STD_006,CM_B_006,1,0,cross_family_structural_candidate,original,original,m * v,m * v,12.0 kg*m/s,14.0 kg*m/s
CM_A_STD_006,CM_B_006,1,1,cross_family_structural_candidate,original,original,m * v,m * v,12.0 kg*m/s,14.0 kg*m/s
CM_A_STD_006,CM_B_006,1,2,cross_family_structural_candidate,original,original,m * v,m * v,12.0 kg*m/s,14.0 kg*m/s
CM_A_STD_006,CM_B_006,1,3,cross_family_structural_candidate,original,original,m * v,m * v,12.0 kg*m/s,14.0 kg*m/s
CM_A_STD_006,CM_B_006,2,0,cross_family_structural_candidate,original,original,m * v,m * v,12.0 kg*m/s,14.0 kg*m/s
CM_A_STD_006,CM_B_006,2,1,cross_family_structural_candidate,original,original,m * v,m * v,12.0 kg*m/s,14.0 kg*m/s
CM_A_STD_006,CM_B_006,2,2,cross_family_structural_candidate,original,original,m * v,m * v,12.0 kg*m/s,14.0 kg*m/s
CM_A_STD_006,CM_B_006,2,3,cross_family_structural_candidate,original,original,m * v,m * v,12.0 kg*m/s,14.0 kg*m/s
CM_A_STD_006,CM_B_006,3,0,cross_family_structural_candidate,original,original,m * v,m * v,12.0 kg*m/s,14.0 kg*m/s
CM_A_STD_006,CM_B_006,3,1,cross_family_structural_candidate,original,original,m * v,m * v,12.0 kg*m/s,14.0 kg*m/s
CM_A_STD_006,CM_B_006,3,2,cross_family_structural_candidate,original,original,m * v,m * v,12.0 kg*m/s,14.0 kg*m/s
CM_A_STD_006,CM_B_006,3,3,cross_family_structural_candidate,original,original,m * v,m * v,12.0 kg*m/s,14.0 kg*m/s
CM_A_STD_007,CM_B_004,0,0,cross_family_structural_candidate,original,original,m * g * h,m * g * h,98.0 J,117.6 J
CM_A_STD_007,CM_B_004,0,1,cross_family_structural_candidate,original,original,m * g * h,m * g * h,98.0 J,117.6 J
CM_A_STD_007,CM_B_004,0,2,cross_family_structural_candidate,original,original,m * g * h,m * g * h,98.0 J,117.6 J
CM_A_STD_007,CM_B_004,0,3,cross_family_structural_candidate,original,original,m * g * h,m * g * h,98.0 J,117.6 J
CM_A_STD_007,CM_B_004,1,0,cross_family_structural_candidate,original,original,m * g * h,m * g * h,98.0 J,117.6 J
CM_A_STD_007,CM_B_004,1,1,cross_family_structural_candidate,original,original,m * g * h,m * g * h,98.0 J,117.6 J
CM_A_STD_007,CM_B_004,1,2,cross_family_structural_candidate,original,original,m * g * h,m * g * h,98.0 J,117.6 J
CM_A_STD_007,CM_B_004,1,3,cross_family_structural_candidate,original,original,m * g * h,m * g * h,98.0 J,117.6 J
CM_A_STD_007,CM_B_004,2,0,cross_family_structural_candidate,original,original,m * g * h,m * g * h,98.0 J,117.6 J
CM_A_STD_007,CM_B_004,2,1,cross_family_structural_candidate,original,original,m * g * h,m * g * h,98.0 J,117.6 J
CM_A_STD_007,CM_B_004,2,2,cross_family_structural_candidate,original,original,m * g * h,m * g * h,98.0 J,117.6 J
CM_A_STD_007,CM_B_004,2,3,cross_family_structural_candidate,original,original,m * g * h,m * g * h,98.0 J,117.6 J
CM_A_STD_007,CM_B_004,3,0,cross_family_structural_candidate,original,original,m * g * h,m * g * h,98.0 J,117.6 J
CM_A_STD_007,CM_B_004,3,1,cross_family_structural_candidate,original,original,m * g * h,m * g * h,98.0 J,117.6 J
CM_A_STD_007,CM_B_004,3,2,cross_family_structural_candidate,original,original,m * g * h,m * g * h,98.0 J,117.6 J
CM_A_STD_007,CM_B_004,3,3,cross_family_structural_candidate,original,original,m * g * h,m * g * h,98.0 J,117.6 J
CM_A_STD_008,CM_B_008,0,0,cross_family_structural_candidate,original,original,F * d,F * d,42.0 J,160.0 J
CM_A_STD_008,CM_B_008,0,1,cross_family_structural_candidate,original,original,F * d,F * d,42.0 J,160.0 J
CM_A_STD_008,CM_B_008,0,2,cross_family_structural_candidate,original,original,F * d,F * d,42.0 J,160.0 J
CM_A_STD_008,CM_B_008,0,3,cross_family_structural_candidate,original,original,F * d,F * d,42.0 J,160.0 J
CM_A_STD_008,CM_B_UM_063,0,0,cross_family_structural_candidate,original,expansion,F * d,F * d,42.0 J,18.72 J
CM_A_STD_008,CM_B_UM_063,0,1,cross_family_structural_candidate,original,expansion,F * d,F * d,42.0 J,18.72 J
CM_A_STD_008,CM_B_UM_063,0,2,cross_family_structural_candidate,original,expansion,F * d,F * d,42.0 J,18.72 J
CM_A_STD_008,CM_B_UM_063,0,3,cross_family_structural_candidate,original,expansion,F * d,F * d,42.0 J,18.72 J
CM_A_STD_008,CM_B_008,1,0,cross_family_structural_candidate,original,original,F * d,F * d,42.0 J,160.0 J
CM_A_STD_008,CM_B_008,1,1,cross_family_structural_candidate,original,original,F * d,F * d,42.0 J,160.0 J
CM_A_STD_008,CM_B_008,1,2,cross_family_structural_candidate,original,original,F * d,F * d,42.0 J,160.0 J
CM_A_STD_008,CM_B_008,1,3,cross_family_structural_candidate,original,original,F * d,F * d,42.0 J,160.0 J
CM_A_STD_008,CM_B_UM_063,1,0,cross_family_structural_candidate,original,expansion,F * d,F * d,42.0 J,18.72 J
CM_A_STD_008,CM_B_UM_063,1,1,cross_family_structural_candidate,original,expansion,F * d,F * d,42.0 J,18.72 J
CM_A_STD_008,CM_B_UM_063,1,2,cross_family_structural_candidate,original,expansion,F * d,F * d,42.0 J,18.72 J
CM_A_STD_008,CM_B_UM_063,1,3,cross_family_structural_candidate,original,expansion,F * d,F * d,42.0 J,18.72 J
CM_A_STD_008,CM_B_008,2,0,cross_family_structural_candidate,original,original,F * d,F * d,42.0 J,160.0 J
CM_A_STD_008,CM_B_008,2,1,cross_family_structural_candidate,original,original,F * d,F * d,42.0 J,160.0 J
CM_A_STD_008,CM_B_008,2,2,cross_family_structural_candidate,original,original,F * d,F * d,42.0 J,160.0 J
CM_A_STD_008,CM_B_008,2,3,cross_family_structural_candidate,original,original,F * d,F * d,42.0 J,160.0 J
CM_A_STD_008,CM_B_UM_063,2,0,cross_family_structural_candidate,original,expansion,F * d,F * d,42.0 J,18.72 J
CM_A_STD_008,CM_B_UM_063,2,1,cross_family_structural_candidate,original,expansion,F * d,F * d,42.0 J,18.72 J
CM_A_STD_008,CM_B_UM_063,2,2,cross_family_structural_candidate,original,expansion,F * d,F * d,42.0 J,18.72 J
CM_A_STD_008,CM_B_UM_063,2,3,cross_family_structural_candidate,original,expansion,F * d,F * d,42.0 J,18.72 J
CM_A_STD_008,CM_B_008,3,0,cross_family_structural_candidate,original,original,F * d,F * d,42.0 J,160.0 J
CM_A_STD_008,CM_B_008,3,1,cross_family_structural_candidate,original,original,F * d,F * d,42.0 J,160.0 J
CM_A_STD_008,CM_B_008,3,2,cross_family_structural_candidate,original,original,F * d,F * d,42.0 J,160.0 J
CM_A_STD_008,CM_B_008,3,3,cross_family_structural_candidate,original,original,F * d,F * d,42.0 J,160.0 J
CM_A_STD_008,CM_B_UM_063,3,0,cross_family_structural_candidate,original,expansion,F * d,F * d,42.0 J,18.72 J
CM_A_STD_008,CM_B_UM_063,3,1,cross_family_structural_candidate,original,expansion,F * d,F * d,42.0 J,18.72 J
CM_A_STD_008,CM_B_UM_063,3,2,cross_family_structural_candidate,original,expansion,F * d,F * d,42.0 J,18.72 J
CM_A_STD_008,CM_B_UM_063,3,3,cross_family_structural_candidate,original,expansion,F * d,F * d,42.0 J,18.72 J
CM_A_STD_009,CM_B_010,0,0,cross_family_structural_candidate,original,original,r * F,r * F,12.0 N*m,15.0 N*m
CM_A_STD_009,CM_B_010,0,1,cross_family_structural_candidate,original,original,r * F,r * F,12.0 N*m,15.0 N*m
CM_A_STD_009,CM_B_010,0,2,cross_family_structural_candidate,original,original,r * F,r * F,12.0 N*m,15.0 N*m
CM_A_STD_009,CM_B_010,0,3,cross_family_structural_candidate,original,original,r * F,r * F,12.0 N*m,15.0 N*m
CM_A_STD_009,CM_B_UM_030,0,0,cross_family_structural_candidate,original,original,r * F,r_A * F_A,12.0 N*m,12.0 N*m
CM_A_STD_009,CM_B_UM_030,0,1,cross_family_structural_candidate,original,original,r * F,r_A * F_A,12.0 N*m,12.0 N*m
CM_A_STD_009,CM_B_UM_030,0,2,cross_family_structural_candidate,original,original,r * F,r_A * F_A,12.0 N*m,12.0 N*m
CM_A_STD_009,CM_B_UM_030,0,3,cross_family_structural_candidate,original,original,r * F,r_A * F_A,12.0 N*m,12.0 N*m
CM_A_STD_009,CM_B_UM_061,0,0,cross_family_structural_candidate,original,expansion,r * F,r * F,12.0 N*m,6.928 N*m
CM_A_STD_009,CM_B_UM_061,0,1,cross_family_structural_candidate,original,expansion,r * F,r * F,12.0 N*m,6.928 N*m
CM_A_STD_009,CM_B_UM_061,0,2,cross_family_structural_candidate,original,expansion,r * F,r * F,12.0 N*m,6.928 N*m
CM_A_STD_009,CM_B_UM_061,0,3,cross_family_structural_candidate,original,expansion,r * F,r * F,12.0 N*m,6.928 N*m
CM_A_STD_009,CM_B_010,1,0,cross_family_structural_candidate,original,original,r * F,r * F,12.0 N*m,15.0 N*m
CM_A_STD_009,CM_B_010,1,1,cross_family_structural_candidate,original,original,r * F,r * F,12.0 N*m,15.0 N*m
CM_A_STD_009,CM_B_010,1,2,cross_family_structural_candidate,original,original,r * F,r * F,12.0 N*m,15.0 N*m
CM_A_STD_009,CM_B_010,1,3,cross_family_structural_candidate,original,original,r * F,r * F,12.0 N*m,15.0 N*m
CM_A_STD_009,CM_B_UM_030,1,0,cross_family_structural_candidate,original,original,r * F,r_A * F_A,12.0 N*m,12.0 N*m
CM_A_STD_009,CM_B_UM_030,1,1,cross_family_structural_candidate,original,original,r * F,r_A * F_A,12.0 N*m,12.0 N*m
CM_A_STD_009,CM_B_UM_030,1,2,cross_family_structural_candidate,original,original,r * F,r_A * F_A,12.0 N*m,12.0 N*m
CM_A_STD_009,CM_B_UM_030,1,3,cross_family_structural_candidate,original,original,r * F,r_A * F_A,12.0 N*m,12.0 N*m
CM_A_STD_009,CM_B_UM_061,1,0,cross_family_structural_candidate,original,expansion,r * F,r * F,12.0 N*m,6.928 N*m
CM_A_STD_009,CM_B_UM_061,1,1,cross_family_structural_candidate,original,expansion,r * F,r * F,12.0 N*m,6.928 N*m
CM_A_STD_009,CM_B_UM_061,1,2,cross_family_structural_candidate,original,expansion,r * F,r * F,12.0 N*m,6.928 N*m
CM_A_STD_009,CM_B_UM_061,1,3,cross_family_structural_candidate,original,expansion,r * F,r * F,12.0 N*m,6.928 N*m
CM_A_STD_009,CM_B_010,2,0,cross_family_structural_candidate,original,original,r * F,r * F,12.0 N*m,15.0 N*m
CM_A_STD_009,CM_B_010,2,1,cross_family_structural_candidate,original,original,r * F,r * F,12.0 N*m,15.0 N*m
CM_A_STD_009,CM_B_010,2,2,cross_family_structural_candidate,original,original,r * F,r * F,12.0 N*m,15.0 N*m
CM_A_STD_009,CM_B_010,2,3,cross_family_structural_candidate,original,original,r * F,r * F,12.0 N*m,15.0 N*m
CM_A_STD_009,CM_B_UM_030,2,0,cross_family_structural_candidate,original,original,r * F,r_A * F_A,12.0 N*m,12.0 N*m
CM_A_STD_009,CM_B_UM_030,2,1,cross_family_structural_candidate,original,original,r * F,r_A * F_A,12.0 N*m,12.0 N*m
CM_A_STD_009,CM_B_UM_030,2,2,cross_family_structural_candidate,original,original,r * F,r_A * F_A,12.0 N*m,12.0 N*m
CM_A_STD_009,CM_B_UM_030,2,3,cross_family_structural_candidate,original,original,r * F,r_A * F_A,12.0 N*m,12.0 N*m
CM_A_STD_009,CM_B_UM_061,2,0,cross_family_structural_candidate,original,expansion,r * F,r * F,12.0 N*m,6.928 N*m
CM_A_STD_009,CM_B_UM_061,2,1,cross_family_structural_candidate,original,expansion,r * F,r * F,12.0 N*m,6.928 N*m
CM_A_STD_009,CM_B_UM_061,2,2,cross_family_structural_candidate,original,expansion,r * F,r * F,12.0 N*m,6.928 N*m
CM_A_STD_009,CM_B_UM_061,2,3,cross_family_structural_candidate,original,expansion,r * F,r * F,12.0 N*m,6.928 N*m
CM_A_STD_009,CM_B_010,3,0,cross_family_structural_candidate,original,original,r * F,r * F,12.0 N*m,15.0 N*m
CM_A_STD_009,CM_B_010,3,1,cross_family_structural_candidate,original,original,r * F,r * F,12.0 N*m,15.0 N*m
CM_A_STD_009,CM_B_010,3,2,cross_family_structural_candidate,original,original,r * F,r * F,12.0 N*m,15.0 N*m
CM_A_STD_009,CM_B_010,3,3,cross_family_structural_candidate,original,original,r * F,r * F,12.0 N*m,15.0 N*m
CM_A_STD_009,CM_B_UM_030,3,0,cross_family_structural_candidate,original,original,r * F,r_A * F_A,12.0 N*m,12.0 N*m
CM_A_STD_009,CM_B_UM_030,3,1,cross_family_structural_candidate,original,original,r * F,r_A * F_A,12.0 N*m,12.0 N*m
CM_A_STD_009,CM_B_UM_030,3,2,cross_family_structural_candidate,original,original,r * F,r_A * F_A,12.0 N*m,12.0 N*m
CM_A_STD_009,CM_B_UM_030,3,3,cross_family_structural_candidate,original,original,r * F,r_A * F_A,12.0 N*m,12.0 N*m
CM_A_STD_009,CM_B_UM_061,3,0,cross_family_structural_candidate,original,expansion,r * F,r * F,12.0 N*m,6.928 N*m
CM_A_STD_009,CM_B_UM_061,3,1,cross_family_structural_candidate,original,expansion,r * F,r * F,12.0 N*m,6.928 N*m
CM_A_STD_009,CM_B_UM_061,3,2,cross_family_structural_candidate,original,expansion,r * F,r * F,12.0 N*m,6.928 N*m
CM_A_STD_009,CM_B_UM_061,3,3,cross_family_structural_candidate,original,expansion,r * F,r * F,12.0 N*m,6.928 N*m
CM_A_STD_011,CM_B_UM_021,0,0,cross_family_structural_candidate,original,original,I * R,I_A * R_A,12.0 V,12.0 V
CM_A_STD_011,CM_B_UM_021,0,1,cross_family_structural_candidate,original,original,I * R,I_A * R_A,12.0 V,12.0 V
CM_A_STD_011,CM_B_UM_021,0,2,cross_family_structural_candidate,original,original,I * R,I_A * R_A,12.0 V,12.0 V
CM_A_STD_011,CM_B_UM_021,0,3,cross_family_structural_candidate,original,original,I * R,I_A * R_A,12.0 V,12.0 V
CM_A_STD_011,EL_A_001,0,0,cross_family_structural_candidate,original,original,I * R,I * R,12.0 V,40.0 V
CM_A_STD_011,EL_A_001,0,1,cross_family_structural_candidate,original,original,I * R,I * R,12.0 V,40.0 V
CM_A_STD_011,EL_A_001,0,2,cross_family_structural_candidate,original,original,I * R,I * R,12.0 V,40.0 V
CM_A_STD_011,EL_A_001,0,3,cross_family_structural_candidate,original,original,I * R,I * R,12.0 V,40.0 V
CM_A_STD_011,CM_B_UM_021,1,0,cross_family_structural_candidate,original,original,I * R,I_A * R_A,12.0 V,12.0 V
CM_A_STD_011,CM_B_UM_021,1,1,cross_family_structural_candidate,original,original,I * R,I_A * R_A,12.0 V,12.0 V
CM_A_STD_011,CM_B_UM_021,1,2,cross_family_structural_candidate,original,original,I * R,I_A * R_A,12.0 V,12.0 V
CM_A_STD_011,CM_B_UM_021,1,3,cross_family_structural_candidate,original,original,I * R,I_A * R_A,12.0 V,12.0 V
CM_A_STD_011,EL_A_001,1,0,cross_family_structural_candidate,original,original,I * R,I * R,12.0 V,40.0 V
CM_A_STD_011,EL_A_001,1,1,cross_family_structural_candidate,original,original,I * R,I * R,12.0 V,40.0 V
CM_A_STD_011,EL_A_001,1,2,cross_family_structural_candidate,original,original,I * R,I * R,12.0 V,40.0 V
CM_A_STD_011,EL_A_001,1,3,cross_family_structural_candidate,original,original,I * R,I * R,12.0 V,40.0 V
CM_A_STD_011,CM_B_UM_021,2,0,cross_family_structural_candidate,original,original,I * R,I_A * R_A,12.0 V,12.0 V
CM_A_STD_011,CM_B_UM_021,2,1,cross_family_structural_candidate,original,original,I * R,I_A * R_A,12.0 V,12.0 V
CM_A_STD_011,CM_B_UM_021,2,2,cross_family_structural_candidate,original,original,I * R,I_A * R_A,12.0 V,12.0 V
CM_A_STD_011,CM_B_UM_021,2,3,cross_family_structural_candidate,original,original,I * R,I_A * R_A,12.0 V,12.0 V
CM_A_STD_011,EL_A_001,2,0,cross_family_structural_candidate,original,original,I * R,I * R,12.0 V,40.0 V
CM_A_STD_011,EL_A_001,2,1,cross_family_structural_candidate,original,original,I * R,I * R,12.0 V,40.0 V
CM_A_STD_011,EL_A_001,2,2,cross_family_structural_candidate,original,original,I * R,I * R,12.0 V,40.0 V
CM_A_STD_011,EL_A_001,2,3,cross_family_structural_candidate,original,original,I * R,I * R,12.0 V,40.0 V
CM_A_STD_011,CM_B_UM_021,3,0,cross_family_structural_candidate,original,original,I * R,I_A * R_A,12.0 V,12.0 V
CM_A_STD_011,CM_B_UM_021,3,1,cross_family_structural_candidate,original,original,I * R,I_A * R_A,12.0 V,12.0 V
CM_A_STD_011,CM_B_UM_021,3,2,cross_family_structural_candidate,original,original,I * R,I_A * R_A,12.0 V,12.0 V
CM_A_STD_011,CM_B_UM_021,3,3,cross_family_structural_candidate,original,original,I * R,I_A * R_A,12.0 V,12.0 V
CM_A_STD_011,EL_A_001,3,0,cross_family_structural_candidate,original,original,I * R,I * R,12.0 V,40.0 V
CM_A_STD_011,EL_A_001,3,1,cross_family_structural_candidate,original,original,I * R,I * R,12.0 V,40.0 V
CM_A_STD_011,EL_A_001,3,2,cross_family_structural_candidate,original,original,I * R,I * R,12.0 V,40.0 V
CM_A_STD_011,EL_A_001,3,3,cross_family_structural_candidate,original,original,I * R,I * R,12.0 V,40.0 V
CM_A_STD_012,EL_B_002,0,0,cross_family_structural_candidate,original,original,V**2 / R,V**2 / R,18.0 W,24.0 W
CM_A_STD_012,EL_B_002,0,1,cross_family_structural_candidate,original,original,V**2 / R,V**2 / R,18.0 W,24.0 W
CM_A_STD_012,EL_B_002,0,2,cross_family_structural_candidate,original,original,V**2 / R,V**2 / R,18.0 W,24.0 W
CM_A_STD_012,EL_B_002,0,3,cross_family_structural_candidate,original,original,V**2 / R,V**2 / R,18.0 W,24.0 W
CM_A_STD_012,EL_B_002,1,0,cross_family_structural_candidate,original,original,V**2 / R,V**2 / R,18.0 W,24.0 W
CM_A_STD_012,EL_B_002,1,1,cross_family_structural_candidate,original,original,V**2 / R,V**2 / R,18.0 W,24.0 W
CM_A_STD_012,EL_B_002,1,2,cross_family_structural_candidate,original,original,V**2 / R,V**2 / R,18.0 W,24.0 W
CM_A_STD_012,EL_B_002,1,3,cross_family_structural_candidate,original,original,V**2 / R,V**2 / R,18.0 W,24.0 W
CM_A_STD_012,EL_B_002,2,0,cross_family_structural_candidate,original,original,V**2 / R,V**2 / R,18.0 W,24.0 W
CM_A_STD_012,EL_B_002,2,1,cross_family_structural_candidate,original,original,V**2 / R,V**2 / R,18.0 W,24.0 W
CM_A_STD_012,EL_B_002,2,2,cross_family_structural_candidate,original,original,V**2 / R,V**2 / R,18.0 W,24.0 W
CM_A_STD_012,EL_B_002,2,3,cross_family_structural_candidate,original,original,V**2 / R,V**2 / R,18.0 W,24.0 W
CM_A_STD_012,EL_B_002,3,0,cross_family_structural_candidate,original,original,V**2 / R,V**2 / R,18.0 W,24.0 W
CM_A_STD_012,EL_B_002,3,1,cross_family_structural_candidate,original,original,V**2 / R,V**2 / R,18.0 W,24.0 W
CM_A_STD_012,EL_B_002,3,2,cross_family_structural_candidate,original,original,V**2 / R,V**2 / R,18.0 W,24.0 W
CM_A_STD_012,EL_B_002,3,3,cross_family_structural_candidate,original,original,V**2 / R,V**2 / R,18.0 W,24.0 W
CM_A_STD_013,CM_B_UM_037,0,0,cross_family_structural_candidate,original,original,C * V,C_A * V_A,3.0e-4 C,3.0e-4 C
CM_A_STD_013,CM_B_UM_037,0,1,cross_family_structural_candidate,original,original,C * V,C_A * V_A,3.0e-4 C,3.0e-4 C
CM_A_STD_013,CM_B_UM_037,0,2,cross_family_structural_candidate,original,original,C * V,C_A * V_A,3.0e-4 C,3.0e-4 C
CM_A_STD_013,CM_B_UM_037,0,3,cross_family_structural_candidate,original,original,C * V,C_A * V_A,3.0e-4 C,3.0e-4 C
CM_A_STD_013,EL_A_003,0,0,cross_family_structural_candidate,original,original,C * V,C * V,3.0e-4 C,1.2e-3 C
CM_A_STD_013,EL_A_003,0,1,cross_family_structural_candidate,original,original,C * V,C * V,3.0e-4 C,1.2e-3 C
CM_A_STD_013,EL_A_003,0,2,cross_family_structural_candidate,original,original,C * V,C * V,3.0e-4 C,1.2e-3 C
CM_A_STD_013,EL_A_003,0,3,cross_family_structural_candidate,original,original,C * V,C * V,3.0e-4 C,1.2e-3 C
CM_A_STD_013,EL_B_003,0,0,cross_family_structural_candidate,original,original,C * V,C * V,3.0e-4 C,4.5e-4 C
CM_A_STD_013,EL_B_003,0,1,cross_family_structural_candidate,original,original,C * V,C * V,3.0e-4 C,4.5e-4 C
CM_A_STD_013,EL_B_003,0,2,cross_family_structural_candidate,original,original,C * V,C * V,3.0e-4 C,4.5e-4 C
CM_A_STD_013,EL_B_003,0,3,cross_family_structural_candidate,original,original,C * V,C * V,3.0e-4 C,4.5e-4 C
CM_A_STD_013,CM_B_UM_037,1,0,cross_family_structural_candidate,original,original,C * V,C_A * V_A,3.0e-4 C,3.0e-4 C
CM_A_STD_013,CM_B_UM_037,1,1,cross_family_structural_candidate,original,original,C * V,C_A * V_A,3.0e-4 C,3.0e-4 C
CM_A_STD_013,CM_B_UM_037,1,2,cross_family_structural_candidate,original,original,C * V,C_A * V_A,3.0e-4 C,3.0e-4 C
CM_A_STD_013,CM_B_UM_037,1,3,cross_family_structural_candidate,original,original,C * V,C_A * V_A,3.0e-4 C,3.0e-4 C
CM_A_STD_013,EL_A_003,1,0,cross_family_structural_candidate,original,original,C * V,C * V,3.0e-4 C,1.2e-3 C
CM_A_STD_013,EL_A_003,1,1,cross_family_structural_candidate,original,original,C * V,C * V,3.0e-4 C,1.2e-3 C
CM_A_STD_013,EL_A_003,1,2,cross_family_structural_candidate,original,original,C * V,C * V,3.0e-4 C,1.2e-3 C
CM_A_STD_013,EL_A_003,1,3,cross_family_structural_candidate,original,original,C * V,C * V,3.0e-4 C,1.2e-3 C
CM_A_STD_013,EL_B_003,1,0,cross_family_structural_candidate,original,original,C * V,C * V,3.0e-4 C,4.5e-4 C
CM_A_STD_013,EL_B_003,1,1,cross_family_structural_candidate,original,original,C * V,C * V,3.0e-4 C,4.5e-4 C
CM_A_STD_013,EL_B_003,1,2,cross_family_structural_candidate,original,original,C * V,C * V,3.0e-4 C,4.5e-4 C
CM_A_STD_013,EL_B_003,1,3,cross_family_structural_candidate,original,original,C * V,C * V,3.0e-4 C,4.5e-4 C
CM_A_STD_013,CM_B_UM_037,2,0,cross_family_structural_candidate,original,original,C * V,C_A * V_A,3.0e-4 C,3.0e-4 C
CM_A_STD_013,CM_B_UM_037,2,1,cross_family_structural_candidate,original,original,C * V,C_A * V_A,3.0e-4 C,3.0e-4 C
CM_A_STD_013,CM_B_UM_037,2,2,cross_family_structural_candidate,original,original,C * V,C_A * V_A,3.0e-4 C,3.0e-4 C
CM_A_STD_013,CM_B_UM_037,2,3,cross_family_structural_candidate,original,original,C * V,C_A * V_A,3.0e-4 C,3.0e-4 C
CM_A_STD_013,EL_A_003,2,0,cross_family_structural_candidate,original,original,C * V,C * V,3.0e-4 C,1.2e-3 C
CM_A_STD_013,EL_A_003,2,1,cross_family_structural_candidate,original,original,C * V,C * V,3.0e-4 C,1.2e-3 C
CM_A_STD_013,EL_A_003,2,2,cross_family_structural_candidate,original,original,C * V,C * V,3.0e-4 C,1.2e-3 C
CM_A_STD_013,EL_A_003,2,3,cross_family_structural_candidate,original,original,C * V,C * V,3.0e-4 C,1.2e-3 C
CM_A_STD_013,EL_B_003,2,0,cross_family_structural_candidate,original,original,C * V,C * V,3.0e-4 C,4.5e-4 C
CM_A_STD_013,EL_B_003,2,1,cross_family_structural_candidate,original,original,C * V,C * V,3.0e-4 C,4.5e-4 C
CM_A_STD_013,EL_B_003,2,2,cross_family_structural_candidate,original,original,C * V,C * V,3.0e-4 C,4.5e-4 C
CM_A_STD_013,EL_B_003,2,3,cross_family_structural_candidate,original,original,C * V,C * V,3.0e-4 C,4.5e-4 C
CM_A_STD_013,CM_B_UM_037,3,0,cross_family_structural_candidate,original,original,C * V,C_A * V_A,3.0e-4 C,3.0e-4 C
CM_A_STD_013,CM_B_UM_037,3,1,cross_family_structural_candidate,original,original,C * V,C_A * V_A,3.0e-4 C,3.0e-4 C
CM_A_STD_013,CM_B_UM_037,3,2,cross_family_structural_candidate,original,original,C * V,C_A * V_A,3.0e-4 C,3.0e-4 C
CM_A_STD_013,CM_B_UM_037,3,3,cross_family_structural_candidate,original,original,C * V,C_A * V_A,3.0e-4 C,3.0e-4 C
CM_A_STD_013,EL_A_003,3,0,cross_family_structural_candidate,original,original,C * V,C * V,3.0e-4 C,1.2e-3 C
CM_A_STD_013,EL_A_003,3,1,cross_family_structural_candidate,original,original,C * V,C * V,3.0e-4 C,1.2e-3 C
CM_A_STD_013,EL_A_003,3,2,cross_family_structural_candidate,original,original,C * V,C * V,3.0e-4 C,1.2e-3 C
CM_A_STD_013,EL_A_003,3,3,cross_family_structural_candidate,original,original,C * V,C * V,3.0e-4 C,1.2e-3 C
CM_A_STD_013,EL_B_003,3,0,cross_family_structural_candidate,original,original,C * V,C * V,3.0e-4 C,4.5e-4 C
CM_A_STD_013,EL_B_003,3,1,cross_family_structural_candidate,original,original,C * V,C * V,3.0e-4 C,4.5e-4 C
CM_A_STD_013,EL_B_003,3,2,cross_family_structural_candidate,original,original,C * V,C * V,3.0e-4 C,4.5e-4 C
CM_A_STD_013,EL_B_003,3,3,cross_family_structural_candidate,original,original,C * V,C * V,3.0e-4 C,4.5e-4 C
CM_A_STD_014,CM_B_UM_019,0,0,cross_family_structural_candidate,original,original,V / R,emf / R_ext,2.0 A,2.0 A
CM_A_STD_014,CM_B_UM_019,0,1,cross_family_structural_candidate,original,original,V / R,emf / R_ext,2.0 A,2.0 A
CM_A_STD_014,CM_B_UM_019,0,2,cross_family_structural_candidate,original,original,V / R,emf / R_ext,2.0 A,2.0 A
CM_A_STD_014,CM_B_UM_019,0,3,cross_family_structural_candidate,original,original,V / R,emf / R_ext,2.0 A,2.0 A
CM_A_STD_014,CM_B_UM_019,1,0,cross_family_structural_candidate,original,original,V / R,emf / R_ext,2.0 A,2.0 A
CM_A_STD_014,CM_B_UM_019,1,1,cross_family_structural_candidate,original,original,V / R,emf / R_ext,2.0 A,2.0 A
CM_A_STD_014,CM_B_UM_019,1,2,cross_family_structural_candidate,original,original,V / R,emf / R_ext,2.0 A,2.0 A
CM_A_STD_014,CM_B_UM_019,1,3,cross_family_structural_candidate,original,original,V / R,emf / R_ext,2.0 A,2.0 A
CM_A_STD_014,CM_B_UM_019,2,0,cross_family_structural_candidate,original,original,V / R,emf / R_ext,2.0 A,2.0 A
CM_A_STD_014,CM_B_UM_019,2,1,cross_family_structural_candidate,original,original,V / R,emf / R_ext,2.0 A,2.0 A
CM_A_STD_014,CM_B_UM_019,2,2,cross_family_structural_candidate,original,original,V / R,emf / R_ext,2.0 A,2.0 A
CM_A_STD_014,CM_B_UM_019,2,3,cross_family_structural_candidate,original,original,V / R,emf / R_ext,2.0 A,2.0 A
CM_A_STD_014,CM_B_UM_019,3,0,cross_family_structural_candidate,original,original,V / R,emf / R_ext,2.0 A,2.0 A
CM_A_STD_014,CM_B_UM_019,3,1,cross_family_structural_candidate,original,original,V / R,emf / R_ext,2.0 A,2.0 A
CM_A_STD_014,CM_B_UM_019,3,2,cross_family_structural_candidate,original,original,V / R,emf / R_ext,2.0 A,2.0 A
CM_A_STD_014,CM_B_UM_019,3,3,cross_family_structural_candidate,original,original,V / R,emf / R_ext,2.0 A,2.0 A
CM_A_STD_017,TH_B_UM_001,0,0,cross_family_structural_candidate,original,original,m * c * delta_T,m_A * c_A * delta_T_A,41860 J,41860 J
CM_A_STD_017,TH_B_UM_001,0,1,cross_family_structural_candidate,original,original,m * c * delta_T,m_A * c_A * delta_T_A,41860 J,41860 J
CM_A_STD_017,TH_B_UM_001,0,2,cross_family_structural_candidate,original,original,m * c * delta_T,m_A * c_A * delta_T_A,41860 J,41860 J
CM_A_STD_017,TH_B_UM_001,0,3,cross_family_structural_candidate,original,original,m * c * delta_T,m_A * c_A * delta_T_A,41860 J,41860 J
CM_A_STD_017,TH_B_UM_002,0,0,cross_family_structural_candidate,original,original,m * c * delta_T,m_A * c_A * delta_T_A,41860 J,41860 J
CM_A_STD_017,TH_B_UM_002,0,1,cross_family_structural_candidate,original,original,m * c * delta_T,m_A * c_A * delta_T_A,41860 J,41860 J
CM_A_STD_017,TH_B_UM_002,0,2,cross_family_structural_candidate,original,original,m * c * delta_T,m_A * c_A * delta_T_A,41860 J,41860 J
CM_A_STD_017,TH_B_UM_002,0,3,cross_family_structural_candidate,original,original,m * c * delta_T,m_A * c_A * delta_T_A,41860 J,41860 J
CM_A_STD_017,TH_B_UM_003,0,0,cross_family_structural_candidate,original,original,m * c * delta_T,m_A * c_A * delta_T_A,41860 J,41860 J
CM_A_STD_017,TH_B_UM_003,0,1,cross_family_structural_candidate,original,original,m * c * delta_T,m_A * c_A * delta_T_A,41860 J,41860 J
CM_A_STD_017,TH_B_UM_003,0,2,cross_family_structural_candidate,original,original,m * c * delta_T,m_A * c_A * delta_T_A,41860 J,41860 J
CM_A_STD_017,TH_B_UM_003,0,3,cross_family_structural_candidate,original,original,m * c * delta_T,m_A * c_A * delta_T_A,41860 J,41860 J
CM_A_STD_017,TH_B_UM_011,0,0,cross_family_structural_candidate,original,expansion,m * c * delta_T,m * c * delta_T,41860 J,1674.4 J
CM_A_STD_017,TH_B_UM_011,0,1,cross_family_structural_candidate,original,expansion,m * c * delta_T,m * c * delta_T,41860 J,1674.4 J
CM_A_STD_017,TH_B_UM_011,0,2,cross_family_structural_candidate,original,expansion,m * c * delta_T,m * c * delta_T,41860 J,1674.4 J
CM_A_STD_017,TH_B_UM_011,0,3,cross_family_structural_candidate,original,expansion,m * c * delta_T,m * c * delta_T,41860 J,1674.4 J
CM_A_STD_017,TH_B_UM_001,1,0,cross_family_structural_candidate,original,original,m * c * delta_T,m_A * c_A * delta_T_A,41860 J,41860 J
CM_A_STD_017,TH_B_UM_001,1,1,cross_family_structural_candidate,original,original,m * c * delta_T,m_A * c_A * delta_T_A,41860 J,41860 J
CM_A_STD_017,TH_B_UM_001,1,2,cross_family_structural_candidate,original,original,m * c * delta_T,m_A * c_A * delta_T_A,41860 J,41860 J
CM_A_STD_017,TH_B_UM_001,1,3,cross_family_structural_candidate,original,original,m * c * delta_T,m_A * c_A * delta_T_A,41860 J,41860 J
CM_A_STD_017,TH_B_UM_002,1,0,cross_family_structural_candidate,original,original,m * c * delta_T,m_A * c_A * delta_T_A,41860 J,41860 J
CM_A_STD_017,TH_B_UM_002,1,1,cross_family_structural_candidate,original,original,m * c * delta_T,m_A * c_A * delta_T_A,41860 J,41860 J
CM_A_STD_017,TH_B_UM_002,1,2,cross_family_structural_candidate,original,original,m * c * delta_T,m_A * c_A * delta_T_A,41860 J,41860 J
CM_A_STD_017,TH_B_UM_002,1,3,cross_family_structural_candidate,original,original,m * c * delta_T,m_A * c_A * delta_T_A,41860 J,41860 J
CM_A_STD_017,TH_B_UM_003,1,0,cross_family_structural_candidate,original,original,m * c * delta_T,m_A * c_A * delta_T_A,41860 J,41860 J
CM_A_STD_017,TH_B_UM_003,1,1,cross_family_structural_candidate,original,original,m * c * delta_T,m_A * c_A * delta_T_A,41860 J,41860 J
CM_A_STD_017,TH_B_UM_003,1,2,cross_family_structural_candidate,original,original,m * c * delta_T,m_A * c_A * delta_T_A,41860 J,41860 J
CM_A_STD_017,TH_B_UM_003,1,3,cross_family_structural_candidate,original,original,m * c * delta_T,m_A * c_A * delta_T_A,41860 J,41860 J
CM_A_STD_017,TH_B_UM_011,1,0,cross_family_structural_candidate,original,expansion,m * c * delta_T,m * c * delta_T,41860 J,1674.4 J
CM_A_STD_017,TH_B_UM_011,1,1,cross_family_structural_candidate,original,expansion,m * c * delta_T,m * c * delta_T,41860 J,1674.4 J
CM_A_STD_017,TH_B_UM_011,1,2,cross_family_structural_candidate,original,expansion,m * c * delta_T,m * c * delta_T,41860 J,1674.4 J
CM_A_STD_017,TH_B_UM_011,1,3,cross_family_structural_candidate,original,expansion,m * c * delta_T,m * c * delta_T,41860 J,1674.4 J
CM_A_STD_017,TH_B_UM_001,2,0,cross_family_structural_candidate,original,original,m * c * delta_T,m_A * c_A * delta_T_A,41860 J,41860 J
CM_A_STD_017,TH_B_UM_001,2,1,cross_family_structural_candidate,original,original,m * c * delta_T,m_A * c_A * delta_T_A,41860 J,41860 J
CM_A_STD_017,TH_B_UM_001,2,2,cross_family_structural_candidate,original,original,m * c * delta_T,m_A * c_A * delta_T_A,41860 J,41860 J
CM_A_STD_017,TH_B_UM_001,2,3,cross_family_structural_candidate,original,original,m * c * delta_T,m_A * c_A * delta_T_A,41860 J,41860 J
CM_A_STD_017,TH_B_UM_002,2,0,cross_family_structural_candidate,original,original,m * c * delta_T,m_A * c_A * delta_T_A,41860 J,41860 J
CM_A_STD_017,TH_B_UM_002,2,1,cross_family_structural_candidate,original,original,m * c * delta_T,m_A * c_A * delta_T_A,41860 J,41860 J
CM_A_STD_017,TH_B_UM_002,2,2,cross_family_structural_candidate,original,original,m * c * delta_T,m_A * c_A * delta_T_A,41860 J,41860 J
CM_A_STD_017,TH_B_UM_002,2,3,cross_family_structural_candidate,original,original,m * c * delta_T,m_A * c_A * delta_T_A,41860 J,41860 J
CM_A_STD_017,TH_B_UM_003,2,0,cross_family_structural_candidate,original,original,m * c * delta_T,m_A * c_A * delta_T_A,41860 J,41860 J
CM_A_STD_017,TH_B_UM_003,2,1,cross_family_structural_candidate,original,original,m * c * delta_T,m_A * c_A * delta_T_A,41860 J,41860 J
CM_A_STD_017,TH_B_UM_003,2,2,cross_family_structural_candidate,original,original,m * c * delta_T,m_A * c_A * delta_T_A,41860 J,41860 J
CM_A_STD_017,TH_B_UM_003,2,3,cross_family_structural_candidate,original,original,m * c * delta_T,m_A * c_A * delta_T_A,41860 J,41860 J
CM_A_STD_017,TH_B_UM_011,2,0,cross_family_structural_candidate,original,expansion,m * c * delta_T,m * c * delta_T,41860 J,1674.4 J
CM_A_STD_017,TH_B_UM_011,2,1,cross_family_structural_candidate,original,expansion,m * c * delta_T,m * c * delta_T,41860 J,1674.4 J
CM_A_STD_017,TH_B_UM_011,2,2,cross_family_structural_candidate,original,expansion,m * c * delta_T,m * c * delta_T,41860 J,1674.4 J
CM_A_STD_017,TH_B_UM_011,2,3,cross_family_structural_candidate,original,expansion,m * c * delta_T,m * c * delta_T,41860 J,1674.4 J
CM_A_STD_017,TH_B_UM_001,3,0,cross_family_structural_candidate,original,original,m * c * delta_T,m_A * c_A * delta_T_A,41860 J,41860 J
CM_A_STD_017,TH_B_UM_001,3,1,cross_family_structural_candidate,original,original,m * c * delta_T,m_A * c_A * delta_T_A,41860 J,41860 J
CM_A_STD_017,TH_B_UM_001,3,2,cross_family_structural_candidate,original,original,m * c * delta_T,m_A * c_A * delta_T_A,41860 J,41860 J
CM_A_STD_017,TH_B_UM_001,3,3,cross_family_structural_candidate,original,original,m * c * delta_T,m_A * c_A * delta_T_A,41860 J,41860 J
CM_A_STD_017,TH_B_UM_002,3,0,cross_family_structural_candidate,original,original,m * c * delta_T,m_A * c_A * delta_T_A,41860 J,41860 J
CM_A_STD_017,TH_B_UM_002,3,1,cross_family_structural_candidate,original,original,m * c * delta_T,m_A * c_A * delta_T_A,41860 J,41860 J
CM_A_STD_017,TH_B_UM_002,3,2,cross_family_structural_candidate,original,original,m * c * delta_T,m_A * c_A * delta_T_A,41860 J,41860 J
CM_A_STD_017,TH_B_UM_002,3,3,cross_family_structural_candidate,original,original,m * c * delta_T,m_A * c_A * delta_T_A,41860 J,41860 J
CM_A_STD_017,TH_B_UM_003,3,0,cross_family_structural_candidate,original,original,m * c * delta_T,m_A * c_A * delta_T_A,41860 J,41860 J
CM_A_STD_017,TH_B_UM_003,3,1,cross_family_structural_candidate,original,original,m * c * delta_T,m_A * c_A * delta_T_A,41860 J,41860 J
CM_A_STD_017,TH_B_UM_003,3,2,cross_family_structural_candidate,original,original,m * c * delta_T,m_A * c_A * delta_T_A,41860 J,41860 J
CM_A_STD_017,TH_B_UM_003,3,3,cross_family_structural_candidate,original,original,m * c * delta_T,m_A * c_A * delta_T_A,41860 J,41860 J
CM_A_STD_017,TH_B_UM_011,3,0,cross_family_structural_candidate,original,expansion,m * c * delta_T,m * c * delta_T,41860 J,1674.4 J
CM_A_STD_017,TH_B_UM_011,3,1,cross_family_structural_candidate,original,expansion,m * c * delta_T,m * c * delta_T,41860 J,1674.4 J
CM_A_STD_017,TH_B_UM_011,3,2,cross_family_structural_candidate,original,expansion,m * c * delta_T,m * c * delta_T,41860 J,1674.4 J
CM_A_STD_017,TH_B_UM_011,3,3,cross_family_structural_candidate,original,expansion,m * c * delta_T,m * c * delta_T,41860 J,1674.4 J
CM_B_005,CM_B_UM_062,0,0,cross_family_structural_candidate,original,expansion,k * x,k * x,12.0 N,24.48 N
CM_B_005,CM_B_UM_062,0,1,cross_family_structural_candidate,original,expansion,k * x,k * x,12.0 N,24.48 N
CM_B_005,CM_B_UM_062,0,2,cross_family_structural_candidate,original,expansion,k * x,k * x,12.0 N,24.48 N
CM_B_005,CM_B_UM_062,0,3,cross_family_structural_candidate,original,expansion,k * x,k * x,12.0 N,24.48 N
CM_B_005,CM_B_UM_062,1,0,cross_family_structural_candidate,original,expansion,k * x,k * x,12.0 N,24.48 N
CM_B_005,CM_B_UM_062,1,1,cross_family_structural_candidate,original,expansion,k * x,k * x,12.0 N,24.48 N
CM_B_005,CM_B_UM_062,1,2,cross_family_structural_candidate,original,expansion,k * x,k * x,12.0 N,24.48 N
CM_B_005,CM_B_UM_062,1,3,cross_family_structural_candidate,original,expansion,k * x,k * x,12.0 N,24.48 N
CM_B_005,CM_B_UM_062,2,0,cross_family_structural_candidate,original,expansion,k * x,k * x,12.0 N,24.48 N
CM_B_005,CM_B_UM_062,2,1,cross_family_structural_candidate,original,expansion,k * x,k * x,12.0 N,24.48 N
CM_B_005,CM_B_UM_062,2,2,cross_family_structural_candidate,original,expansion,k * x,k * x,12.0 N,24.48 N
CM_B_005,CM_B_UM_062,2,3,cross_family_structural_candidate,original,expansion,k * x,k * x,12.0 N,24.48 N
CM_B_005,CM_B_UM_062,3,0,cross_family_structural_candidate,original,expansion,k * x,k * x,12.0 N,24.48 N
CM_B_005,CM_B_UM_062,3,1,cross_family_structural_candidate,original,expansion,k * x,k * x,12.0 N,24.48 N
CM_B_005,CM_B_UM_062,3,2,cross_family_structural_candidate,original,expansion,k * x,k * x,12.0 N,24.48 N
CM_B_005,CM_B_UM_062,3,3,cross_family_structural_candidate,original,expansion,k * x,k * x,12.0 N,24.48 N
CM_B_008,CM_B_UM_063,0,0,cross_family_structural_candidate,original,expansion,F * d,F * d,160.0 J,18.72 J
CM_B_008,CM_B_UM_063,0,1,cross_family_structural_candidate,original,expansion,F * d,F * d,160.0 J,18.72 J
CM_B_008,CM_B_UM_063,0,2,cross_family_structural_candidate,original,expansion,F * d,F * d,160.0 J,18.72 J
CM_B_008,CM_B_UM_063,0,3,cross_family_structural_candidate,original,expansion,F * d,F * d,160.0 J,18.72 J
CM_B_008,CM_B_UM_063,1,0,cross_family_structural_candidate,original,expansion,F * d,F * d,160.0 J,18.72 J
CM_B_008,CM_B_UM_063,1,1,cross_family_structural_candidate,original,expansion,F * d,F * d,160.0 J,18.72 J
CM_B_008,CM_B_UM_063,1,2,cross_family_structural_candidate,original,expansion,F * d,F * d,160.0 J,18.72 J
CM_B_008,CM_B_UM_063,1,3,cross_family_structural_candidate,original,expansion,F * d,F * d,160.0 J,18.72 J
CM_B_008,CM_B_UM_063,2,0,cross_family_structural_candidate,original,expansion,F * d,F * d,160.0 J,18.72 J
CM_B_008,CM_B_UM_063,2,1,cross_family_structural_candidate,original,expansion,F * d,F * d,160.0 J,18.72 J
CM_B_008,CM_B_UM_063,2,2,cross_family_structural_candidate,original,expansion,F * d,F * d,160.0 J,18.72 J
CM_B_008,CM_B_UM_063,2,3,cross_family_structural_candidate,original,expansion,F * d,F * d,160.0 J,18.72 J
CM_B_008,CM_B_UM_063,3,0,cross_family_structural_candidate,original,expansion,F * d,F * d,160.0 J,18.72 J
CM_B_008,CM_B_UM_063,3,1,cross_family_structural_candidate,original,expansion,F * d,F * d,160.0 J,18.72 J
CM_B_008,CM_B_UM_063,3,2,cross_family_structural_candidate,original,expansion,F * d,F * d,160.0 J,18.72 J
CM_B_008,CM_B_UM_063,3,3,cross_family_structural_candidate,original,expansion,F * d,F * d,160.0 J,18.72 J
CM_B_010,CM_B_UM_028,0,0,cross_family_structural_candidate,original,original,r * F,r_A * F_A,15.0 N*m,15.0 N*m
CM_B_010,CM_B_UM_028,0,1,cross_family_structural_candidate,original,original,r * F,r_A * F_A,15.0 N*m,15.0 N*m
CM_B_010,CM_B_UM_028,0,2,cross_family_structural_candidate,original,original,r * F,r_A * F_A,15.0 N*m,15.0 N*m
CM_B_010,CM_B_UM_028,0,3,cross_family_structural_candidate,original,original,r * F,r_A * F_A,15.0 N*m,15.0 N*m
CM_B_010,CM_B_UM_061,0,0,cross_family_structural_candidate,original,expansion,r * F,r * F,15.0 N*m,6.928 N*m
CM_B_010,CM_B_UM_061,0,1,cross_family_structural_candidate,original,expansion,r * F,r * F,15.0 N*m,6.928 N*m
CM_B_010,CM_B_UM_061,0,2,cross_family_structural_candidate,original,expansion,r * F,r * F,15.0 N*m,6.928 N*m
CM_B_010,CM_B_UM_061,0,3,cross_family_structural_candidate,original,expansion,r * F,r * F,15.0 N*m,6.928 N*m
CM_B_010,CM_B_UM_028,1,0,cross_family_structural_candidate,original,original,r * F,r_A * F_A,15.0 N*m,15.0 N*m
CM_B_010,CM_B_UM_028,1,1,cross_family_structural_candidate,original,original,r * F,r_A * F_A,15.0 N*m,15.0 N*m
CM_B_010,CM_B_UM_028,1,2,cross_family_structural_candidate,original,original,r * F,r_A * F_A,15.0 N*m,15.0 N*m
CM_B_010,CM_B_UM_028,1,3,cross_family_structural_candidate,original,original,r * F,r_A * F_A,15.0 N*m,15.0 N*m
CM_B_010,CM_B_UM_061,1,0,cross_family_structural_candidate,original,expansion,r * F,r * F,15.0 N*m,6.928 N*m
CM_B_010,CM_B_UM_061,1,1,cross_family_structural_candidate,original,expansion,r * F,r * F,15.0 N*m,6.928 N*m
CM_B_010,CM_B_UM_061,1,2,cross_family_structural_candidate,original,expansion,r * F,r * F,15.0 N*m,6.928 N*m
CM_B_010,CM_B_UM_061,1,3,cross_family_structural_candidate,original,expansion,r * F,r * F,15.0 N*m,6.928 N*m
CM_B_010,CM_B_UM_028,2,0,cross_family_structural_candidate,original,original,r * F,r_A * F_A,15.0 N*m,15.0 N*m
CM_B_010,CM_B_UM_028,2,1,cross_family_structural_candidate,original,original,r * F,r_A * F_A,15.0 N*m,15.0 N*m
CM_B_010,CM_B_UM_028,2,2,cross_family_structural_candidate,original,original,r * F,r_A * F_A,15.0 N*m,15.0 N*m
CM_B_010,CM_B_UM_028,2,3,cross_family_structural_candidate,original,original,r * F,r_A * F_A,15.0 N*m,15.0 N*m
CM_B_010,CM_B_UM_061,2,0,cross_family_structural_candidate,original,expansion,r * F,r * F,15.0 N*m,6.928 N*m
CM_B_010,CM_B_UM_061,2,1,cross_family_structural_candidate,original,expansion,r * F,r * F,15.0 N*m,6.928 N*m
CM_B_010,CM_B_UM_061,2,2,cross_family_structural_candidate,original,expansion,r * F,r * F,15.0 N*m,6.928 N*m
CM_B_010,CM_B_UM_061,2,3,cross_family_structural_candidate,original,expansion,r * F,r * F,15.0 N*m,6.928 N*m
CM_B_010,CM_B_UM_028,3,0,cross_family_structural_candidate,original,original,r * F,r_A * F_A,15.0 N*m,15.0 N*m
CM_B_010,CM_B_UM_028,3,1,cross_family_structural_candidate,original,original,r * F,r_A * F_A,15.0 N*m,15.0 N*m
CM_B_010,CM_B_UM_028,3,2,cross_family_structural_candidate,original,original,r * F,r_A * F_A,15.0 N*m,15.0 N*m
CM_B_010,CM_B_UM_028,3,3,cross_family_structural_candidate,original,original,r * F,r_A * F_A,15.0 N*m,15.0 N*m
CM_B_010,CM_B_UM_061,3,0,cross_family_structural_candidate,original,expansion,r * F,r * F,15.0 N*m,6.928 N*m
CM_B_010,CM_B_UM_061,3,1,cross_family_structural_candidate,original,expansion,r * F,r * F,15.0 N*m,6.928 N*m
CM_B_010,CM_B_UM_061,3,2,cross_family_structural_candidate,original,expansion,r * F,r * F,15.0 N*m,6.928 N*m
CM_B_010,CM_B_UM_061,3,3,cross_family_structural_candidate,original,expansion,r * F,r * F,15.0 N*m,6.928 N*m
CM_B_STD_001,CM_B_STD_003,0,0,cross_family_structural_candidate,original,original,tau_A / I_A,tau_A / I_A,4.0 rad/s^2,6.0 rad/s^2
CM_B_STD_001,CM_B_STD_003,0,1,cross_family_structural_candidate,original,original,tau_A / I_A,tau_A / I_A,4.0 rad/s^2,6.0 rad/s^2
CM_B_STD_001,CM_B_STD_003,0,2,cross_family_structural_candidate,original,original,tau_A / I_A,tau_A / I_A,4.0 rad/s^2,6.0 rad/s^2
CM_B_STD_001,CM_B_STD_003,0,3,cross_family_structural_candidate,original,original,tau_A / I_A,tau_A / I_A,4.0 rad/s^2,6.0 rad/s^2
CM_B_STD_001,CM_B_STD_003,1,0,cross_family_structural_candidate,original,original,tau_A / I_A,tau_A / I_A,4.0 rad/s^2,6.0 rad/s^2
CM_B_STD_001,CM_B_STD_003,1,1,cross_family_structural_candidate,original,original,tau_A / I_A,tau_A / I_A,4.0 rad/s^2,6.0 rad/s^2
CM_B_STD_001,CM_B_STD_003,1,2,cross_family_structural_candidate,original,original,tau_A / I_A,tau_A / I_A,4.0 rad/s^2,6.0 rad/s^2
CM_B_STD_001,CM_B_STD_003,1,3,cross_family_structural_candidate,original,original,tau_A / I_A,tau_A / I_A,4.0 rad/s^2,6.0 rad/s^2
CM_B_STD_001,CM_B_STD_003,2,0,cross_family_structural_candidate,original,original,tau_A / I_A,tau_A / I_A,4.0 rad/s^2,6.0 rad/s^2
CM_B_STD_001,CM_B_STD_003,2,1,cross_family_structural_candidate,original,original,tau_A / I_A,tau_A / I_A,4.0 rad/s^2,6.0 rad/s^2
CM_B_STD_001,CM_B_STD_003,2,2,cross_family_structural_candidate,original,original,tau_A / I_A,tau_A / I_A,4.0 rad/s^2,6.0 rad/s^2
CM_B_STD_001,CM_B_STD_003,2,3,cross_family_structural_candidate,original,original,tau_A / I_A,tau_A / I_A,4.0 rad/s^2,6.0 rad/s^2
CM_B_STD_001,CM_B_STD_003,3,0,cross_family_structural_candidate,original,original,tau_A / I_A,tau_A / I_A,4.0 rad/s^2,6.0 rad/s^2
CM_B_STD_001,CM_B_STD_003,3,1,cross_family_structural_candidate,original,original,tau_A / I_A,tau_A / I_A,4.0 rad/s^2,6.0 rad/s^2
CM_B_STD_001,CM_B_STD_003,3,2,cross_family_structural_candidate,original,original,tau_A / I_A,tau_A / I_A,4.0 rad/s^2,6.0 rad/s^2
CM_B_STD_001,CM_B_STD_003,3,3,cross_family_structural_candidate,original,original,tau_A / I_A,tau_A / I_A,4.0 rad/s^2,6.0 rad/s^2
CM_B_STD_004,CM_B_STD_005,0,0,cross_family_structural_candidate,original,original,rho_A * g * h_A,rho_A * g * h_A,19600 Pa,39200 Pa
CM_B_STD_004,CM_B_STD_005,0,1,cross_family_structural_candidate,original,original,rho_A * g * h_A,rho_A * g * h_A,19600 Pa,39200 Pa
CM_B_STD_004,CM_B_STD_005,0,2,cross_family_structural_candidate,original,original,rho_A * g * h_A,rho_A * g * h_A,19600 Pa,39200 Pa
CM_B_STD_004,CM_B_STD_005,0,3,cross_family_structural_candidate,original,original,rho_A * g * h_A,rho_A * g * h_A,19600 Pa,39200 Pa
CM_B_STD_004,CM_B_STD_006,0,0,cross_family_structural_candidate,original,original,rho_A * g * h_A,rho_A * g * h_A,19600 Pa,13328 Pa
CM_B_STD_004,CM_B_STD_006,0,1,cross_family_structural_candidate,original,original,rho_A * g * h_A,rho_A * g * h_A,19600 Pa,13328 Pa
CM_B_STD_004,CM_B_STD_006,0,2,cross_family_structural_candidate,original,original,rho_A * g * h_A,rho_A * g * h_A,19600 Pa,13328 Pa
CM_B_STD_004,CM_B_STD_006,0,3,cross_family_structural_candidate,original,original,rho_A * g * h_A,rho_A * g * h_A,19600 Pa,13328 Pa
CM_B_STD_004,CM_B_STD_005,1,0,cross_family_structural_candidate,original,original,rho_A * g * h_A,rho_A * g * h_A,19600 Pa,39200 Pa
CM_B_STD_004,CM_B_STD_005,1,1,cross_family_structural_candidate,original,original,rho_A * g * h_A,rho_A * g * h_A,19600 Pa,39200 Pa
CM_B_STD_004,CM_B_STD_005,1,2,cross_family_structural_candidate,original,original,rho_A * g * h_A,rho_A * g * h_A,19600 Pa,39200 Pa
CM_B_STD_004,CM_B_STD_005,1,3,cross_family_structural_candidate,original,original,rho_A * g * h_A,rho_A * g * h_A,19600 Pa,39200 Pa
CM_B_STD_004,CM_B_STD_006,1,0,cross_family_structural_candidate,original,original,rho_A * g * h_A,rho_A * g * h_A,19600 Pa,13328 Pa
CM_B_STD_004,CM_B_STD_006,1,1,cross_family_structural_candidate,original,original,rho_A * g * h_A,rho_A * g * h_A,19600 Pa,13328 Pa
CM_B_STD_004,CM_B_STD_006,1,2,cross_family_structural_candidate,original,original,rho_A * g * h_A,rho_A * g * h_A,19600 Pa,13328 Pa
CM_B_STD_004,CM_B_STD_006,1,3,cross_family_structural_candidate,original,original,rho_A * g * h_A,rho_A * g * h_A,19600 Pa,13328 Pa
CM_B_STD_004,CM_B_STD_005,2,0,cross_family_structural_candidate,original,original,rho_A * g * h_A,rho_A * g * h_A,19600 Pa,39200 Pa
CM_B_STD_004,CM_B_STD_005,2,1,cross_family_structural_candidate,original,original,rho_A * g * h_A,rho_A * g * h_A,19600 Pa,39200 Pa
CM_B_STD_004,CM_B_STD_005,2,2,cross_family_structural_candidate,original,original,rho_A * g * h_A,rho_A * g * h_A,19600 Pa,39200 Pa
CM_B_STD_004,CM_B_STD_005,2,3,cross_family_structural_candidate,original,original,rho_A * g * h_A,rho_A * g * h_A,19600 Pa,39200 Pa
CM_B_STD_004,CM_B_STD_006,2,0,cross_family_structural_candidate,original,original,rho_A * g * h_A,rho_A * g * h_A,19600 Pa,13328 Pa
CM_B_STD_004,CM_B_STD_006,2,1,cross_family_structural_candidate,original,original,rho_A * g * h_A,rho_A * g * h_A,19600 Pa,13328 Pa
CM_B_STD_004,CM_B_STD_006,2,2,cross_family_structural_candidate,original,original,rho_A * g * h_A,rho_A * g * h_A,19600 Pa,13328 Pa
CM_B_STD_004,CM_B_STD_006,2,3,cross_family_structural_candidate,original,original,rho_A * g * h_A,rho_A * g * h_A,19600 Pa,13328 Pa
CM_B_STD_004,CM_B_STD_005,3,0,cross_family_structural_candidate,original,original,rho_A * g * h_A,rho_A * g * h_A,19600 Pa,39200 Pa
CM_B_STD_004,CM_B_STD_005,3,1,cross_family_structural_candidate,original,original,rho_A * g * h_A,rho_A * g * h_A,19600 Pa,39200 Pa
CM_B_STD_004,CM_B_STD_005,3,2,cross_family_structural_candidate,original,original,rho_A * g * h_A,rho_A * g * h_A,19600 Pa,39200 Pa
CM_B_STD_004,CM_B_STD_005,3,3,cross_family_structural_candidate,original,original,rho_A * g * h_A,rho_A * g * h_A,19600 Pa,39200 Pa
CM_B_STD_004,CM_B_STD_006,3,0,cross_family_structural_candidate,original,original,rho_A * g * h_A,rho_A * g * h_A,19600 Pa,13328 Pa
CM_B_STD_004,CM_B_STD_006,3,1,cross_family_structural_candidate,original,original,rho_A * g * h_A,rho_A * g * h_A,19600 Pa,13328 Pa
CM_B_STD_004,CM_B_STD_006,3,2,cross_family_structural_candidate,original,original,rho_A * g * h_A,rho_A * g * h_A,19600 Pa,13328 Pa
CM_B_STD_004,CM_B_STD_006,3,3,cross_family_structural_candidate,original,original,rho_A * g * h_A,rho_A * g * h_A,19600 Pa,13328 Pa
CM_B_STD_005,CM_B_STD_006,0,0,cross_family_structural_candidate,original,original,rho_A * g * h_A,rho_A * g * h_A,39200 Pa,13328 Pa
CM_B_STD_005,CM_B_STD_006,0,1,cross_family_structural_candidate,original,original,rho_A * g * h_A,rho_A * g * h_A,39200 Pa,13328 Pa
CM_B_STD_005,CM_B_STD_006,0,2,cross_family_structural_candidate,original,original,rho_A * g * h_A,rho_A * g * h_A,39200 Pa,13328 Pa
CM_B_STD_005,CM_B_STD_006,0,3,cross_family_structural_candidate,original,original,rho_A * g * h_A,rho_A * g * h_A,39200 Pa,13328 Pa
CM_B_STD_005,CM_B_STD_006,1,0,cross_family_structural_candidate,original,original,rho_A * g * h_A,rho_A * g * h_A,39200 Pa,13328 Pa
CM_B_STD_005,CM_B_STD_006,1,1,cross_family_structural_candidate,original,original,rho_A * g * h_A,rho_A * g * h_A,39200 Pa,13328 Pa
CM_B_STD_005,CM_B_STD_006,1,2,cross_family_structural_candidate,original,original,rho_A * g * h_A,rho_A * g * h_A,39200 Pa,13328 Pa
CM_B_STD_005,CM_B_STD_006,1,3,cross_family_structural_candidate,original,original,rho_A * g * h_A,rho_A * g * h_A,39200 Pa,13328 Pa
CM_B_STD_005,CM_B_STD_006,2,0,cross_family_structural_candidate,original,original,rho_A * g * h_A,rho_A * g * h_A,39200 Pa,13328 Pa
CM_B_STD_005,CM_B_STD_006,2,1,cross_family_structural_candidate,original,original,rho_A * g * h_A,rho_A * g * h_A,39200 Pa,13328 Pa
CM_B_STD_005,CM_B_STD_006,2,2,cross_family_structural_candidate,original,original,rho_A * g * h_A,rho_A * g * h_A,39200 Pa,13328 Pa
CM_B_STD_005,CM_B_STD_006,2,3,cross_family_structural_candidate,original,original,rho_A * g * h_A,rho_A * g * h_A,39200 Pa,13328 Pa
CM_B_STD_005,CM_B_STD_006,3,0,cross_family_structural_candidate,original,original,rho_A * g * h_A,rho_A * g * h_A,39200 Pa,13328 Pa
CM_B_STD_005,CM_B_STD_006,3,1,cross_family_structural_candidate,original,original,rho_A * g * h_A,rho_A * g * h_A,39200 Pa,13328 Pa
CM_B_STD_005,CM_B_STD_006,3,2,cross_family_structural_candidate,original,original,rho_A * g * h_A,rho_A * g * h_A,39200 Pa,13328 Pa
CM_B_STD_005,CM_B_STD_006,3,3,cross_family_structural_candidate,original,original,rho_A * g * h_A,rho_A * g * h_A,39200 Pa,13328 Pa
CM_B_STD_007,CM_B_STD_008,0,0,cross_family_structural_candidate,original,original,m_A * c_A * delta_T_A,m_A * c_A * delta_T_A,42000 J,27000 J
CM_B_STD_007,CM_B_STD_008,0,1,cross_family_structural_candidate,original,original,m_A * c_A * delta_T_A,m_A * c_A * delta_T_A,42000 J,27000 J
CM_B_STD_007,CM_B_STD_008,0,2,cross_family_structural_candidate,original,original,m_A * c_A * delta_T_A,m_A * c_A * delta_T_A,42000 J,27000 J
CM_B_STD_007,CM_B_STD_008,0,3,cross_family_structural_candidate,original,original,m_A * c_A * delta_T_A,m_A * c_A * delta_T_A,42000 J,27000 J
CM_B_STD_007,CM_B_STD_009,0,0,cross_family_structural_candidate,original,original,m_A * c_A * delta_T_A,m_A * c_A * delta_T_A,42000 J,60000 J
CM_B_STD_007,CM_B_STD_009,0,1,cross_family_structural_candidate,original,original,m_A * c_A * delta_T_A,m_A * c_A * delta_T_A,42000 J,60000 J
CM_B_STD_007,CM_B_STD_009,0,2,cross_family_structural_candidate,original,original,m_A * c_A * delta_T_A,m_A * c_A * delta_T_A,42000 J,60000 J
CM_B_STD_007,CM_B_STD_009,0,3,cross_family_structural_candidate,original,original,m_A * c_A * delta_T_A,m_A * c_A * delta_T_A,42000 J,60000 J
CM_B_STD_007,TH_B_UM_001,0,0,cross_family_structural_candidate,original,original,m_A * c_A * delta_T_A,m_A * c_A * delta_T_A,42000 J,41860 J
CM_B_STD_007,TH_B_UM_001,0,1,cross_family_structural_candidate,original,original,m_A * c_A * delta_T_A,m_A * c_A * delta_T_A,42000 J,41860 J
CM_B_STD_007,TH_B_UM_001,0,2,cross_family_structural_candidate,original,original,m_A * c_A * delta_T_A,m_A * c_A * delta_T_A,42000 J,41860 J
CM_B_STD_007,TH_B_UM_001,0,3,cross_family_structural_candidate,original,original,m_A * c_A * delta_T_A,m_A * c_A * delta_T_A,42000 J,41860 J
CM_B_STD_007,TH_B_UM_002,0,0,cross_family_structural_candidate,original,original,m_A * c_A * delta_T_A,m_A * c_A * delta_T_A,42000 J,41860 J
CM_B_STD_007,TH_B_UM_002,0,1,cross_family_structural_candidate,original,original,m_A * c_A * delta_T_A,m_A * c_A * delta_T_A,42000 J,41860 J
CM_B_STD_007,TH_B_UM_002,0,2,cross_family_structural_candidate,original,original,m_A * c_A * delta_T_A,m_A * c_A * delta_T_A,42000 J,41860 J
CM_B_STD_007,TH_B_UM_002,0,3,cross_family_structural_candidate,original,original,m_A * c_A * delta_T_A,m_A * c_A * delta_T_A,42000 J,41860 J
CM_B_STD_007,TH_B_UM_003,0,0,cross_family_structural_candidate,original,original,m_A * c_A * delta_T_A,m_A * c_A * delta_T_A,42000 J,41860 J
CM_B_STD_007,TH_B_UM_003,0,1,cross_family_structural_candidate,original,original,m_A * c_A * delta_T_A,m_A * c_A * delta_T_A,42000 J,41860 J
CM_B_STD_007,TH_B_UM_003,0,2,cross_family_structural_candidate,original,original,m_A * c_A * delta_T_A,m_A * c_A * delta_T_A,42000 J,41860 J
CM_B_STD_007,TH_B_UM_003,0,3,cross_family_structural_candidate,original,original,m_A * c_A * delta_T_A,m_A * c_A * delta_T_A,42000 J,41860 J
CM_B_STD_007,CM_B_STD_008,1,0,cross_family_structural_candidate,original,original,m_A * c_A * delta_T_A,m_A * c_A * delta_T_A,42000 J,27000 J
CM_B_STD_007,CM_B_STD_008,1,1,cross_family_structural_candidate,original,original,m_A * c_A * delta_T_A,m_A * c_A * delta_T_A,42000 J,27000 J
CM_B_STD_007,CM_B_STD_008,1,2,cross_family_structural_candidate,original,original,m_A * c_A * delta_T_A,m_A * c_A * delta_T_A,42000 J,27000 J
CM_B_STD_007,CM_B_STD_008,1,3,cross_family_structural_candidate,original,original,m_A * c_A * delta_T_A,m_A * c_A * delta_T_A,42000 J,27000 J
CM_B_STD_007,CM_B_STD_009,1,0,cross_family_structural_candidate,original,original,m_A * c_A * delta_T_A,m_A * c_A * delta_T_A,42000 J,60000 J
CM_B_STD_007,CM_B_STD_009,1,1,cross_family_structural_candidate,original,original,m_A * c_A * delta_T_A,m_A * c_A * delta_T_A,42000 J,60000 J
CM_B_STD_007,CM_B_STD_009,1,2,cross_family_structural_candidate,original,original,m_A * c_A * delta_T_A,m_A * c_A * delta_T_A,42000 J,60000 J
CM_B_STD_007,CM_B_STD_009,1,3,cross_family_structural_candidate,original,original,m_A * c_A * delta_T_A,m_A * c_A * delta_T_A,42000 J,60000 J
CM_B_STD_007,TH_B_UM_001,1,0,cross_family_structural_candidate,original,original,m_A * c_A * delta_T_A,m_A * c_A * delta_T_A,42000 J,41860 J
CM_B_STD_007,TH_B_UM_001,1,1,cross_family_structural_candidate,original,original,m_A * c_A * delta_T_A,m_A * c_A * delta_T_A,42000 J,41860 J
CM_B_STD_007,TH_B_UM_001,1,2,cross_family_structural_candidate,original,original,m_A * c_A * delta_T_A,m_A * c_A * delta_T_A,42000 J,41860 J
CM_B_STD_007,TH_B_UM_001,1,3,cross_family_structural_candidate,original,original,m_A * c_A * delta_T_A,m_A * c_A * delta_T_A,42000 J,41860 J
CM_B_STD_007,TH_B_UM_002,1,0,cross_family_structural_candidate,original,original,m_A * c_A * delta_T_A,m_A * c_A * delta_T_A,42000 J,41860 J
CM_B_STD_007,TH_B_UM_002,1,1,cross_family_structural_candidate,original,original,m_A * c_A * delta_T_A,m_A * c_A * delta_T_A,42000 J,41860 J
CM_B_STD_007,TH_B_UM_002,1,2,cross_family_structural_candidate,original,original,m_A * c_A * delta_T_A,m_A * c_A * delta_T_A,42000 J,41860 J
CM_B_STD_007,TH_B_UM_002,1,3,cross_family_structural_candidate,original,original,m_A * c_A * delta_T_A,m_A * c_A * delta_T_A,42000 J,41860 J
CM_B_STD_007,TH_B_UM_003,1,0,cross_family_structural_candidate,original,original,m_A * c_A * delta_T_A,m_A * c_A * delta_T_A,42000 J,41860 J
CM_B_STD_007,TH_B_UM_003,1,1,cross_family_structural_candidate,original,original,m_A * c_A * delta_T_A,m_A * c_A * delta_T_A,42000 J,41860 J
CM_B_STD_007,TH_B_UM_003,1,2,cross_family_structural_candidate,original,original,m_A * c_A * delta_T_A,m_A * c_A * delta_T_A,42000 J,41860 J
CM_B_STD_007,TH_B_UM_003,1,3,cross_family_structural_candidate,original,original,m_A * c_A * delta_T_A,m_A * c_A * delta_T_A,42000 J,41860 J
CM_B_STD_007,CM_B_STD_008,2,0,cross_family_structural_candidate,original,original,m_A * c_A * delta_T_A,m_A * c_A * delta_T_A,42000 J,27000 J
CM_B_STD_007,CM_B_STD_008,2,1,cross_family_structural_candidate,original,original,m_A * c_A * delta_T_A,m_A * c_A * delta_T_A,42000 J,27000 J
CM_B_STD_007,CM_B_STD_008,2,2,cross_family_structural_candidate,original,original,m_A * c_A * delta_T_A,m_A * c_A * delta_T_A,42000 J,27000 J
CM_B_STD_007,CM_B_STD_008,2,3,cross_family_structural_candidate,original,original,m_A * c_A * delta_T_A,m_A * c_A * delta_T_A,42000 J,27000 J
CM_B_STD_007,CM_B_STD_009,2,0,cross_family_structural_candidate,original,original,m_A * c_A * delta_T_A,m_A * c_A * delta_T_A,42000 J,60000 J
CM_B_STD_007,CM_B_STD_009,2,1,cross_family_structural_candidate,original,original,m_A * c_A * delta_T_A,m_A * c_A * delta_T_A,42000 J,60000 J
CM_B_STD_007,CM_B_STD_009,2,2,cross_family_structural_candidate,original,original,m_A * c_A * delta_T_A,m_A * c_A * delta_T_A,42000 J,60000 J
CM_B_STD_007,CM_B_STD_009,2,3,cross_family_structural_candidate,original,original,m_A * c_A * delta_T_A,m_A * c_A * delta_T_A,42000 J,60000 J
CM_B_STD_007,TH_B_UM_001,2,0,cross_family_structural_candidate,original,original,m_A * c_A * delta_T_A,m_A * c_A * delta_T_A,42000 J,41860 J
CM_B_STD_007,TH_B_UM_001,2,1,cross_family_structural_candidate,original,original,m_A * c_A * delta_T_A,m_A * c_A * delta_T_A,42000 J,41860 J
CM_B_STD_007,TH_B_UM_001,2,2,cross_family_structural_candidate,original,original,m_A * c_A * delta_T_A,m_A * c_A * delta_T_A,42000 J,41860 J
CM_B_STD_007,TH_B_UM_001,2,3,cross_family_structural_candidate,original,original,m_A * c_A * delta_T_A,m_A * c_A * delta_T_A,42000 J,41860 J
CM_B_STD_007,TH_B_UM_002,2,0,cross_family_structural_candidate,original,original,m_A * c_A * delta_T_A,m_A * c_A * delta_T_A,42000 J,41860 J
CM_B_STD_007,TH_B_UM_002,2,1,cross_family_structural_candidate,original,original,m_A * c_A * delta_T_A,m_A * c_A * delta_T_A,42000 J,41860 J
CM_B_STD_007,TH_B_UM_002,2,2,cross_family_structural_candidate,original,original,m_A * c_A * delta_T_A,m_A * c_A * delta_T_A,42000 J,41860 J
CM_B_STD_007,TH_B_UM_002,2,3,cross_family_structural_candidate,original,original,m_A * c_A * delta_T_A,m_A * c_A * delta_T_A,42000 J,41860 J
CM_B_STD_007,TH_B_UM_003,2,0,cross_family_structural_candidate,original,original,m_A * c_A * delta_T_A,m_A * c_A * delta_T_A,42000 J,41860 J
CM_B_STD_007,TH_B_UM_003,2,1,cross_family_structural_candidate,original,original,m_A * c_A * delta_T_A,m_A * c_A * delta_T_A,42000 J,41860 J
CM_B_STD_007,TH_B_UM_003,2,2,cross_family_structural_candidate,original,original,m_A * c_A * delta_T_A,m_A * c_A * delta_T_A,42000 J,41860 J
CM_B_STD_007,TH_B_UM_003,2,3,cross_family_structural_candidate,original,original,m_A * c_A * delta_T_A,m_A * c_A * delta_T_A,42000 J,41860 J
CM_B_STD_007,CM_B_STD_008,3,0,cross_family_structural_candidate,original,original,m_A * c_A * delta_T_A,m_A * c_A * delta_T_A,42000 J,27000 J
CM_B_STD_007,CM_B_STD_008,3,1,cross_family_structural_candidate,original,original,m_A * c_A * delta_T_A,m_A * c_A * delta_T_A,42000 J,27000 J
CM_B_STD_007,CM_B_STD_008,3,2,cross_family_structural_candidate,original,original,m_A * c_A * delta_T_A,m_A * c_A * delta_T_A,42000 J,27000 J
CM_B_STD_007,CM_B_STD_008,3,3,cross_family_structural_candidate,original,original,m_A * c_A * delta_T_A,m_A * c_A * delta_T_A,42000 J,27000 J
CM_B_STD_007,CM_B_STD_009,3,0,cross_family_structural_candidate,original,original,m_A * c_A * delta_T_A,m_A * c_A * delta_T_A,42000 J,60000 J
CM_B_STD_007,CM_B_STD_009,3,1,cross_family_structural_candidate,original,original,m_A * c_A * delta_T_A,m_A * c_A * delta_T_A,42000 J,60000 J
CM_B_STD_007,CM_B_STD_009,3,2,cross_family_structural_candidate,original,original,m_A * c_A * delta_T_A,m_A * c_A * delta_T_A,42000 J,60000 J
CM_B_STD_007,CM_B_STD_009,3,3,cross_family_structural_candidate,original,original,m_A * c_A * delta_T_A,m_A * c_A * delta_T_A,42000 J,60000 J
CM_B_STD_007,TH_B_UM_001,3,0,cross_family_structural_candidate,original,original,m_A * c_A * delta_T_A,m_A * c_A * delta_T_A,42000 J,41860 J
CM_B_STD_007,TH_B_UM_001,3,1,cross_family_structural_candidate,original,original,m_A * c_A * delta_T_A,m_A * c_A * delta_T_A,42000 J,41860 J
CM_B_STD_007,TH_B_UM_001,3,2,cross_family_structural_candidate,original,original,m_A * c_A * delta_T_A,m_A * c_A * delta_T_A,42000 J,41860 J
CM_B_STD_007,TH_B_UM_001,3,3,cross_family_structural_candidate,original,original,m_A * c_A * delta_T_A,m_A * c_A * delta_T_A,42000 J,41860 J
CM_B_STD_007,TH_B_UM_002,3,0,cross_family_structural_candidate,original,original,m_A * c_A * delta_T_A,m_A * c_A * delta_T_A,42000 J,41860 J
CM_B_STD_007,TH_B_UM_002,3,1,cross_family_structural_candidate,original,original,m_A * c_A * delta_T_A,m_A * c_A * delta_T_A,42000 J,41860 J
CM_B_STD_007,TH_B_UM_002,3,2,cross_family_structural_candidate,original,original,m_A * c_A * delta_T_A,m_A * c_A * delta_T_A,42000 J,41860 J
CM_B_STD_007,TH_B_UM_002,3,3,cross_family_structural_candidate,original,original,m_A * c_A * delta_T_A,m_A * c_A * delta_T_A,42000 J,41860 J
CM_B_STD_007,TH_B_UM_003,3,0,cross_family_structural_candidate,original,original,m_A * c_A * delta_T_A,m_A * c_A * delta_T_A,42000 J,41860 J
CM_B_STD_007,TH_B_UM_003,3,1,cross_family_structural_candidate,original,original,m_A * c_A * delta_T_A,m_A * c_A * delta_T_A,42000 J,41860 J
CM_B_STD_007,TH_B_UM_003,3,2,cross_family_structural_candidate,original,original,m_A * c_A * delta_T_A,m_A * c_A * delta_T_A,42000 J,41860 J
CM_B_STD_007,TH_B_UM_003,3,3,cross_family_structural_candidate,original,original,m_A * c_A * delta_T_A,m_A * c_A * delta_T_A,42000 J,41860 J
CM_B_STD_008,CM_B_STD_009,0,0,cross_family_structural_candidate,original,original,m_A * c_A * delta_T_A,m_A * c_A * delta_T_A,27000 J,60000 J
CM_B_STD_008,CM_B_STD_009,0,1,cross_family_structural_candidate,original,original,m_A * c_A * delta_T_A,m_A * c_A * delta_T_A,27000 J,60000 J
CM_B_STD_008,CM_B_STD_009,0,2,cross_family_structural_candidate,original,original,m_A * c_A * delta_T_A,m_A * c_A * delta_T_A,27000 J,60000 J
CM_B_STD_008,CM_B_STD_009,0,3,cross_family_structural_candidate,original,original,m_A * c_A * delta_T_A,m_A * c_A * delta_T_A,27000 J,60000 J
CM_B_STD_008,TH_B_UM_001,0,0,cross_family_structural_candidate,original,original,m_A * c_A * delta_T_A,m_A * c_A * delta_T_A,27000 J,41860 J
CM_B_STD_008,TH_B_UM_001,0,1,cross_family_structural_candidate,original,original,m_A * c_A * delta_T_A,m_A * c_A * delta_T_A,27000 J,41860 J
CM_B_STD_008,TH_B_UM_001,0,2,cross_family_structural_candidate,original,original,m_A * c_A * delta_T_A,m_A * c_A * delta_T_A,27000 J,41860 J
CM_B_STD_008,TH_B_UM_001,0,3,cross_family_structural_candidate,original,original,m_A * c_A * delta_T_A,m_A * c_A * delta_T_A,27000 J,41860 J
CM_B_STD_008,TH_B_UM_002,0,0,cross_family_structural_candidate,original,original,m_A * c_A * delta_T_A,m_A * c_A * delta_T_A,27000 J,41860 J
CM_B_STD_008,TH_B_UM_002,0,1,cross_family_structural_candidate,original,original,m_A * c_A * delta_T_A,m_A * c_A * delta_T_A,27000 J,41860 J
CM_B_STD_008,TH_B_UM_002,0,2,cross_family_structural_candidate,original,original,m_A * c_A * delta_T_A,m_A * c_A * delta_T_A,27000 J,41860 J
CM_B_STD_008,TH_B_UM_002,0,3,cross_family_structural_candidate,original,original,m_A * c_A * delta_T_A,m_A * c_A * delta_T_A,27000 J,41860 J
CM_B_STD_008,TH_B_UM_003,0,0,cross_family_structural_candidate,original,original,m_A * c_A * delta_T_A,m_A * c_A * delta_T_A,27000 J,41860 J
CM_B_STD_008,TH_B_UM_003,0,1,cross_family_structural_candidate,original,original,m_A * c_A * delta_T_A,m_A * c_A * delta_T_A,27000 J,41860 J
CM_B_STD_008,TH_B_UM_003,0,2,cross_family_structural_candidate,original,original,m_A * c_A * delta_T_A,m_A * c_A * delta_T_A,27000 J,41860 J
CM_B_STD_008,TH_B_UM_003,0,3,cross_family_structural_candidate,original,original,m_A * c_A * delta_T_A,m_A * c_A * delta_T_A,27000 J,41860 J
CM_B_STD_008,CM_B_STD_009,1,0,cross_family_structural_candidate,original,original,m_A * c_A * delta_T_A,m_A * c_A * delta_T_A,27000 J,60000 J
CM_B_STD_008,CM_B_STD_009,1,1,cross_family_structural_candidate,original,original,m_A * c_A * delta_T_A,m_A * c_A * delta_T_A,27000 J,60000 J
CM_B_STD_008,CM_B_STD_009,1,2,cross_family_structural_candidate,original,original,m_A * c_A * delta_T_A,m_A * c_A * delta_T_A,27000 J,60000 J
CM_B_STD_008,CM_B_STD_009,1,3,cross_family_structural_candidate,original,original,m_A * c_A * delta_T_A,m_A * c_A * delta_T_A,27000 J,60000 J
CM_B_STD_008,TH_B_UM_001,1,0,cross_family_structural_candidate,original,original,m_A * c_A * delta_T_A,m_A * c_A * delta_T_A,27000 J,41860 J
CM_B_STD_008,TH_B_UM_001,1,1,cross_family_structural_candidate,original,original,m_A * c_A * delta_T_A,m_A * c_A * delta_T_A,27000 J,41860 J
CM_B_STD_008,TH_B_UM_001,1,2,cross_family_structural_candidate,original,original,m_A * c_A * delta_T_A,m_A * c_A * delta_T_A,27000 J,41860 J
CM_B_STD_008,TH_B_UM_001,1,3,cross_family_structural_candidate,original,original,m_A * c_A * delta_T_A,m_A * c_A * delta_T_A,27000 J,41860 J
CM_B_STD_008,TH_B_UM_002,1,0,cross_family_structural_candidate,original,original,m_A * c_A * delta_T_A,m_A * c_A * delta_T_A,27000 J,41860 J
CM_B_STD_008,TH_B_UM_002,1,1,cross_family_structural_candidate,original,original,m_A * c_A * delta_T_A,m_A * c_A * delta_T_A,27000 J,41860 J
CM_B_STD_008,TH_B_UM_002,1,2,cross_family_structural_candidate,original,original,m_A * c_A * delta_T_A,m_A * c_A * delta_T_A,27000 J,41860 J
CM_B_STD_008,TH_B_UM_002,1,3,cross_family_structural_candidate,original,original,m_A * c_A * delta_T_A,m_A * c_A * delta_T_A,27000 J,41860 J
CM_B_STD_008,TH_B_UM_003,1,0,cross_family_structural_candidate,original,original,m_A * c_A * delta_T_A,m_A * c_A * delta_T_A,27000 J,41860 J
CM_B_STD_008,TH_B_UM_003,1,1,cross_family_structural_candidate,original,original,m_A * c_A * delta_T_A,m_A * c_A * delta_T_A,27000 J,41860 J
CM_B_STD_008,TH_B_UM_003,1,2,cross_family_structural_candidate,original,original,m_A * c_A * delta_T_A,m_A * c_A * delta_T_A,27000 J,41860 J
CM_B_STD_008,TH_B_UM_003,1,3,cross_family_structural_candidate,original,original,m_A * c_A * delta_T_A,m_A * c_A * delta_T_A,27000 J,41860 J
CM_B_STD_008,CM_B_STD_009,2,0,cross_family_structural_candidate,original,original,m_A * c_A * delta_T_A,m_A * c_A * delta_T_A,27000 J,60000 J
CM_B_STD_008,CM_B_STD_009,2,1,cross_family_structural_candidate,original,original,m_A * c_A * delta_T_A,m_A * c_A * delta_T_A,27000 J,60000 J
CM_B_STD_008,CM_B_STD_009,2,2,cross_family_structural_candidate,original,original,m_A * c_A * delta_T_A,m_A * c_A * delta_T_A,27000 J,60000 J
CM_B_STD_008,CM_B_STD_009,2,3,cross_family_structural_candidate,original,original,m_A * c_A * delta_T_A,m_A * c_A * delta_T_A,27000 J,60000 J
CM_B_STD_008,TH_B_UM_001,2,0,cross_family_structural_candidate,original,original,m_A * c_A * delta_T_A,m_A * c_A * delta_T_A,27000 J,41860 J
CM_B_STD_008,TH_B_UM_001,2,1,cross_family_structural_candidate,original,original,m_A * c_A * delta_T_A,m_A * c_A * delta_T_A,27000 J,41860 J
CM_B_STD_008,TH_B_UM_001,2,2,cross_family_structural_candidate,original,original,m_A * c_A * delta_T_A,m_A * c_A * delta_T_A,27000 J,41860 J
CM_B_STD_008,TH_B_UM_001,2,3,cross_family_structural_candidate,original,original,m_A * c_A * delta_T_A,m_A * c_A * delta_T_A,27000 J,41860 J
CM_B_STD_008,TH_B_UM_002,2,0,cross_family_structural_candidate,original,original,m_A * c_A * delta_T_A,m_A * c_A * delta_T_A,27000 J,41860 J
CM_B_STD_008,TH_B_UM_002,2,1,cross_family_structural_candidate,original,original,m_A * c_A * delta_T_A,m_A * c_A * delta_T_A,27000 J,41860 J
CM_B_STD_008,TH_B_UM_002,2,2,cross_family_structural_candidate,original,original,m_A * c_A * delta_T_A,m_A * c_A * delta_T_A,27000 J,41860 J
CM_B_STD_008,TH_B_UM_002,2,3,cross_family_structural_candidate,original,original,m_A * c_A * delta_T_A,m_A * c_A * delta_T_A,27000 J,41860 J
CM_B_STD_008,TH_B_UM_003,2,0,cross_family_structural_candidate,original,original,m_A * c_A * delta_T_A,m_A * c_A * delta_T_A,27000 J,41860 J
CM_B_STD_008,TH_B_UM_003,2,1,cross_family_structural_candidate,original,original,m_A * c_A * delta_T_A,m_A * c_A * delta_T_A,27000 J,41860 J
CM_B_STD_008,TH_B_UM_003,2,2,cross_family_structural_candidate,original,original,m_A * c_A * delta_T_A,m_A * c_A * delta_T_A,27000 J,41860 J
CM_B_STD_008,TH_B_UM_003,2,3,cross_family_structural_candidate,original,original,m_A * c_A * delta_T_A,m_A * c_A * delta_T_A,27000 J,41860 J
CM_B_STD_008,CM_B_STD_009,3,0,cross_family_structural_candidate,original,original,m_A * c_A * delta_T_A,m_A * c_A * delta_T_A,27000 J,60000 J
CM_B_STD_008,CM_B_STD_009,3,1,cross_family_structural_candidate,original,original,m_A * c_A * delta_T_A,m_A * c_A * delta_T_A,27000 J,60000 J
CM_B_STD_008,CM_B_STD_009,3,2,cross_family_structural_candidate,original,original,m_A * c_A * delta_T_A,m_A * c_A * delta_T_A,27000 J,60000 J
CM_B_STD_008,CM_B_STD_009,3,3,cross_family_structural_candidate,original,original,m_A * c_A * delta_T_A,m_A * c_A * delta_T_A,27000 J,60000 J
CM_B_STD_008,TH_B_UM_001,3,0,cross_family_structural_candidate,original,original,m_A * c_A * delta_T_A,m_A * c_A * delta_T_A,27000 J,41860 J
CM_B_STD_008,TH_B_UM_001,3,1,cross_family_structural_candidate,original,original,m_A * c_A * delta_T_A,m_A * c_A * delta_T_A,27000 J,41860 J
CM_B_STD_008,TH_B_UM_001,3,2,cross_family_structural_candidate,original,original,m_A * c_A * delta_T_A,m_A * c_A * delta_T_A,27000 J,41860 J
CM_B_STD_008,TH_B_UM_001,3,3,cross_family_structural_candidate,original,original,m_A * c_A * delta_T_A,m_A * c_A * delta_T_A,27000 J,41860 J
CM_B_STD_008,TH_B_UM_002,3,0,cross_family_structural_candidate,original,original,m_A * c_A * delta_T_A,m_A * c_A * delta_T_A,27000 J,41860 J
CM_B_STD_008,TH_B_UM_002,3,1,cross_family_structural_candidate,original,original,m_A * c_A * delta_T_A,m_A * c_A * delta_T_A,27000 J,41860 J
CM_B_STD_008,TH_B_UM_002,3,2,cross_family_structural_candidate,original,original,m_A * c_A * delta_T_A,m_A * c_A * delta_T_A,27000 J,41860 J
CM_B_STD_008,TH_B_UM_002,3,3,cross_family_structural_candidate,original,original,m_A * c_A * delta_T_A,m_A * c_A * delta_T_A,27000 J,41860 J
CM_B_STD_008,TH_B_UM_003,3,0,cross_family_structural_candidate,original,original,m_A * c_A * delta_T_A,m_A * c_A * delta_T_A,27000 J,41860 J
CM_B_STD_008,TH_B_UM_003,3,1,cross_family_structural_candidate,original,original,m_A * c_A * delta_T_A,m_A * c_A * delta_T_A,27000 J,41860 J
CM_B_STD_008,TH_B_UM_003,3,2,cross_family_structural_candidate,original,original,m_A * c_A * delta_T_A,m_A * c_A * delta_T_A,27000 J,41860 J
CM_B_STD_008,TH_B_UM_003,3,3,cross_family_structural_candidate,original,original,m_A * c_A * delta_T_A,m_A * c_A * delta_T_A,27000 J,41860 J
CM_B_STD_009,TH_B_UM_001,0,0,cross_family_structural_candidate,original,original,m_A * c_A * delta_T_A,m_A * c_A * delta_T_A,60000 J,41860 J
CM_B_STD_009,TH_B_UM_001,0,1,cross_family_structural_candidate,original,original,m_A * c_A * delta_T_A,m_A * c_A * delta_T_A,60000 J,41860 J
CM_B_STD_009,TH_B_UM_001,0,2,cross_family_structural_candidate,original,original,m_A * c_A * delta_T_A,m_A * c_A * delta_T_A,60000 J,41860 J
CM_B_STD_009,TH_B_UM_001,0,3,cross_family_structural_candidate,original,original,m_A * c_A * delta_T_A,m_A * c_A * delta_T_A,60000 J,41860 J
CM_B_STD_009,TH_B_UM_002,0,0,cross_family_structural_candidate,original,original,m_A * c_A * delta_T_A,m_A * c_A * delta_T_A,60000 J,41860 J
CM_B_STD_009,TH_B_UM_002,0,1,cross_family_structural_candidate,original,original,m_A * c_A * delta_T_A,m_A * c_A * delta_T_A,60000 J,41860 J
CM_B_STD_009,TH_B_UM_002,0,2,cross_family_structural_candidate,original,original,m_A * c_A * delta_T_A,m_A * c_A * delta_T_A,60000 J,41860 J
CM_B_STD_009,TH_B_UM_002,0,3,cross_family_structural_candidate,original,original,m_A * c_A * delta_T_A,m_A * c_A * delta_T_A,60000 J,41860 J
CM_B_STD_009,TH_B_UM_003,0,0,cross_family_structural_candidate,original,original,m_A * c_A * delta_T_A,m_A * c_A * delta_T_A,60000 J,41860 J
CM_B_STD_009,TH_B_UM_003,0,1,cross_family_structural_candidate,original,original,m_A * c_A * delta_T_A,m_A * c_A * delta_T_A,60000 J,41860 J
CM_B_STD_009,TH_B_UM_003,0,2,cross_family_structural_candidate,original,original,m_A * c_A * delta_T_A,m_A * c_A * delta_T_A,60000 J,41860 J
CM_B_STD_009,TH_B_UM_003,0,3,cross_family_structural_candidate,original,original,m_A * c_A * delta_T_A,m_A * c_A * delta_T_A,60000 J,41860 J
CM_B_STD_009,TH_B_UM_001,1,0,cross_family_structural_candidate,original,original,m_A * c_A * delta_T_A,m_A * c_A * delta_T_A,60000 J,41860 J
CM_B_STD_009,TH_B_UM_001,1,1,cross_family_structural_candidate,original,original,m_A * c_A * delta_T_A,m_A * c_A * delta_T_A,60000 J,41860 J
CM_B_STD_009,TH_B_UM_001,1,2,cross_family_structural_candidate,original,original,m_A * c_A * delta_T_A,m_A * c_A * delta_T_A,60000 J,41860 J
CM_B_STD_009,TH_B_UM_001,1,3,cross_family_structural_candidate,original,original,m_A * c_A * delta_T_A,m_A * c_A * delta_T_A,60000 J,41860 J
CM_B_STD_009,TH_B_UM_002,1,0,cross_family_structural_candidate,original,original,m_A * c_A * delta_T_A,m_A * c_A * delta_T_A,60000 J,41860 J
CM_B_STD_009,TH_B_UM_002,1,1,cross_family_structural_candidate,original,original,m_A * c_A * delta_T_A,m_A * c_A * delta_T_A,60000 J,41860 J
CM_B_STD_009,TH_B_UM_002,1,2,cross_family_structural_candidate,original,original,m_A * c_A * delta_T_A,m_A * c_A * delta_T_A,60000 J,41860 J
CM_B_STD_009,TH_B_UM_002,1,3,cross_family_structural_candidate,original,original,m_A * c_A * delta_T_A,m_A * c_A * delta_T_A,60000 J,41860 J
CM_B_STD_009,TH_B_UM_003,1,0,cross_family_structural_candidate,original,original,m_A * c_A * delta_T_A,m_A * c_A * delta_T_A,60000 J,41860 J
CM_B_STD_009,TH_B_UM_003,1,1,cross_family_structural_candidate,original,original,m_A * c_A * delta_T_A,m_A * c_A * delta_T_A,60000 J,41860 J
CM_B_STD_009,TH_B_UM_003,1,2,cross_family_structural_candidate,original,original,m_A * c_A * delta_T_A,m_A * c_A * delta_T_A,60000 J,41860 J
CM_B_STD_009,TH_B_UM_003,1,3,cross_family_structural_candidate,original,original,m_A * c_A * delta_T_A,m_A * c_A * delta_T_A,60000 J,41860 J
CM_B_STD_009,TH_B_UM_001,2,0,cross_family_structural_candidate,original,original,m_A * c_A * delta_T_A,m_A * c_A * delta_T_A,60000 J,41860 J
CM_B_STD_009,TH_B_UM_001,2,1,cross_family_structural_candidate,original,original,m_A * c_A * delta_T_A,m_A * c_A * delta_T_A,60000 J,41860 J
CM_B_STD_009,TH_B_UM_001,2,2,cross_family_structural_candidate,original,original,m_A * c_A * delta_T_A,m_A * c_A * delta_T_A,60000 J,41860 J
CM_B_STD_009,TH_B_UM_001,2,3,cross_family_structural_candidate,original,original,m_A * c_A * delta_T_A,m_A * c_A * delta_T_A,60000 J,41860 J
CM_B_STD_009,TH_B_UM_002,2,0,cross_family_structural_candidate,original,original,m_A * c_A * delta_T_A,m_A * c_A * delta_T_A,60000 J,41860 J
CM_B_STD_009,TH_B_UM_002,2,1,cross_family_structural_candidate,original,original,m_A * c_A * delta_T_A,m_A * c_A * delta_T_A,60000 J,41860 J
CM_B_STD_009,TH_B_UM_002,2,2,cross_family_structural_candidate,original,original,m_A * c_A * delta_T_A,m_A * c_A * delta_T_A,60000 J,41860 J
CM_B_STD_009,TH_B_UM_002,2,3,cross_family_structural_candidate,original,original,m_A * c_A * delta_T_A,m_A * c_A * delta_T_A,60000 J,41860 J
CM_B_STD_009,TH_B_UM_003,2,0,cross_family_structural_candidate,original,original,m_A * c_A * delta_T_A,m_A * c_A * delta_T_A,60000 J,41860 J
CM_B_STD_009,TH_B_UM_003,2,1,cross_family_structural_candidate,original,original,m_A * c_A * delta_T_A,m_A * c_A * delta_T_A,60000 J,41860 J
CM_B_STD_009,TH_B_UM_003,2,2,cross_family_structural_candidate,original,original,m_A * c_A * delta_T_A,m_A * c_A * delta_T_A,60000 J,41860 J
CM_B_STD_009,TH_B_UM_003,2,3,cross_family_structural_candidate,original,original,m_A * c_A * delta_T_A,m_A * c_A * delta_T_A,60000 J,41860 J
CM_B_STD_009,TH_B_UM_001,3,0,cross_family_structural_candidate,original,original,m_A * c_A * delta_T_A,m_A * c_A * delta_T_A,60000 J,41860 J
CM_B_STD_009,TH_B_UM_001,3,1,cross_family_structural_candidate,original,original,m_A * c_A * delta_T_A,m_A * c_A * delta_T_A,60000 J,41860 J
CM_B_STD_009,TH_B_UM_001,3,2,cross_family_structural_candidate,original,original,m_A * c_A * delta_T_A,m_A * c_A * delta_T_A,60000 J,41860 J
CM_B_STD_009,TH_B_UM_001,3,3,cross_family_structural_candidate,original,original,m_A * c_A * delta_T_A,m_A * c_A * delta_T_A,60000 J,41860 J
CM_B_STD_009,TH_B_UM_002,3,0,cross_family_structural_candidate,original,original,m_A * c_A * delta_T_A,m_A * c_A * delta_T_A,60000 J,41860 J
CM_B_STD_009,TH_B_UM_002,3,1,cross_family_structural_candidate,original,original,m_A * c_A * delta_T_A,m_A * c_A * delta_T_A,60000 J,41860 J
CM_B_STD_009,TH_B_UM_002,3,2,cross_family_structural_candidate,original,original,m_A * c_A * delta_T_A,m_A * c_A * delta_T_A,60000 J,41860 J
CM_B_STD_009,TH_B_UM_002,3,3,cross_family_structural_candidate,original,original,m_A * c_A * delta_T_A,m_A * c_A * delta_T_A,60000 J,41860 J
CM_B_STD_009,TH_B_UM_003,3,0,cross_family_structural_candidate,original,original,m_A * c_A * delta_T_A,m_A * c_A * delta_T_A,60000 J,41860 J
CM_B_STD_009,TH_B_UM_003,3,1,cross_family_structural_candidate,original,original,m_A * c_A * delta_T_A,m_A * c_A * delta_T_A,60000 J,41860 J
CM_B_STD_009,TH_B_UM_003,3,2,cross_family_structural_candidate,original,original,m_A * c_A * delta_T_A,m_A * c_A * delta_T_A,60000 J,41860 J
CM_B_STD_009,TH_B_UM_003,3,3,cross_family_structural_candidate,original,original,m_A * c_A * delta_T_A,m_A * c_A * delta_T_A,60000 J,41860 J
CM_B_STD_010,CM_B_STD_011,0,0,cross_family_structural_candidate,original,original,k_const * q_A / r_A**2,k_const * q_A / r_A**2,399555.6 N/C,449500 N/C
CM_B_STD_010,CM_B_STD_011,0,1,cross_family_structural_candidate,original,original,k_const * q_A / r_A**2,k_const * q_A / r_A**2,399555.6 N/C,449500 N/C
CM_B_STD_010,CM_B_STD_011,0,2,cross_family_structural_candidate,original,original,k_const * q_A / r_A**2,k_const * q_A / r_A**2,399555.6 N/C,449500 N/C
CM_B_STD_010,CM_B_STD_011,0,3,cross_family_structural_candidate,original,original,k_const * q_A / r_A**2,k_const * q_A / r_A**2,399555.6 N/C,449500 N/C
CM_B_STD_010,CM_B_STD_012,0,0,cross_family_structural_candidate,original,original,k_const * q_A / r_A**2,k_const * q_A / r_A**2,399555.6 N/C,149833.3 N/C
CM_B_STD_010,CM_B_STD_012,0,1,cross_family_structural_candidate,original,original,k_const * q_A / r_A**2,k_const * q_A / r_A**2,399555.6 N/C,149833.3 N/C
CM_B_STD_010,CM_B_STD_012,0,2,cross_family_structural_candidate,original,original,k_const * q_A / r_A**2,k_const * q_A / r_A**2,399555.6 N/C,149833.3 N/C
CM_B_STD_010,CM_B_STD_012,0,3,cross_family_structural_candidate,original,original,k_const * q_A / r_A**2,k_const * q_A / r_A**2,399555.6 N/C,149833.3 N/C
CM_B_STD_010,CM_B_STD_011,1,0,cross_family_structural_candidate,original,original,k_const * q_A / r_A**2,k_const * q_A / r_A**2,399555.6 N/C,449500 N/C
CM_B_STD_010,CM_B_STD_011,1,1,cross_family_structural_candidate,original,original,k_const * q_A / r_A**2,k_const * q_A / r_A**2,399555.6 N/C,449500 N/C
CM_B_STD_010,CM_B_STD_011,1,2,cross_family_structural_candidate,original,original,k_const * q_A / r_A**2,k_const * q_A / r_A**2,399555.6 N/C,449500 N/C
CM_B_STD_010,CM_B_STD_011,1,3,cross_family_structural_candidate,original,original,k_const * q_A / r_A**2,k_const * q_A / r_A**2,399555.6 N/C,449500 N/C
CM_B_STD_010,CM_B_STD_012,1,0,cross_family_structural_candidate,original,original,k_const * q_A / r_A**2,k_const * q_A / r_A**2,399555.6 N/C,149833.3 N/C
CM_B_STD_010,CM_B_STD_012,1,1,cross_family_structural_candidate,original,original,k_const * q_A / r_A**2,k_const * q_A / r_A**2,399555.6 N/C,149833.3 N/C
CM_B_STD_010,CM_B_STD_012,1,2,cross_family_structural_candidate,original,original,k_const * q_A / r_A**2,k_const * q_A / r_A**2,399555.6 N/C,149833.3 N/C
CM_B_STD_010,CM_B_STD_012,1,3,cross_family_structural_candidate,original,original,k_const * q_A / r_A**2,k_const * q_A / r_A**2,399555.6 N/C,149833.3 N/C
CM_B_STD_010,CM_B_STD_011,2,0,cross_family_structural_candidate,original,original,k_const * q_A / r_A**2,k_const * q_A / r_A**2,399555.6 N/C,449500 N/C
CM_B_STD_010,CM_B_STD_011,2,1,cross_family_structural_candidate,original,original,k_const * q_A / r_A**2,k_const * q_A / r_A**2,399555.6 N/C,449500 N/C
CM_B_STD_010,CM_B_STD_011,2,2,cross_family_structural_candidate,original,original,k_const * q_A / r_A**2,k_const * q_A / r_A**2,399555.6 N/C,449500 N/C
CM_B_STD_010,CM_B_STD_011,2,3,cross_family_structural_candidate,original,original,k_const * q_A / r_A**2,k_const * q_A / r_A**2,399555.6 N/C,449500 N/C
CM_B_STD_010,CM_B_STD_012,2,0,cross_family_structural_candidate,original,original,k_const * q_A / r_A**2,k_const * q_A / r_A**2,399555.6 N/C,149833.3 N/C
CM_B_STD_010,CM_B_STD_012,2,1,cross_family_structural_candidate,original,original,k_const * q_A / r_A**2,k_const * q_A / r_A**2,399555.6 N/C,149833.3 N/C
CM_B_STD_010,CM_B_STD_012,2,2,cross_family_structural_candidate,original,original,k_const * q_A / r_A**2,k_const * q_A / r_A**2,399555.6 N/C,149833.3 N/C
CM_B_STD_010,CM_B_STD_012,2,3,cross_family_structural_candidate,original,original,k_const * q_A / r_A**2,k_const * q_A / r_A**2,399555.6 N/C,149833.3 N/C
CM_B_STD_010,CM_B_STD_011,3,0,cross_family_structural_candidate,original,original,k_const * q_A / r_A**2,k_const * q_A / r_A**2,399555.6 N/C,449500 N/C
CM_B_STD_010,CM_B_STD_011,3,1,cross_family_structural_candidate,original,original,k_const * q_A / r_A**2,k_const * q_A / r_A**2,399555.6 N/C,449500 N/C
CM_B_STD_010,CM_B_STD_011,3,2,cross_family_structural_candidate,original,original,k_const * q_A / r_A**2,k_const * q_A / r_A**2,399555.6 N/C,449500 N/C
CM_B_STD_010,CM_B_STD_011,3,3,cross_family_structural_candidate,original,original,k_const * q_A / r_A**2,k_const * q_A / r_A**2,399555.6 N/C,449500 N/C
CM_B_STD_010,CM_B_STD_012,3,0,cross_family_structural_candidate,original,original,k_const * q_A / r_A**2,k_const * q_A / r_A**2,399555.6 N/C,149833.3 N/C
CM_B_STD_010,CM_B_STD_012,3,1,cross_family_structural_candidate,original,original,k_const * q_A / r_A**2,k_const * q_A / r_A**2,399555.6 N/C,149833.3 N/C
CM_B_STD_010,CM_B_STD_012,3,2,cross_family_structural_candidate,original,original,k_const * q_A / r_A**2,k_const * q_A / r_A**2,399555.6 N/C,149833.3 N/C
CM_B_STD_010,CM_B_STD_012,3,3,cross_family_structural_candidate,original,original,k_const * q_A / r_A**2,k_const * q_A / r_A**2,399555.6 N/C,149833.3 N/C
CM_B_STD_011,CM_B_STD_012,0,0,cross_family_structural_candidate,original,original,k_const * q_A / r_A**2,k_const * q_A / r_A**2,449500 N/C,149833.3 N/C
CM_B_STD_011,CM_B_STD_012,0,1,cross_family_structural_candidate,original,original,k_const * q_A / r_A**2,k_const * q_A / r_A**2,449500 N/C,149833.3 N/C
CM_B_STD_011,CM_B_STD_012,0,2,cross_family_structural_candidate,original,original,k_const * q_A / r_A**2,k_const * q_A / r_A**2,449500 N/C,149833.3 N/C
CM_B_STD_011,CM_B_STD_012,0,3,cross_family_structural_candidate,original,original,k_const * q_A / r_A**2,k_const * q_A / r_A**2,449500 N/C,149833.3 N/C
CM_B_STD_011,CM_B_STD_012,1,0,cross_family_structural_candidate,original,original,k_const * q_A / r_A**2,k_const * q_A / r_A**2,449500 N/C,149833.3 N/C
CM_B_STD_011,CM_B_STD_012,1,1,cross_family_structural_candidate,original,original,k_const * q_A / r_A**2,k_const * q_A / r_A**2,449500 N/C,149833.3 N/C
CM_B_STD_011,CM_B_STD_012,1,2,cross_family_structural_candidate,original,original,k_const * q_A / r_A**2,k_const * q_A / r_A**2,449500 N/C,149833.3 N/C
CM_B_STD_011,CM_B_STD_012,1,3,cross_family_structural_candidate,original,original,k_const * q_A / r_A**2,k_const * q_A / r_A**2,449500 N/C,149833.3 N/C
CM_B_STD_011,CM_B_STD_012,2,0,cross_family_structural_candidate,original,original,k_const * q_A / r_A**2,k_const * q_A / r_A**2,449500 N/C,149833.3 N/C
CM_B_STD_011,CM_B_STD_012,2,1,cross_family_structural_candidate,original,original,k_const * q_A / r_A**2,k_const * q_A / r_A**2,449500 N/C,149833.3 N/C
CM_B_STD_011,CM_B_STD_012,2,2,cross_family_structural_candidate,original,original,k_const * q_A / r_A**2,k_const * q_A / r_A**2,449500 N/C,149833.3 N/C
CM_B_STD_011,CM_B_STD_012,2,3,cross_family_structural_candidate,original,original,k_const * q_A / r_A**2,k_const * q_A / r_A**2,449500 N/C,149833.3 N/C
CM_B_STD_011,CM_B_STD_012,3,0,cross_family_structural_candidate,original,original,k_const * q_A / r_A**2,k_const * q_A / r_A**2,449500 N/C,149833.3 N/C
CM_B_STD_011,CM_B_STD_012,3,1,cross_family_structural_candidate,original,original,k_const * q_A / r_A**2,k_const * q_A / r_A**2,449500 N/C,149833.3 N/C
CM_B_STD_011,CM_B_STD_012,3,2,cross_family_structural_candidate,original,original,k_const * q_A / r_A**2,k_const * q_A / r_A**2,449500 N/C,149833.3 N/C
CM_B_STD_011,CM_B_STD_012,3,3,cross_family_structural_candidate,original,original,k_const * q_A / r_A**2,k_const * q_A / r_A**2,449500 N/C,149833.3 N/C
CM_B_STD_013,CM_B_STD_014,0,0,cross_family_structural_candidate,original,original,G_const * M_A * m_A / r_A**2,G_const * M_A * m_A / r_A**2,10.005 N,1.334 N
CM_B_STD_013,CM_B_STD_014,0,1,cross_family_structural_candidate,original,original,G_const * M_A * m_A / r_A**2,G_const * M_A * m_A / r_A**2,10.005 N,1.334 N
CM_B_STD_013,CM_B_STD_014,0,2,cross_family_structural_candidate,original,original,G_const * M_A * m_A / r_A**2,G_const * M_A * m_A / r_A**2,10.005 N,1.334 N
CM_B_STD_013,CM_B_STD_014,0,3,cross_family_structural_candidate,original,original,G_const * M_A * m_A / r_A**2,G_const * M_A * m_A / r_A**2,10.005 N,1.334 N
CM_B_STD_013,CM_B_STD_015,0,0,cross_family_structural_candidate,original,original,G_const * M_A * m_A / r_A**2,G_const * M_A * m_A / r_A**2,10.005 N,4.002 N
CM_B_STD_013,CM_B_STD_015,0,1,cross_family_structural_candidate,original,original,G_const * M_A * m_A / r_A**2,G_const * M_A * m_A / r_A**2,10.005 N,4.002 N
CM_B_STD_013,CM_B_STD_015,0,2,cross_family_structural_candidate,original,original,G_const * M_A * m_A / r_A**2,G_const * M_A * m_A / r_A**2,10.005 N,4.002 N
CM_B_STD_013,CM_B_STD_015,0,3,cross_family_structural_candidate,original,original,G_const * M_A * m_A / r_A**2,G_const * M_A * m_A / r_A**2,10.005 N,4.002 N
CM_B_STD_013,CM_B_STD_014,1,0,cross_family_structural_candidate,original,original,G_const * M_A * m_A / r_A**2,G_const * M_A * m_A / r_A**2,10.005 N,1.334 N
CM_B_STD_013,CM_B_STD_014,1,1,cross_family_structural_candidate,original,original,G_const * M_A * m_A / r_A**2,G_const * M_A * m_A / r_A**2,10.005 N,1.334 N
CM_B_STD_013,CM_B_STD_014,1,2,cross_family_structural_candidate,original,original,G_const * M_A * m_A / r_A**2,G_const * M_A * m_A / r_A**2,10.005 N,1.334 N
CM_B_STD_013,CM_B_STD_014,1,3,cross_family_structural_candidate,original,original,G_const * M_A * m_A / r_A**2,G_const * M_A * m_A / r_A**2,10.005 N,1.334 N
CM_B_STD_013,CM_B_STD_015,1,0,cross_family_structural_candidate,original,original,G_const * M_A * m_A / r_A**2,G_const * M_A * m_A / r_A**2,10.005 N,4.002 N
CM_B_STD_013,CM_B_STD_015,1,1,cross_family_structural_candidate,original,original,G_const * M_A * m_A / r_A**2,G_const * M_A * m_A / r_A**2,10.005 N,4.002 N
CM_B_STD_013,CM_B_STD_015,1,2,cross_family_structural_candidate,original,original,G_const * M_A * m_A / r_A**2,G_const * M_A * m_A / r_A**2,10.005 N,4.002 N
CM_B_STD_013,CM_B_STD_015,1,3,cross_family_structural_candidate,original,original,G_const * M_A * m_A / r_A**2,G_const * M_A * m_A / r_A**2,10.005 N,4.002 N
CM_B_STD_013,CM_B_STD_014,2,0,cross_family_structural_candidate,original,original,G_const * M_A * m_A / r_A**2,G_const * M_A * m_A / r_A**2,10.005 N,1.334 N
CM_B_STD_013,CM_B_STD_014,2,1,cross_family_structural_candidate,original,original,G_const * M_A * m_A / r_A**2,G_const * M_A * m_A / r_A**2,10.005 N,1.334 N
CM_B_STD_013,CM_B_STD_014,2,2,cross_family_structural_candidate,original,original,G_const * M_A * m_A / r_A**2,G_const * M_A * m_A / r_A**2,10.005 N,1.334 N
CM_B_STD_013,CM_B_STD_014,2,3,cross_family_structural_candidate,original,original,G_const * M_A * m_A / r_A**2,G_const * M_A * m_A / r_A**2,10.005 N,1.334 N
CM_B_STD_013,CM_B_STD_015,2,0,cross_family_structural_candidate,original,original,G_const * M_A * m_A / r_A**2,G_const * M_A * m_A / r_A**2,10.005 N,4.002 N
CM_B_STD_013,CM_B_STD_015,2,1,cross_family_structural_candidate,original,original,G_const * M_A * m_A / r_A**2,G_const * M_A * m_A / r_A**2,10.005 N,4.002 N
CM_B_STD_013,CM_B_STD_015,2,2,cross_family_structural_candidate,original,original,G_const * M_A * m_A / r_A**2,G_const * M_A * m_A / r_A**2,10.005 N,4.002 N
CM_B_STD_013,CM_B_STD_015,2,3,cross_family_structural_candidate,original,original,G_const * M_A * m_A / r_A**2,G_const * M_A * m_A / r_A**2,10.005 N,4.002 N
CM_B_STD_013,CM_B_STD_014,3,0,cross_family_structural_candidate,original,original,G_const * M_A * m_A / r_A**2,G_const * M_A * m_A / r_A**2,10.005 N,1.334 N
CM_B_STD_013,CM_B_STD_014,3,1,cross_family_structural_candidate,original,original,G_const * M_A * m_A / r_A**2,G_const * M_A * m_A / r_A**2,10.005 N,1.334 N
CM_B_STD_013,CM_B_STD_014,3,2,cross_family_structural_candidate,original,original,G_const * M_A * m_A / r_A**2,G_const * M_A * m_A / r_A**2,10.005 N,1.334 N
CM_B_STD_013,CM_B_STD_014,3,3,cross_family_structural_candidate,original,original,G_const * M_A * m_A / r_A**2,G_const * M_A * m_A / r_A**2,10.005 N,1.334 N
CM_B_STD_013,CM_B_STD_015,3,0,cross_family_structural_candidate,original,original,G_const * M_A * m_A / r_A**2,G_const * M_A * m_A / r_A**2,10.005 N,4.002 N
CM_B_STD_013,CM_B_STD_015,3,1,cross_family_structural_candidate,original,original,G_const * M_A * m_A / r_A**2,G_const * M_A * m_A / r_A**2,10.005 N,4.002 N
CM_B_STD_013,CM_B_STD_015,3,2,cross_family_structural_candidate,original,original,G_const * M_A * m_A / r_A**2,G_const * M_A * m_A / r_A**2,10.005 N,4.002 N
CM_B_STD_013,CM_B_STD_015,3,3,cross_family_structural_candidate,original,original,G_const * M_A * m_A / r_A**2,G_const * M_A * m_A / r_A**2,10.005 N,4.002 N
CM_B_STD_014,CM_B_STD_015,0,0,cross_family_structural_candidate,original,original,G_const * M_A * m_A / r_A**2,G_const * M_A * m_A / r_A**2,1.334 N,4.002 N
CM_B_STD_014,CM_B_STD_015,0,1,cross_family_structural_candidate,original,original,G_const * M_A * m_A / r_A**2,G_const * M_A * m_A / r_A**2,1.334 N,4.002 N
CM_B_STD_014,CM_B_STD_015,0,2,cross_family_structural_candidate,original,original,G_const * M_A * m_A / r_A**2,G_const * M_A * m_A / r_A**2,1.334 N,4.002 N
CM_B_STD_014,CM_B_STD_015,0,3,cross_family_structural_candidate,original,original,G_const * M_A * m_A / r_A**2,G_const * M_A * m_A / r_A**2,1.334 N,4.002 N
CM_B_STD_014,CM_B_STD_015,1,0,cross_family_structural_candidate,original,original,G_const * M_A * m_A / r_A**2,G_const * M_A * m_A / r_A**2,1.334 N,4.002 N
CM_B_STD_014,CM_B_STD_015,1,1,cross_family_structural_candidate,original,original,G_const * M_A * m_A / r_A**2,G_const * M_A * m_A / r_A**2,1.334 N,4.002 N
CM_B_STD_014,CM_B_STD_015,1,2,cross_family_structural_candidate,original,original,G_const * M_A * m_A / r_A**2,G_const * M_A * m_A / r_A**2,1.334 N,4.002 N
CM_B_STD_014,CM_B_STD_015,1,3,cross_family_structural_candidate,original,original,G_const * M_A * m_A / r_A**2,G_const * M_A * m_A / r_A**2,1.334 N,4.002 N
CM_B_STD_014,CM_B_STD_015,2,0,cross_family_structural_candidate,original,original,G_const * M_A * m_A / r_A**2,G_const * M_A * m_A / r_A**2,1.334 N,4.002 N
CM_B_STD_014,CM_B_STD_015,2,1,cross_family_structural_candidate,original,original,G_const * M_A * m_A / r_A**2,G_const * M_A * m_A / r_A**2,1.334 N,4.002 N
CM_B_STD_014,CM_B_STD_015,2,2,cross_family_structural_candidate,original,original,G_const * M_A * m_A / r_A**2,G_const * M_A * m_A / r_A**2,1.334 N,4.002 N
CM_B_STD_014,CM_B_STD_015,2,3,cross_family_structural_candidate,original,original,G_const * M_A * m_A / r_A**2,G_const * M_A * m_A / r_A**2,1.334 N,4.002 N
CM_B_STD_014,CM_B_STD_015,3,0,cross_family_structural_candidate,original,original,G_const * M_A * m_A / r_A**2,G_const * M_A * m_A / r_A**2,1.334 N,4.002 N
CM_B_STD_014,CM_B_STD_015,3,1,cross_family_structural_candidate,original,original,G_const * M_A * m_A / r_A**2,G_const * M_A * m_A / r_A**2,1.334 N,4.002 N
CM_B_STD_014,CM_B_STD_015,3,2,cross_family_structural_candidate,original,original,G_const * M_A * m_A / r_A**2,G_const * M_A * m_A / r_A**2,1.334 N,4.002 N
CM_B_STD_014,CM_B_STD_015,3,3,cross_family_structural_candidate,original,original,G_const * M_A * m_A / r_A**2,G_const * M_A * m_A / r_A**2,1.334 N,4.002 N
CM_B_UM_003,CM_B_UM_005,0,0,cross_family_structural_candidate,original,original,m_A * g,m_A * g,24.5 N,29.4 N
CM_B_UM_003,CM_B_UM_005,0,1,cross_family_structural_candidate,original,original,m_A * g,m_A * g,24.5 N,29.4 N
CM_B_UM_003,CM_B_UM_005,0,2,cross_family_structural_candidate,original,original,m_A * g,m_A * g,24.5 N,29.4 N
CM_B_UM_003,CM_B_UM_005,0,3,cross_family_structural_candidate,original,original,m_A * g,m_A * g,24.5 N,29.4 N
CM_B_UM_003,CM_B_UM_005,1,0,cross_family_structural_candidate,original,original,m_A * g,m_A * g,24.5 N,29.4 N
CM_B_UM_003,CM_B_UM_005,1,1,cross_family_structural_candidate,original,original,m_A * g,m_A * g,24.5 N,29.4 N
CM_B_UM_003,CM_B_UM_005,1,2,cross_family_structural_candidate,original,original,m_A * g,m_A * g,24.5 N,29.4 N
CM_B_UM_003,CM_B_UM_005,1,3,cross_family_structural_candidate,original,original,m_A * g,m_A * g,24.5 N,29.4 N
CM_B_UM_003,CM_B_UM_005,2,0,cross_family_structural_candidate,original,original,m_A * g,m_A * g,24.5 N,29.4 N
CM_B_UM_003,CM_B_UM_005,2,1,cross_family_structural_candidate,original,original,m_A * g,m_A * g,24.5 N,29.4 N
CM_B_UM_003,CM_B_UM_005,2,2,cross_family_structural_candidate,original,original,m_A * g,m_A * g,24.5 N,29.4 N
CM_B_UM_003,CM_B_UM_005,2,3,cross_family_structural_candidate,original,original,m_A * g,m_A * g,24.5 N,29.4 N
CM_B_UM_003,CM_B_UM_005,3,0,cross_family_structural_candidate,original,original,m_A * g,m_A * g,24.5 N,29.4 N
CM_B_UM_003,CM_B_UM_005,3,1,cross_family_structural_candidate,original,original,m_A * g,m_A * g,24.5 N,29.4 N
CM_B_UM_003,CM_B_UM_005,3,2,cross_family_structural_candidate,original,original,m_A * g,m_A * g,24.5 N,29.4 N
CM_B_UM_003,CM_B_UM_005,3,3,cross_family_structural_candidate,original,original,m_A * g,m_A * g,24.5 N,29.4 N
CM_B_UM_015,CM_B_UM_017,0,0,cross_family_structural_candidate,original,original,V_A / R_A,V_total / R_total,3.0 A,3.0 A
CM_B_UM_015,CM_B_UM_017,0,1,cross_family_structural_candidate,original,original,V_A / R_A,V_total / R_total,3.0 A,3.0 A
CM_B_UM_015,CM_B_UM_017,0,2,cross_family_structural_candidate,original,original,V_A / R_A,V_total / R_total,3.0 A,3.0 A
CM_B_UM_015,CM_B_UM_017,0,3,cross_family_structural_candidate,original,original,V_A / R_A,V_total / R_total,3.0 A,3.0 A
CM_B_UM_015,CM_B_UM_018,0,0,cross_family_structural_candidate,original,original,V_A / R_A,V / R_A,3.0 A,3.0 A
CM_B_UM_015,CM_B_UM_018,0,1,cross_family_structural_candidate,original,original,V_A / R_A,V / R_A,3.0 A,3.0 A
CM_B_UM_015,CM_B_UM_018,0,2,cross_family_structural_candidate,original,original,V_A / R_A,V / R_A,3.0 A,3.0 A
CM_B_UM_015,CM_B_UM_018,0,3,cross_family_structural_candidate,original,original,V_A / R_A,V / R_A,3.0 A,3.0 A
CM_B_UM_015,CM_B_UM_017,1,0,cross_family_structural_candidate,original,original,V_A / R_A,V_total / R_total,3.0 A,3.0 A
CM_B_UM_015,CM_B_UM_017,1,1,cross_family_structural_candidate,original,original,V_A / R_A,V_total / R_total,3.0 A,3.0 A
CM_B_UM_015,CM_B_UM_017,1,2,cross_family_structural_candidate,original,original,V_A / R_A,V_total / R_total,3.0 A,3.0 A
CM_B_UM_015,CM_B_UM_017,1,3,cross_family_structural_candidate,original,original,V_A / R_A,V_total / R_total,3.0 A,3.0 A
CM_B_UM_015,CM_B_UM_018,1,0,cross_family_structural_candidate,original,original,V_A / R_A,V / R_A,3.0 A,3.0 A
CM_B_UM_015,CM_B_UM_018,1,1,cross_family_structural_candidate,original,original,V_A / R_A,V / R_A,3.0 A,3.0 A
CM_B_UM_015,CM_B_UM_018,1,2,cross_family_structural_candidate,original,original,V_A / R_A,V / R_A,3.0 A,3.0 A
CM_B_UM_015,CM_B_UM_018,1,3,cross_family_structural_candidate,original,original,V_A / R_A,V / R_A,3.0 A,3.0 A
CM_B_UM_015,CM_B_UM_017,2,0,cross_family_structural_candidate,original,original,V_A / R_A,V_total / R_total,3.0 A,3.0 A
CM_B_UM_015,CM_B_UM_017,2,1,cross_family_structural_candidate,original,original,V_A / R_A,V_total / R_total,3.0 A,3.0 A
CM_B_UM_015,CM_B_UM_017,2,2,cross_family_structural_candidate,original,original,V_A / R_A,V_total / R_total,3.0 A,3.0 A
CM_B_UM_015,CM_B_UM_017,2,3,cross_family_structural_candidate,original,original,V_A / R_A,V_total / R_total,3.0 A,3.0 A
CM_B_UM_015,CM_B_UM_018,2,0,cross_family_structural_candidate,original,original,V_A / R_A,V / R_A,3.0 A,3.0 A
CM_B_UM_015,CM_B_UM_018,2,1,cross_family_structural_candidate,original,original,V_A / R_A,V / R_A,3.0 A,3.0 A
CM_B_UM_015,CM_B_UM_018,2,2,cross_family_structural_candidate,original,original,V_A / R_A,V / R_A,3.0 A,3.0 A
CM_B_UM_015,CM_B_UM_018,2,3,cross_family_structural_candidate,original,original,V_A / R_A,V / R_A,3.0 A,3.0 A
CM_B_UM_015,CM_B_UM_017,3,0,cross_family_structural_candidate,original,original,V_A / R_A,V_total / R_total,3.0 A,3.0 A
CM_B_UM_015,CM_B_UM_017,3,1,cross_family_structural_candidate,original,original,V_A / R_A,V_total / R_total,3.0 A,3.0 A
CM_B_UM_015,CM_B_UM_017,3,2,cross_family_structural_candidate,original,original,V_A / R_A,V_total / R_total,3.0 A,3.0 A
CM_B_UM_015,CM_B_UM_017,3,3,cross_family_structural_candidate,original,original,V_A / R_A,V_total / R_total,3.0 A,3.0 A
CM_B_UM_015,CM_B_UM_018,3,0,cross_family_structural_candidate,original,original,V_A / R_A,V / R_A,3.0 A,3.0 A
CM_B_UM_015,CM_B_UM_018,3,1,cross_family_structural_candidate,original,original,V_A / R_A,V / R_A,3.0 A,3.0 A
CM_B_UM_015,CM_B_UM_018,3,2,cross_family_structural_candidate,original,original,V_A / R_A,V / R_A,3.0 A,3.0 A
CM_B_UM_015,CM_B_UM_018,3,3,cross_family_structural_candidate,original,original,V_A / R_A,V / R_A,3.0 A,3.0 A
CM_B_UM_017,CM_B_UM_018,0,0,cross_family_structural_candidate,original,original,V_total / R_total,V / R_A,3.0 A,3.0 A
CM_B_UM_017,CM_B_UM_018,0,1,cross_family_structural_candidate,original,original,V_total / R_total,V / R_A,3.0 A,3.0 A
CM_B_UM_017,CM_B_UM_018,0,2,cross_family_structural_candidate,original,original,V_total / R_total,V / R_A,3.0 A,3.0 A
CM_B_UM_017,CM_B_UM_018,0,3,cross_family_structural_candidate,original,original,V_total / R_total,V / R_A,3.0 A,3.0 A
CM_B_UM_017,CM_B_UM_018,1,0,cross_family_structural_candidate,original,original,V_total / R_total,V / R_A,3.0 A,3.0 A
CM_B_UM_017,CM_B_UM_018,1,1,cross_family_structural_candidate,original,original,V_total / R_total,V / R_A,3.0 A,3.0 A
CM_B_UM_017,CM_B_UM_018,1,2,cross_family_structural_candidate,original,original,V_total / R_total,V / R_A,3.0 A,3.0 A
CM_B_UM_017,CM_B_UM_018,1,3,cross_family_structural_candidate,original,original,V_total / R_total,V / R_A,3.0 A,3.0 A
CM_B_UM_017,CM_B_UM_018,2,0,cross_family_structural_candidate,original,original,V_total / R_total,V / R_A,3.0 A,3.0 A
CM_B_UM_017,CM_B_UM_018,2,1,cross_family_structural_candidate,original,original,V_total / R_total,V / R_A,3.0 A,3.0 A
CM_B_UM_017,CM_B_UM_018,2,2,cross_family_structural_candidate,original,original,V_total / R_total,V / R_A,3.0 A,3.0 A
CM_B_UM_017,CM_B_UM_018,2,3,cross_family_structural_candidate,original,original,V_total / R_total,V / R_A,3.0 A,3.0 A
CM_B_UM_017,CM_B_UM_018,3,0,cross_family_structural_candidate,original,original,V_total / R_total,V / R_A,3.0 A,3.0 A
CM_B_UM_017,CM_B_UM_018,3,1,cross_family_structural_candidate,original,original,V_total / R_total,V / R_A,3.0 A,3.0 A
CM_B_UM_017,CM_B_UM_018,3,2,cross_family_structural_candidate,original,original,V_total / R_total,V / R_A,3.0 A,3.0 A
CM_B_UM_017,CM_B_UM_018,3,3,cross_family_structural_candidate,original,original,V_total / R_total,V / R_A,3.0 A,3.0 A
CM_B_UM_022,CM_B_UM_024,0,0,cross_family_structural_candidate,original,original,P_A / I_A,Q_A / C_A,6.0 V,6.0 V
CM_B_UM_022,CM_B_UM_024,0,1,cross_family_structural_candidate,original,original,P_A / I_A,Q_A / C_A,6.0 V,6.0 V
CM_B_UM_022,CM_B_UM_024,0,2,cross_family_structural_candidate,original,original,P_A / I_A,Q_A / C_A,6.0 V,6.0 V
CM_B_UM_022,CM_B_UM_024,0,3,cross_family_structural_candidate,original,original,P_A / I_A,Q_A / C_A,6.0 V,6.0 V
CM_B_UM_022,CM_B_UM_024,1,0,cross_family_structural_candidate,original,original,P_A / I_A,Q_A / C_A,6.0 V,6.0 V
CM_B_UM_022,CM_B_UM_024,1,1,cross_family_structural_candidate,original,original,P_A / I_A,Q_A / C_A,6.0 V,6.0 V
CM_B_UM_022,CM_B_UM_024,1,2,cross_family_structural_candidate,original,original,P_A / I_A,Q_A / C_A,6.0 V,6.0 V
CM_B_UM_022,CM_B_UM_024,1,3,cross_family_structural_candidate,original,original,P_A / I_A,Q_A / C_A,6.0 V,6.0 V
CM_B_UM_022,CM_B_UM_024,2,0,cross_family_structural_candidate,original,original,P_A / I_A,Q_A / C_A,6.0 V,6.0 V
CM_B_UM_022,CM_B_UM_024,2,1,cross_family_structural_candidate,original,original,P_A / I_A,Q_A / C_A,6.0 V,6.0 V
CM_B_UM_022,CM_B_UM_024,2,2,cross_family_structural_candidate,original,original,P_A / I_A,Q_A / C_A,6.0 V,6.0 V
CM_B_UM_022,CM_B_UM_024,2,3,cross_family_structural_candidate,original,original,P_A / I_A,Q_A / C_A,6.0 V,6.0 V
CM_B_UM_022,CM_B_UM_024,3,0,cross_family_structural_candidate,original,original,P_A / I_A,Q_A / C_A,6.0 V,6.0 V
CM_B_UM_022,CM_B_UM_024,3,1,cross_family_structural_candidate,original,original,P_A / I_A,Q_A / C_A,6.0 V,6.0 V
CM_B_UM_022,CM_B_UM_024,3,2,cross_family_structural_candidate,original,original,P_A / I_A,Q_A / C_A,6.0 V,6.0 V
CM_B_UM_022,CM_B_UM_024,3,3,cross_family_structural_candidate,original,original,P_A / I_A,Q_A / C_A,6.0 V,6.0 V
CM_B_UM_027,CM_B_UM_028,0,0,cross_family_numeric_sibling,original,original,r_A * F_A,r_A * F_A,6.0 N*m,15.0 N*m
CM_B_UM_027,CM_B_UM_028,0,1,cross_family_numeric_sibling,original,original,r_A * F_A,r_A * F_A,6.0 N*m,15.0 N*m
CM_B_UM_027,CM_B_UM_028,0,2,cross_family_numeric_sibling,original,original,r_A * F_A,r_A * F_A,6.0 N*m,15.0 N*m
CM_B_UM_027,CM_B_UM_028,0,3,cross_family_numeric_sibling,original,original,r_A * F_A,r_A * F_A,6.0 N*m,15.0 N*m
CM_B_UM_027,CM_B_UM_029,0,0,cross_family_numeric_sibling,original,original,r_A * F_A,r_A * F_A,6.0 N*m,10.0 N*m
CM_B_UM_027,CM_B_UM_029,0,1,cross_family_numeric_sibling,original,original,r_A * F_A,r_A * F_A,6.0 N*m,10.0 N*m
CM_B_UM_027,CM_B_UM_029,0,2,cross_family_numeric_sibling,original,original,r_A * F_A,r_A * F_A,6.0 N*m,10.0 N*m
CM_B_UM_027,CM_B_UM_029,0,3,cross_family_numeric_sibling,original,original,r_A * F_A,r_A * F_A,6.0 N*m,10.0 N*m
CM_B_UM_027,CM_B_UM_030,0,0,cross_family_numeric_sibling,original,original,r_A * F_A,r_A * F_A,6.0 N*m,12.0 N*m
CM_B_UM_027,CM_B_UM_030,0,1,cross_family_numeric_sibling,original,original,r_A * F_A,r_A * F_A,6.0 N*m,12.0 N*m
CM_B_UM_027,CM_B_UM_030,0,2,cross_family_numeric_sibling,original,original,r_A * F_A,r_A * F_A,6.0 N*m,12.0 N*m
CM_B_UM_027,CM_B_UM_030,0,3,cross_family_numeric_sibling,original,original,r_A * F_A,r_A * F_A,6.0 N*m,12.0 N*m
CM_B_UM_027,CM_B_UM_031,0,0,cross_family_numeric_sibling,original,original,r_A * F_A,r_A * F_A,6.0 N*m,10.0 N*m
CM_B_UM_027,CM_B_UM_031,0,1,cross_family_numeric_sibling,original,original,r_A * F_A,r_A * F_A,6.0 N*m,10.0 N*m
CM_B_UM_027,CM_B_UM_031,0,2,cross_family_numeric_sibling,original,original,r_A * F_A,r_A * F_A,6.0 N*m,10.0 N*m
CM_B_UM_027,CM_B_UM_031,0,3,cross_family_numeric_sibling,original,original,r_A * F_A,r_A * F_A,6.0 N*m,10.0 N*m
CM_B_UM_027,CM_B_UM_057,0,0,cross_family_structural_candidate,original,original,r_A * F_A,r_A * F_A,6.0 N*m,12 N*m
CM_B_UM_027,CM_B_UM_057,0,1,cross_family_structural_candidate,original,original,r_A * F_A,r_A * F_A,6.0 N*m,12 N*m
CM_B_UM_027,CM_B_UM_057,0,2,cross_family_structural_candidate,original,original,r_A * F_A,r_A * F_A,6.0 N*m,12 N*m
CM_B_UM_027,CM_B_UM_057,0,3,cross_family_structural_candidate,original,original,r_A * F_A,r_A * F_A,6.0 N*m,12 N*m
CM_B_UM_027,CM_B_UM_058,0,0,cross_family_structural_candidate,original,original,r_A * F_A,r_A * F_A,6.0 N*m,15 N*m
CM_B_UM_027,CM_B_UM_058,0,1,cross_family_structural_candidate,original,original,r_A * F_A,r_A * F_A,6.0 N*m,15 N*m
CM_B_UM_027,CM_B_UM_058,0,2,cross_family_structural_candidate,original,original,r_A * F_A,r_A * F_A,6.0 N*m,15 N*m
CM_B_UM_027,CM_B_UM_058,0,3,cross_family_structural_candidate,original,original,r_A * F_A,r_A * F_A,6.0 N*m,15 N*m
CM_B_UM_027,CM_B_UM_060,0,0,cross_family_structural_candidate,original,original,r_A * F_A,r_A * F_A,6.0 N*m,8 N*m
CM_B_UM_027,CM_B_UM_060,0,1,cross_family_structural_candidate,original,original,r_A * F_A,r_A * F_A,6.0 N*m,8 N*m
CM_B_UM_027,CM_B_UM_060,0,2,cross_family_structural_candidate,original,original,r_A * F_A,r_A * F_A,6.0 N*m,8 N*m
CM_B_UM_027,CM_B_UM_060,0,3,cross_family_structural_candidate,original,original,r_A * F_A,r_A * F_A,6.0 N*m,8 N*m
CM_B_UM_027,CM_B_UM_028,1,0,cross_family_numeric_sibling,original,original,r_A * F_A,r_A * F_A,6.0 N*m,15.0 N*m
CM_B_UM_027,CM_B_UM_028,1,1,cross_family_numeric_sibling,original,original,r_A * F_A,r_A * F_A,6.0 N*m,15.0 N*m
CM_B_UM_027,CM_B_UM_028,1,2,cross_family_numeric_sibling,original,original,r_A * F_A,r_A * F_A,6.0 N*m,15.0 N*m
CM_B_UM_027,CM_B_UM_028,1,3,cross_family_numeric_sibling,original,original,r_A * F_A,r_A * F_A,6.0 N*m,15.0 N*m
CM_B_UM_027,CM_B_UM_029,1,0,cross_family_numeric_sibling,original,original,r_A * F_A,r_A * F_A,6.0 N*m,10.0 N*m
CM_B_UM_027,CM_B_UM_029,1,1,cross_family_numeric_sibling,original,original,r_A * F_A,r_A * F_A,6.0 N*m,10.0 N*m
CM_B_UM_027,CM_B_UM_029,1,2,cross_family_numeric_sibling,original,original,r_A * F_A,r_A * F_A,6.0 N*m,10.0 N*m
CM_B_UM_027,CM_B_UM_029,1,3,cross_family_numeric_sibling,original,original,r_A * F_A,r_A * F_A,6.0 N*m,10.0 N*m
CM_B_UM_027,CM_B_UM_030,1,0,cross_family_numeric_sibling,original,original,r_A * F_A,r_A * F_A,6.0 N*m,12.0 N*m
CM_B_UM_027,CM_B_UM_030,1,1,cross_family_numeric_sibling,original,original,r_A * F_A,r_A * F_A,6.0 N*m,12.0 N*m
CM_B_UM_027,CM_B_UM_030,1,2,cross_family_numeric_sibling,original,original,r_A * F_A,r_A * F_A,6.0 N*m,12.0 N*m
CM_B_UM_027,CM_B_UM_030,1,3,cross_family_numeric_sibling,original,original,r_A * F_A,r_A * F_A,6.0 N*m,12.0 N*m
CM_B_UM_027,CM_B_UM_031,1,0,cross_family_numeric_sibling,original,original,r_A * F_A,r_A * F_A,6.0 N*m,10.0 N*m
CM_B_UM_027,CM_B_UM_031,1,1,cross_family_numeric_sibling,original,original,r_A * F_A,r_A * F_A,6.0 N*m,10.0 N*m
CM_B_UM_027,CM_B_UM_031,1,2,cross_family_numeric_sibling,original,original,r_A * F_A,r_A * F_A,6.0 N*m,10.0 N*m
CM_B_UM_027,CM_B_UM_031,1,3,cross_family_numeric_sibling,original,original,r_A * F_A,r_A * F_A,6.0 N*m,10.0 N*m
CM_B_UM_027,CM_B_UM_057,1,0,cross_family_structural_candidate,original,original,r_A * F_A,r_A * F_A,6.0 N*m,12 N*m
CM_B_UM_027,CM_B_UM_057,1,1,cross_family_structural_candidate,original,original,r_A * F_A,r_A * F_A,6.0 N*m,12 N*m
CM_B_UM_027,CM_B_UM_057,1,2,cross_family_structural_candidate,original,original,r_A * F_A,r_A * F_A,6.0 N*m,12 N*m
CM_B_UM_027,CM_B_UM_057,1,3,cross_family_structural_candidate,original,original,r_A * F_A,r_A * F_A,6.0 N*m,12 N*m
CM_B_UM_027,CM_B_UM_058,1,0,cross_family_structural_candidate,original,original,r_A * F_A,r_A * F_A,6.0 N*m,15 N*m
CM_B_UM_027,CM_B_UM_058,1,1,cross_family_structural_candidate,original,original,r_A * F_A,r_A * F_A,6.0 N*m,15 N*m
CM_B_UM_027,CM_B_UM_058,1,2,cross_family_structural_candidate,original,original,r_A * F_A,r_A * F_A,6.0 N*m,15 N*m
CM_B_UM_027,CM_B_UM_058,1,3,cross_family_structural_candidate,original,original,r_A * F_A,r_A * F_A,6.0 N*m,15 N*m
CM_B_UM_027,CM_B_UM_060,1,0,cross_family_structural_candidate,original,original,r_A * F_A,r_A * F_A,6.0 N*m,8 N*m
CM_B_UM_027,CM_B_UM_060,1,1,cross_family_structural_candidate,original,original,r_A * F_A,r_A * F_A,6.0 N*m,8 N*m
CM_B_UM_027,CM_B_UM_060,1,2,cross_family_structural_candidate,original,original,r_A * F_A,r_A * F_A,6.0 N*m,8 N*m
CM_B_UM_027,CM_B_UM_060,1,3,cross_family_structural_candidate,original,original,r_A * F_A,r_A * F_A,6.0 N*m,8 N*m
CM_B_UM_027,CM_B_UM_028,2,0,cross_family_numeric_sibling,original,original,r_A * F_A,r_A * F_A,6.0 N*m,15.0 N*m
CM_B_UM_027,CM_B_UM_028,2,1,cross_family_numeric_sibling,original,original,r_A * F_A,r_A * F_A,6.0 N*m,15.0 N*m
CM_B_UM_027,CM_B_UM_028,2,2,cross_family_numeric_sibling,original,original,r_A * F_A,r_A * F_A,6.0 N*m,15.0 N*m
CM_B_UM_027,CM_B_UM_028,2,3,cross_family_numeric_sibling,original,original,r_A * F_A,r_A * F_A,6.0 N*m,15.0 N*m
CM_B_UM_027,CM_B_UM_029,2,0,cross_family_numeric_sibling,original,original,r_A * F_A,r_A * F_A,6.0 N*m,10.0 N*m
CM_B_UM_027,CM_B_UM_029,2,1,cross_family_numeric_sibling,original,original,r_A * F_A,r_A * F_A,6.0 N*m,10.0 N*m
CM_B_UM_027,CM_B_UM_029,2,2,cross_family_numeric_sibling,original,original,r_A * F_A,r_A * F_A,6.0 N*m,10.0 N*m
CM_B_UM_027,CM_B_UM_029,2,3,cross_family_numeric_sibling,original,original,r_A * F_A,r_A * F_A,6.0 N*m,10.0 N*m
CM_B_UM_027,CM_B_UM_030,2,0,cross_family_numeric_sibling,original,original,r_A * F_A,r_A * F_A,6.0 N*m,12.0 N*m
CM_B_UM_027,CM_B_UM_030,2,1,cross_family_numeric_sibling,original,original,r_A * F_A,r_A * F_A,6.0 N*m,12.0 N*m
CM_B_UM_027,CM_B_UM_030,2,2,cross_family_numeric_sibling,original,original,r_A * F_A,r_A * F_A,6.0 N*m,12.0 N*m
CM_B_UM_027,CM_B_UM_030,2,3,cross_family_numeric_sibling,original,original,r_A * F_A,r_A * F_A,6.0 N*m,12.0 N*m
CM_B_UM_027,CM_B_UM_031,2,0,cross_family_numeric_sibling,original,original,r_A * F_A,r_A * F_A,6.0 N*m,10.0 N*m
CM_B_UM_027,CM_B_UM_031,2,1,cross_family_numeric_sibling,original,original,r_A * F_A,r_A * F_A,6.0 N*m,10.0 N*m
CM_B_UM_027,CM_B_UM_031,2,2,cross_family_numeric_sibling,original,original,r_A * F_A,r_A * F_A,6.0 N*m,10.0 N*m
CM_B_UM_027,CM_B_UM_031,2,3,cross_family_numeric_sibling,original,original,r_A * F_A,r_A * F_A,6.0 N*m,10.0 N*m
CM_B_UM_027,CM_B_UM_057,2,0,cross_family_structural_candidate,original,original,r_A * F_A,r_A * F_A,6.0 N*m,12 N*m
CM_B_UM_027,CM_B_UM_057,2,1,cross_family_structural_candidate,original,original,r_A * F_A,r_A * F_A,6.0 N*m,12 N*m
CM_B_UM_027,CM_B_UM_057,2,2,cross_family_structural_candidate,original,original,r_A * F_A,r_A * F_A,6.0 N*m,12 N*m
CM_B_UM_027,CM_B_UM_057,2,3,cross_family_structural_candidate,original,original,r_A * F_A,r_A * F_A,6.0 N*m,12 N*m
CM_B_UM_027,CM_B_UM_058,2,0,cross_family_structural_candidate,original,original,r_A * F_A,r_A * F_A,6.0 N*m,15 N*m
CM_B_UM_027,CM_B_UM_058,2,1,cross_family_structural_candidate,original,original,r_A * F_A,r_A * F_A,6.0 N*m,15 N*m
CM_B_UM_027,CM_B_UM_058,2,2,cross_family_structural_candidate,original,original,r_A * F_A,r_A * F_A,6.0 N*m,15 N*m
CM_B_UM_027,CM_B_UM_058,2,3,cross_family_structural_candidate,original,original,r_A * F_A,r_A * F_A,6.0 N*m,15 N*m
CM_B_UM_027,CM_B_UM_060,2,0,cross_family_structural_candidate,original,original,r_A * F_A,r_A * F_A,6.0 N*m,8 N*m
CM_B_UM_027,CM_B_UM_060,2,1,cross_family_structural_candidate,original,original,r_A * F_A,r_A * F_A,6.0 N*m,8 N*m
CM_B_UM_027,CM_B_UM_060,2,2,cross_family_structural_candidate,original,original,r_A * F_A,r_A * F_A,6.0 N*m,8 N*m
CM_B_UM_027,CM_B_UM_060,2,3,cross_family_structural_candidate,original,original,r_A * F_A,r_A * F_A,6.0 N*m,8 N*m
CM_B_UM_027,CM_B_UM_028,3,0,cross_family_numeric_sibling,original,original,r_A * F_A,r_A * F_A,6.0 N*m,15.0 N*m
CM_B_UM_027,CM_B_UM_028,3,1,cross_family_numeric_sibling,original,original,r_A * F_A,r_A * F_A,6.0 N*m,15.0 N*m
CM_B_UM_027,CM_B_UM_028,3,2,cross_family_numeric_sibling,original,original,r_A * F_A,r_A * F_A,6.0 N*m,15.0 N*m
CM_B_UM_027,CM_B_UM_028,3,3,cross_family_numeric_sibling,original,original,r_A * F_A,r_A * F_A,6.0 N*m,15.0 N*m
CM_B_UM_027,CM_B_UM_029,3,0,cross_family_numeric_sibling,original,original,r_A * F_A,r_A * F_A,6.0 N*m,10.0 N*m
CM_B_UM_027,CM_B_UM_029,3,1,cross_family_numeric_sibling,original,original,r_A * F_A,r_A * F_A,6.0 N*m,10.0 N*m
CM_B_UM_027,CM_B_UM_029,3,2,cross_family_numeric_sibling,original,original,r_A * F_A,r_A * F_A,6.0 N*m,10.0 N*m
CM_B_UM_027,CM_B_UM_029,3,3,cross_family_numeric_sibling,original,original,r_A * F_A,r_A * F_A,6.0 N*m,10.0 N*m
CM_B_UM_027,CM_B_UM_030,3,0,cross_family_numeric_sibling,original,original,r_A * F_A,r_A * F_A,6.0 N*m,12.0 N*m
CM_B_UM_027,CM_B_UM_030,3,1,cross_family_numeric_sibling,original,original,r_A * F_A,r_A * F_A,6.0 N*m,12.0 N*m
CM_B_UM_027,CM_B_UM_030,3,2,cross_family_numeric_sibling,original,original,r_A * F_A,r_A * F_A,6.0 N*m,12.0 N*m
CM_B_UM_027,CM_B_UM_030,3,3,cross_family_numeric_sibling,original,original,r_A * F_A,r_A * F_A,6.0 N*m,12.0 N*m
CM_B_UM_027,CM_B_UM_031,3,0,cross_family_numeric_sibling,original,original,r_A * F_A,r_A * F_A,6.0 N*m,10.0 N*m
CM_B_UM_027,CM_B_UM_031,3,1,cross_family_numeric_sibling,original,original,r_A * F_A,r_A * F_A,6.0 N*m,10.0 N*m
CM_B_UM_027,CM_B_UM_031,3,2,cross_family_numeric_sibling,original,original,r_A * F_A,r_A * F_A,6.0 N*m,10.0 N*m
CM_B_UM_027,CM_B_UM_031,3,3,cross_family_numeric_sibling,original,original,r_A * F_A,r_A * F_A,6.0 N*m,10.0 N*m
CM_B_UM_027,CM_B_UM_057,3,0,cross_family_structural_candidate,original,original,r_A * F_A,r_A * F_A,6.0 N*m,12 N*m
CM_B_UM_027,CM_B_UM_057,3,1,cross_family_structural_candidate,original,original,r_A * F_A,r_A * F_A,6.0 N*m,12 N*m
CM_B_UM_027,CM_B_UM_057,3,2,cross_family_structural_candidate,original,original,r_A * F_A,r_A * F_A,6.0 N*m,12 N*m
CM_B_UM_027,CM_B_UM_057,3,3,cross_family_structural_candidate,original,original,r_A * F_A,r_A * F_A,6.0 N*m,12 N*m
CM_B_UM_027,CM_B_UM_058,3,0,cross_family_structural_candidate,original,original,r_A * F_A,r_A * F_A,6.0 N*m,15 N*m
CM_B_UM_027,CM_B_UM_058,3,1,cross_family_structural_candidate,original,original,r_A * F_A,r_A * F_A,6.0 N*m,15 N*m
CM_B_UM_027,CM_B_UM_058,3,2,cross_family_structural_candidate,original,original,r_A * F_A,r_A * F_A,6.0 N*m,15 N*m
CM_B_UM_027,CM_B_UM_058,3,3,cross_family_structural_candidate,original,original,r_A * F_A,r_A * F_A,6.0 N*m,15 N*m
CM_B_UM_027,CM_B_UM_060,3,0,cross_family_structural_candidate,original,original,r_A * F_A,r_A * F_A,6.0 N*m,8 N*m
CM_B_UM_027,CM_B_UM_060,3,1,cross_family_structural_candidate,original,original,r_A * F_A,r_A * F_A,6.0 N*m,8 N*m
CM_B_UM_027,CM_B_UM_060,3,2,cross_family_structural_candidate,original,original,r_A * F_A,r_A * F_A,6.0 N*m,8 N*m
CM_B_UM_027,CM_B_UM_060,3,3,cross_family_structural_candidate,original,original,r_A * F_A,r_A * F_A,6.0 N*m,8 N*m
CM_B_UM_028,CM_B_UM_029,0,0,cross_family_numeric_sibling,original,original,r_A * F_A,r_A * F_A,15.0 N*m,10.0 N*m
CM_B_UM_028,CM_B_UM_029,0,1,cross_family_numeric_sibling,original,original,r_A * F_A,r_A * F_A,15.0 N*m,10.0 N*m
CM_B_UM_028,CM_B_UM_029,0,2,cross_family_numeric_sibling,original,original,r_A * F_A,r_A * F_A,15.0 N*m,10.0 N*m
CM_B_UM_028,CM_B_UM_029,0,3,cross_family_numeric_sibling,original,original,r_A * F_A,r_A * F_A,15.0 N*m,10.0 N*m
CM_B_UM_028,CM_B_UM_030,0,0,cross_family_numeric_sibling,original,original,r_A * F_A,r_A * F_A,15.0 N*m,12.0 N*m
CM_B_UM_028,CM_B_UM_030,0,1,cross_family_numeric_sibling,original,original,r_A * F_A,r_A * F_A,15.0 N*m,12.0 N*m
CM_B_UM_028,CM_B_UM_030,0,2,cross_family_numeric_sibling,original,original,r_A * F_A,r_A * F_A,15.0 N*m,12.0 N*m
CM_B_UM_028,CM_B_UM_030,0,3,cross_family_numeric_sibling,original,original,r_A * F_A,r_A * F_A,15.0 N*m,12.0 N*m
CM_B_UM_028,CM_B_UM_031,0,0,cross_family_numeric_sibling,original,original,r_A * F_A,r_A * F_A,15.0 N*m,10.0 N*m
CM_B_UM_028,CM_B_UM_031,0,1,cross_family_numeric_sibling,original,original,r_A * F_A,r_A * F_A,15.0 N*m,10.0 N*m
CM_B_UM_028,CM_B_UM_031,0,2,cross_family_numeric_sibling,original,original,r_A * F_A,r_A * F_A,15.0 N*m,10.0 N*m
CM_B_UM_028,CM_B_UM_031,0,3,cross_family_numeric_sibling,original,original,r_A * F_A,r_A * F_A,15.0 N*m,10.0 N*m
CM_B_UM_028,CM_B_UM_057,0,0,cross_family_structural_candidate,original,original,r_A * F_A,r_A * F_A,15.0 N*m,12 N*m
CM_B_UM_028,CM_B_UM_057,0,1,cross_family_structural_candidate,original,original,r_A * F_A,r_A * F_A,15.0 N*m,12 N*m
CM_B_UM_028,CM_B_UM_057,0,2,cross_family_structural_candidate,original,original,r_A * F_A,r_A * F_A,15.0 N*m,12 N*m
CM_B_UM_028,CM_B_UM_057,0,3,cross_family_structural_candidate,original,original,r_A * F_A,r_A * F_A,15.0 N*m,12 N*m
CM_B_UM_028,CM_B_UM_058,0,0,cross_family_structural_candidate,original,original,r_A * F_A,r_A * F_A,15.0 N*m,15 N*m
CM_B_UM_028,CM_B_UM_058,0,1,cross_family_structural_candidate,original,original,r_A * F_A,r_A * F_A,15.0 N*m,15 N*m
CM_B_UM_028,CM_B_UM_058,0,2,cross_family_structural_candidate,original,original,r_A * F_A,r_A * F_A,15.0 N*m,15 N*m
CM_B_UM_028,CM_B_UM_058,0,3,cross_family_structural_candidate,original,original,r_A * F_A,r_A * F_A,15.0 N*m,15 N*m
CM_B_UM_028,CM_B_UM_060,0,0,cross_family_structural_candidate,original,original,r_A * F_A,r_A * F_A,15.0 N*m,8 N*m
CM_B_UM_028,CM_B_UM_060,0,1,cross_family_structural_candidate,original,original,r_A * F_A,r_A * F_A,15.0 N*m,8 N*m
CM_B_UM_028,CM_B_UM_060,0,2,cross_family_structural_candidate,original,original,r_A * F_A,r_A * F_A,15.0 N*m,8 N*m
CM_B_UM_028,CM_B_UM_060,0,3,cross_family_structural_candidate,original,original,r_A * F_A,r_A * F_A,15.0 N*m,8 N*m
CM_B_UM_028,CM_B_UM_029,1,0,cross_family_numeric_sibling,original,original,r_A * F_A,r_A * F_A,15.0 N*m,10.0 N*m
CM_B_UM_028,CM_B_UM_029,1,1,cross_family_numeric_sibling,original,original,r_A * F_A,r_A * F_A,15.0 N*m,10.0 N*m
CM_B_UM_028,CM_B_UM_029,1,2,cross_family_numeric_sibling,original,original,r_A * F_A,r_A * F_A,15.0 N*m,10.0 N*m
CM_B_UM_028,CM_B_UM_029,1,3,cross_family_numeric_sibling,original,original,r_A * F_A,r_A * F_A,15.0 N*m,10.0 N*m
CM_B_UM_028,CM_B_UM_030,1,0,cross_family_numeric_sibling,original,original,r_A * F_A,r_A * F_A,15.0 N*m,12.0 N*m
CM_B_UM_028,CM_B_UM_030,1,1,cross_family_numeric_sibling,original,original,r_A * F_A,r_A * F_A,15.0 N*m,12.0 N*m
CM_B_UM_028,CM_B_UM_030,1,2,cross_family_numeric_sibling,original,original,r_A * F_A,r_A * F_A,15.0 N*m,12.0 N*m
CM_B_UM_028,CM_B_UM_030,1,3,cross_family_numeric_sibling,original,original,r_A * F_A,r_A * F_A,15.0 N*m,12.0 N*m
CM_B_UM_028,CM_B_UM_031,1,0,cross_family_numeric_sibling,original,original,r_A * F_A,r_A * F_A,15.0 N*m,10.0 N*m
CM_B_UM_028,CM_B_UM_031,1,1,cross_family_numeric_sibling,original,original,r_A * F_A,r_A * F_A,15.0 N*m,10.0 N*m
CM_B_UM_028,CM_B_UM_031,1,2,cross_family_numeric_sibling,original,original,r_A * F_A,r_A * F_A,15.0 N*m,10.0 N*m
CM_B_UM_028,CM_B_UM_031,1,3,cross_family_numeric_sibling,original,original,r_A * F_A,r_A * F_A,15.0 N*m,10.0 N*m
CM_B_UM_028,CM_B_UM_057,1,0,cross_family_structural_candidate,original,original,r_A * F_A,r_A * F_A,15.0 N*m,12 N*m
CM_B_UM_028,CM_B_UM_057,1,1,cross_family_structural_candidate,original,original,r_A * F_A,r_A * F_A,15.0 N*m,12 N*m
CM_B_UM_028,CM_B_UM_057,1,2,cross_family_structural_candidate,original,original,r_A * F_A,r_A * F_A,15.0 N*m,12 N*m
CM_B_UM_028,CM_B_UM_057,1,3,cross_family_structural_candidate,original,original,r_A * F_A,r_A * F_A,15.0 N*m,12 N*m
CM_B_UM_028,CM_B_UM_058,1,0,cross_family_structural_candidate,original,original,r_A * F_A,r_A * F_A,15.0 N*m,15 N*m
CM_B_UM_028,CM_B_UM_058,1,1,cross_family_structural_candidate,original,original,r_A * F_A,r_A * F_A,15.0 N*m,15 N*m
CM_B_UM_028,CM_B_UM_058,1,2,cross_family_structural_candidate,original,original,r_A * F_A,r_A * F_A,15.0 N*m,15 N*m
CM_B_UM_028,CM_B_UM_058,1,3,cross_family_structural_candidate,original,original,r_A * F_A,r_A * F_A,15.0 N*m,15 N*m
CM_B_UM_028,CM_B_UM_060,1,0,cross_family_structural_candidate,original,original,r_A * F_A,r_A * F_A,15.0 N*m,8 N*m
CM_B_UM_028,CM_B_UM_060,1,1,cross_family_structural_candidate,original,original,r_A * F_A,r_A * F_A,15.0 N*m,8 N*m
CM_B_UM_028,CM_B_UM_060,1,2,cross_family_structural_candidate,original,original,r_A * F_A,r_A * F_A,15.0 N*m,8 N*m
CM_B_UM_028,CM_B_UM_060,1,3,cross_family_structural_candidate,original,original,r_A * F_A,r_A * F_A,15.0 N*m,8 N*m
CM_B_UM_028,CM_B_UM_029,2,0,cross_family_numeric_sibling,original,original,r_A * F_A,r_A * F_A,15.0 N*m,10.0 N*m
CM_B_UM_028,CM_B_UM_029,2,1,cross_family_numeric_sibling,original,original,r_A * F_A,r_A * F_A,15.0 N*m,10.0 N*m
CM_B_UM_028,CM_B_UM_029,2,2,cross_family_numeric_sibling,original,original,r_A * F_A,r_A * F_A,15.0 N*m,10.0 N*m
CM_B_UM_028,CM_B_UM_029,2,3,cross_family_numeric_sibling,original,original,r_A * F_A,r_A * F_A,15.0 N*m,10.0 N*m
CM_B_UM_028,CM_B_UM_030,2,0,cross_family_numeric_sibling,original,original,r_A * F_A,r_A * F_A,15.0 N*m,12.0 N*m
CM_B_UM_028,CM_B_UM_030,2,1,cross_family_numeric_sibling,original,original,r_A * F_A,r_A * F_A,15.0 N*m,12.0 N*m
CM_B_UM_028,CM_B_UM_030,2,2,cross_family_numeric_sibling,original,original,r_A * F_A,r_A * F_A,15.0 N*m,12.0 N*m
CM_B_UM_028,CM_B_UM_030,2,3,cross_family_numeric_sibling,original,original,r_A * F_A,r_A * F_A,15.0 N*m,12.0 N*m
CM_B_UM_028,CM_B_UM_031,2,0,cross_family_numeric_sibling,original,original,r_A * F_A,r_A * F_A,15.0 N*m,10.0 N*m
CM_B_UM_028,CM_B_UM_031,2,1,cross_family_numeric_sibling,original,original,r_A * F_A,r_A * F_A,15.0 N*m,10.0 N*m
CM_B_UM_028,CM_B_UM_031,2,2,cross_family_numeric_sibling,original,original,r_A * F_A,r_A * F_A,15.0 N*m,10.0 N*m
CM_B_UM_028,CM_B_UM_031,2,3,cross_family_numeric_sibling,original,original,r_A * F_A,r_A * F_A,15.0 N*m,10.0 N*m
CM_B_UM_028,CM_B_UM_057,2,0,cross_family_structural_candidate,original,original,r_A * F_A,r_A * F_A,15.0 N*m,12 N*m
CM_B_UM_028,CM_B_UM_057,2,1,cross_family_structural_candidate,original,original,r_A * F_A,r_A * F_A,15.0 N*m,12 N*m
CM_B_UM_028,CM_B_UM_057,2,2,cross_family_structural_candidate,original,original,r_A * F_A,r_A * F_A,15.0 N*m,12 N*m
CM_B_UM_028,CM_B_UM_057,2,3,cross_family_structural_candidate,original,original,r_A * F_A,r_A * F_A,15.0 N*m,12 N*m
CM_B_UM_028,CM_B_UM_058,2,0,cross_family_structural_candidate,original,original,r_A * F_A,r_A * F_A,15.0 N*m,15 N*m
CM_B_UM_028,CM_B_UM_058,2,1,cross_family_structural_candidate,original,original,r_A * F_A,r_A * F_A,15.0 N*m,15 N*m
CM_B_UM_028,CM_B_UM_058,2,2,cross_family_structural_candidate,original,original,r_A * F_A,r_A * F_A,15.0 N*m,15 N*m
CM_B_UM_028,CM_B_UM_058,2,3,cross_family_structural_candidate,original,original,r_A * F_A,r_A * F_A,15.0 N*m,15 N*m
CM_B_UM_028,CM_B_UM_060,2,0,cross_family_structural_candidate,original,original,r_A * F_A,r_A * F_A,15.0 N*m,8 N*m
CM_B_UM_028,CM_B_UM_060,2,1,cross_family_structural_candidate,original,original,r_A * F_A,r_A * F_A,15.0 N*m,8 N*m
CM_B_UM_028,CM_B_UM_060,2,2,cross_family_structural_candidate,original,original,r_A * F_A,r_A * F_A,15.0 N*m,8 N*m
CM_B_UM_028,CM_B_UM_060,2,3,cross_family_structural_candidate,original,original,r_A * F_A,r_A * F_A,15.0 N*m,8 N*m
CM_B_UM_028,CM_B_UM_029,3,0,cross_family_numeric_sibling,original,original,r_A * F_A,r_A * F_A,15.0 N*m,10.0 N*m
CM_B_UM_028,CM_B_UM_029,3,1,cross_family_numeric_sibling,original,original,r_A * F_A,r_A * F_A,15.0 N*m,10.0 N*m
CM_B_UM_028,CM_B_UM_029,3,2,cross_family_numeric_sibling,original,original,r_A * F_A,r_A * F_A,15.0 N*m,10.0 N*m
CM_B_UM_028,CM_B_UM_029,3,3,cross_family_numeric_sibling,original,original,r_A * F_A,r_A * F_A,15.0 N*m,10.0 N*m
CM_B_UM_028,CM_B_UM_030,3,0,cross_family_numeric_sibling,original,original,r_A * F_A,r_A * F_A,15.0 N*m,12.0 N*m
CM_B_UM_028,CM_B_UM_030,3,1,cross_family_numeric_sibling,original,original,r_A * F_A,r_A * F_A,15.0 N*m,12.0 N*m
CM_B_UM_028,CM_B_UM_030,3,2,cross_family_numeric_sibling,original,original,r_A * F_A,r_A * F_A,15.0 N*m,12.0 N*m
CM_B_UM_028,CM_B_UM_030,3,3,cross_family_numeric_sibling,original,original,r_A * F_A,r_A * F_A,15.0 N*m,12.0 N*m
CM_B_UM_028,CM_B_UM_031,3,0,cross_family_numeric_sibling,original,original,r_A * F_A,r_A * F_A,15.0 N*m,10.0 N*m
CM_B_UM_028,CM_B_UM_031,3,1,cross_family_numeric_sibling,original,original,r_A * F_A,r_A * F_A,15.0 N*m,10.0 N*m
CM_B_UM_028,CM_B_UM_031,3,2,cross_family_numeric_sibling,original,original,r_A * F_A,r_A * F_A,15.0 N*m,10.0 N*m
CM_B_UM_028,CM_B_UM_031,3,3,cross_family_numeric_sibling,original,original,r_A * F_A,r_A * F_A,15.0 N*m,10.0 N*m
CM_B_UM_028,CM_B_UM_057,3,0,cross_family_structural_candidate,original,original,r_A * F_A,r_A * F_A,15.0 N*m,12 N*m
CM_B_UM_028,CM_B_UM_057,3,1,cross_family_structural_candidate,original,original,r_A * F_A,r_A * F_A,15.0 N*m,12 N*m
CM_B_UM_028,CM_B_UM_057,3,2,cross_family_structural_candidate,original,original,r_A * F_A,r_A * F_A,15.0 N*m,12 N*m
CM_B_UM_028,CM_B_UM_057,3,3,cross_family_structural_candidate,original,original,r_A * F_A,r_A * F_A,15.0 N*m,12 N*m
CM_B_UM_028,CM_B_UM_058,3,0,cross_family_structural_candidate,original,original,r_A * F_A,r_A * F_A,15.0 N*m,15 N*m
CM_B_UM_028,CM_B_UM_058,3,1,cross_family_structural_candidate,original,original,r_A * F_A,r_A * F_A,15.0 N*m,15 N*m
CM_B_UM_028,CM_B_UM_058,3,2,cross_family_structural_candidate,original,original,r_A * F_A,r_A * F_A,15.0 N*m,15 N*m
CM_B_UM_028,CM_B_UM_058,3,3,cross_family_structural_candidate,original,original,r_A * F_A,r_A * F_A,15.0 N*m,15 N*m
CM_B_UM_028,CM_B_UM_060,3,0,cross_family_structural_candidate,original,original,r_A * F_A,r_A * F_A,15.0 N*m,8 N*m
CM_B_UM_028,CM_B_UM_060,3,1,cross_family_structural_candidate,original,original,r_A * F_A,r_A * F_A,15.0 N*m,8 N*m
CM_B_UM_028,CM_B_UM_060,3,2,cross_family_structural_candidate,original,original,r_A * F_A,r_A * F_A,15.0 N*m,8 N*m
CM_B_UM_028,CM_B_UM_060,3,3,cross_family_structural_candidate,original,original,r_A * F_A,r_A * F_A,15.0 N*m,8 N*m
CM_B_UM_029,CM_B_UM_030,0,0,cross_family_numeric_sibling,original,original,r_A * F_A,r_A * F_A,10.0 N*m,12.0 N*m
CM_B_UM_029,CM_B_UM_030,0,1,cross_family_numeric_sibling,original,original,r_A * F_A,r_A * F_A,10.0 N*m,12.0 N*m
CM_B_UM_029,CM_B_UM_030,0,2,cross_family_numeric_sibling,original,original,r_A * F_A,r_A * F_A,10.0 N*m,12.0 N*m
CM_B_UM_029,CM_B_UM_030,0,3,cross_family_numeric_sibling,original,original,r_A * F_A,r_A * F_A,10.0 N*m,12.0 N*m
CM_B_UM_029,CM_B_UM_031,0,0,cross_family_numeric_sibling,original,original,r_A * F_A,r_A * F_A,10.0 N*m,10.0 N*m
CM_B_UM_029,CM_B_UM_031,0,1,cross_family_numeric_sibling,original,original,r_A * F_A,r_A * F_A,10.0 N*m,10.0 N*m
CM_B_UM_029,CM_B_UM_031,0,2,cross_family_numeric_sibling,original,original,r_A * F_A,r_A * F_A,10.0 N*m,10.0 N*m
CM_B_UM_029,CM_B_UM_031,0,3,cross_family_numeric_sibling,original,original,r_A * F_A,r_A * F_A,10.0 N*m,10.0 N*m
CM_B_UM_029,CM_B_UM_057,0,0,cross_family_structural_candidate,original,original,r_A * F_A,r_A * F_A,10.0 N*m,12 N*m
CM_B_UM_029,CM_B_UM_057,0,1,cross_family_structural_candidate,original,original,r_A * F_A,r_A * F_A,10.0 N*m,12 N*m
CM_B_UM_029,CM_B_UM_057,0,2,cross_family_structural_candidate,original,original,r_A * F_A,r_A * F_A,10.0 N*m,12 N*m
CM_B_UM_029,CM_B_UM_057,0,3,cross_family_structural_candidate,original,original,r_A * F_A,r_A * F_A,10.0 N*m,12 N*m
CM_B_UM_029,CM_B_UM_058,0,0,cross_family_structural_candidate,original,original,r_A * F_A,r_A * F_A,10.0 N*m,15 N*m
CM_B_UM_029,CM_B_UM_058,0,1,cross_family_structural_candidate,original,original,r_A * F_A,r_A * F_A,10.0 N*m,15 N*m
CM_B_UM_029,CM_B_UM_058,0,2,cross_family_structural_candidate,original,original,r_A * F_A,r_A * F_A,10.0 N*m,15 N*m
CM_B_UM_029,CM_B_UM_058,0,3,cross_family_structural_candidate,original,original,r_A * F_A,r_A * F_A,10.0 N*m,15 N*m
CM_B_UM_029,CM_B_UM_060,0,0,cross_family_structural_candidate,original,original,r_A * F_A,r_A * F_A,10.0 N*m,8 N*m
CM_B_UM_029,CM_B_UM_060,0,1,cross_family_structural_candidate,original,original,r_A * F_A,r_A * F_A,10.0 N*m,8 N*m
CM_B_UM_029,CM_B_UM_060,0,2,cross_family_structural_candidate,original,original,r_A * F_A,r_A * F_A,10.0 N*m,8 N*m
CM_B_UM_029,CM_B_UM_060,0,3,cross_family_structural_candidate,original,original,r_A * F_A,r_A * F_A,10.0 N*m,8 N*m
CM_B_UM_029,CM_B_UM_030,1,0,cross_family_numeric_sibling,original,original,r_A * F_A,r_A * F_A,10.0 N*m,12.0 N*m
CM_B_UM_029,CM_B_UM_030,1,1,cross_family_numeric_sibling,original,original,r_A * F_A,r_A * F_A,10.0 N*m,12.0 N*m
CM_B_UM_029,CM_B_UM_030,1,2,cross_family_numeric_sibling,original,original,r_A * F_A,r_A * F_A,10.0 N*m,12.0 N*m
CM_B_UM_029,CM_B_UM_030,1,3,cross_family_numeric_sibling,original,original,r_A * F_A,r_A * F_A,10.0 N*m,12.0 N*m
CM_B_UM_029,CM_B_UM_031,1,0,cross_family_numeric_sibling,original,original,r_A * F_A,r_A * F_A,10.0 N*m,10.0 N*m
CM_B_UM_029,CM_B_UM_031,1,1,cross_family_numeric_sibling,original,original,r_A * F_A,r_A * F_A,10.0 N*m,10.0 N*m
CM_B_UM_029,CM_B_UM_031,1,2,cross_family_numeric_sibling,original,original,r_A * F_A,r_A * F_A,10.0 N*m,10.0 N*m
CM_B_UM_029,CM_B_UM_031,1,3,cross_family_numeric_sibling,original,original,r_A * F_A,r_A * F_A,10.0 N*m,10.0 N*m
CM_B_UM_029,CM_B_UM_057,1,0,cross_family_structural_candidate,original,original,r_A * F_A,r_A * F_A,10.0 N*m,12 N*m
CM_B_UM_029,CM_B_UM_057,1,1,cross_family_structural_candidate,original,original,r_A * F_A,r_A * F_A,10.0 N*m,12 N*m
CM_B_UM_029,CM_B_UM_057,1,2,cross_family_structural_candidate,original,original,r_A * F_A,r_A * F_A,10.0 N*m,12 N*m
CM_B_UM_029,CM_B_UM_057,1,3,cross_family_structural_candidate,original,original,r_A * F_A,r_A * F_A,10.0 N*m,12 N*m
CM_B_UM_029,CM_B_UM_058,1,0,cross_family_structural_candidate,original,original,r_A * F_A,r_A * F_A,10.0 N*m,15 N*m
CM_B_UM_029,CM_B_UM_058,1,1,cross_family_structural_candidate,original,original,r_A * F_A,r_A * F_A,10.0 N*m,15 N*m
CM_B_UM_029,CM_B_UM_058,1,2,cross_family_structural_candidate,original,original,r_A * F_A,r_A * F_A,10.0 N*m,15 N*m
CM_B_UM_029,CM_B_UM_058,1,3,cross_family_structural_candidate,original,original,r_A * F_A,r_A * F_A,10.0 N*m,15 N*m
CM_B_UM_029,CM_B_UM_060,1,0,cross_family_structural_candidate,original,original,r_A * F_A,r_A * F_A,10.0 N*m,8 N*m
CM_B_UM_029,CM_B_UM_060,1,1,cross_family_structural_candidate,original,original,r_A * F_A,r_A * F_A,10.0 N*m,8 N*m
CM_B_UM_029,CM_B_UM_060,1,2,cross_family_structural_candidate,original,original,r_A * F_A,r_A * F_A,10.0 N*m,8 N*m
CM_B_UM_029,CM_B_UM_060,1,3,cross_family_structural_candidate,original,original,r_A * F_A,r_A * F_A,10.0 N*m,8 N*m
CM_B_UM_029,CM_B_UM_030,2,0,cross_family_numeric_sibling,original,original,r_A * F_A,r_A * F_A,10.0 N*m,12.0 N*m
CM_B_UM_029,CM_B_UM_030,2,1,cross_family_numeric_sibling,original,original,r_A * F_A,r_A * F_A,10.0 N*m,12.0 N*m
CM_B_UM_029,CM_B_UM_030,2,2,cross_family_numeric_sibling,original,original,r_A * F_A,r_A * F_A,10.0 N*m,12.0 N*m
CM_B_UM_029,CM_B_UM_030,2,3,cross_family_numeric_sibling,original,original,r_A * F_A,r_A * F_A,10.0 N*m,12.0 N*m
CM_B_UM_029,CM_B_UM_031,2,0,cross_family_numeric_sibling,original,original,r_A * F_A,r_A * F_A,10.0 N*m,10.0 N*m
CM_B_UM_029,CM_B_UM_031,2,1,cross_family_numeric_sibling,original,original,r_A * F_A,r_A * F_A,10.0 N*m,10.0 N*m
CM_B_UM_029,CM_B_UM_031,2,2,cross_family_numeric_sibling,original,original,r_A * F_A,r_A * F_A,10.0 N*m,10.0 N*m
CM_B_UM_029,CM_B_UM_031,2,3,cross_family_numeric_sibling,original,original,r_A * F_A,r_A * F_A,10.0 N*m,10.0 N*m
CM_B_UM_029,CM_B_UM_057,2,0,cross_family_structural_candidate,original,original,r_A * F_A,r_A * F_A,10.0 N*m,12 N*m
CM_B_UM_029,CM_B_UM_057,2,1,cross_family_structural_candidate,original,original,r_A * F_A,r_A * F_A,10.0 N*m,12 N*m
CM_B_UM_029,CM_B_UM_057,2,2,cross_family_structural_candidate,original,original,r_A * F_A,r_A * F_A,10.0 N*m,12 N*m
CM_B_UM_029,CM_B_UM_057,2,3,cross_family_structural_candidate,original,original,r_A * F_A,r_A * F_A,10.0 N*m,12 N*m
CM_B_UM_029,CM_B_UM_058,2,0,cross_family_structural_candidate,original,original,r_A * F_A,r_A * F_A,10.0 N*m,15 N*m
CM_B_UM_029,CM_B_UM_058,2,1,cross_family_structural_candidate,original,original,r_A * F_A,r_A * F_A,10.0 N*m,15 N*m
CM_B_UM_029,CM_B_UM_058,2,2,cross_family_structural_candidate,original,original,r_A * F_A,r_A * F_A,10.0 N*m,15 N*m
CM_B_UM_029,CM_B_UM_058,2,3,cross_family_structural_candidate,original,original,r_A * F_A,r_A * F_A,10.0 N*m,15 N*m
CM_B_UM_029,CM_B_UM_060,2,0,cross_family_structural_candidate,original,original,r_A * F_A,r_A * F_A,10.0 N*m,8 N*m
CM_B_UM_029,CM_B_UM_060,2,1,cross_family_structural_candidate,original,original,r_A * F_A,r_A * F_A,10.0 N*m,8 N*m
CM_B_UM_029,CM_B_UM_060,2,2,cross_family_structural_candidate,original,original,r_A * F_A,r_A * F_A,10.0 N*m,8 N*m
CM_B_UM_029,CM_B_UM_060,2,3,cross_family_structural_candidate,original,original,r_A * F_A,r_A * F_A,10.0 N*m,8 N*m
CM_B_UM_029,CM_B_UM_030,3,0,cross_family_numeric_sibling,original,original,r_A * F_A,r_A * F_A,10.0 N*m,12.0 N*m
CM_B_UM_029,CM_B_UM_030,3,1,cross_family_numeric_sibling,original,original,r_A * F_A,r_A * F_A,10.0 N*m,12.0 N*m
CM_B_UM_029,CM_B_UM_030,3,2,cross_family_numeric_sibling,original,original,r_A * F_A,r_A * F_A,10.0 N*m,12.0 N*m
CM_B_UM_029,CM_B_UM_030,3,3,cross_family_numeric_sibling,original,original,r_A * F_A,r_A * F_A,10.0 N*m,12.0 N*m
CM_B_UM_029,CM_B_UM_031,3,0,cross_family_numeric_sibling,original,original,r_A * F_A,r_A * F_A,10.0 N*m,10.0 N*m
CM_B_UM_029,CM_B_UM_031,3,1,cross_family_numeric_sibling,original,original,r_A * F_A,r_A * F_A,10.0 N*m,10.0 N*m
CM_B_UM_029,CM_B_UM_031,3,2,cross_family_numeric_sibling,original,original,r_A * F_A,r_A * F_A,10.0 N*m,10.0 N*m
CM_B_UM_029,CM_B_UM_031,3,3,cross_family_numeric_sibling,original,original,r_A * F_A,r_A * F_A,10.0 N*m,10.0 N*m
CM_B_UM_029,CM_B_UM_057,3,0,cross_family_structural_candidate,original,original,r_A * F_A,r_A * F_A,10.0 N*m,12 N*m
CM_B_UM_029,CM_B_UM_057,3,1,cross_family_structural_candidate,original,original,r_A * F_A,r_A * F_A,10.0 N*m,12 N*m
CM_B_UM_029,CM_B_UM_057,3,2,cross_family_structural_candidate,original,original,r_A * F_A,r_A * F_A,10.0 N*m,12 N*m
CM_B_UM_029,CM_B_UM_057,3,3,cross_family_structural_candidate,original,original,r_A * F_A,r_A * F_A,10.0 N*m,12 N*m
CM_B_UM_029,CM_B_UM_058,3,0,cross_family_structural_candidate,original,original,r_A * F_A,r_A * F_A,10.0 N*m,15 N*m
CM_B_UM_029,CM_B_UM_058,3,1,cross_family_structural_candidate,original,original,r_A * F_A,r_A * F_A,10.0 N*m,15 N*m
CM_B_UM_029,CM_B_UM_058,3,2,cross_family_structural_candidate,original,original,r_A * F_A,r_A * F_A,10.0 N*m,15 N*m
CM_B_UM_029,CM_B_UM_058,3,3,cross_family_structural_candidate,original,original,r_A * F_A,r_A * F_A,10.0 N*m,15 N*m
CM_B_UM_029,CM_B_UM_060,3,0,cross_family_structural_candidate,original,original,r_A * F_A,r_A * F_A,10.0 N*m,8 N*m
CM_B_UM_029,CM_B_UM_060,3,1,cross_family_structural_candidate,original,original,r_A * F_A,r_A * F_A,10.0 N*m,8 N*m
CM_B_UM_029,CM_B_UM_060,3,2,cross_family_structural_candidate,original,original,r_A * F_A,r_A * F_A,10.0 N*m,8 N*m
CM_B_UM_029,CM_B_UM_060,3,3,cross_family_structural_candidate,original,original,r_A * F_A,r_A * F_A,10.0 N*m,8 N*m
CM_B_UM_030,CM_B_UM_031,0,0,cross_family_numeric_sibling,original,original,r_A * F_A,r_A * F_A,12.0 N*m,10.0 N*m
CM_B_UM_030,CM_B_UM_031,0,1,cross_family_numeric_sibling,original,original,r_A * F_A,r_A * F_A,12.0 N*m,10.0 N*m
CM_B_UM_030,CM_B_UM_031,0,2,cross_family_numeric_sibling,original,original,r_A * F_A,r_A * F_A,12.0 N*m,10.0 N*m
CM_B_UM_030,CM_B_UM_031,0,3,cross_family_numeric_sibling,original,original,r_A * F_A,r_A * F_A,12.0 N*m,10.0 N*m
CM_B_UM_030,CM_B_UM_057,0,0,cross_family_structural_candidate,original,original,r_A * F_A,r_A * F_A,12.0 N*m,12 N*m
CM_B_UM_030,CM_B_UM_057,0,1,cross_family_structural_candidate,original,original,r_A * F_A,r_A * F_A,12.0 N*m,12 N*m
CM_B_UM_030,CM_B_UM_057,0,2,cross_family_structural_candidate,original,original,r_A * F_A,r_A * F_A,12.0 N*m,12 N*m
CM_B_UM_030,CM_B_UM_057,0,3,cross_family_structural_candidate,original,original,r_A * F_A,r_A * F_A,12.0 N*m,12 N*m
CM_B_UM_030,CM_B_UM_058,0,0,cross_family_structural_candidate,original,original,r_A * F_A,r_A * F_A,12.0 N*m,15 N*m
CM_B_UM_030,CM_B_UM_058,0,1,cross_family_structural_candidate,original,original,r_A * F_A,r_A * F_A,12.0 N*m,15 N*m
CM_B_UM_030,CM_B_UM_058,0,2,cross_family_structural_candidate,original,original,r_A * F_A,r_A * F_A,12.0 N*m,15 N*m
CM_B_UM_030,CM_B_UM_058,0,3,cross_family_structural_candidate,original,original,r_A * F_A,r_A * F_A,12.0 N*m,15 N*m
CM_B_UM_030,CM_B_UM_060,0,0,cross_family_structural_candidate,original,original,r_A * F_A,r_A * F_A,12.0 N*m,8 N*m
CM_B_UM_030,CM_B_UM_060,0,1,cross_family_structural_candidate,original,original,r_A * F_A,r_A * F_A,12.0 N*m,8 N*m
CM_B_UM_030,CM_B_UM_060,0,2,cross_family_structural_candidate,original,original,r_A * F_A,r_A * F_A,12.0 N*m,8 N*m
CM_B_UM_030,CM_B_UM_060,0,3,cross_family_structural_candidate,original,original,r_A * F_A,r_A * F_A,12.0 N*m,8 N*m
CM_B_UM_030,CM_B_UM_031,1,0,cross_family_numeric_sibling,original,original,r_A * F_A,r_A * F_A,12.0 N*m,10.0 N*m
CM_B_UM_030,CM_B_UM_031,1,1,cross_family_numeric_sibling,original,original,r_A * F_A,r_A * F_A,12.0 N*m,10.0 N*m
CM_B_UM_030,CM_B_UM_031,1,2,cross_family_numeric_sibling,original,original,r_A * F_A,r_A * F_A,12.0 N*m,10.0 N*m
CM_B_UM_030,CM_B_UM_031,1,3,cross_family_numeric_sibling,original,original,r_A * F_A,r_A * F_A,12.0 N*m,10.0 N*m
CM_B_UM_030,CM_B_UM_057,1,0,cross_family_structural_candidate,original,original,r_A * F_A,r_A * F_A,12.0 N*m,12 N*m
CM_B_UM_030,CM_B_UM_057,1,1,cross_family_structural_candidate,original,original,r_A * F_A,r_A * F_A,12.0 N*m,12 N*m
CM_B_UM_030,CM_B_UM_057,1,2,cross_family_structural_candidate,original,original,r_A * F_A,r_A * F_A,12.0 N*m,12 N*m
CM_B_UM_030,CM_B_UM_057,1,3,cross_family_structural_candidate,original,original,r_A * F_A,r_A * F_A,12.0 N*m,12 N*m
CM_B_UM_030,CM_B_UM_058,1,0,cross_family_structural_candidate,original,original,r_A * F_A,r_A * F_A,12.0 N*m,15 N*m
CM_B_UM_030,CM_B_UM_058,1,1,cross_family_structural_candidate,original,original,r_A * F_A,r_A * F_A,12.0 N*m,15 N*m
CM_B_UM_030,CM_B_UM_058,1,2,cross_family_structural_candidate,original,original,r_A * F_A,r_A * F_A,12.0 N*m,15 N*m
CM_B_UM_030,CM_B_UM_058,1,3,cross_family_structural_candidate,original,original,r_A * F_A,r_A * F_A,12.0 N*m,15 N*m
CM_B_UM_030,CM_B_UM_060,1,0,cross_family_structural_candidate,original,original,r_A * F_A,r_A * F_A,12.0 N*m,8 N*m
CM_B_UM_030,CM_B_UM_060,1,1,cross_family_structural_candidate,original,original,r_A * F_A,r_A * F_A,12.0 N*m,8 N*m
CM_B_UM_030,CM_B_UM_060,1,2,cross_family_structural_candidate,original,original,r_A * F_A,r_A * F_A,12.0 N*m,8 N*m
CM_B_UM_030,CM_B_UM_060,1,3,cross_family_structural_candidate,original,original,r_A * F_A,r_A * F_A,12.0 N*m,8 N*m
CM_B_UM_030,CM_B_UM_031,2,0,cross_family_numeric_sibling,original,original,r_A * F_A,r_A * F_A,12.0 N*m,10.0 N*m
CM_B_UM_030,CM_B_UM_031,2,1,cross_family_numeric_sibling,original,original,r_A * F_A,r_A * F_A,12.0 N*m,10.0 N*m
CM_B_UM_030,CM_B_UM_031,2,2,cross_family_numeric_sibling,original,original,r_A * F_A,r_A * F_A,12.0 N*m,10.0 N*m
CM_B_UM_030,CM_B_UM_031,2,3,cross_family_numeric_sibling,original,original,r_A * F_A,r_A * F_A,12.0 N*m,10.0 N*m
CM_B_UM_030,CM_B_UM_057,2,0,cross_family_structural_candidate,original,original,r_A * F_A,r_A * F_A,12.0 N*m,12 N*m
CM_B_UM_030,CM_B_UM_057,2,1,cross_family_structural_candidate,original,original,r_A * F_A,r_A * F_A,12.0 N*m,12 N*m
CM_B_UM_030,CM_B_UM_057,2,2,cross_family_structural_candidate,original,original,r_A * F_A,r_A * F_A,12.0 N*m,12 N*m
CM_B_UM_030,CM_B_UM_057,2,3,cross_family_structural_candidate,original,original,r_A * F_A,r_A * F_A,12.0 N*m,12 N*m
CM_B_UM_030,CM_B_UM_058,2,0,cross_family_structural_candidate,original,original,r_A * F_A,r_A * F_A,12.0 N*m,15 N*m
CM_B_UM_030,CM_B_UM_058,2,1,cross_family_structural_candidate,original,original,r_A * F_A,r_A * F_A,12.0 N*m,15 N*m
CM_B_UM_030,CM_B_UM_058,2,2,cross_family_structural_candidate,original,original,r_A * F_A,r_A * F_A,12.0 N*m,15 N*m
CM_B_UM_030,CM_B_UM_058,2,3,cross_family_structural_candidate,original,original,r_A * F_A,r_A * F_A,12.0 N*m,15 N*m
CM_B_UM_030,CM_B_UM_060,2,0,cross_family_structural_candidate,original,original,r_A * F_A,r_A * F_A,12.0 N*m,8 N*m
CM_B_UM_030,CM_B_UM_060,2,1,cross_family_structural_candidate,original,original,r_A * F_A,r_A * F_A,12.0 N*m,8 N*m
CM_B_UM_030,CM_B_UM_060,2,2,cross_family_structural_candidate,original,original,r_A * F_A,r_A * F_A,12.0 N*m,8 N*m
CM_B_UM_030,CM_B_UM_060,2,3,cross_family_structural_candidate,original,original,r_A * F_A,r_A * F_A,12.0 N*m,8 N*m
CM_B_UM_030,CM_B_UM_031,3,0,cross_family_numeric_sibling,original,original,r_A * F_A,r_A * F_A,12.0 N*m,10.0 N*m
CM_B_UM_030,CM_B_UM_031,3,1,cross_family_numeric_sibling,original,original,r_A * F_A,r_A * F_A,12.0 N*m,10.0 N*m
CM_B_UM_030,CM_B_UM_031,3,2,cross_family_numeric_sibling,original,original,r_A * F_A,r_A * F_A,12.0 N*m,10.0 N*m
CM_B_UM_030,CM_B_UM_031,3,3,cross_family_numeric_sibling,original,original,r_A * F_A,r_A * F_A,12.0 N*m,10.0 N*m
CM_B_UM_030,CM_B_UM_057,3,0,cross_family_structural_candidate,original,original,r_A * F_A,r_A * F_A,12.0 N*m,12 N*m
CM_B_UM_030,CM_B_UM_057,3,1,cross_family_structural_candidate,original,original,r_A * F_A,r_A * F_A,12.0 N*m,12 N*m
CM_B_UM_030,CM_B_UM_057,3,2,cross_family_structural_candidate,original,original,r_A * F_A,r_A * F_A,12.0 N*m,12 N*m
CM_B_UM_030,CM_B_UM_057,3,3,cross_family_structural_candidate,original,original,r_A * F_A,r_A * F_A,12.0 N*m,12 N*m
CM_B_UM_030,CM_B_UM_058,3,0,cross_family_structural_candidate,original,original,r_A * F_A,r_A * F_A,12.0 N*m,15 N*m
CM_B_UM_030,CM_B_UM_058,3,1,cross_family_structural_candidate,original,original,r_A * F_A,r_A * F_A,12.0 N*m,15 N*m
CM_B_UM_030,CM_B_UM_058,3,2,cross_family_structural_candidate,original,original,r_A * F_A,r_A * F_A,12.0 N*m,15 N*m
CM_B_UM_030,CM_B_UM_058,3,3,cross_family_structural_candidate,original,original,r_A * F_A,r_A * F_A,12.0 N*m,15 N*m
CM_B_UM_030,CM_B_UM_060,3,0,cross_family_structural_candidate,original,original,r_A * F_A,r_A * F_A,12.0 N*m,8 N*m
CM_B_UM_030,CM_B_UM_060,3,1,cross_family_structural_candidate,original,original,r_A * F_A,r_A * F_A,12.0 N*m,8 N*m
CM_B_UM_030,CM_B_UM_060,3,2,cross_family_structural_candidate,original,original,r_A * F_A,r_A * F_A,12.0 N*m,8 N*m
CM_B_UM_030,CM_B_UM_060,3,3,cross_family_structural_candidate,original,original,r_A * F_A,r_A * F_A,12.0 N*m,8 N*m
CM_B_UM_031,CM_B_UM_057,0,0,cross_family_structural_candidate,original,original,r_A * F_A,r_A * F_A,10.0 N*m,12 N*m
CM_B_UM_031,CM_B_UM_057,0,1,cross_family_structural_candidate,original,original,r_A * F_A,r_A * F_A,10.0 N*m,12 N*m
CM_B_UM_031,CM_B_UM_057,0,2,cross_family_structural_candidate,original,original,r_A * F_A,r_A * F_A,10.0 N*m,12 N*m
CM_B_UM_031,CM_B_UM_057,0,3,cross_family_structural_candidate,original,original,r_A * F_A,r_A * F_A,10.0 N*m,12 N*m
CM_B_UM_031,CM_B_UM_058,0,0,cross_family_structural_candidate,original,original,r_A * F_A,r_A * F_A,10.0 N*m,15 N*m
CM_B_UM_031,CM_B_UM_058,0,1,cross_family_structural_candidate,original,original,r_A * F_A,r_A * F_A,10.0 N*m,15 N*m
CM_B_UM_031,CM_B_UM_058,0,2,cross_family_structural_candidate,original,original,r_A * F_A,r_A * F_A,10.0 N*m,15 N*m
CM_B_UM_031,CM_B_UM_058,0,3,cross_family_structural_candidate,original,original,r_A * F_A,r_A * F_A,10.0 N*m,15 N*m
CM_B_UM_031,CM_B_UM_060,0,0,cross_family_structural_candidate,original,original,r_A * F_A,r_A * F_A,10.0 N*m,8 N*m
CM_B_UM_031,CM_B_UM_060,0,1,cross_family_structural_candidate,original,original,r_A * F_A,r_A * F_A,10.0 N*m,8 N*m
CM_B_UM_031,CM_B_UM_060,0,2,cross_family_structural_candidate,original,original,r_A * F_A,r_A * F_A,10.0 N*m,8 N*m
CM_B_UM_031,CM_B_UM_060,0,3,cross_family_structural_candidate,original,original,r_A * F_A,r_A * F_A,10.0 N*m,8 N*m
CM_B_UM_031,CM_B_UM_057,1,0,cross_family_structural_candidate,original,original,r_A * F_A,r_A * F_A,10.0 N*m,12 N*m
CM_B_UM_031,CM_B_UM_057,1,1,cross_family_structural_candidate,original,original,r_A * F_A,r_A * F_A,10.0 N*m,12 N*m
CM_B_UM_031,CM_B_UM_057,1,2,cross_family_structural_candidate,original,original,r_A * F_A,r_A * F_A,10.0 N*m,12 N*m
CM_B_UM_031,CM_B_UM_057,1,3,cross_family_structural_candidate,original,original,r_A * F_A,r_A * F_A,10.0 N*m,12 N*m
CM_B_UM_031,CM_B_UM_058,1,0,cross_family_structural_candidate,original,original,r_A * F_A,r_A * F_A,10.0 N*m,15 N*m
CM_B_UM_031,CM_B_UM_058,1,1,cross_family_structural_candidate,original,original,r_A * F_A,r_A * F_A,10.0 N*m,15 N*m
CM_B_UM_031,CM_B_UM_058,1,2,cross_family_structural_candidate,original,original,r_A * F_A,r_A * F_A,10.0 N*m,15 N*m
CM_B_UM_031,CM_B_UM_058,1,3,cross_family_structural_candidate,original,original,r_A * F_A,r_A * F_A,10.0 N*m,15 N*m
CM_B_UM_031,CM_B_UM_060,1,0,cross_family_structural_candidate,original,original,r_A * F_A,r_A * F_A,10.0 N*m,8 N*m
CM_B_UM_031,CM_B_UM_060,1,1,cross_family_structural_candidate,original,original,r_A * F_A,r_A * F_A,10.0 N*m,8 N*m
CM_B_UM_031,CM_B_UM_060,1,2,cross_family_structural_candidate,original,original,r_A * F_A,r_A * F_A,10.0 N*m,8 N*m
CM_B_UM_031,CM_B_UM_060,1,3,cross_family_structural_candidate,original,original,r_A * F_A,r_A * F_A,10.0 N*m,8 N*m
CM_B_UM_031,CM_B_UM_057,2,0,cross_family_structural_candidate,original,original,r_A * F_A,r_A * F_A,10.0 N*m,12 N*m
CM_B_UM_031,CM_B_UM_057,2,1,cross_family_structural_candidate,original,original,r_A * F_A,r_A * F_A,10.0 N*m,12 N*m
CM_B_UM_031,CM_B_UM_057,2,2,cross_family_structural_candidate,original,original,r_A * F_A,r_A * F_A,10.0 N*m,12 N*m
CM_B_UM_031,CM_B_UM_057,2,3,cross_family_structural_candidate,original,original,r_A * F_A,r_A * F_A,10.0 N*m,12 N*m
CM_B_UM_031,CM_B_UM_058,2,0,cross_family_structural_candidate,original,original,r_A * F_A,r_A * F_A,10.0 N*m,15 N*m
CM_B_UM_031,CM_B_UM_058,2,1,cross_family_structural_candidate,original,original,r_A * F_A,r_A * F_A,10.0 N*m,15 N*m
CM_B_UM_031,CM_B_UM_058,2,2,cross_family_structural_candidate,original,original,r_A * F_A,r_A * F_A,10.0 N*m,15 N*m
CM_B_UM_031,CM_B_UM_058,2,3,cross_family_structural_candidate,original,original,r_A * F_A,r_A * F_A,10.0 N*m,15 N*m
CM_B_UM_031,CM_B_UM_060,2,0,cross_family_structural_candidate,original,original,r_A * F_A,r_A * F_A,10.0 N*m,8 N*m
CM_B_UM_031,CM_B_UM_060,2,1,cross_family_structural_candidate,original,original,r_A * F_A,r_A * F_A,10.0 N*m,8 N*m
CM_B_UM_031,CM_B_UM_060,2,2,cross_family_structural_candidate,original,original,r_A * F_A,r_A * F_A,10.0 N*m,8 N*m
CM_B_UM_031,CM_B_UM_060,2,3,cross_family_structural_candidate,original,original,r_A * F_A,r_A * F_A,10.0 N*m,8 N*m
CM_B_UM_031,CM_B_UM_057,3,0,cross_family_structural_candidate,original,original,r_A * F_A,r_A * F_A,10.0 N*m,12 N*m
CM_B_UM_031,CM_B_UM_057,3,1,cross_family_structural_candidate,original,original,r_A * F_A,r_A * F_A,10.0 N*m,12 N*m
CM_B_UM_031,CM_B_UM_057,3,2,cross_family_structural_candidate,original,original,r_A * F_A,r_A * F_A,10.0 N*m,12 N*m
CM_B_UM_031,CM_B_UM_057,3,3,cross_family_structural_candidate,original,original,r_A * F_A,r_A * F_A,10.0 N*m,12 N*m
CM_B_UM_031,CM_B_UM_058,3,0,cross_family_structural_candidate,original,original,r_A * F_A,r_A * F_A,10.0 N*m,15 N*m
CM_B_UM_031,CM_B_UM_058,3,1,cross_family_structural_candidate,original,original,r_A * F_A,r_A * F_A,10.0 N*m,15 N*m
CM_B_UM_031,CM_B_UM_058,3,2,cross_family_structural_candidate,original,original,r_A * F_A,r_A * F_A,10.0 N*m,15 N*m
CM_B_UM_031,CM_B_UM_058,3,3,cross_family_structural_candidate,original,original,r_A * F_A,r_A * F_A,10.0 N*m,15 N*m
CM_B_UM_031,CM_B_UM_060,3,0,cross_family_structural_candidate,original,original,r_A * F_A,r_A * F_A,10.0 N*m,8 N*m
CM_B_UM_031,CM_B_UM_060,3,1,cross_family_structural_candidate,original,original,r_A * F_A,r_A * F_A,10.0 N*m,8 N*m
CM_B_UM_031,CM_B_UM_060,3,2,cross_family_structural_candidate,original,original,r_A * F_A,r_A * F_A,10.0 N*m,8 N*m
CM_B_UM_031,CM_B_UM_060,3,3,cross_family_structural_candidate,original,original,r_A * F_A,r_A * F_A,10.0 N*m,8 N*m
CM_B_UM_032,CM_B_UM_034,0,0,cross_family_numeric_sibling,original,original,sqrt(k_A / m_A) / (2 * pi),sqrt(k_A / m_A) / (2 * pi),1.592 Hz,1.592 Hz
CM_B_UM_032,CM_B_UM_034,0,1,cross_family_numeric_sibling,original,original,sqrt(k_A / m_A) / (2 * pi),sqrt(k_A / m_A) / (2 * pi),1.592 Hz,1.592 Hz
CM_B_UM_032,CM_B_UM_034,0,2,cross_family_numeric_sibling,original,original,sqrt(k_A / m_A) / (2 * pi),sqrt(k_A / m_A) / (2 * pi),1.592 Hz,1.592 Hz
CM_B_UM_032,CM_B_UM_034,0,3,cross_family_numeric_sibling,original,original,sqrt(k_A / m_A) / (2 * pi),sqrt(k_A / m_A) / (2 * pi),1.592 Hz,1.592 Hz
CM_B_UM_032,CM_B_UM_049,0,0,cross_family_structural_candidate,original,original,sqrt(k_A / m_A) / (2 * pi),sqrt(k_A / m_A) / (2 * pi),1.592 Hz,1.592 Hz
CM_B_UM_032,CM_B_UM_049,0,1,cross_family_structural_candidate,original,original,sqrt(k_A / m_A) / (2 * pi),sqrt(k_A / m_A) / (2 * pi),1.592 Hz,1.592 Hz
CM_B_UM_032,CM_B_UM_049,0,2,cross_family_structural_candidate,original,original,sqrt(k_A / m_A) / (2 * pi),sqrt(k_A / m_A) / (2 * pi),1.592 Hz,1.592 Hz
CM_B_UM_032,CM_B_UM_049,0,3,cross_family_structural_candidate,original,original,sqrt(k_A / m_A) / (2 * pi),sqrt(k_A / m_A) / (2 * pi),1.592 Hz,1.592 Hz
CM_B_UM_032,CM_B_UM_050,0,0,cross_family_structural_candidate,original,original,sqrt(k_A / m_A) / (2 * pi),sqrt(k_A / m_A) / (2 * pi),1.592 Hz,0.796 Hz
CM_B_UM_032,CM_B_UM_050,0,1,cross_family_structural_candidate,original,original,sqrt(k_A / m_A) / (2 * pi),sqrt(k_A / m_A) / (2 * pi),1.592 Hz,0.796 Hz
CM_B_UM_032,CM_B_UM_050,0,2,cross_family_structural_candidate,original,original,sqrt(k_A / m_A) / (2 * pi),sqrt(k_A / m_A) / (2 * pi),1.592 Hz,0.796 Hz
CM_B_UM_032,CM_B_UM_050,0,3,cross_family_structural_candidate,original,original,sqrt(k_A / m_A) / (2 * pi),sqrt(k_A / m_A) / (2 * pi),1.592 Hz,0.796 Hz
CM_B_UM_032,CM_B_UM_053,0,0,cross_family_structural_candidate,original,original,sqrt(k_A / m_A) / (2 * pi),sqrt(k_A / m_A) / (2 * pi),1.592 Hz,1.592 Hz
CM_B_UM_032,CM_B_UM_053,0,1,cross_family_structural_candidate,original,original,sqrt(k_A / m_A) / (2 * pi),sqrt(k_A / m_A) / (2 * pi),1.592 Hz,1.592 Hz
CM_B_UM_032,CM_B_UM_053,0,2,cross_family_structural_candidate,original,original,sqrt(k_A / m_A) / (2 * pi),sqrt(k_A / m_A) / (2 * pi),1.592 Hz,1.592 Hz
CM_B_UM_032,CM_B_UM_053,0,3,cross_family_structural_candidate,original,original,sqrt(k_A / m_A) / (2 * pi),sqrt(k_A / m_A) / (2 * pi),1.592 Hz,1.592 Hz
CM_B_UM_032,CM_B_UM_034,1,0,cross_family_numeric_sibling,original,original,sqrt(k_A / m_A) / (2 * pi),sqrt(k_A / m_A) / (2 * pi),1.592 Hz,1.592 Hz
CM_B_UM_032,CM_B_UM_034,1,1,cross_family_numeric_sibling,original,original,sqrt(k_A / m_A) / (2 * pi),sqrt(k_A / m_A) / (2 * pi),1.592 Hz,1.592 Hz
CM_B_UM_032,CM_B_UM_034,1,2,cross_family_numeric_sibling,original,original,sqrt(k_A / m_A) / (2 * pi),sqrt(k_A / m_A) / (2 * pi),1.592 Hz,1.592 Hz
CM_B_UM_032,CM_B_UM_034,1,3,cross_family_numeric_sibling,original,original,sqrt(k_A / m_A) / (2 * pi),sqrt(k_A / m_A) / (2 * pi),1.592 Hz,1.592 Hz
CM_B_UM_032,CM_B_UM_049,1,0,cross_family_structural_candidate,original,original,sqrt(k_A / m_A) / (2 * pi),sqrt(k_A / m_A) / (2 * pi),1.592 Hz,1.592 Hz
CM_B_UM_032,CM_B_UM_049,1,1,cross_family_structural_candidate,original,original,sqrt(k_A / m_A) / (2 * pi),sqrt(k_A / m_A) / (2 * pi),1.592 Hz,1.592 Hz
CM_B_UM_032,CM_B_UM_049,1,2,cross_family_structural_candidate,original,original,sqrt(k_A / m_A) / (2 * pi),sqrt(k_A / m_A) / (2 * pi),1.592 Hz,1.592 Hz
CM_B_UM_032,CM_B_UM_049,1,3,cross_family_structural_candidate,original,original,sqrt(k_A / m_A) / (2 * pi),sqrt(k_A / m_A) / (2 * pi),1.592 Hz,1.592 Hz
CM_B_UM_032,CM_B_UM_050,1,0,cross_family_structural_candidate,original,original,sqrt(k_A / m_A) / (2 * pi),sqrt(k_A / m_A) / (2 * pi),1.592 Hz,0.796 Hz
CM_B_UM_032,CM_B_UM_050,1,1,cross_family_structural_candidate,original,original,sqrt(k_A / m_A) / (2 * pi),sqrt(k_A / m_A) / (2 * pi),1.592 Hz,0.796 Hz
CM_B_UM_032,CM_B_UM_050,1,2,cross_family_structural_candidate,original,original,sqrt(k_A / m_A) / (2 * pi),sqrt(k_A / m_A) / (2 * pi),1.592 Hz,0.796 Hz
CM_B_UM_032,CM_B_UM_050,1,3,cross_family_structural_candidate,original,original,sqrt(k_A / m_A) / (2 * pi),sqrt(k_A / m_A) / (2 * pi),1.592 Hz,0.796 Hz
CM_B_UM_032,CM_B_UM_053,1,0,cross_family_structural_candidate,original,original,sqrt(k_A / m_A) / (2 * pi),sqrt(k_A / m_A) / (2 * pi),1.592 Hz,1.592 Hz
CM_B_UM_032,CM_B_UM_053,1,1,cross_family_structural_candidate,original,original,sqrt(k_A / m_A) / (2 * pi),sqrt(k_A / m_A) / (2 * pi),1.592 Hz,1.592 Hz
CM_B_UM_032,CM_B_UM_053,1,2,cross_family_structural_candidate,original,original,sqrt(k_A / m_A) / (2 * pi),sqrt(k_A / m_A) / (2 * pi),1.592 Hz,1.592 Hz
CM_B_UM_032,CM_B_UM_053,1,3,cross_family_structural_candidate,original,original,sqrt(k_A / m_A) / (2 * pi),sqrt(k_A / m_A) / (2 * pi),1.592 Hz,1.592 Hz
CM_B_UM_032,CM_B_UM_034,2,0,cross_family_numeric_sibling,original,original,sqrt(k_A / m_A) / (2 * pi),sqrt(k_A / m_A) / (2 * pi),1.592 Hz,1.592 Hz
CM_B_UM_032,CM_B_UM_034,2,1,cross_family_numeric_sibling,original,original,sqrt(k_A / m_A) / (2 * pi),sqrt(k_A / m_A) / (2 * pi),1.592 Hz,1.592 Hz
CM_B_UM_032,CM_B_UM_034,2,2,cross_family_numeric_sibling,original,original,sqrt(k_A / m_A) / (2 * pi),sqrt(k_A / m_A) / (2 * pi),1.592 Hz,1.592 Hz
CM_B_UM_032,CM_B_UM_034,2,3,cross_family_numeric_sibling,original,original,sqrt(k_A / m_A) / (2 * pi),sqrt(k_A / m_A) / (2 * pi),1.592 Hz,1.592 Hz
CM_B_UM_032,CM_B_UM_049,2,0,cross_family_structural_candidate,original,original,sqrt(k_A / m_A) / (2 * pi),sqrt(k_A / m_A) / (2 * pi),1.592 Hz,1.592 Hz
CM_B_UM_032,CM_B_UM_049,2,1,cross_family_structural_candidate,original,original,sqrt(k_A / m_A) / (2 * pi),sqrt(k_A / m_A) / (2 * pi),1.592 Hz,1.592 Hz
CM_B_UM_032,CM_B_UM_049,2,2,cross_family_structural_candidate,original,original,sqrt(k_A / m_A) / (2 * pi),sqrt(k_A / m_A) / (2 * pi),1.592 Hz,1.592 Hz
CM_B_UM_032,CM_B_UM_049,2,3,cross_family_structural_candidate,original,original,sqrt(k_A / m_A) / (2 * pi),sqrt(k_A / m_A) / (2 * pi),1.592 Hz,1.592 Hz
CM_B_UM_032,CM_B_UM_050,2,0,cross_family_structural_candidate,original,original,sqrt(k_A / m_A) / (2 * pi),sqrt(k_A / m_A) / (2 * pi),1.592 Hz,0.796 Hz
CM_B_UM_032,CM_B_UM_050,2,1,cross_family_structural_candidate,original,original,sqrt(k_A / m_A) / (2 * pi),sqrt(k_A / m_A) / (2 * pi),1.592 Hz,0.796 Hz
CM_B_UM_032,CM_B_UM_050,2,2,cross_family_structural_candidate,original,original,sqrt(k_A / m_A) / (2 * pi),sqrt(k_A / m_A) / (2 * pi),1.592 Hz,0.796 Hz
CM_B_UM_032,CM_B_UM_050,2,3,cross_family_structural_candidate,original,original,sqrt(k_A / m_A) / (2 * pi),sqrt(k_A / m_A) / (2 * pi),1.592 Hz,0.796 Hz
CM_B_UM_032,CM_B_UM_053,2,0,cross_family_structural_candidate,original,original,sqrt(k_A / m_A) / (2 * pi),sqrt(k_A / m_A) / (2 * pi),1.592 Hz,1.592 Hz
CM_B_UM_032,CM_B_UM_053,2,1,cross_family_structural_candidate,original,original,sqrt(k_A / m_A) / (2 * pi),sqrt(k_A / m_A) / (2 * pi),1.592 Hz,1.592 Hz
CM_B_UM_032,CM_B_UM_053,2,2,cross_family_structural_candidate,original,original,sqrt(k_A / m_A) / (2 * pi),sqrt(k_A / m_A) / (2 * pi),1.592 Hz,1.592 Hz
CM_B_UM_032,CM_B_UM_053,2,3,cross_family_structural_candidate,original,original,sqrt(k_A / m_A) / (2 * pi),sqrt(k_A / m_A) / (2 * pi),1.592 Hz,1.592 Hz
CM_B_UM_032,CM_B_UM_034,3,0,cross_family_numeric_sibling,original,original,sqrt(k_A / m_A) / (2 * pi),sqrt(k_A / m_A) / (2 * pi),1.592 Hz,1.592 Hz
CM_B_UM_032,CM_B_UM_034,3,1,cross_family_numeric_sibling,original,original,sqrt(k_A / m_A) / (2 * pi),sqrt(k_A / m_A) / (2 * pi),1.592 Hz,1.592 Hz
CM_B_UM_032,CM_B_UM_034,3,2,cross_family_numeric_sibling,original,original,sqrt(k_A / m_A) / (2 * pi),sqrt(k_A / m_A) / (2 * pi),1.592 Hz,1.592 Hz
CM_B_UM_032,CM_B_UM_034,3,3,cross_family_numeric_sibling,original,original,sqrt(k_A / m_A) / (2 * pi),sqrt(k_A / m_A) / (2 * pi),1.592 Hz,1.592 Hz
CM_B_UM_032,CM_B_UM_049,3,0,cross_family_structural_candidate,original,original,sqrt(k_A / m_A) / (2 * pi),sqrt(k_A / m_A) / (2 * pi),1.592 Hz,1.592 Hz
CM_B_UM_032,CM_B_UM_049,3,1,cross_family_structural_candidate,original,original,sqrt(k_A / m_A) / (2 * pi),sqrt(k_A / m_A) / (2 * pi),1.592 Hz,1.592 Hz
CM_B_UM_032,CM_B_UM_049,3,2,cross_family_structural_candidate,original,original,sqrt(k_A / m_A) / (2 * pi),sqrt(k_A / m_A) / (2 * pi),1.592 Hz,1.592 Hz
CM_B_UM_032,CM_B_UM_049,3,3,cross_family_structural_candidate,original,original,sqrt(k_A / m_A) / (2 * pi),sqrt(k_A / m_A) / (2 * pi),1.592 Hz,1.592 Hz
CM_B_UM_032,CM_B_UM_050,3,0,cross_family_structural_candidate,original,original,sqrt(k_A / m_A) / (2 * pi),sqrt(k_A / m_A) / (2 * pi),1.592 Hz,0.796 Hz
CM_B_UM_032,CM_B_UM_050,3,1,cross_family_structural_candidate,original,original,sqrt(k_A / m_A) / (2 * pi),sqrt(k_A / m_A) / (2 * pi),1.592 Hz,0.796 Hz
CM_B_UM_032,CM_B_UM_050,3,2,cross_family_structural_candidate,original,original,sqrt(k_A / m_A) / (2 * pi),sqrt(k_A / m_A) / (2 * pi),1.592 Hz,0.796 Hz
CM_B_UM_032,CM_B_UM_050,3,3,cross_family_structural_candidate,original,original,sqrt(k_A / m_A) / (2 * pi),sqrt(k_A / m_A) / (2 * pi),1.592 Hz,0.796 Hz
CM_B_UM_032,CM_B_UM_053,3,0,cross_family_structural_candidate,original,original,sqrt(k_A / m_A) / (2 * pi),sqrt(k_A / m_A) / (2 * pi),1.592 Hz,1.592 Hz
CM_B_UM_032,CM_B_UM_053,3,1,cross_family_structural_candidate,original,original,sqrt(k_A / m_A) / (2 * pi),sqrt(k_A / m_A) / (2 * pi),1.592 Hz,1.592 Hz
CM_B_UM_032,CM_B_UM_053,3,2,cross_family_structural_candidate,original,original,sqrt(k_A / m_A) / (2 * pi),sqrt(k_A / m_A) / (2 * pi),1.592 Hz,1.592 Hz
CM_B_UM_032,CM_B_UM_053,3,3,cross_family_structural_candidate,original,original,sqrt(k_A / m_A) / (2 * pi),sqrt(k_A / m_A) / (2 * pi),1.592 Hz,1.592 Hz
CM_B_UM_033,CM_B_UM_035,0,0,cross_family_numeric_sibling,original,original,sqrt(g / L_A) / (2 * pi),sqrt(g / L_A) / (2 * pi),0.498 Hz,0.997 Hz
CM_B_UM_033,CM_B_UM_035,0,1,cross_family_numeric_sibling,original,original,sqrt(g / L_A) / (2 * pi),sqrt(g / L_A) / (2 * pi),0.498 Hz,0.997 Hz
CM_B_UM_033,CM_B_UM_035,0,2,cross_family_numeric_sibling,original,original,sqrt(g / L_A) / (2 * pi),sqrt(g / L_A) / (2 * pi),0.498 Hz,0.997 Hz
CM_B_UM_033,CM_B_UM_035,0,3,cross_family_numeric_sibling,original,original,sqrt(g / L_A) / (2 * pi),sqrt(g / L_A) / (2 * pi),0.498 Hz,0.997 Hz
CM_B_UM_033,CM_B_UM_051,0,0,cross_family_structural_candidate,original,original,sqrt(g / L_A) / (2 * pi),sqrt(g / L_A) / (2 * pi),0.498 Hz,0.705 Hz
CM_B_UM_033,CM_B_UM_051,0,1,cross_family_structural_candidate,original,original,sqrt(g / L_A) / (2 * pi),sqrt(g / L_A) / (2 * pi),0.498 Hz,0.705 Hz
CM_B_UM_033,CM_B_UM_051,0,2,cross_family_structural_candidate,original,original,sqrt(g / L_A) / (2 * pi),sqrt(g / L_A) / (2 * pi),0.498 Hz,0.705 Hz
CM_B_UM_033,CM_B_UM_051,0,3,cross_family_structural_candidate,original,original,sqrt(g / L_A) / (2 * pi),sqrt(g / L_A) / (2 * pi),0.498 Hz,0.705 Hz
CM_B_UM_033,CM_B_UM_052,0,0,cross_family_structural_candidate,original,original,sqrt(g / L_A) / (2 * pi),sqrt(g / L_A) / (2 * pi),0.498 Hz,0.352 Hz
CM_B_UM_033,CM_B_UM_052,0,1,cross_family_structural_candidate,original,original,sqrt(g / L_A) / (2 * pi),sqrt(g / L_A) / (2 * pi),0.498 Hz,0.352 Hz
CM_B_UM_033,CM_B_UM_052,0,2,cross_family_structural_candidate,original,original,sqrt(g / L_A) / (2 * pi),sqrt(g / L_A) / (2 * pi),0.498 Hz,0.352 Hz
CM_B_UM_033,CM_B_UM_052,0,3,cross_family_structural_candidate,original,original,sqrt(g / L_A) / (2 * pi),sqrt(g / L_A) / (2 * pi),0.498 Hz,0.352 Hz
CM_B_UM_033,CM_B_UM_055,0,0,cross_family_structural_candidate,original,original,sqrt(g / L_A) / (2 * pi),sqrt(g / L_A) / (2 * pi),0.498 Hz,0.249 Hz
CM_B_UM_033,CM_B_UM_055,0,1,cross_family_structural_candidate,original,original,sqrt(g / L_A) / (2 * pi),sqrt(g / L_A) / (2 * pi),0.498 Hz,0.249 Hz
CM_B_UM_033,CM_B_UM_055,0,2,cross_family_structural_candidate,original,original,sqrt(g / L_A) / (2 * pi),sqrt(g / L_A) / (2 * pi),0.498 Hz,0.249 Hz
CM_B_UM_033,CM_B_UM_055,0,3,cross_family_structural_candidate,original,original,sqrt(g / L_A) / (2 * pi),sqrt(g / L_A) / (2 * pi),0.498 Hz,0.249 Hz
CM_B_UM_033,CM_B_UM_035,1,0,cross_family_numeric_sibling,original,original,sqrt(g / L_A) / (2 * pi),sqrt(g / L_A) / (2 * pi),0.498 Hz,0.997 Hz
CM_B_UM_033,CM_B_UM_035,1,1,cross_family_numeric_sibling,original,original,sqrt(g / L_A) / (2 * pi),sqrt(g / L_A) / (2 * pi),0.498 Hz,0.997 Hz
CM_B_UM_033,CM_B_UM_035,1,2,cross_family_numeric_sibling,original,original,sqrt(g / L_A) / (2 * pi),sqrt(g / L_A) / (2 * pi),0.498 Hz,0.997 Hz
CM_B_UM_033,CM_B_UM_035,1,3,cross_family_numeric_sibling,original,original,sqrt(g / L_A) / (2 * pi),sqrt(g / L_A) / (2 * pi),0.498 Hz,0.997 Hz
CM_B_UM_033,CM_B_UM_051,1,0,cross_family_structural_candidate,original,original,sqrt(g / L_A) / (2 * pi),sqrt(g / L_A) / (2 * pi),0.498 Hz,0.705 Hz
CM_B_UM_033,CM_B_UM_051,1,1,cross_family_structural_candidate,original,original,sqrt(g / L_A) / (2 * pi),sqrt(g / L_A) / (2 * pi),0.498 Hz,0.705 Hz
CM_B_UM_033,CM_B_UM_051,1,2,cross_family_structural_candidate,original,original,sqrt(g / L_A) / (2 * pi),sqrt(g / L_A) / (2 * pi),0.498 Hz,0.705 Hz
CM_B_UM_033,CM_B_UM_051,1,3,cross_family_structural_candidate,original,original,sqrt(g / L_A) / (2 * pi),sqrt(g / L_A) / (2 * pi),0.498 Hz,0.705 Hz
CM_B_UM_033,CM_B_UM_052,1,0,cross_family_structural_candidate,original,original,sqrt(g / L_A) / (2 * pi),sqrt(g / L_A) / (2 * pi),0.498 Hz,0.352 Hz
CM_B_UM_033,CM_B_UM_052,1,1,cross_family_structural_candidate,original,original,sqrt(g / L_A) / (2 * pi),sqrt(g / L_A) / (2 * pi),0.498 Hz,0.352 Hz
CM_B_UM_033,CM_B_UM_052,1,2,cross_family_structural_candidate,original,original,sqrt(g / L_A) / (2 * pi),sqrt(g / L_A) / (2 * pi),0.498 Hz,0.352 Hz
CM_B_UM_033,CM_B_UM_052,1,3,cross_family_structural_candidate,original,original,sqrt(g / L_A) / (2 * pi),sqrt(g / L_A) / (2 * pi),0.498 Hz,0.352 Hz
CM_B_UM_033,CM_B_UM_055,1,0,cross_family_structural_candidate,original,original,sqrt(g / L_A) / (2 * pi),sqrt(g / L_A) / (2 * pi),0.498 Hz,0.249 Hz
CM_B_UM_033,CM_B_UM_055,1,1,cross_family_structural_candidate,original,original,sqrt(g / L_A) / (2 * pi),sqrt(g / L_A) / (2 * pi),0.498 Hz,0.249 Hz
CM_B_UM_033,CM_B_UM_055,1,2,cross_family_structural_candidate,original,original,sqrt(g / L_A) / (2 * pi),sqrt(g / L_A) / (2 * pi),0.498 Hz,0.249 Hz
CM_B_UM_033,CM_B_UM_055,1,3,cross_family_structural_candidate,original,original,sqrt(g / L_A) / (2 * pi),sqrt(g / L_A) / (2 * pi),0.498 Hz,0.249 Hz
CM_B_UM_033,CM_B_UM_035,2,0,cross_family_numeric_sibling,original,original,sqrt(g / L_A) / (2 * pi),sqrt(g / L_A) / (2 * pi),0.498 Hz,0.997 Hz
CM_B_UM_033,CM_B_UM_035,2,1,cross_family_numeric_sibling,original,original,sqrt(g / L_A) / (2 * pi),sqrt(g / L_A) / (2 * pi),0.498 Hz,0.997 Hz
CM_B_UM_033,CM_B_UM_035,2,2,cross_family_numeric_sibling,original,original,sqrt(g / L_A) / (2 * pi),sqrt(g / L_A) / (2 * pi),0.498 Hz,0.997 Hz
CM_B_UM_033,CM_B_UM_035,2,3,cross_family_numeric_sibling,original,original,sqrt(g / L_A) / (2 * pi),sqrt(g / L_A) / (2 * pi),0.498 Hz,0.997 Hz
CM_B_UM_033,CM_B_UM_051,2,0,cross_family_structural_candidate,original,original,sqrt(g / L_A) / (2 * pi),sqrt(g / L_A) / (2 * pi),0.498 Hz,0.705 Hz
CM_B_UM_033,CM_B_UM_051,2,1,cross_family_structural_candidate,original,original,sqrt(g / L_A) / (2 * pi),sqrt(g / L_A) / (2 * pi),0.498 Hz,0.705 Hz
CM_B_UM_033,CM_B_UM_051,2,2,cross_family_structural_candidate,original,original,sqrt(g / L_A) / (2 * pi),sqrt(g / L_A) / (2 * pi),0.498 Hz,0.705 Hz
CM_B_UM_033,CM_B_UM_051,2,3,cross_family_structural_candidate,original,original,sqrt(g / L_A) / (2 * pi),sqrt(g / L_A) / (2 * pi),0.498 Hz,0.705 Hz
CM_B_UM_033,CM_B_UM_052,2,0,cross_family_structural_candidate,original,original,sqrt(g / L_A) / (2 * pi),sqrt(g / L_A) / (2 * pi),0.498 Hz,0.352 Hz
CM_B_UM_033,CM_B_UM_052,2,1,cross_family_structural_candidate,original,original,sqrt(g / L_A) / (2 * pi),sqrt(g / L_A) / (2 * pi),0.498 Hz,0.352 Hz
CM_B_UM_033,CM_B_UM_052,2,2,cross_family_structural_candidate,original,original,sqrt(g / L_A) / (2 * pi),sqrt(g / L_A) / (2 * pi),0.498 Hz,0.352 Hz
CM_B_UM_033,CM_B_UM_052,2,3,cross_family_structural_candidate,original,original,sqrt(g / L_A) / (2 * pi),sqrt(g / L_A) / (2 * pi),0.498 Hz,0.352 Hz
CM_B_UM_033,CM_B_UM_055,2,0,cross_family_structural_candidate,original,original,sqrt(g / L_A) / (2 * pi),sqrt(g / L_A) / (2 * pi),0.498 Hz,0.249 Hz
CM_B_UM_033,CM_B_UM_055,2,1,cross_family_structural_candidate,original,original,sqrt(g / L_A) / (2 * pi),sqrt(g / L_A) / (2 * pi),0.498 Hz,0.249 Hz
CM_B_UM_033,CM_B_UM_055,2,2,cross_family_structural_candidate,original,original,sqrt(g / L_A) / (2 * pi),sqrt(g / L_A) / (2 * pi),0.498 Hz,0.249 Hz
CM_B_UM_033,CM_B_UM_055,2,3,cross_family_structural_candidate,original,original,sqrt(g / L_A) / (2 * pi),sqrt(g / L_A) / (2 * pi),0.498 Hz,0.249 Hz
CM_B_UM_033,CM_B_UM_035,3,0,cross_family_numeric_sibling,original,original,sqrt(g / L_A) / (2 * pi),sqrt(g / L_A) / (2 * pi),0.498 Hz,0.997 Hz
CM_B_UM_033,CM_B_UM_035,3,1,cross_family_numeric_sibling,original,original,sqrt(g / L_A) / (2 * pi),sqrt(g / L_A) / (2 * pi),0.498 Hz,0.997 Hz
CM_B_UM_033,CM_B_UM_035,3,2,cross_family_numeric_sibling,original,original,sqrt(g / L_A) / (2 * pi),sqrt(g / L_A) / (2 * pi),0.498 Hz,0.997 Hz
CM_B_UM_033,CM_B_UM_035,3,3,cross_family_numeric_sibling,original,original,sqrt(g / L_A) / (2 * pi),sqrt(g / L_A) / (2 * pi),0.498 Hz,0.997 Hz
CM_B_UM_033,CM_B_UM_051,3,0,cross_family_structural_candidate,original,original,sqrt(g / L_A) / (2 * pi),sqrt(g / L_A) / (2 * pi),0.498 Hz,0.705 Hz
CM_B_UM_033,CM_B_UM_051,3,1,cross_family_structural_candidate,original,original,sqrt(g / L_A) / (2 * pi),sqrt(g / L_A) / (2 * pi),0.498 Hz,0.705 Hz
CM_B_UM_033,CM_B_UM_051,3,2,cross_family_structural_candidate,original,original,sqrt(g / L_A) / (2 * pi),sqrt(g / L_A) / (2 * pi),0.498 Hz,0.705 Hz
CM_B_UM_033,CM_B_UM_051,3,3,cross_family_structural_candidate,original,original,sqrt(g / L_A) / (2 * pi),sqrt(g / L_A) / (2 * pi),0.498 Hz,0.705 Hz
CM_B_UM_033,CM_B_UM_052,3,0,cross_family_structural_candidate,original,original,sqrt(g / L_A) / (2 * pi),sqrt(g / L_A) / (2 * pi),0.498 Hz,0.352 Hz
CM_B_UM_033,CM_B_UM_052,3,1,cross_family_structural_candidate,original,original,sqrt(g / L_A) / (2 * pi),sqrt(g / L_A) / (2 * pi),0.498 Hz,0.352 Hz
CM_B_UM_033,CM_B_UM_052,3,2,cross_family_structural_candidate,original,original,sqrt(g / L_A) / (2 * pi),sqrt(g / L_A) / (2 * pi),0.498 Hz,0.352 Hz
CM_B_UM_033,CM_B_UM_052,3,3,cross_family_structural_candidate,original,original,sqrt(g / L_A) / (2 * pi),sqrt(g / L_A) / (2 * pi),0.498 Hz,0.352 Hz
CM_B_UM_033,CM_B_UM_055,3,0,cross_family_structural_candidate,original,original,sqrt(g / L_A) / (2 * pi),sqrt(g / L_A) / (2 * pi),0.498 Hz,0.249 Hz
CM_B_UM_033,CM_B_UM_055,3,1,cross_family_structural_candidate,original,original,sqrt(g / L_A) / (2 * pi),sqrt(g / L_A) / (2 * pi),0.498 Hz,0.249 Hz
CM_B_UM_033,CM_B_UM_055,3,2,cross_family_structural_candidate,original,original,sqrt(g / L_A) / (2 * pi),sqrt(g / L_A) / (2 * pi),0.498 Hz,0.249 Hz
CM_B_UM_033,CM_B_UM_055,3,3,cross_family_structural_candidate,original,original,sqrt(g / L_A) / (2 * pi),sqrt(g / L_A) / (2 * pi),0.498 Hz,0.249 Hz
CM_B_UM_034,CM_B_UM_049,0,0,cross_family_structural_candidate,original,original,sqrt(k_A / m_A) / (2 * pi),sqrt(k_A / m_A) / (2 * pi),1.592 Hz,1.592 Hz
CM_B_UM_034,CM_B_UM_049,0,1,cross_family_structural_candidate,original,original,sqrt(k_A / m_A) / (2 * pi),sqrt(k_A / m_A) / (2 * pi),1.592 Hz,1.592 Hz
CM_B_UM_034,CM_B_UM_049,0,2,cross_family_structural_candidate,original,original,sqrt(k_A / m_A) / (2 * pi),sqrt(k_A / m_A) / (2 * pi),1.592 Hz,1.592 Hz
CM_B_UM_034,CM_B_UM_049,0,3,cross_family_structural_candidate,original,original,sqrt(k_A / m_A) / (2 * pi),sqrt(k_A / m_A) / (2 * pi),1.592 Hz,1.592 Hz
CM_B_UM_034,CM_B_UM_050,0,0,cross_family_structural_candidate,original,original,sqrt(k_A / m_A) / (2 * pi),sqrt(k_A / m_A) / (2 * pi),1.592 Hz,0.796 Hz
CM_B_UM_034,CM_B_UM_050,0,1,cross_family_structural_candidate,original,original,sqrt(k_A / m_A) / (2 * pi),sqrt(k_A / m_A) / (2 * pi),1.592 Hz,0.796 Hz
CM_B_UM_034,CM_B_UM_050,0,2,cross_family_structural_candidate,original,original,sqrt(k_A / m_A) / (2 * pi),sqrt(k_A / m_A) / (2 * pi),1.592 Hz,0.796 Hz
CM_B_UM_034,CM_B_UM_050,0,3,cross_family_structural_candidate,original,original,sqrt(k_A / m_A) / (2 * pi),sqrt(k_A / m_A) / (2 * pi),1.592 Hz,0.796 Hz
CM_B_UM_034,CM_B_UM_053,0,0,cross_family_structural_candidate,original,original,sqrt(k_A / m_A) / (2 * pi),sqrt(k_A / m_A) / (2 * pi),1.592 Hz,1.592 Hz
CM_B_UM_034,CM_B_UM_053,0,1,cross_family_structural_candidate,original,original,sqrt(k_A / m_A) / (2 * pi),sqrt(k_A / m_A) / (2 * pi),1.592 Hz,1.592 Hz
CM_B_UM_034,CM_B_UM_053,0,2,cross_family_structural_candidate,original,original,sqrt(k_A / m_A) / (2 * pi),sqrt(k_A / m_A) / (2 * pi),1.592 Hz,1.592 Hz
CM_B_UM_034,CM_B_UM_053,0,3,cross_family_structural_candidate,original,original,sqrt(k_A / m_A) / (2 * pi),sqrt(k_A / m_A) / (2 * pi),1.592 Hz,1.592 Hz
CM_B_UM_034,CM_B_UM_049,1,0,cross_family_structural_candidate,original,original,sqrt(k_A / m_A) / (2 * pi),sqrt(k_A / m_A) / (2 * pi),1.592 Hz,1.592 Hz
CM_B_UM_034,CM_B_UM_049,1,1,cross_family_structural_candidate,original,original,sqrt(k_A / m_A) / (2 * pi),sqrt(k_A / m_A) / (2 * pi),1.592 Hz,1.592 Hz
CM_B_UM_034,CM_B_UM_049,1,2,cross_family_structural_candidate,original,original,sqrt(k_A / m_A) / (2 * pi),sqrt(k_A / m_A) / (2 * pi),1.592 Hz,1.592 Hz
CM_B_UM_034,CM_B_UM_049,1,3,cross_family_structural_candidate,original,original,sqrt(k_A / m_A) / (2 * pi),sqrt(k_A / m_A) / (2 * pi),1.592 Hz,1.592 Hz
CM_B_UM_034,CM_B_UM_050,1,0,cross_family_structural_candidate,original,original,sqrt(k_A / m_A) / (2 * pi),sqrt(k_A / m_A) / (2 * pi),1.592 Hz,0.796 Hz
CM_B_UM_034,CM_B_UM_050,1,1,cross_family_structural_candidate,original,original,sqrt(k_A / m_A) / (2 * pi),sqrt(k_A / m_A) / (2 * pi),1.592 Hz,0.796 Hz
CM_B_UM_034,CM_B_UM_050,1,2,cross_family_structural_candidate,original,original,sqrt(k_A / m_A) / (2 * pi),sqrt(k_A / m_A) / (2 * pi),1.592 Hz,0.796 Hz
CM_B_UM_034,CM_B_UM_050,1,3,cross_family_structural_candidate,original,original,sqrt(k_A / m_A) / (2 * pi),sqrt(k_A / m_A) / (2 * pi),1.592 Hz,0.796 Hz
CM_B_UM_034,CM_B_UM_053,1,0,cross_family_structural_candidate,original,original,sqrt(k_A / m_A) / (2 * pi),sqrt(k_A / m_A) / (2 * pi),1.592 Hz,1.592 Hz
CM_B_UM_034,CM_B_UM_053,1,1,cross_family_structural_candidate,original,original,sqrt(k_A / m_A) / (2 * pi),sqrt(k_A / m_A) / (2 * pi),1.592 Hz,1.592 Hz
CM_B_UM_034,CM_B_UM_053,1,2,cross_family_structural_candidate,original,original,sqrt(k_A / m_A) / (2 * pi),sqrt(k_A / m_A) / (2 * pi),1.592 Hz,1.592 Hz
CM_B_UM_034,CM_B_UM_053,1,3,cross_family_structural_candidate,original,original,sqrt(k_A / m_A) / (2 * pi),sqrt(k_A / m_A) / (2 * pi),1.592 Hz,1.592 Hz
CM_B_UM_034,CM_B_UM_049,2,0,cross_family_structural_candidate,original,original,sqrt(k_A / m_A) / (2 * pi),sqrt(k_A / m_A) / (2 * pi),1.592 Hz,1.592 Hz
CM_B_UM_034,CM_B_UM_049,2,1,cross_family_structural_candidate,original,original,sqrt(k_A / m_A) / (2 * pi),sqrt(k_A / m_A) / (2 * pi),1.592 Hz,1.592 Hz
CM_B_UM_034,CM_B_UM_049,2,2,cross_family_structural_candidate,original,original,sqrt(k_A / m_A) / (2 * pi),sqrt(k_A / m_A) / (2 * pi),1.592 Hz,1.592 Hz
CM_B_UM_034,CM_B_UM_049,2,3,cross_family_structural_candidate,original,original,sqrt(k_A / m_A) / (2 * pi),sqrt(k_A / m_A) / (2 * pi),1.592 Hz,1.592 Hz
CM_B_UM_034,CM_B_UM_050,2,0,cross_family_structural_candidate,original,original,sqrt(k_A / m_A) / (2 * pi),sqrt(k_A / m_A) / (2 * pi),1.592 Hz,0.796 Hz
CM_B_UM_034,CM_B_UM_050,2,1,cross_family_structural_candidate,original,original,sqrt(k_A / m_A) / (2 * pi),sqrt(k_A / m_A) / (2 * pi),1.592 Hz,0.796 Hz
CM_B_UM_034,CM_B_UM_050,2,2,cross_family_structural_candidate,original,original,sqrt(k_A / m_A) / (2 * pi),sqrt(k_A / m_A) / (2 * pi),1.592 Hz,0.796 Hz
CM_B_UM_034,CM_B_UM_050,2,3,cross_family_structural_candidate,original,original,sqrt(k_A / m_A) / (2 * pi),sqrt(k_A / m_A) / (2 * pi),1.592 Hz,0.796 Hz
CM_B_UM_034,CM_B_UM_053,2,0,cross_family_structural_candidate,original,original,sqrt(k_A / m_A) / (2 * pi),sqrt(k_A / m_A) / (2 * pi),1.592 Hz,1.592 Hz
CM_B_UM_034,CM_B_UM_053,2,1,cross_family_structural_candidate,original,original,sqrt(k_A / m_A) / (2 * pi),sqrt(k_A / m_A) / (2 * pi),1.592 Hz,1.592 Hz
CM_B_UM_034,CM_B_UM_053,2,2,cross_family_structural_candidate,original,original,sqrt(k_A / m_A) / (2 * pi),sqrt(k_A / m_A) / (2 * pi),1.592 Hz,1.592 Hz
CM_B_UM_034,CM_B_UM_053,2,3,cross_family_structural_candidate,original,original,sqrt(k_A / m_A) / (2 * pi),sqrt(k_A / m_A) / (2 * pi),1.592 Hz,1.592 Hz
CM_B_UM_034,CM_B_UM_049,3,0,cross_family_structural_candidate,original,original,sqrt(k_A / m_A) / (2 * pi),sqrt(k_A / m_A) / (2 * pi),1.592 Hz,1.592 Hz
CM_B_UM_034,CM_B_UM_049,3,1,cross_family_structural_candidate,original,original,sqrt(k_A / m_A) / (2 * pi),sqrt(k_A / m_A) / (2 * pi),1.592 Hz,1.592 Hz
CM_B_UM_034,CM_B_UM_049,3,2,cross_family_structural_candidate,original,original,sqrt(k_A / m_A) / (2 * pi),sqrt(k_A / m_A) / (2 * pi),1.592 Hz,1.592 Hz
CM_B_UM_034,CM_B_UM_049,3,3,cross_family_structural_candidate,original,original,sqrt(k_A / m_A) / (2 * pi),sqrt(k_A / m_A) / (2 * pi),1.592 Hz,1.592 Hz
CM_B_UM_034,CM_B_UM_050,3,0,cross_family_structural_candidate,original,original,sqrt(k_A / m_A) / (2 * pi),sqrt(k_A / m_A) / (2 * pi),1.592 Hz,0.796 Hz
CM_B_UM_034,CM_B_UM_050,3,1,cross_family_structural_candidate,original,original,sqrt(k_A / m_A) / (2 * pi),sqrt(k_A / m_A) / (2 * pi),1.592 Hz,0.796 Hz
CM_B_UM_034,CM_B_UM_050,3,2,cross_family_structural_candidate,original,original,sqrt(k_A / m_A) / (2 * pi),sqrt(k_A / m_A) / (2 * pi),1.592 Hz,0.796 Hz
CM_B_UM_034,CM_B_UM_050,3,3,cross_family_structural_candidate,original,original,sqrt(k_A / m_A) / (2 * pi),sqrt(k_A / m_A) / (2 * pi),1.592 Hz,0.796 Hz
CM_B_UM_034,CM_B_UM_053,3,0,cross_family_structural_candidate,original,original,sqrt(k_A / m_A) / (2 * pi),sqrt(k_A / m_A) / (2 * pi),1.592 Hz,1.592 Hz
CM_B_UM_034,CM_B_UM_053,3,1,cross_family_structural_candidate,original,original,sqrt(k_A / m_A) / (2 * pi),sqrt(k_A / m_A) / (2 * pi),1.592 Hz,1.592 Hz
CM_B_UM_034,CM_B_UM_053,3,2,cross_family_structural_candidate,original,original,sqrt(k_A / m_A) / (2 * pi),sqrt(k_A / m_A) / (2 * pi),1.592 Hz,1.592 Hz
CM_B_UM_034,CM_B_UM_053,3,3,cross_family_structural_candidate,original,original,sqrt(k_A / m_A) / (2 * pi),sqrt(k_A / m_A) / (2 * pi),1.592 Hz,1.592 Hz
CM_B_UM_035,CM_B_UM_051,0,0,cross_family_structural_candidate,original,original,sqrt(g / L_A) / (2 * pi),sqrt(g / L_A) / (2 * pi),0.997 Hz,0.705 Hz
CM_B_UM_035,CM_B_UM_051,0,1,cross_family_structural_candidate,original,original,sqrt(g / L_A) / (2 * pi),sqrt(g / L_A) / (2 * pi),0.997 Hz,0.705 Hz
CM_B_UM_035,CM_B_UM_051,0,2,cross_family_structural_candidate,original,original,sqrt(g / L_A) / (2 * pi),sqrt(g / L_A) / (2 * pi),0.997 Hz,0.705 Hz
CM_B_UM_035,CM_B_UM_051,0,3,cross_family_structural_candidate,original,original,sqrt(g / L_A) / (2 * pi),sqrt(g / L_A) / (2 * pi),0.997 Hz,0.705 Hz
CM_B_UM_035,CM_B_UM_052,0,0,cross_family_structural_candidate,original,original,sqrt(g / L_A) / (2 * pi),sqrt(g / L_A) / (2 * pi),0.997 Hz,0.352 Hz
CM_B_UM_035,CM_B_UM_052,0,1,cross_family_structural_candidate,original,original,sqrt(g / L_A) / (2 * pi),sqrt(g / L_A) / (2 * pi),0.997 Hz,0.352 Hz
CM_B_UM_035,CM_B_UM_052,0,2,cross_family_structural_candidate,original,original,sqrt(g / L_A) / (2 * pi),sqrt(g / L_A) / (2 * pi),0.997 Hz,0.352 Hz
CM_B_UM_035,CM_B_UM_052,0,3,cross_family_structural_candidate,original,original,sqrt(g / L_A) / (2 * pi),sqrt(g / L_A) / (2 * pi),0.997 Hz,0.352 Hz
CM_B_UM_035,CM_B_UM_055,0,0,cross_family_structural_candidate,original,original,sqrt(g / L_A) / (2 * pi),sqrt(g / L_A) / (2 * pi),0.997 Hz,0.249 Hz
CM_B_UM_035,CM_B_UM_055,0,1,cross_family_structural_candidate,original,original,sqrt(g / L_A) / (2 * pi),sqrt(g / L_A) / (2 * pi),0.997 Hz,0.249 Hz
CM_B_UM_035,CM_B_UM_055,0,2,cross_family_structural_candidate,original,original,sqrt(g / L_A) / (2 * pi),sqrt(g / L_A) / (2 * pi),0.997 Hz,0.249 Hz
CM_B_UM_035,CM_B_UM_055,0,3,cross_family_structural_candidate,original,original,sqrt(g / L_A) / (2 * pi),sqrt(g / L_A) / (2 * pi),0.997 Hz,0.249 Hz
CM_B_UM_035,CM_B_UM_051,1,0,cross_family_structural_candidate,original,original,sqrt(g / L_A) / (2 * pi),sqrt(g / L_A) / (2 * pi),0.997 Hz,0.705 Hz
CM_B_UM_035,CM_B_UM_051,1,1,cross_family_structural_candidate,original,original,sqrt(g / L_A) / (2 * pi),sqrt(g / L_A) / (2 * pi),0.997 Hz,0.705 Hz
CM_B_UM_035,CM_B_UM_051,1,2,cross_family_structural_candidate,original,original,sqrt(g / L_A) / (2 * pi),sqrt(g / L_A) / (2 * pi),0.997 Hz,0.705 Hz
CM_B_UM_035,CM_B_UM_051,1,3,cross_family_structural_candidate,original,original,sqrt(g / L_A) / (2 * pi),sqrt(g / L_A) / (2 * pi),0.997 Hz,0.705 Hz
CM_B_UM_035,CM_B_UM_052,1,0,cross_family_structural_candidate,original,original,sqrt(g / L_A) / (2 * pi),sqrt(g / L_A) / (2 * pi),0.997 Hz,0.352 Hz
CM_B_UM_035,CM_B_UM_052,1,1,cross_family_structural_candidate,original,original,sqrt(g / L_A) / (2 * pi),sqrt(g / L_A) / (2 * pi),0.997 Hz,0.352 Hz
CM_B_UM_035,CM_B_UM_052,1,2,cross_family_structural_candidate,original,original,sqrt(g / L_A) / (2 * pi),sqrt(g / L_A) / (2 * pi),0.997 Hz,0.352 Hz
CM_B_UM_035,CM_B_UM_052,1,3,cross_family_structural_candidate,original,original,sqrt(g / L_A) / (2 * pi),sqrt(g / L_A) / (2 * pi),0.997 Hz,0.352 Hz
CM_B_UM_035,CM_B_UM_055,1,0,cross_family_structural_candidate,original,original,sqrt(g / L_A) / (2 * pi),sqrt(g / L_A) / (2 * pi),0.997 Hz,0.249 Hz
CM_B_UM_035,CM_B_UM_055,1,1,cross_family_structural_candidate,original,original,sqrt(g / L_A) / (2 * pi),sqrt(g / L_A) / (2 * pi),0.997 Hz,0.249 Hz
CM_B_UM_035,CM_B_UM_055,1,2,cross_family_structural_candidate,original,original,sqrt(g / L_A) / (2 * pi),sqrt(g / L_A) / (2 * pi),0.997 Hz,0.249 Hz
CM_B_UM_035,CM_B_UM_055,1,3,cross_family_structural_candidate,original,original,sqrt(g / L_A) / (2 * pi),sqrt(g / L_A) / (2 * pi),0.997 Hz,0.249 Hz
CM_B_UM_035,CM_B_UM_051,2,0,cross_family_structural_candidate,original,original,sqrt(g / L_A) / (2 * pi),sqrt(g / L_A) / (2 * pi),0.997 Hz,0.705 Hz
CM_B_UM_035,CM_B_UM_051,2,1,cross_family_structural_candidate,original,original,sqrt(g / L_A) / (2 * pi),sqrt(g / L_A) / (2 * pi),0.997 Hz,0.705 Hz
CM_B_UM_035,CM_B_UM_051,2,2,cross_family_structural_candidate,original,original,sqrt(g / L_A) / (2 * pi),sqrt(g / L_A) / (2 * pi),0.997 Hz,0.705 Hz
CM_B_UM_035,CM_B_UM_051,2,3,cross_family_structural_candidate,original,original,sqrt(g / L_A) / (2 * pi),sqrt(g / L_A) / (2 * pi),0.997 Hz,0.705 Hz
CM_B_UM_035,CM_B_UM_052,2,0,cross_family_structural_candidate,original,original,sqrt(g / L_A) / (2 * pi),sqrt(g / L_A) / (2 * pi),0.997 Hz,0.352 Hz
CM_B_UM_035,CM_B_UM_052,2,1,cross_family_structural_candidate,original,original,sqrt(g / L_A) / (2 * pi),sqrt(g / L_A) / (2 * pi),0.997 Hz,0.352 Hz
CM_B_UM_035,CM_B_UM_052,2,2,cross_family_structural_candidate,original,original,sqrt(g / L_A) / (2 * pi),sqrt(g / L_A) / (2 * pi),0.997 Hz,0.352 Hz
CM_B_UM_035,CM_B_UM_052,2,3,cross_family_structural_candidate,original,original,sqrt(g / L_A) / (2 * pi),sqrt(g / L_A) / (2 * pi),0.997 Hz,0.352 Hz
CM_B_UM_035,CM_B_UM_055,2,0,cross_family_structural_candidate,original,original,sqrt(g / L_A) / (2 * pi),sqrt(g / L_A) / (2 * pi),0.997 Hz,0.249 Hz
CM_B_UM_035,CM_B_UM_055,2,1,cross_family_structural_candidate,original,original,sqrt(g / L_A) / (2 * pi),sqrt(g / L_A) / (2 * pi),0.997 Hz,0.249 Hz
CM_B_UM_035,CM_B_UM_055,2,2,cross_family_structural_candidate,original,original,sqrt(g / L_A) / (2 * pi),sqrt(g / L_A) / (2 * pi),0.997 Hz,0.249 Hz
CM_B_UM_035,CM_B_UM_055,2,3,cross_family_structural_candidate,original,original,sqrt(g / L_A) / (2 * pi),sqrt(g / L_A) / (2 * pi),0.997 Hz,0.249 Hz
CM_B_UM_035,CM_B_UM_051,3,0,cross_family_structural_candidate,original,original,sqrt(g / L_A) / (2 * pi),sqrt(g / L_A) / (2 * pi),0.997 Hz,0.705 Hz
CM_B_UM_035,CM_B_UM_051,3,1,cross_family_structural_candidate,original,original,sqrt(g / L_A) / (2 * pi),sqrt(g / L_A) / (2 * pi),0.997 Hz,0.705 Hz
CM_B_UM_035,CM_B_UM_051,3,2,cross_family_structural_candidate,original,original,sqrt(g / L_A) / (2 * pi),sqrt(g / L_A) / (2 * pi),0.997 Hz,0.705 Hz
CM_B_UM_035,CM_B_UM_051,3,3,cross_family_structural_candidate,original,original,sqrt(g / L_A) / (2 * pi),sqrt(g / L_A) / (2 * pi),0.997 Hz,0.705 Hz
CM_B_UM_035,CM_B_UM_052,3,0,cross_family_structural_candidate,original,original,sqrt(g / L_A) / (2 * pi),sqrt(g / L_A) / (2 * pi),0.997 Hz,0.352 Hz
CM_B_UM_035,CM_B_UM_052,3,1,cross_family_structural_candidate,original,original,sqrt(g / L_A) / (2 * pi),sqrt(g / L_A) / (2 * pi),0.997 Hz,0.352 Hz
CM_B_UM_035,CM_B_UM_052,3,2,cross_family_structural_candidate,original,original,sqrt(g / L_A) / (2 * pi),sqrt(g / L_A) / (2 * pi),0.997 Hz,0.352 Hz
CM_B_UM_035,CM_B_UM_052,3,3,cross_family_structural_candidate,original,original,sqrt(g / L_A) / (2 * pi),sqrt(g / L_A) / (2 * pi),0.997 Hz,0.352 Hz
CM_B_UM_035,CM_B_UM_055,3,0,cross_family_structural_candidate,original,original,sqrt(g / L_A) / (2 * pi),sqrt(g / L_A) / (2 * pi),0.997 Hz,0.249 Hz
CM_B_UM_035,CM_B_UM_055,3,1,cross_family_structural_candidate,original,original,sqrt(g / L_A) / (2 * pi),sqrt(g / L_A) / (2 * pi),0.997 Hz,0.249 Hz
CM_B_UM_035,CM_B_UM_055,3,2,cross_family_structural_candidate,original,original,sqrt(g / L_A) / (2 * pi),sqrt(g / L_A) / (2 * pi),0.997 Hz,0.249 Hz
CM_B_UM_035,CM_B_UM_055,3,3,cross_family_structural_candidate,original,original,sqrt(g / L_A) / (2 * pi),sqrt(g / L_A) / (2 * pi),0.997 Hz,0.249 Hz
CM_B_UM_037,CM_B_UM_038,0,0,cross_family_numeric_sibling,original,original,C_A * V_A,C_A * V_A,3.0e-4 C,9.0e-4 C
CM_B_UM_037,CM_B_UM_038,0,1,cross_family_numeric_sibling,original,original,C_A * V_A,C_A * V_A,3.0e-4 C,9.0e-4 C
CM_B_UM_037,CM_B_UM_038,0,2,cross_family_numeric_sibling,original,original,C_A * V_A,C_A * V_A,3.0e-4 C,9.0e-4 C
CM_B_UM_037,CM_B_UM_038,0,3,cross_family_numeric_sibling,original,original,C_A * V_A,C_A * V_A,3.0e-4 C,9.0e-4 C
CM_B_UM_037,CM_B_UM_039,0,0,cross_family_numeric_sibling,original,original,C_A * V_A,C_A * V_A,3.0e-4 C,6.0e-4 C
CM_B_UM_037,CM_B_UM_039,0,1,cross_family_numeric_sibling,original,original,C_A * V_A,C_A * V_A,3.0e-4 C,6.0e-4 C
CM_B_UM_037,CM_B_UM_039,0,2,cross_family_numeric_sibling,original,original,C_A * V_A,C_A * V_A,3.0e-4 C,6.0e-4 C
CM_B_UM_037,CM_B_UM_039,0,3,cross_family_numeric_sibling,original,original,C_A * V_A,C_A * V_A,3.0e-4 C,6.0e-4 C
CM_B_UM_037,CM_B_UM_040,0,0,cross_family_numeric_sibling,original,original,C_A * V_A,C_A * V_A,3.0e-4 C,5.0e-5 C
CM_B_UM_037,CM_B_UM_040,0,1,cross_family_numeric_sibling,original,original,C_A * V_A,C_A * V_A,3.0e-4 C,5.0e-5 C
CM_B_UM_037,CM_B_UM_040,0,2,cross_family_numeric_sibling,original,original,C_A * V_A,C_A * V_A,3.0e-4 C,5.0e-5 C
CM_B_UM_037,CM_B_UM_040,0,3,cross_family_numeric_sibling,original,original,C_A * V_A,C_A * V_A,3.0e-4 C,5.0e-5 C
CM_B_UM_037,CM_B_UM_038,1,0,cross_family_numeric_sibling,original,original,C_A * V_A,C_A * V_A,3.0e-4 C,9.0e-4 C
CM_B_UM_037,CM_B_UM_038,1,1,cross_family_numeric_sibling,original,original,C_A * V_A,C_A * V_A,3.0e-4 C,9.0e-4 C
CM_B_UM_037,CM_B_UM_038,1,2,cross_family_numeric_sibling,original,original,C_A * V_A,C_A * V_A,3.0e-4 C,9.0e-4 C
CM_B_UM_037,CM_B_UM_038,1,3,cross_family_numeric_sibling,original,original,C_A * V_A,C_A * V_A,3.0e-4 C,9.0e-4 C
CM_B_UM_037,CM_B_UM_039,1,0,cross_family_numeric_sibling,original,original,C_A * V_A,C_A * V_A,3.0e-4 C,6.0e-4 C
CM_B_UM_037,CM_B_UM_039,1,1,cross_family_numeric_sibling,original,original,C_A * V_A,C_A * V_A,3.0e-4 C,6.0e-4 C
CM_B_UM_037,CM_B_UM_039,1,2,cross_family_numeric_sibling,original,original,C_A * V_A,C_A * V_A,3.0e-4 C,6.0e-4 C
CM_B_UM_037,CM_B_UM_039,1,3,cross_family_numeric_sibling,original,original,C_A * V_A,C_A * V_A,3.0e-4 C,6.0e-4 C
CM_B_UM_037,CM_B_UM_040,1,0,cross_family_numeric_sibling,original,original,C_A * V_A,C_A * V_A,3.0e-4 C,5.0e-5 C
CM_B_UM_037,CM_B_UM_040,1,1,cross_family_numeric_sibling,original,original,C_A * V_A,C_A * V_A,3.0e-4 C,5.0e-5 C
CM_B_UM_037,CM_B_UM_040,1,2,cross_family_numeric_sibling,original,original,C_A * V_A,C_A * V_A,3.0e-4 C,5.0e-5 C
CM_B_UM_037,CM_B_UM_040,1,3,cross_family_numeric_sibling,original,original,C_A * V_A,C_A * V_A,3.0e-4 C,5.0e-5 C
CM_B_UM_037,CM_B_UM_038,2,0,cross_family_numeric_sibling,original,original,C_A * V_A,C_A * V_A,3.0e-4 C,9.0e-4 C
CM_B_UM_037,CM_B_UM_038,2,1,cross_family_numeric_sibling,original,original,C_A * V_A,C_A * V_A,3.0e-4 C,9.0e-4 C
CM_B_UM_037,CM_B_UM_038,2,2,cross_family_numeric_sibling,original,original,C_A * V_A,C_A * V_A,3.0e-4 C,9.0e-4 C
CM_B_UM_037,CM_B_UM_038,2,3,cross_family_numeric_sibling,original,original,C_A * V_A,C_A * V_A,3.0e-4 C,9.0e-4 C
CM_B_UM_037,CM_B_UM_039,2,0,cross_family_numeric_sibling,original,original,C_A * V_A,C_A * V_A,3.0e-4 C,6.0e-4 C
CM_B_UM_037,CM_B_UM_039,2,1,cross_family_numeric_sibling,original,original,C_A * V_A,C_A * V_A,3.0e-4 C,6.0e-4 C
CM_B_UM_037,CM_B_UM_039,2,2,cross_family_numeric_sibling,original,original,C_A * V_A,C_A * V_A,3.0e-4 C,6.0e-4 C
CM_B_UM_037,CM_B_UM_039,2,3,cross_family_numeric_sibling,original,original,C_A * V_A,C_A * V_A,3.0e-4 C,6.0e-4 C
CM_B_UM_037,CM_B_UM_040,2,0,cross_family_numeric_sibling,original,original,C_A * V_A,C_A * V_A,3.0e-4 C,5.0e-5 C
CM_B_UM_037,CM_B_UM_040,2,1,cross_family_numeric_sibling,original,original,C_A * V_A,C_A * V_A,3.0e-4 C,5.0e-5 C
CM_B_UM_037,CM_B_UM_040,2,2,cross_family_numeric_sibling,original,original,C_A * V_A,C_A * V_A,3.0e-4 C,5.0e-5 C
CM_B_UM_037,CM_B_UM_040,2,3,cross_family_numeric_sibling,original,original,C_A * V_A,C_A * V_A,3.0e-4 C,5.0e-5 C
CM_B_UM_037,CM_B_UM_038,3,0,cross_family_numeric_sibling,original,original,C_A * V_A,C_A * V_A,3.0e-4 C,9.0e-4 C
CM_B_UM_037,CM_B_UM_038,3,1,cross_family_numeric_sibling,original,original,C_A * V_A,C_A * V_A,3.0e-4 C,9.0e-4 C
CM_B_UM_037,CM_B_UM_038,3,2,cross_family_numeric_sibling,original,original,C_A * V_A,C_A * V_A,3.0e-4 C,9.0e-4 C
CM_B_UM_037,CM_B_UM_038,3,3,cross_family_numeric_sibling,original,original,C_A * V_A,C_A * V_A,3.0e-4 C,9.0e-4 C
CM_B_UM_037,CM_B_UM_039,3,0,cross_family_numeric_sibling,original,original,C_A * V_A,C_A * V_A,3.0e-4 C,6.0e-4 C
CM_B_UM_037,CM_B_UM_039,3,1,cross_family_numeric_sibling,original,original,C_A * V_A,C_A * V_A,3.0e-4 C,6.0e-4 C
CM_B_UM_037,CM_B_UM_039,3,2,cross_family_numeric_sibling,original,original,C_A * V_A,C_A * V_A,3.0e-4 C,6.0e-4 C
CM_B_UM_037,CM_B_UM_039,3,3,cross_family_numeric_sibling,original,original,C_A * V_A,C_A * V_A,3.0e-4 C,6.0e-4 C
CM_B_UM_037,CM_B_UM_040,3,0,cross_family_numeric_sibling,original,original,C_A * V_A,C_A * V_A,3.0e-4 C,5.0e-5 C
CM_B_UM_037,CM_B_UM_040,3,1,cross_family_numeric_sibling,original,original,C_A * V_A,C_A * V_A,3.0e-4 C,5.0e-5 C
CM_B_UM_037,CM_B_UM_040,3,2,cross_family_numeric_sibling,original,original,C_A * V_A,C_A * V_A,3.0e-4 C,5.0e-5 C
CM_B_UM_037,CM_B_UM_040,3,3,cross_family_numeric_sibling,original,original,C_A * V_A,C_A * V_A,3.0e-4 C,5.0e-5 C
CM_B_UM_038,CM_B_UM_039,0,0,cross_family_numeric_sibling,original,original,C_A * V_A,C_A * V_A,9.0e-4 C,6.0e-4 C
CM_B_UM_038,CM_B_UM_039,0,1,cross_family_numeric_sibling,original,original,C_A * V_A,C_A * V_A,9.0e-4 C,6.0e-4 C
CM_B_UM_038,CM_B_UM_039,0,2,cross_family_numeric_sibling,original,original,C_A * V_A,C_A * V_A,9.0e-4 C,6.0e-4 C
CM_B_UM_038,CM_B_UM_039,0,3,cross_family_numeric_sibling,original,original,C_A * V_A,C_A * V_A,9.0e-4 C,6.0e-4 C
CM_B_UM_038,CM_B_UM_040,0,0,cross_family_numeric_sibling,original,original,C_A * V_A,C_A * V_A,9.0e-4 C,5.0e-5 C
CM_B_UM_038,CM_B_UM_040,0,1,cross_family_numeric_sibling,original,original,C_A * V_A,C_A * V_A,9.0e-4 C,5.0e-5 C
CM_B_UM_038,CM_B_UM_040,0,2,cross_family_numeric_sibling,original,original,C_A * V_A,C_A * V_A,9.0e-4 C,5.0e-5 C
CM_B_UM_038,CM_B_UM_040,0,3,cross_family_numeric_sibling,original,original,C_A * V_A,C_A * V_A,9.0e-4 C,5.0e-5 C
CM_B_UM_038,CM_B_UM_039,1,0,cross_family_numeric_sibling,original,original,C_A * V_A,C_A * V_A,9.0e-4 C,6.0e-4 C
CM_B_UM_038,CM_B_UM_039,1,1,cross_family_numeric_sibling,original,original,C_A * V_A,C_A * V_A,9.0e-4 C,6.0e-4 C
CM_B_UM_038,CM_B_UM_039,1,2,cross_family_numeric_sibling,original,original,C_A * V_A,C_A * V_A,9.0e-4 C,6.0e-4 C
CM_B_UM_038,CM_B_UM_039,1,3,cross_family_numeric_sibling,original,original,C_A * V_A,C_A * V_A,9.0e-4 C,6.0e-4 C
CM_B_UM_038,CM_B_UM_040,1,0,cross_family_numeric_sibling,original,original,C_A * V_A,C_A * V_A,9.0e-4 C,5.0e-5 C
CM_B_UM_038,CM_B_UM_040,1,1,cross_family_numeric_sibling,original,original,C_A * V_A,C_A * V_A,9.0e-4 C,5.0e-5 C
CM_B_UM_038,CM_B_UM_040,1,2,cross_family_numeric_sibling,original,original,C_A * V_A,C_A * V_A,9.0e-4 C,5.0e-5 C
CM_B_UM_038,CM_B_UM_040,1,3,cross_family_numeric_sibling,original,original,C_A * V_A,C_A * V_A,9.0e-4 C,5.0e-5 C
CM_B_UM_038,CM_B_UM_039,2,0,cross_family_numeric_sibling,original,original,C_A * V_A,C_A * V_A,9.0e-4 C,6.0e-4 C
CM_B_UM_038,CM_B_UM_039,2,1,cross_family_numeric_sibling,original,original,C_A * V_A,C_A * V_A,9.0e-4 C,6.0e-4 C
CM_B_UM_038,CM_B_UM_039,2,2,cross_family_numeric_sibling,original,original,C_A * V_A,C_A * V_A,9.0e-4 C,6.0e-4 C
CM_B_UM_038,CM_B_UM_039,2,3,cross_family_numeric_sibling,original,original,C_A * V_A,C_A * V_A,9.0e-4 C,6.0e-4 C
CM_B_UM_038,CM_B_UM_040,2,0,cross_family_numeric_sibling,original,original,C_A * V_A,C_A * V_A,9.0e-4 C,5.0e-5 C
CM_B_UM_038,CM_B_UM_040,2,1,cross_family_numeric_sibling,original,original,C_A * V_A,C_A * V_A,9.0e-4 C,5.0e-5 C
CM_B_UM_038,CM_B_UM_040,2,2,cross_family_numeric_sibling,original,original,C_A * V_A,C_A * V_A,9.0e-4 C,5.0e-5 C
CM_B_UM_038,CM_B_UM_040,2,3,cross_family_numeric_sibling,original,original,C_A * V_A,C_A * V_A,9.0e-4 C,5.0e-5 C
CM_B_UM_038,CM_B_UM_039,3,0,cross_family_numeric_sibling,original,original,C_A * V_A,C_A * V_A,9.0e-4 C,6.0e-4 C
CM_B_UM_038,CM_B_UM_039,3,1,cross_family_numeric_sibling,original,original,C_A * V_A,C_A * V_A,9.0e-4 C,6.0e-4 C
CM_B_UM_038,CM_B_UM_039,3,2,cross_family_numeric_sibling,original,original,C_A * V_A,C_A * V_A,9.0e-4 C,6.0e-4 C
CM_B_UM_038,CM_B_UM_039,3,3,cross_family_numeric_sibling,original,original,C_A * V_A,C_A * V_A,9.0e-4 C,6.0e-4 C
CM_B_UM_038,CM_B_UM_040,3,0,cross_family_numeric_sibling,original,original,C_A * V_A,C_A * V_A,9.0e-4 C,5.0e-5 C
CM_B_UM_038,CM_B_UM_040,3,1,cross_family_numeric_sibling,original,original,C_A * V_A,C_A * V_A,9.0e-4 C,5.0e-5 C
CM_B_UM_038,CM_B_UM_040,3,2,cross_family_numeric_sibling,original,original,C_A * V_A,C_A * V_A,9.0e-4 C,5.0e-5 C
CM_B_UM_038,CM_B_UM_040,3,3,cross_family_numeric_sibling,original,original,C_A * V_A,C_A * V_A,9.0e-4 C,5.0e-5 C
CM_B_UM_039,CM_B_UM_040,0,0,cross_family_numeric_sibling,original,original,C_A * V_A,C_A * V_A,6.0e-4 C,5.0e-5 C
CM_B_UM_039,CM_B_UM_040,0,1,cross_family_numeric_sibling,original,original,C_A * V_A,C_A * V_A,6.0e-4 C,5.0e-5 C
CM_B_UM_039,CM_B_UM_040,0,2,cross_family_numeric_sibling,original,original,C_A * V_A,C_A * V_A,6.0e-4 C,5.0e-5 C
CM_B_UM_039,CM_B_UM_040,0,3,cross_family_numeric_sibling,original,original,C_A * V_A,C_A * V_A,6.0e-4 C,5.0e-5 C
CM_B_UM_039,CM_B_UM_040,1,0,cross_family_numeric_sibling,original,original,C_A * V_A,C_A * V_A,6.0e-4 C,5.0e-5 C
CM_B_UM_039,CM_B_UM_040,1,1,cross_family_numeric_sibling,original,original,C_A * V_A,C_A * V_A,6.0e-4 C,5.0e-5 C
CM_B_UM_039,CM_B_UM_040,1,2,cross_family_numeric_sibling,original,original,C_A * V_A,C_A * V_A,6.0e-4 C,5.0e-5 C
CM_B_UM_039,CM_B_UM_040,1,3,cross_family_numeric_sibling,original,original,C_A * V_A,C_A * V_A,6.0e-4 C,5.0e-5 C
CM_B_UM_039,CM_B_UM_040,2,0,cross_family_numeric_sibling,original,original,C_A * V_A,C_A * V_A,6.0e-4 C,5.0e-5 C
CM_B_UM_039,CM_B_UM_040,2,1,cross_family_numeric_sibling,original,original,C_A * V_A,C_A * V_A,6.0e-4 C,5.0e-5 C
CM_B_UM_039,CM_B_UM_040,2,2,cross_family_numeric_sibling,original,original,C_A * V_A,C_A * V_A,6.0e-4 C,5.0e-5 C
CM_B_UM_039,CM_B_UM_040,2,3,cross_family_numeric_sibling,original,original,C_A * V_A,C_A * V_A,6.0e-4 C,5.0e-5 C
CM_B_UM_039,CM_B_UM_040,3,0,cross_family_numeric_sibling,original,original,C_A * V_A,C_A * V_A,6.0e-4 C,5.0e-5 C
CM_B_UM_039,CM_B_UM_040,3,1,cross_family_numeric_sibling,original,original,C_A * V_A,C_A * V_A,6.0e-4 C,5.0e-5 C
CM_B_UM_039,CM_B_UM_040,3,2,cross_family_numeric_sibling,original,original,C_A * V_A,C_A * V_A,6.0e-4 C,5.0e-5 C
CM_B_UM_039,CM_B_UM_040,3,3,cross_family_numeric_sibling,original,original,C_A * V_A,C_A * V_A,6.0e-4 C,5.0e-5 C
CM_B_UM_049,CM_B_UM_050,0,0,cross_family_structural_candidate,original,original,sqrt(k_A / m_A) / (2 * pi),sqrt(k_A / m_A) / (2 * pi),1.592 Hz,0.796 Hz
CM_B_UM_049,CM_B_UM_050,0,1,cross_family_structural_candidate,original,original,sqrt(k_A / m_A) / (2 * pi),sqrt(k_A / m_A) / (2 * pi),1.592 Hz,0.796 Hz
CM_B_UM_049,CM_B_UM_050,0,2,cross_family_structural_candidate,original,original,sqrt(k_A / m_A) / (2 * pi),sqrt(k_A / m_A) / (2 * pi),1.592 Hz,0.796 Hz
CM_B_UM_049,CM_B_UM_050,0,3,cross_family_structural_candidate,original,original,sqrt(k_A / m_A) / (2 * pi),sqrt(k_A / m_A) / (2 * pi),1.592 Hz,0.796 Hz
CM_B_UM_049,CM_B_UM_053,0,0,cross_family_structural_candidate,original,original,sqrt(k_A / m_A) / (2 * pi),sqrt(k_A / m_A) / (2 * pi),1.592 Hz,1.592 Hz
CM_B_UM_049,CM_B_UM_053,0,1,cross_family_structural_candidate,original,original,sqrt(k_A / m_A) / (2 * pi),sqrt(k_A / m_A) / (2 * pi),1.592 Hz,1.592 Hz
CM_B_UM_049,CM_B_UM_053,0,2,cross_family_structural_candidate,original,original,sqrt(k_A / m_A) / (2 * pi),sqrt(k_A / m_A) / (2 * pi),1.592 Hz,1.592 Hz
CM_B_UM_049,CM_B_UM_053,0,3,cross_family_structural_candidate,original,original,sqrt(k_A / m_A) / (2 * pi),sqrt(k_A / m_A) / (2 * pi),1.592 Hz,1.592 Hz
CM_B_UM_049,CM_B_UM_050,1,0,cross_family_structural_candidate,original,original,sqrt(k_A / m_A) / (2 * pi),sqrt(k_A / m_A) / (2 * pi),1.592 Hz,0.796 Hz
CM_B_UM_049,CM_B_UM_050,1,1,cross_family_structural_candidate,original,original,sqrt(k_A / m_A) / (2 * pi),sqrt(k_A / m_A) / (2 * pi),1.592 Hz,0.796 Hz
CM_B_UM_049,CM_B_UM_050,1,2,cross_family_structural_candidate,original,original,sqrt(k_A / m_A) / (2 * pi),sqrt(k_A / m_A) / (2 * pi),1.592 Hz,0.796 Hz
CM_B_UM_049,CM_B_UM_050,1,3,cross_family_structural_candidate,original,original,sqrt(k_A / m_A) / (2 * pi),sqrt(k_A / m_A) / (2 * pi),1.592 Hz,0.796 Hz
CM_B_UM_049,CM_B_UM_053,1,0,cross_family_structural_candidate,original,original,sqrt(k_A / m_A) / (2 * pi),sqrt(k_A / m_A) / (2 * pi),1.592 Hz,1.592 Hz
CM_B_UM_049,CM_B_UM_053,1,1,cross_family_structural_candidate,original,original,sqrt(k_A / m_A) / (2 * pi),sqrt(k_A / m_A) / (2 * pi),1.592 Hz,1.592 Hz
CM_B_UM_049,CM_B_UM_053,1,2,cross_family_structural_candidate,original,original,sqrt(k_A / m_A) / (2 * pi),sqrt(k_A / m_A) / (2 * pi),1.592 Hz,1.592 Hz
CM_B_UM_049,CM_B_UM_053,1,3,cross_family_structural_candidate,original,original,sqrt(k_A / m_A) / (2 * pi),sqrt(k_A / m_A) / (2 * pi),1.592 Hz,1.592 Hz
CM_B_UM_049,CM_B_UM_050,2,0,cross_family_structural_candidate,original,original,sqrt(k_A / m_A) / (2 * pi),sqrt(k_A / m_A) / (2 * pi),1.592 Hz,0.796 Hz
CM_B_UM_049,CM_B_UM_050,2,1,cross_family_structural_candidate,original,original,sqrt(k_A / m_A) / (2 * pi),sqrt(k_A / m_A) / (2 * pi),1.592 Hz,0.796 Hz
CM_B_UM_049,CM_B_UM_050,2,2,cross_family_structural_candidate,original,original,sqrt(k_A / m_A) / (2 * pi),sqrt(k_A / m_A) / (2 * pi),1.592 Hz,0.796 Hz
CM_B_UM_049,CM_B_UM_050,2,3,cross_family_structural_candidate,original,original,sqrt(k_A / m_A) / (2 * pi),sqrt(k_A / m_A) / (2 * pi),1.592 Hz,0.796 Hz
CM_B_UM_049,CM_B_UM_053,2,0,cross_family_structural_candidate,original,original,sqrt(k_A / m_A) / (2 * pi),sqrt(k_A / m_A) / (2 * pi),1.592 Hz,1.592 Hz
CM_B_UM_049,CM_B_UM_053,2,1,cross_family_structural_candidate,original,original,sqrt(k_A / m_A) / (2 * pi),sqrt(k_A / m_A) / (2 * pi),1.592 Hz,1.592 Hz
CM_B_UM_049,CM_B_UM_053,2,2,cross_family_structural_candidate,original,original,sqrt(k_A / m_A) / (2 * pi),sqrt(k_A / m_A) / (2 * pi),1.592 Hz,1.592 Hz
CM_B_UM_049,CM_B_UM_053,2,3,cross_family_structural_candidate,original,original,sqrt(k_A / m_A) / (2 * pi),sqrt(k_A / m_A) / (2 * pi),1.592 Hz,1.592 Hz
CM_B_UM_049,CM_B_UM_050,3,0,cross_family_structural_candidate,original,original,sqrt(k_A / m_A) / (2 * pi),sqrt(k_A / m_A) / (2 * pi),1.592 Hz,0.796 Hz
CM_B_UM_049,CM_B_UM_050,3,1,cross_family_structural_candidate,original,original,sqrt(k_A / m_A) / (2 * pi),sqrt(k_A / m_A) / (2 * pi),1.592 Hz,0.796 Hz
CM_B_UM_049,CM_B_UM_050,3,2,cross_family_structural_candidate,original,original,sqrt(k_A / m_A) / (2 * pi),sqrt(k_A / m_A) / (2 * pi),1.592 Hz,0.796 Hz
CM_B_UM_049,CM_B_UM_050,3,3,cross_family_structural_candidate,original,original,sqrt(k_A / m_A) / (2 * pi),sqrt(k_A / m_A) / (2 * pi),1.592 Hz,0.796 Hz
CM_B_UM_049,CM_B_UM_053,3,0,cross_family_structural_candidate,original,original,sqrt(k_A / m_A) / (2 * pi),sqrt(k_A / m_A) / (2 * pi),1.592 Hz,1.592 Hz
CM_B_UM_049,CM_B_UM_053,3,1,cross_family_structural_candidate,original,original,sqrt(k_A / m_A) / (2 * pi),sqrt(k_A / m_A) / (2 * pi),1.592 Hz,1.592 Hz
CM_B_UM_049,CM_B_UM_053,3,2,cross_family_structural_candidate,original,original,sqrt(k_A / m_A) / (2 * pi),sqrt(k_A / m_A) / (2 * pi),1.592 Hz,1.592 Hz
CM_B_UM_049,CM_B_UM_053,3,3,cross_family_structural_candidate,original,original,sqrt(k_A / m_A) / (2 * pi),sqrt(k_A / m_A) / (2 * pi),1.592 Hz,1.592 Hz
CM_B_UM_050,CM_B_UM_053,0,0,cross_family_structural_candidate,original,original,sqrt(k_A / m_A) / (2 * pi),sqrt(k_A / m_A) / (2 * pi),0.796 Hz,1.592 Hz
CM_B_UM_050,CM_B_UM_053,0,1,cross_family_structural_candidate,original,original,sqrt(k_A / m_A) / (2 * pi),sqrt(k_A / m_A) / (2 * pi),0.796 Hz,1.592 Hz
CM_B_UM_050,CM_B_UM_053,0,2,cross_family_structural_candidate,original,original,sqrt(k_A / m_A) / (2 * pi),sqrt(k_A / m_A) / (2 * pi),0.796 Hz,1.592 Hz
CM_B_UM_050,CM_B_UM_053,0,3,cross_family_structural_candidate,original,original,sqrt(k_A / m_A) / (2 * pi),sqrt(k_A / m_A) / (2 * pi),0.796 Hz,1.592 Hz
CM_B_UM_050,CM_B_UM_053,1,0,cross_family_structural_candidate,original,original,sqrt(k_A / m_A) / (2 * pi),sqrt(k_A / m_A) / (2 * pi),0.796 Hz,1.592 Hz
CM_B_UM_050,CM_B_UM_053,1,1,cross_family_structural_candidate,original,original,sqrt(k_A / m_A) / (2 * pi),sqrt(k_A / m_A) / (2 * pi),0.796 Hz,1.592 Hz
CM_B_UM_050,CM_B_UM_053,1,2,cross_family_structural_candidate,original,original,sqrt(k_A / m_A) / (2 * pi),sqrt(k_A / m_A) / (2 * pi),0.796 Hz,1.592 Hz
CM_B_UM_050,CM_B_UM_053,1,3,cross_family_structural_candidate,original,original,sqrt(k_A / m_A) / (2 * pi),sqrt(k_A / m_A) / (2 * pi),0.796 Hz,1.592 Hz
CM_B_UM_050,CM_B_UM_053,2,0,cross_family_structural_candidate,original,original,sqrt(k_A / m_A) / (2 * pi),sqrt(k_A / m_A) / (2 * pi),0.796 Hz,1.592 Hz
CM_B_UM_050,CM_B_UM_053,2,1,cross_family_structural_candidate,original,original,sqrt(k_A / m_A) / (2 * pi),sqrt(k_A / m_A) / (2 * pi),0.796 Hz,1.592 Hz
CM_B_UM_050,CM_B_UM_053,2,2,cross_family_structural_candidate,original,original,sqrt(k_A / m_A) / (2 * pi),sqrt(k_A / m_A) / (2 * pi),0.796 Hz,1.592 Hz
CM_B_UM_050,CM_B_UM_053,2,3,cross_family_structural_candidate,original,original,sqrt(k_A / m_A) / (2 * pi),sqrt(k_A / m_A) / (2 * pi),0.796 Hz,1.592 Hz
CM_B_UM_050,CM_B_UM_053,3,0,cross_family_structural_candidate,original,original,sqrt(k_A / m_A) / (2 * pi),sqrt(k_A / m_A) / (2 * pi),0.796 Hz,1.592 Hz
CM_B_UM_050,CM_B_UM_053,3,1,cross_family_structural_candidate,original,original,sqrt(k_A / m_A) / (2 * pi),sqrt(k_A / m_A) / (2 * pi),0.796 Hz,1.592 Hz
CM_B_UM_050,CM_B_UM_053,3,2,cross_family_structural_candidate,original,original,sqrt(k_A / m_A) / (2 * pi),sqrt(k_A / m_A) / (2 * pi),0.796 Hz,1.592 Hz
CM_B_UM_050,CM_B_UM_053,3,3,cross_family_structural_candidate,original,original,sqrt(k_A / m_A) / (2 * pi),sqrt(k_A / m_A) / (2 * pi),0.796 Hz,1.592 Hz
CM_B_UM_051,CM_B_UM_052,0,0,cross_family_structural_candidate,original,original,sqrt(g / L_A) / (2 * pi),sqrt(g / L_A) / (2 * pi),0.705 Hz,0.352 Hz
CM_B_UM_051,CM_B_UM_052,0,1,cross_family_structural_candidate,original,original,sqrt(g / L_A) / (2 * pi),sqrt(g / L_A) / (2 * pi),0.705 Hz,0.352 Hz
CM_B_UM_051,CM_B_UM_052,0,2,cross_family_structural_candidate,original,original,sqrt(g / L_A) / (2 * pi),sqrt(g / L_A) / (2 * pi),0.705 Hz,0.352 Hz
CM_B_UM_051,CM_B_UM_052,0,3,cross_family_structural_candidate,original,original,sqrt(g / L_A) / (2 * pi),sqrt(g / L_A) / (2 * pi),0.705 Hz,0.352 Hz
CM_B_UM_051,CM_B_UM_055,0,0,cross_family_structural_candidate,original,original,sqrt(g / L_A) / (2 * pi),sqrt(g / L_A) / (2 * pi),0.705 Hz,0.249 Hz
CM_B_UM_051,CM_B_UM_055,0,1,cross_family_structural_candidate,original,original,sqrt(g / L_A) / (2 * pi),sqrt(g / L_A) / (2 * pi),0.705 Hz,0.249 Hz
CM_B_UM_051,CM_B_UM_055,0,2,cross_family_structural_candidate,original,original,sqrt(g / L_A) / (2 * pi),sqrt(g / L_A) / (2 * pi),0.705 Hz,0.249 Hz
CM_B_UM_051,CM_B_UM_055,0,3,cross_family_structural_candidate,original,original,sqrt(g / L_A) / (2 * pi),sqrt(g / L_A) / (2 * pi),0.705 Hz,0.249 Hz
CM_B_UM_051,CM_B_UM_052,1,0,cross_family_structural_candidate,original,original,sqrt(g / L_A) / (2 * pi),sqrt(g / L_A) / (2 * pi),0.705 Hz,0.352 Hz
CM_B_UM_051,CM_B_UM_052,1,1,cross_family_structural_candidate,original,original,sqrt(g / L_A) / (2 * pi),sqrt(g / L_A) / (2 * pi),0.705 Hz,0.352 Hz
CM_B_UM_051,CM_B_UM_052,1,2,cross_family_structural_candidate,original,original,sqrt(g / L_A) / (2 * pi),sqrt(g / L_A) / (2 * pi),0.705 Hz,0.352 Hz
CM_B_UM_051,CM_B_UM_052,1,3,cross_family_structural_candidate,original,original,sqrt(g / L_A) / (2 * pi),sqrt(g / L_A) / (2 * pi),0.705 Hz,0.352 Hz
CM_B_UM_051,CM_B_UM_055,1,0,cross_family_structural_candidate,original,original,sqrt(g / L_A) / (2 * pi),sqrt(g / L_A) / (2 * pi),0.705 Hz,0.249 Hz
CM_B_UM_051,CM_B_UM_055,1,1,cross_family_structural_candidate,original,original,sqrt(g / L_A) / (2 * pi),sqrt(g / L_A) / (2 * pi),0.705 Hz,0.249 Hz
CM_B_UM_051,CM_B_UM_055,1,2,cross_family_structural_candidate,original,original,sqrt(g / L_A) / (2 * pi),sqrt(g / L_A) / (2 * pi),0.705 Hz,0.249 Hz
CM_B_UM_051,CM_B_UM_055,1,3,cross_family_structural_candidate,original,original,sqrt(g / L_A) / (2 * pi),sqrt(g / L_A) / (2 * pi),0.705 Hz,0.249 Hz
CM_B_UM_051,CM_B_UM_052,2,0,cross_family_structural_candidate,original,original,sqrt(g / L_A) / (2 * pi),sqrt(g / L_A) / (2 * pi),0.705 Hz,0.352 Hz
CM_B_UM_051,CM_B_UM_052,2,1,cross_family_structural_candidate,original,original,sqrt(g / L_A) / (2 * pi),sqrt(g / L_A) / (2 * pi),0.705 Hz,0.352 Hz
CM_B_UM_051,CM_B_UM_052,2,2,cross_family_structural_candidate,original,original,sqrt(g / L_A) / (2 * pi),sqrt(g / L_A) / (2 * pi),0.705 Hz,0.352 Hz
CM_B_UM_051,CM_B_UM_052,2,3,cross_family_structural_candidate,original,original,sqrt(g / L_A) / (2 * pi),sqrt(g / L_A) / (2 * pi),0.705 Hz,0.352 Hz
CM_B_UM_051,CM_B_UM_055,2,0,cross_family_structural_candidate,original,original,sqrt(g / L_A) / (2 * pi),sqrt(g / L_A) / (2 * pi),0.705 Hz,0.249 Hz
CM_B_UM_051,CM_B_UM_055,2,1,cross_family_structural_candidate,original,original,sqrt(g / L_A) / (2 * pi),sqrt(g / L_A) / (2 * pi),0.705 Hz,0.249 Hz
CM_B_UM_051,CM_B_UM_055,2,2,cross_family_structural_candidate,original,original,sqrt(g / L_A) / (2 * pi),sqrt(g / L_A) / (2 * pi),0.705 Hz,0.249 Hz
CM_B_UM_051,CM_B_UM_055,2,3,cross_family_structural_candidate,original,original,sqrt(g / L_A) / (2 * pi),sqrt(g / L_A) / (2 * pi),0.705 Hz,0.249 Hz
CM_B_UM_051,CM_B_UM_052,3,0,cross_family_structural_candidate,original,original,sqrt(g / L_A) / (2 * pi),sqrt(g / L_A) / (2 * pi),0.705 Hz,0.352 Hz
CM_B_UM_051,CM_B_UM_052,3,1,cross_family_structural_candidate,original,original,sqrt(g / L_A) / (2 * pi),sqrt(g / L_A) / (2 * pi),0.705 Hz,0.352 Hz
CM_B_UM_051,CM_B_UM_052,3,2,cross_family_structural_candidate,original,original,sqrt(g / L_A) / (2 * pi),sqrt(g / L_A) / (2 * pi),0.705 Hz,0.352 Hz
CM_B_UM_051,CM_B_UM_052,3,3,cross_family_structural_candidate,original,original,sqrt(g / L_A) / (2 * pi),sqrt(g / L_A) / (2 * pi),0.705 Hz,0.352 Hz
CM_B_UM_051,CM_B_UM_055,3,0,cross_family_structural_candidate,original,original,sqrt(g / L_A) / (2 * pi),sqrt(g / L_A) / (2 * pi),0.705 Hz,0.249 Hz
CM_B_UM_051,CM_B_UM_055,3,1,cross_family_structural_candidate,original,original,sqrt(g / L_A) / (2 * pi),sqrt(g / L_A) / (2 * pi),0.705 Hz,0.249 Hz
CM_B_UM_051,CM_B_UM_055,3,2,cross_family_structural_candidate,original,original,sqrt(g / L_A) / (2 * pi),sqrt(g / L_A) / (2 * pi),0.705 Hz,0.249 Hz
CM_B_UM_051,CM_B_UM_055,3,3,cross_family_structural_candidate,original,original,sqrt(g / L_A) / (2 * pi),sqrt(g / L_A) / (2 * pi),0.705 Hz,0.249 Hz
CM_B_UM_052,CM_B_UM_055,0,0,cross_family_structural_candidate,original,original,sqrt(g / L_A) / (2 * pi),sqrt(g / L_A) / (2 * pi),0.352 Hz,0.249 Hz
CM_B_UM_052,CM_B_UM_055,0,1,cross_family_structural_candidate,original,original,sqrt(g / L_A) / (2 * pi),sqrt(g / L_A) / (2 * pi),0.352 Hz,0.249 Hz
CM_B_UM_052,CM_B_UM_055,0,2,cross_family_structural_candidate,original,original,sqrt(g / L_A) / (2 * pi),sqrt(g / L_A) / (2 * pi),0.352 Hz,0.249 Hz
CM_B_UM_052,CM_B_UM_055,0,3,cross_family_structural_candidate,original,original,sqrt(g / L_A) / (2 * pi),sqrt(g / L_A) / (2 * pi),0.352 Hz,0.249 Hz
CM_B_UM_052,CM_B_UM_055,1,0,cross_family_structural_candidate,original,original,sqrt(g / L_A) / (2 * pi),sqrt(g / L_A) / (2 * pi),0.352 Hz,0.249 Hz
CM_B_UM_052,CM_B_UM_055,1,1,cross_family_structural_candidate,original,original,sqrt(g / L_A) / (2 * pi),sqrt(g / L_A) / (2 * pi),0.352 Hz,0.249 Hz
CM_B_UM_052,CM_B_UM_055,1,2,cross_family_structural_candidate,original,original,sqrt(g / L_A) / (2 * pi),sqrt(g / L_A) / (2 * pi),0.352 Hz,0.249 Hz
CM_B_UM_052,CM_B_UM_055,1,3,cross_family_structural_candidate,original,original,sqrt(g / L_A) / (2 * pi),sqrt(g / L_A) / (2 * pi),0.352 Hz,0.249 Hz
CM_B_UM_052,CM_B_UM_055,2,0,cross_family_structural_candidate,original,original,sqrt(g / L_A) / (2 * pi),sqrt(g / L_A) / (2 * pi),0.352 Hz,0.249 Hz
CM_B_UM_052,CM_B_UM_055,2,1,cross_family_structural_candidate,original,original,sqrt(g / L_A) / (2 * pi),sqrt(g / L_A) / (2 * pi),0.352 Hz,0.249 Hz
CM_B_UM_052,CM_B_UM_055,2,2,cross_family_structural_candidate,original,original,sqrt(g / L_A) / (2 * pi),sqrt(g / L_A) / (2 * pi),0.352 Hz,0.249 Hz
CM_B_UM_052,CM_B_UM_055,2,3,cross_family_structural_candidate,original,original,sqrt(g / L_A) / (2 * pi),sqrt(g / L_A) / (2 * pi),0.352 Hz,0.249 Hz
CM_B_UM_052,CM_B_UM_055,3,0,cross_family_structural_candidate,original,original,sqrt(g / L_A) / (2 * pi),sqrt(g / L_A) / (2 * pi),0.352 Hz,0.249 Hz
CM_B_UM_052,CM_B_UM_055,3,1,cross_family_structural_candidate,original,original,sqrt(g / L_A) / (2 * pi),sqrt(g / L_A) / (2 * pi),0.352 Hz,0.249 Hz
CM_B_UM_052,CM_B_UM_055,3,2,cross_family_structural_candidate,original,original,sqrt(g / L_A) / (2 * pi),sqrt(g / L_A) / (2 * pi),0.352 Hz,0.249 Hz
CM_B_UM_052,CM_B_UM_055,3,3,cross_family_structural_candidate,original,original,sqrt(g / L_A) / (2 * pi),sqrt(g / L_A) / (2 * pi),0.352 Hz,0.249 Hz
CM_B_UM_057,CM_B_UM_058,0,0,cross_family_numeric_sibling,original,original,r_A * F_A,r_A * F_A,12 N*m,15 N*m
CM_B_UM_057,CM_B_UM_058,0,1,cross_family_numeric_sibling,original,original,r_A * F_A,r_A * F_A,12 N*m,15 N*m
CM_B_UM_057,CM_B_UM_058,0,2,cross_family_numeric_sibling,original,original,r_A * F_A,r_A * F_A,12 N*m,15 N*m
CM_B_UM_057,CM_B_UM_058,0,3,cross_family_numeric_sibling,original,original,r_A * F_A,r_A * F_A,12 N*m,15 N*m
CM_B_UM_057,CM_B_UM_060,0,0,cross_family_numeric_sibling,original,original,r_A * F_A,r_A * F_A,12 N*m,8 N*m
CM_B_UM_057,CM_B_UM_060,0,1,cross_family_numeric_sibling,original,original,r_A * F_A,r_A * F_A,12 N*m,8 N*m
CM_B_UM_057,CM_B_UM_060,0,2,cross_family_numeric_sibling,original,original,r_A * F_A,r_A * F_A,12 N*m,8 N*m
CM_B_UM_057,CM_B_UM_060,0,3,cross_family_numeric_sibling,original,original,r_A * F_A,r_A * F_A,12 N*m,8 N*m
CM_B_UM_057,CM_B_UM_058,1,0,cross_family_numeric_sibling,original,original,r_A * F_A,r_A * F_A,12 N*m,15 N*m
CM_B_UM_057,CM_B_UM_058,1,1,cross_family_numeric_sibling,original,original,r_A * F_A,r_A * F_A,12 N*m,15 N*m
CM_B_UM_057,CM_B_UM_058,1,2,cross_family_numeric_sibling,original,original,r_A * F_A,r_A * F_A,12 N*m,15 N*m
CM_B_UM_057,CM_B_UM_058,1,3,cross_family_numeric_sibling,original,original,r_A * F_A,r_A * F_A,12 N*m,15 N*m
CM_B_UM_057,CM_B_UM_060,1,0,cross_family_numeric_sibling,original,original,r_A * F_A,r_A * F_A,12 N*m,8 N*m
CM_B_UM_057,CM_B_UM_060,1,1,cross_family_numeric_sibling,original,original,r_A * F_A,r_A * F_A,12 N*m,8 N*m
CM_B_UM_057,CM_B_UM_060,1,2,cross_family_numeric_sibling,original,original,r_A * F_A,r_A * F_A,12 N*m,8 N*m
CM_B_UM_057,CM_B_UM_060,1,3,cross_family_numeric_sibling,original,original,r_A * F_A,r_A * F_A,12 N*m,8 N*m
CM_B_UM_057,CM_B_UM_058,2,0,cross_family_numeric_sibling,original,original,r_A * F_A,r_A * F_A,12 N*m,15 N*m
CM_B_UM_057,CM_B_UM_058,2,1,cross_family_numeric_sibling,original,original,r_A * F_A,r_A * F_A,12 N*m,15 N*m
CM_B_UM_057,CM_B_UM_058,2,2,cross_family_numeric_sibling,original,original,r_A * F_A,r_A * F_A,12 N*m,15 N*m
CM_B_UM_057,CM_B_UM_058,2,3,cross_family_numeric_sibling,original,original,r_A * F_A,r_A * F_A,12 N*m,15 N*m
CM_B_UM_057,CM_B_UM_060,2,0,cross_family_numeric_sibling,original,original,r_A * F_A,r_A * F_A,12 N*m,8 N*m
CM_B_UM_057,CM_B_UM_060,2,1,cross_family_numeric_sibling,original,original,r_A * F_A,r_A * F_A,12 N*m,8 N*m
CM_B_UM_057,CM_B_UM_060,2,2,cross_family_numeric_sibling,original,original,r_A * F_A,r_A * F_A,12 N*m,8 N*m
CM_B_UM_057,CM_B_UM_060,2,3,cross_family_numeric_sibling,original,original,r_A * F_A,r_A * F_A,12 N*m,8 N*m
CM_B_UM_057,CM_B_UM_058,3,0,cross_family_numeric_sibling,original,original,r_A * F_A,r_A * F_A,12 N*m,15 N*m
CM_B_UM_057,CM_B_UM_058,3,1,cross_family_numeric_sibling,original,original,r_A * F_A,r_A * F_A,12 N*m,15 N*m
CM_B_UM_057,CM_B_UM_058,3,2,cross_family_numeric_sibling,original,original,r_A * F_A,r_A * F_A,12 N*m,15 N*m
CM_B_UM_057,CM_B_UM_058,3,3,cross_family_numeric_sibling,original,original,r_A * F_A,r_A * F_A,12 N*m,15 N*m
CM_B_UM_057,CM_B_UM_060,3,0,cross_family_numeric_sibling,original,original,r_A * F_A,r_A * F_A,12 N*m,8 N*m
CM_B_UM_057,CM_B_UM_060,3,1,cross_family_numeric_sibling,original,original,r_A * F_A,r_A * F_A,12 N*m,8 N*m
CM_B_UM_057,CM_B_UM_060,3,2,cross_family_numeric_sibling,original,original,r_A * F_A,r_A * F_A,12 N*m,8 N*m
CM_B_UM_057,CM_B_UM_060,3,3,cross_family_numeric_sibling,original,original,r_A * F_A,r_A * F_A,12 N*m,8 N*m
CM_B_UM_058,CM_B_UM_060,0,0,cross_family_numeric_sibling,original,original,r_A * F_A,r_A * F_A,15 N*m,8 N*m
CM_B_UM_058,CM_B_UM_060,0,1,cross_family_numeric_sibling,original,original,r_A * F_A,r_A * F_A,15 N*m,8 N*m
CM_B_UM_058,CM_B_UM_060,0,2,cross_family_numeric_sibling,original,original,r_A * F_A,r_A * F_A,15 N*m,8 N*m
CM_B_UM_058,CM_B_UM_060,0,3,cross_family_numeric_sibling,original,original,r_A * F_A,r_A * F_A,15 N*m,8 N*m
CM_B_UM_058,CM_B_UM_060,1,0,cross_family_numeric_sibling,original,original,r_A * F_A,r_A * F_A,15 N*m,8 N*m
CM_B_UM_058,CM_B_UM_060,1,1,cross_family_numeric_sibling,original,original,r_A * F_A,r_A * F_A,15 N*m,8 N*m
CM_B_UM_058,CM_B_UM_060,1,2,cross_family_numeric_sibling,original,original,r_A * F_A,r_A * F_A,15 N*m,8 N*m
CM_B_UM_058,CM_B_UM_060,1,3,cross_family_numeric_sibling,original,original,r_A * F_A,r_A * F_A,15 N*m,8 N*m
CM_B_UM_058,CM_B_UM_060,2,0,cross_family_numeric_sibling,original,original,r_A * F_A,r_A * F_A,15 N*m,8 N*m
CM_B_UM_058,CM_B_UM_060,2,1,cross_family_numeric_sibling,original,original,r_A * F_A,r_A * F_A,15 N*m,8 N*m
CM_B_UM_058,CM_B_UM_060,2,2,cross_family_numeric_sibling,original,original,r_A * F_A,r_A * F_A,15 N*m,8 N*m
CM_B_UM_058,CM_B_UM_060,2,3,cross_family_numeric_sibling,original,original,r_A * F_A,r_A * F_A,15 N*m,8 N*m
CM_B_UM_058,CM_B_UM_060,3,0,cross_family_numeric_sibling,original,original,r_A * F_A,r_A * F_A,15 N*m,8 N*m
CM_B_UM_058,CM_B_UM_060,3,1,cross_family_numeric_sibling,original,original,r_A * F_A,r_A * F_A,15 N*m,8 N*m
CM_B_UM_058,CM_B_UM_060,3,2,cross_family_numeric_sibling,original,original,r_A * F_A,r_A * F_A,15 N*m,8 N*m
CM_B_UM_058,CM_B_UM_060,3,3,cross_family_numeric_sibling,original,original,r_A * F_A,r_A * F_A,15 N*m,8 N*m
CM_C_001,CM_C_009,0,0,cross_family_structural_candidate,original,expansion,v_base,V_base,30.0 m/s,12.0 V
CM_C_001,CM_C_009,0,1,cross_family_structural_candidate,original,expansion,v_base,V_base,30.0 m/s,12.0 V
CM_C_001,CM_C_009,0,2,cross_family_structural_candidate,original,expansion,v_base,V_base,30.0 m/s,12.0 V
CM_C_001,CM_C_009,0,3,cross_family_structural_candidate,original,expansion,v_base,V_base,30.0 m/s,12.0 V
CM_C_001,CM_C_009,1,0,cross_family_structural_candidate,original,expansion,v_base,V_base,30.0 m/s,12.0 V
CM_C_001,CM_C_009,1,1,cross_family_structural_candidate,original,expansion,v_base,V_base,30.0 m/s,12.0 V
CM_C_001,CM_C_009,1,2,cross_family_structural_candidate,original,expansion,v_base,V_base,30.0 m/s,12.0 V
CM_C_001,CM_C_009,1,3,cross_family_structural_candidate,original,expansion,v_base,V_base,30.0 m/s,12.0 V
CM_C_001,CM_C_009,2,0,cross_family_structural_candidate,original,expansion,v_base,V_base,30.0 m/s,12.0 V
CM_C_001,CM_C_009,2,1,cross_family_structural_candidate,original,expansion,v_base,V_base,30.0 m/s,12.0 V
CM_C_001,CM_C_009,2,2,cross_family_structural_candidate,original,expansion,v_base,V_base,30.0 m/s,12.0 V
CM_C_001,CM_C_009,2,3,cross_family_structural_candidate,original,expansion,v_base,V_base,30.0 m/s,12.0 V
CM_C_001,CM_C_009,3,0,cross_family_structural_candidate,original,expansion,v_base,V_base,30.0 m/s,12.0 V
CM_C_001,CM_C_009,3,1,cross_family_structural_candidate,original,expansion,v_base,V_base,30.0 m/s,12.0 V
CM_C_001,CM_C_009,3,2,cross_family_structural_candidate,original,expansion,v_base,V_base,30.0 m/s,12.0 V
CM_C_001,CM_C_009,3,3,cross_family_structural_candidate,original,expansion,v_base,V_base,30.0 m/s,12.0 V
CM_C_002,CM_C_005,0,0,cross_family_structural_candidate,original,original,F_base,f_base,50.0 N,50 Hz
CM_C_002,CM_C_005,0,1,cross_family_structural_candidate,original,original,F_base,f_base,50.0 N,50 Hz
CM_C_002,CM_C_005,0,2,cross_family_structural_candidate,original,original,F_base,f_base,50.0 N,50 Hz
CM_C_002,CM_C_005,0,3,cross_family_structural_candidate,original,original,F_base,f_base,50.0 N,50 Hz
CM_C_002,CM_C_005,1,0,cross_family_structural_candidate,original,original,F_base,f_base,50.0 N,50 Hz
CM_C_002,CM_C_005,1,1,cross_family_structural_candidate,original,original,F_base,f_base,50.0 N,50 Hz
CM_C_002,CM_C_005,1,2,cross_family_structural_candidate,original,original,F_base,f_base,50.0 N,50 Hz
CM_C_002,CM_C_005,1,3,cross_family_structural_candidate,original,original,F_base,f_base,50.0 N,50 Hz
CM_C_002,CM_C_005,2,0,cross_family_structural_candidate,original,original,F_base,f_base,50.0 N,50 Hz
CM_C_002,CM_C_005,2,1,cross_family_structural_candidate,original,original,F_base,f_base,50.0 N,50 Hz
CM_C_002,CM_C_005,2,2,cross_family_structural_candidate,original,original,F_base,f_base,50.0 N,50 Hz
CM_C_002,CM_C_005,2,3,cross_family_structural_candidate,original,original,F_base,f_base,50.0 N,50 Hz
CM_C_002,CM_C_005,3,0,cross_family_structural_candidate,original,original,F_base,f_base,50.0 N,50 Hz
CM_C_002,CM_C_005,3,1,cross_family_structural_candidate,original,original,F_base,f_base,50.0 N,50 Hz
CM_C_002,CM_C_005,3,2,cross_family_structural_candidate,original,original,F_base,f_base,50.0 N,50 Hz
CM_C_002,CM_C_005,3,3,cross_family_structural_candidate,original,original,F_base,f_base,50.0 N,50 Hz
CM_C_003,CM_C_014,0,0,cross_family_structural_candidate,original,expansion,E_base,E_base,1000 J,250 N/C
CM_C_003,CM_C_014,0,1,cross_family_structural_candidate,original,expansion,E_base,E_base,1000 J,250 N/C
CM_C_003,CM_C_014,0,2,cross_family_structural_candidate,original,expansion,E_base,E_base,1000 J,250 N/C
CM_C_003,CM_C_014,0,3,cross_family_structural_candidate,original,expansion,E_base,E_base,1000 J,250 N/C
CM_C_003,CM_C_014,1,0,cross_family_structural_candidate,original,expansion,E_base,E_base,1000 J,250 N/C
CM_C_003,CM_C_014,1,1,cross_family_structural_candidate,original,expansion,E_base,E_base,1000 J,250 N/C
CM_C_003,CM_C_014,1,2,cross_family_structural_candidate,original,expansion,E_base,E_base,1000 J,250 N/C
CM_C_003,CM_C_014,1,3,cross_family_structural_candidate,original,expansion,E_base,E_base,1000 J,250 N/C
CM_C_003,CM_C_014,2,0,cross_family_structural_candidate,original,expansion,E_base,E_base,1000 J,250 N/C
CM_C_003,CM_C_014,2,1,cross_family_structural_candidate,original,expansion,E_base,E_base,1000 J,250 N/C
CM_C_003,CM_C_014,2,2,cross_family_structural_candidate,original,expansion,E_base,E_base,1000 J,250 N/C
CM_C_003,CM_C_014,2,3,cross_family_structural_candidate,original,expansion,E_base,E_base,1000 J,250 N/C
CM_C_003,CM_C_014,3,0,cross_family_structural_candidate,original,expansion,E_base,E_base,1000 J,250 N/C
CM_C_003,CM_C_014,3,1,cross_family_structural_candidate,original,expansion,E_base,E_base,1000 J,250 N/C
CM_C_003,CM_C_014,3,2,cross_family_structural_candidate,original,expansion,E_base,E_base,1000 J,250 N/C
CM_C_003,CM_C_014,3,3,cross_family_structural_candidate,original,expansion,E_base,E_base,1000 J,250 N/C
CM_C_004,CM_C_007,0,0,cross_family_structural_candidate,original,expansion,P_base,P_base,200 W,101325 Pa
CM_C_004,CM_C_007,0,1,cross_family_structural_candidate,original,expansion,P_base,P_base,200 W,101325 Pa
CM_C_004,CM_C_007,0,2,cross_family_structural_candidate,original,expansion,P_base,P_base,200 W,101325 Pa
CM_C_004,CM_C_007,0,3,cross_family_structural_candidate,original,expansion,P_base,P_base,200 W,101325 Pa
CM_C_004,CM_C_012,0,0,cross_family_structural_candidate,original,expansion,P_base,p_base,200 W,12.0 kg*m/s
CM_C_004,CM_C_012,0,1,cross_family_structural_candidate,original,expansion,P_base,p_base,200 W,12.0 kg*m/s
CM_C_004,CM_C_012,0,2,cross_family_structural_candidate,original,expansion,P_base,p_base,200 W,12.0 kg*m/s
CM_C_004,CM_C_012,0,3,cross_family_structural_candidate,original,expansion,P_base,p_base,200 W,12.0 kg*m/s
CM_C_004,CM_C_007,1,0,cross_family_structural_candidate,original,expansion,P_base,P_base,200 W,101325 Pa
CM_C_004,CM_C_007,1,1,cross_family_structural_candidate,original,expansion,P_base,P_base,200 W,101325 Pa
CM_C_004,CM_C_007,1,2,cross_family_structural_candidate,original,expansion,P_base,P_base,200 W,101325 Pa
CM_C_004,CM_C_007,1,3,cross_family_structural_candidate,original,expansion,P_base,P_base,200 W,101325 Pa
CM_C_004,CM_C_012,1,0,cross_family_structural_candidate,original,expansion,P_base,p_base,200 W,12.0 kg*m/s
CM_C_004,CM_C_012,1,1,cross_family_structural_candidate,original,expansion,P_base,p_base,200 W,12.0 kg*m/s
CM_C_004,CM_C_012,1,2,cross_family_structural_candidate,original,expansion,P_base,p_base,200 W,12.0 kg*m/s
CM_C_004,CM_C_012,1,3,cross_family_structural_candidate,original,expansion,P_base,p_base,200 W,12.0 kg*m/s
CM_C_004,CM_C_007,2,0,cross_family_structural_candidate,original,expansion,P_base,P_base,200 W,101325 Pa
CM_C_004,CM_C_007,2,1,cross_family_structural_candidate,original,expansion,P_base,P_base,200 W,101325 Pa
CM_C_004,CM_C_007,2,2,cross_family_structural_candidate,original,expansion,P_base,P_base,200 W,101325 Pa
CM_C_004,CM_C_007,2,3,cross_family_structural_candidate,original,expansion,P_base,P_base,200 W,101325 Pa
CM_C_004,CM_C_012,2,0,cross_family_structural_candidate,original,expansion,P_base,p_base,200 W,12.0 kg*m/s
CM_C_004,CM_C_012,2,1,cross_family_structural_candidate,original,expansion,P_base,p_base,200 W,12.0 kg*m/s
CM_C_004,CM_C_012,2,2,cross_family_structural_candidate,original,expansion,P_base,p_base,200 W,12.0 kg*m/s
CM_C_004,CM_C_012,2,3,cross_family_structural_candidate,original,expansion,P_base,p_base,200 W,12.0 kg*m/s
CM_C_004,CM_C_007,3,0,cross_family_structural_candidate,original,expansion,P_base,P_base,200 W,101325 Pa
CM_C_004,CM_C_007,3,1,cross_family_structural_candidate,original,expansion,P_base,P_base,200 W,101325 Pa
CM_C_004,CM_C_007,3,2,cross_family_structural_candidate,original,expansion,P_base,P_base,200 W,101325 Pa
CM_C_004,CM_C_007,3,3,cross_family_structural_candidate,original,expansion,P_base,P_base,200 W,101325 Pa
CM_C_004,CM_C_012,3,0,cross_family_structural_candidate,original,expansion,P_base,p_base,200 W,12.0 kg*m/s
CM_C_004,CM_C_012,3,1,cross_family_structural_candidate,original,expansion,P_base,p_base,200 W,12.0 kg*m/s
CM_C_004,CM_C_012,3,2,cross_family_structural_candidate,original,expansion,P_base,p_base,200 W,12.0 kg*m/s
CM_C_004,CM_C_012,3,3,cross_family_structural_candidate,original,expansion,P_base,p_base,200 W,12.0 kg*m/s
CM_C_007,CM_C_012,0,0,cross_family_structural_candidate,expansion,expansion,P_base,p_base,101325 Pa,12.0 kg*m/s
CM_C_007,CM_C_012,0,1,cross_family_structural_candidate,expansion,expansion,P_base,p_base,101325 Pa,12.0 kg*m/s
CM_C_007,CM_C_012,0,2,cross_family_structural_candidate,expansion,expansion,P_base,p_base,101325 Pa,12.0 kg*m/s
CM_C_007,CM_C_012,0,3,cross_family_structural_candidate,expansion,expansion,P_base,p_base,101325 Pa,12.0 kg*m/s
CM_C_007,CM_C_012,1,0,cross_family_structural_candidate,expansion,expansion,P_base,p_base,101325 Pa,12.0 kg*m/s
CM_C_007,CM_C_012,1,1,cross_family_structural_candidate,expansion,expansion,P_base,p_base,101325 Pa,12.0 kg*m/s
CM_C_007,CM_C_012,1,2,cross_family_structural_candidate,expansion,expansion,P_base,p_base,101325 Pa,12.0 kg*m/s
CM_C_007,CM_C_012,1,3,cross_family_structural_candidate,expansion,expansion,P_base,p_base,101325 Pa,12.0 kg*m/s
CM_C_007,CM_C_012,2,0,cross_family_structural_candidate,expansion,expansion,P_base,p_base,101325 Pa,12.0 kg*m/s
CM_C_007,CM_C_012,2,1,cross_family_structural_candidate,expansion,expansion,P_base,p_base,101325 Pa,12.0 kg*m/s
CM_C_007,CM_C_012,2,2,cross_family_structural_candidate,expansion,expansion,P_base,p_base,101325 Pa,12.0 kg*m/s
CM_C_007,CM_C_012,2,3,cross_family_structural_candidate,expansion,expansion,P_base,p_base,101325 Pa,12.0 kg*m/s
CM_C_007,CM_C_012,3,0,cross_family_structural_candidate,expansion,expansion,P_base,p_base,101325 Pa,12.0 kg*m/s
CM_C_007,CM_C_012,3,1,cross_family_structural_candidate,expansion,expansion,P_base,p_base,101325 Pa,12.0 kg*m/s
CM_C_007,CM_C_012,3,2,cross_family_structural_candidate,expansion,expansion,P_base,p_base,101325 Pa,12.0 kg*m/s
CM_C_007,CM_C_012,3,3,cross_family_structural_candidate,expansion,expansion,P_base,p_base,101325 Pa,12.0 kg*m/s
EL_A_003,EL_B_003,0,0,cross_family_structural_candidate,original,original,C * V,C * V,1.2e-3 C,4.5e-4 C
EL_A_003,EL_B_003,0,1,cross_family_structural_candidate,original,original,C * V,C * V,1.2e-3 C,4.5e-4 C
EL_A_003,EL_B_003,0,2,cross_family_structural_candidate,original,original,C * V,C * V,1.2e-3 C,4.5e-4 C
EL_A_003,EL_B_003,0,3,cross_family_structural_candidate,original,original,C * V,C * V,1.2e-3 C,4.5e-4 C
EL_A_003,EL_B_003,1,0,cross_family_structural_candidate,original,original,C * V,C * V,1.2e-3 C,4.5e-4 C
EL_A_003,EL_B_003,1,1,cross_family_structural_candidate,original,original,C * V,C * V,1.2e-3 C,4.5e-4 C
EL_A_003,EL_B_003,1,2,cross_family_structural_candidate,original,original,C * V,C * V,1.2e-3 C,4.5e-4 C
EL_A_003,EL_B_003,1,3,cross_family_structural_candidate,original,original,C * V,C * V,1.2e-3 C,4.5e-4 C
EL_A_003,EL_B_003,2,0,cross_family_structural_candidate,original,original,C * V,C * V,1.2e-3 C,4.5e-4 C
EL_A_003,EL_B_003,2,1,cross_family_structural_candidate,original,original,C * V,C * V,1.2e-3 C,4.5e-4 C
EL_A_003,EL_B_003,2,2,cross_family_structural_candidate,original,original,C * V,C * V,1.2e-3 C,4.5e-4 C
EL_A_003,EL_B_003,2,3,cross_family_structural_candidate,original,original,C * V,C * V,1.2e-3 C,4.5e-4 C
EL_A_003,EL_B_003,3,0,cross_family_structural_candidate,original,original,C * V,C * V,1.2e-3 C,4.5e-4 C
EL_A_003,EL_B_003,3,1,cross_family_structural_candidate,original,original,C * V,C * V,1.2e-3 C,4.5e-4 C
EL_A_003,EL_B_003,3,2,cross_family_structural_candidate,original,original,C * V,C * V,1.2e-3 C,4.5e-4 C
EL_A_003,EL_B_003,3,3,cross_family_structural_candidate,original,original,C * V,C * V,1.2e-3 C,4.5e-4 C
EL_A_004,EL_B_004,0,0,cross_family_structural_candidate,original,original,k * q1 * q2 / r**2,k * q1 * q2 / r**2,5.394 N,0.8991 N
EL_A_004,EL_B_004,0,1,cross_family_structural_candidate,original,original,k * q1 * q2 / r**2,k * q1 * q2 / r**2,5.394 N,0.8991 N
EL_A_004,EL_B_004,0,2,cross_family_structural_candidate,original,original,k * q1 * q2 / r**2,k * q1 * q2 / r**2,5.394 N,0.8991 N
EL_A_004,EL_B_004,0,3,cross_family_structural_candidate,original,original,k * q1 * q2 / r**2,k * q1 * q2 / r**2,5.394 N,0.8991 N
EL_A_004,EL_B_004,1,0,cross_family_structural_candidate,original,original,k * q1 * q2 / r**2,k * q1 * q2 / r**2,5.394 N,0.8991 N
EL_A_004,EL_B_004,1,1,cross_family_structural_candidate,original,original,k * q1 * q2 / r**2,k * q1 * q2 / r**2,5.394 N,0.8991 N
EL_A_004,EL_B_004,1,2,cross_family_structural_candidate,original,original,k * q1 * q2 / r**2,k * q1 * q2 / r**2,5.394 N,0.8991 N
EL_A_004,EL_B_004,1,3,cross_family_structural_candidate,original,original,k * q1 * q2 / r**2,k * q1 * q2 / r**2,5.394 N,0.8991 N
EL_A_004,EL_B_004,2,0,cross_family_structural_candidate,original,original,k * q1 * q2 / r**2,k * q1 * q2 / r**2,5.394 N,0.8991 N
EL_A_004,EL_B_004,2,1,cross_family_structural_candidate,original,original,k * q1 * q2 / r**2,k * q1 * q2 / r**2,5.394 N,0.8991 N
EL_A_004,EL_B_004,2,2,cross_family_structural_candidate,original,original,k * q1 * q2 / r**2,k * q1 * q2 / r**2,5.394 N,0.8991 N
EL_A_004,EL_B_004,2,3,cross_family_structural_candidate,original,original,k * q1 * q2 / r**2,k * q1 * q2 / r**2,5.394 N,0.8991 N
EL_A_004,EL_B_004,3,0,cross_family_structural_candidate,original,original,k * q1 * q2 / r**2,k * q1 * q2 / r**2,5.394 N,0.8991 N
EL_A_004,EL_B_004,3,1,cross_family_structural_candidate,original,original,k * q1 * q2 / r**2,k * q1 * q2 / r**2,5.394 N,0.8991 N
EL_A_004,EL_B_004,3,2,cross_family_structural_candidate,original,original,k * q1 * q2 / r**2,k * q1 * q2 / r**2,5.394 N,0.8991 N
EL_A_004,EL_B_004,3,3,cross_family_structural_candidate,original,original,k * q1 * q2 / r**2,k * q1 * q2 / r**2,5.394 N,0.8991 N
EL_A_005,EL_B_005,0,0,cross_family_structural_candidate,original,original,k * q / r**2,k * q / r**2,1.124e6 N/C,3.0e5 N/C
EL_A_005,EL_B_005,0,1,cross_family_structural_candidate,original,original,k * q / r**2,k * q / r**2,1.124e6 N/C,3.0e5 N/C
EL_A_005,EL_B_005,0,2,cross_family_structural_candidate,original,original,k * q / r**2,k * q / r**2,1.124e6 N/C,3.0e5 N/C
EL_A_005,EL_B_005,0,3,cross_family_structural_candidate,original,original,k * q / r**2,k * q / r**2,1.124e6 N/C,3.0e5 N/C
EL_A_005,EL_B_005,1,0,cross_family_structural_candidate,original,original,k * q / r**2,k * q / r**2,1.124e6 N/C,3.0e5 N/C
EL_A_005,EL_B_005,1,1,cross_family_structural_candidate,original,original,k * q / r**2,k * q / r**2,1.124e6 N/C,3.0e5 N/C
EL_A_005,EL_B_005,1,2,cross_family_structural_candidate,original,original,k * q / r**2,k * q / r**2,1.124e6 N/C,3.0e5 N/C
EL_A_005,EL_B_005,1,3,cross_family_structural_candidate,original,original,k * q / r**2,k * q / r**2,1.124e6 N/C,3.0e5 N/C
EL_A_005,EL_B_005,2,0,cross_family_structural_candidate,original,original,k * q / r**2,k * q / r**2,1.124e6 N/C,3.0e5 N/C
EL_A_005,EL_B_005,2,1,cross_family_structural_candidate,original,original,k * q / r**2,k * q / r**2,1.124e6 N/C,3.0e5 N/C
EL_A_005,EL_B_005,2,2,cross_family_structural_candidate,original,original,k * q / r**2,k * q / r**2,1.124e6 N/C,3.0e5 N/C
EL_A_005,EL_B_005,2,3,cross_family_structural_candidate,original,original,k * q / r**2,k * q / r**2,1.124e6 N/C,3.0e5 N/C
EL_A_005,EL_B_005,3,0,cross_family_structural_candidate,original,original,k * q / r**2,k * q / r**2,1.124e6 N/C,3.0e5 N/C
EL_A_005,EL_B_005,3,1,cross_family_structural_candidate,original,original,k * q / r**2,k * q / r**2,1.124e6 N/C,3.0e5 N/C
EL_A_005,EL_B_005,3,2,cross_family_structural_candidate,original,original,k * q / r**2,k * q / r**2,1.124e6 N/C,3.0e5 N/C
EL_A_005,EL_B_005,3,3,cross_family_structural_candidate,original,original,k * q / r**2,k * q / r**2,1.124e6 N/C,3.0e5 N/C
TH_B_UM_001,TH_B_UM_002,0,0,cross_family_structural_candidate,original,original,m_A * c_A * delta_T_A,m_A * c_A * delta_T_A,41860 J,41860 J
TH_B_UM_001,TH_B_UM_002,0,1,cross_family_structural_candidate,original,original,m_A * c_A * delta_T_A,m_A * c_A * delta_T_A,41860 J,41860 J
TH_B_UM_001,TH_B_UM_002,0,2,cross_family_structural_candidate,original,original,m_A * c_A * delta_T_A,m_A * c_A * delta_T_A,41860 J,41860 J
TH_B_UM_001,TH_B_UM_002,0,3,cross_family_structural_candidate,original,original,m_A * c_A * delta_T_A,m_A * c_A * delta_T_A,41860 J,41860 J
TH_B_UM_001,TH_B_UM_003,0,0,cross_family_structural_candidate,original,original,m_A * c_A * delta_T_A,m_A * c_A * delta_T_A,41860 J,41860 J
TH_B_UM_001,TH_B_UM_003,0,1,cross_family_structural_candidate,original,original,m_A * c_A * delta_T_A,m_A * c_A * delta_T_A,41860 J,41860 J
TH_B_UM_001,TH_B_UM_003,0,2,cross_family_structural_candidate,original,original,m_A * c_A * delta_T_A,m_A * c_A * delta_T_A,41860 J,41860 J
TH_B_UM_001,TH_B_UM_003,0,3,cross_family_structural_candidate,original,original,m_A * c_A * delta_T_A,m_A * c_A * delta_T_A,41860 J,41860 J
TH_B_UM_001,TH_B_UM_002,1,0,cross_family_structural_candidate,original,original,m_A * c_A * delta_T_A,m_A * c_A * delta_T_A,41860 J,41860 J
TH_B_UM_001,TH_B_UM_002,1,1,cross_family_structural_candidate,original,original,m_A * c_A * delta_T_A,m_A * c_A * delta_T_A,41860 J,41860 J
TH_B_UM_001,TH_B_UM_002,1,2,cross_family_structural_candidate,original,original,m_A * c_A * delta_T_A,m_A * c_A * delta_T_A,41860 J,41860 J
TH_B_UM_001,TH_B_UM_002,1,3,cross_family_structural_candidate,original,original,m_A * c_A * delta_T_A,m_A * c_A * delta_T_A,41860 J,41860 J
TH_B_UM_001,TH_B_UM_003,1,0,cross_family_structural_candidate,original,original,m_A * c_A * delta_T_A,m_A * c_A * delta_T_A,41860 J,41860 J
TH_B_UM_001,TH_B_UM_003,1,1,cross_family_structural_candidate,original,original,m_A * c_A * delta_T_A,m_A * c_A * delta_T_A,41860 J,41860 J
TH_B_UM_001,TH_B_UM_003,1,2,cross_family_structural_candidate,original,original,m_A * c_A * delta_T_A,m_A * c_A * delta_T_A,41860 J,41860 J
TH_B_UM_001,TH_B_UM_003,1,3,cross_family_structural_candidate,original,original,m_A * c_A * delta_T_A,m_A * c_A * delta_T_A,41860 J,41860 J
TH_B_UM_001,TH_B_UM_002,2,0,cross_family_structural_candidate,original,original,m_A * c_A * delta_T_A,m_A * c_A * delta_T_A,41860 J,41860 J
TH_B_UM_001,TH_B_UM_002,2,1,cross_family_structural_candidate,original,original,m_A * c_A * delta_T_A,m_A * c_A * delta_T_A,41860 J,41860 J
TH_B_UM_001,TH_B_UM_002,2,2,cross_family_structural_candidate,original,original,m_A * c_A * delta_T_A,m_A * c_A * delta_T_A,41860 J,41860 J
TH_B_UM_001,TH_B_UM_002,2,3,cross_family_structural_candidate,original,original,m_A * c_A * delta_T_A,m_A * c_A * delta_T_A,41860 J,41860 J
TH_B_UM_001,TH_B_UM_003,2,0,cross_family_structural_candidate,original,original,m_A * c_A * delta_T_A,m_A * c_A * delta_T_A,41860 J,41860 J
TH_B_UM_001,TH_B_UM_003,2,1,cross_family_structural_candidate,original,original,m_A * c_A * delta_T_A,m_A * c_A * delta_T_A,41860 J,41860 J
TH_B_UM_001,TH_B_UM_003,2,2,cross_family_structural_candidate,original,original,m_A * c_A * delta_T_A,m_A * c_A * delta_T_A,41860 J,41860 J
TH_B_UM_001,TH_B_UM_003,2,3,cross_family_structural_candidate,original,original,m_A * c_A * delta_T_A,m_A * c_A * delta_T_A,41860 J,41860 J
TH_B_UM_001,TH_B_UM_002,3,0,cross_family_structural_candidate,original,original,m_A * c_A * delta_T_A,m_A * c_A * delta_T_A,41860 J,41860 J
TH_B_UM_001,TH_B_UM_002,3,1,cross_family_structural_candidate,original,original,m_A * c_A * delta_T_A,m_A * c_A * delta_T_A,41860 J,41860 J
TH_B_UM_001,TH_B_UM_002,3,2,cross_family_structural_candidate,original,original,m_A * c_A * delta_T_A,m_A * c_A * delta_T_A,41860 J,41860 J
TH_B_UM_001,TH_B_UM_002,3,3,cross_family_structural_candidate,original,original,m_A * c_A * delta_T_A,m_A * c_A * delta_T_A,41860 J,41860 J
TH_B_UM_001,TH_B_UM_003,3,0,cross_family_structural_candidate,original,original,m_A * c_A * delta_T_A,m_A * c_A * delta_T_A,41860 J,41860 J
TH_B_UM_001,TH_B_UM_003,3,1,cross_family_structural_candidate,original,original,m_A * c_A * delta_T_A,m_A * c_A * delta_T_A,41860 J,41860 J
TH_B_UM_001,TH_B_UM_003,3,2,cross_family_structural_candidate,original,original,m_A * c_A * delta_T_A,m_A * c_A * delta_T_A,41860 J,41860 J
TH_B_UM_001,TH_B_UM_003,3,3,cross_family_structural_candidate,original,original,m_A * c_A * delta_T_A,m_A * c_A * delta_T_A,41860 J,41860 J
TH_B_UM_002,TH_B_UM_003,0,0,cross_family_structural_candidate,original,original,m_A * c_A * delta_T_A,m_A * c_A * delta_T_A,41860 J,41860 J
TH_B_UM_002,TH_B_UM_003,0,1,cross_family_structural_candidate,original,original,m_A * c_A * delta_T_A,m_A * c_A * delta_T_A,41860 J,41860 J
TH_B_UM_002,TH_B_UM_003,0,2,cross_family_structural_candidate,original,original,m_A * c_A * delta_T_A,m_A * c_A * delta_T_A,41860 J,41860 J
TH_B_UM_002,TH_B_UM_003,0,3,cross_family_structural_candidate,original,original,m_A * c_A * delta_T_A,m_A * c_A * delta_T_A,41860 J,41860 J
TH_B_UM_002,TH_B_UM_003,1,0,cross_family_structural_candidate,original,original,m_A * c_A * delta_T_A,m_A * c_A * delta_T_A,41860 J,41860 J
TH_B_UM_002,TH_B_UM_003,1,1,cross_family_structural_candidate,original,original,m_A * c_A * delta_T_A,m_A * c_A * delta_T_A,41860 J,41860 J
TH_B_UM_002,TH_B_UM_003,1,2,cross_family_structural_candidate,original,original,m_A * c_A * delta_T_A,m_A * c_A * delta_T_A,41860 J,41860 J
TH_B_UM_002,TH_B_UM_003,1,3,cross_family_structural_candidate,original,original,m_A * c_A * delta_T_A,m_A * c_A * delta_T_A,41860 J,41860 J
TH_B_UM_002,TH_B_UM_003,2,0,cross_family_structural_candidate,original,original,m_A * c_A * delta_T_A,m_A * c_A * delta_T_A,41860 J,41860 J
TH_B_UM_002,TH_B_UM_003,2,1,cross_family_structural_candidate,original,original,m_A * c_A * delta_T_A,m_A * c_A * delta_T_A,41860 J,41860 J
TH_B_UM_002,TH_B_UM_003,2,2,cross_family_structural_candidate,original,original,m_A * c_A * delta_T_A,m_A * c_A * delta_T_A,41860 J,41860 J
TH_B_UM_002,TH_B_UM_003,2,3,cross_family_structural_candidate,original,original,m_A * c_A * delta_T_A,m_A * c_A * delta_T_A,41860 J,41860 J
TH_B_UM_002,TH_B_UM_003,3,0,cross_family_structural_candidate,original,original,m_A * c_A * delta_T_A,m_A * c_A * delta_T_A,41860 J,41860 J
TH_B_UM_002,TH_B_UM_003,3,1,cross_family_structural_candidate,original,original,m_A * c_A * delta_T_A,m_A * c_A * delta_T_A,41860 J,41860 J
TH_B_UM_002,TH_B_UM_003,3,2,cross_family_structural_candidate,original,original,m_A * c_A * delta_T_A,m_A * c_A * delta_T_A,41860 J,41860 J
TH_B_UM_002,TH_B_UM_003,3,3,cross_family_structural_candidate,original,original,m_A * c_A * delta_T_A,m_A * c_A * delta_T_A,41860 J,41860 J
TH_B_UM_004,TH_B_UM_005,0,0,cross_family_structural_candidate,original,original,F_A * delta_x_A,F_A * delta_x_A,42000 J,42000 J
TH_B_UM_004,TH_B_UM_005,0,1,cross_family_structural_candidate,original,original,F_A * delta_x_A,F_A * delta_x_A,42000 J,42000 J
TH_B_UM_004,TH_B_UM_005,0,2,cross_family_structural_candidate,original,original,F_A * delta_x_A,F_A * delta_x_A,42000 J,42000 J
TH_B_UM_004,TH_B_UM_005,0,3,cross_family_structural_candidate,original,original,F_A * delta_x_A,F_A * delta_x_A,42000 J,42000 J
TH_B_UM_004,TH_B_UM_005,1,0,cross_family_structural_candidate,original,original,F_A * delta_x_A,F_A * delta_x_A,42000 J,42000 J
TH_B_UM_004,TH_B_UM_005,1,1,cross_family_structural_candidate,original,original,F_A * delta_x_A,F_A * delta_x_A,42000 J,42000 J
TH_B_UM_004,TH_B_UM_005,1,2,cross_family_structural_candidate,original,original,F_A * delta_x_A,F_A * delta_x_A,42000 J,42000 J
TH_B_UM_004,TH_B_UM_005,1,3,cross_family_structural_candidate,original,original,F_A * delta_x_A,F_A * delta_x_A,42000 J,42000 J
TH_B_UM_004,TH_B_UM_005,2,0,cross_family_structural_candidate,original,original,F_A * delta_x_A,F_A * delta_x_A,42000 J,42000 J
TH_B_UM_004,TH_B_UM_005,2,1,cross_family_structural_candidate,original,original,F_A * delta_x_A,F_A * delta_x_A,42000 J,42000 J
TH_B_UM_004,TH_B_UM_005,2,2,cross_family_structural_candidate,original,original,F_A * delta_x_A,F_A * delta_x_A,42000 J,42000 J
TH_B_UM_004,TH_B_UM_005,2,3,cross_family_structural_candidate,original,original,F_A * delta_x_A,F_A * delta_x_A,42000 J,42000 J
TH_B_UM_004,TH_B_UM_005,3,0,cross_family_structural_candidate,original,original,F_A * delta_x_A,F_A * delta_x_A,42000 J,42000 J
TH_B_UM_004,TH_B_UM_005,3,1,cross_family_structural_candidate,original,original,F_A * delta_x_A,F_A * delta_x_A,42000 J,42000 J
TH_B_UM_004,TH_B_UM_005,3,2,cross_family_structural_candidate,original,original,F_A * delta_x_A,F_A * delta_x_A,42000 J,42000 J
TH_B_UM_004,TH_B_UM_005,3,3,cross_family_structural_candidate,original,original,F_A * delta_x_A,F_A * delta_x_A,42000 J,42000 J
TH_B_UM_006,TH_B_UM_007,0,0,cross_family_numeric_sibling,original,original,n_A * R_gas * T_A / V_A,n_A * R_gas * T_A / V_A,100000 Pa,100000 Pa
TH_B_UM_006,TH_B_UM_007,0,1,cross_family_numeric_sibling,original,original,n_A * R_gas * T_A / V_A,n_A * R_gas * T_A / V_A,100000 Pa,100000 Pa
TH_B_UM_006,TH_B_UM_007,0,2,cross_family_numeric_sibling,original,original,n_A * R_gas * T_A / V_A,n_A * R_gas * T_A / V_A,100000 Pa,100000 Pa
TH_B_UM_006,TH_B_UM_007,0,3,cross_family_numeric_sibling,original,original,n_A * R_gas * T_A / V_A,n_A * R_gas * T_A / V_A,100000 Pa,100000 Pa
TH_B_UM_006,TH_B_UM_008,0,0,cross_family_numeric_sibling,original,original,n_A * R_gas * T_A / V_A,n_A * R_gas * T_A / V_A,100000 Pa,100000 Pa
TH_B_UM_006,TH_B_UM_008,0,1,cross_family_numeric_sibling,original,original,n_A * R_gas * T_A / V_A,n_A * R_gas * T_A / V_A,100000 Pa,100000 Pa
TH_B_UM_006,TH_B_UM_008,0,2,cross_family_numeric_sibling,original,original,n_A * R_gas * T_A / V_A,n_A * R_gas * T_A / V_A,100000 Pa,100000 Pa
TH_B_UM_006,TH_B_UM_008,0,3,cross_family_numeric_sibling,original,original,n_A * R_gas * T_A / V_A,n_A * R_gas * T_A / V_A,100000 Pa,100000 Pa
TH_B_UM_006,TH_B_UM_007,1,0,cross_family_numeric_sibling,original,original,n_A * R_gas * T_A / V_A,n_A * R_gas * T_A / V_A,100000 Pa,100000 Pa
TH_B_UM_006,TH_B_UM_007,1,1,cross_family_numeric_sibling,original,original,n_A * R_gas * T_A / V_A,n_A * R_gas * T_A / V_A,100000 Pa,100000 Pa
TH_B_UM_006,TH_B_UM_007,1,2,cross_family_numeric_sibling,original,original,n_A * R_gas * T_A / V_A,n_A * R_gas * T_A / V_A,100000 Pa,100000 Pa
TH_B_UM_006,TH_B_UM_007,1,3,cross_family_numeric_sibling,original,original,n_A * R_gas * T_A / V_A,n_A * R_gas * T_A / V_A,100000 Pa,100000 Pa
TH_B_UM_006,TH_B_UM_008,1,0,cross_family_numeric_sibling,original,original,n_A * R_gas * T_A / V_A,n_A * R_gas * T_A / V_A,100000 Pa,100000 Pa
TH_B_UM_006,TH_B_UM_008,1,1,cross_family_numeric_sibling,original,original,n_A * R_gas * T_A / V_A,n_A * R_gas * T_A / V_A,100000 Pa,100000 Pa
TH_B_UM_006,TH_B_UM_008,1,2,cross_family_numeric_sibling,original,original,n_A * R_gas * T_A / V_A,n_A * R_gas * T_A / V_A,100000 Pa,100000 Pa
TH_B_UM_006,TH_B_UM_008,1,3,cross_family_numeric_sibling,original,original,n_A * R_gas * T_A / V_A,n_A * R_gas * T_A / V_A,100000 Pa,100000 Pa
TH_B_UM_006,TH_B_UM_007,2,0,cross_family_numeric_sibling,original,original,n_A * R_gas * T_A / V_A,n_A * R_gas * T_A / V_A,100000 Pa,100000 Pa
TH_B_UM_006,TH_B_UM_007,2,1,cross_family_numeric_sibling,original,original,n_A * R_gas * T_A / V_A,n_A * R_gas * T_A / V_A,100000 Pa,100000 Pa
TH_B_UM_006,TH_B_UM_007,2,2,cross_family_numeric_sibling,original,original,n_A * R_gas * T_A / V_A,n_A * R_gas * T_A / V_A,100000 Pa,100000 Pa
TH_B_UM_006,TH_B_UM_007,2,3,cross_family_numeric_sibling,original,original,n_A * R_gas * T_A / V_A,n_A * R_gas * T_A / V_A,100000 Pa,100000 Pa
TH_B_UM_006,TH_B_UM_008,2,0,cross_family_numeric_sibling,original,original,n_A * R_gas * T_A / V_A,n_A * R_gas * T_A / V_A,100000 Pa,100000 Pa
TH_B_UM_006,TH_B_UM_008,2,1,cross_family_numeric_sibling,original,original,n_A * R_gas * T_A / V_A,n_A * R_gas * T_A / V_A,100000 Pa,100000 Pa
TH_B_UM_006,TH_B_UM_008,2,2,cross_family_numeric_sibling,original,original,n_A * R_gas * T_A / V_A,n_A * R_gas * T_A / V_A,100000 Pa,100000 Pa
TH_B_UM_006,TH_B_UM_008,2,3,cross_family_numeric_sibling,original,original,n_A * R_gas * T_A / V_A,n_A * R_gas * T_A / V_A,100000 Pa,100000 Pa
TH_B_UM_006,TH_B_UM_007,3,0,cross_family_numeric_sibling,original,original,n_A * R_gas * T_A / V_A,n_A * R_gas * T_A / V_A,100000 Pa,100000 Pa
TH_B_UM_006,TH_B_UM_007,3,1,cross_family_numeric_sibling,original,original,n_A * R_gas * T_A / V_A,n_A * R_gas * T_A / V_A,100000 Pa,100000 Pa
TH_B_UM_006,TH_B_UM_007,3,2,cross_family_numeric_sibling,original,original,n_A * R_gas * T_A / V_A,n_A * R_gas * T_A / V_A,100000 Pa,100000 Pa
TH_B_UM_006,TH_B_UM_007,3,3,cross_family_numeric_sibling,original,original,n_A * R_gas * T_A / V_A,n_A * R_gas * T_A / V_A,100000 Pa,100000 Pa
TH_B_UM_006,TH_B_UM_008,3,0,cross_family_numeric_sibling,original,original,n_A * R_gas * T_A / V_A,n_A * R_gas * T_A / V_A,100000 Pa,100000 Pa
TH_B_UM_006,TH_B_UM_008,3,1,cross_family_numeric_sibling,original,original,n_A * R_gas * T_A / V_A,n_A * R_gas * T_A / V_A,100000 Pa,100000 Pa
TH_B_UM_006,TH_B_UM_008,3,2,cross_family_numeric_sibling,original,original,n_A * R_gas * T_A / V_A,n_A * R_gas * T_A / V_A,100000 Pa,100000 Pa
TH_B_UM_006,TH_B_UM_008,3,3,cross_family_numeric_sibling,original,original,n_A * R_gas * T_A / V_A,n_A * R_gas * T_A / V_A,100000 Pa,100000 Pa
TH_B_UM_007,TH_B_UM_008,0,0,cross_family_numeric_sibling,original,original,n_A * R_gas * T_A / V_A,n_A * R_gas * T_A / V_A,100000 Pa,100000 Pa
TH_B_UM_007,TH_B_UM_008,0,1,cross_family_numeric_sibling,original,original,n_A * R_gas * T_A / V_A,n_A * R_gas * T_A / V_A,100000 Pa,100000 Pa
TH_B_UM_007,TH_B_UM_008,0,2,cross_family_numeric_sibling,original,original,n_A * R_gas * T_A / V_A,n_A * R_gas * T_A / V_A,100000 Pa,100000 Pa
TH_B_UM_007,TH_B_UM_008,0,3,cross_family_numeric_sibling,original,original,n_A * R_gas * T_A / V_A,n_A * R_gas * T_A / V_A,100000 Pa,100000 Pa
TH_B_UM_007,TH_B_UM_008,1,0,cross_family_numeric_sibling,original,original,n_A * R_gas * T_A / V_A,n_A * R_gas * T_A / V_A,100000 Pa,100000 Pa
TH_B_UM_007,TH_B_UM_008,1,1,cross_family_numeric_sibling,original,original,n_A * R_gas * T_A / V_A,n_A * R_gas * T_A / V_A,100000 Pa,100000 Pa
TH_B_UM_007,TH_B_UM_008,1,2,cross_family_numeric_sibling,original,original,n_A * R_gas * T_A / V_A,n_A * R_gas * T_A / V_A,100000 Pa,100000 Pa
TH_B_UM_007,TH_B_UM_008,1,3,cross_family_numeric_sibling,original,original,n_A * R_gas * T_A / V_A,n_A * R_gas * T_A / V_A,100000 Pa,100000 Pa
TH_B_UM_007,TH_B_UM_008,2,0,cross_family_numeric_sibling,original,original,n_A * R_gas * T_A / V_A,n_A * R_gas * T_A / V_A,100000 Pa,100000 Pa
TH_B_UM_007,TH_B_UM_008,2,1,cross_family_numeric_sibling,original,original,n_A * R_gas * T_A / V_A,n_A * R_gas * T_A / V_A,100000 Pa,100000 Pa
TH_B_UM_007,TH_B_UM_008,2,2,cross_family_numeric_sibling,original,original,n_A * R_gas * T_A / V_A,n_A * R_gas * T_A / V_A,100000 Pa,100000 Pa
TH_B_UM_007,TH_B_UM_008,2,3,cross_family_numeric_sibling,original,original,n_A * R_gas * T_A / V_A,n_A * R_gas * T_A / V_A,100000 Pa,100000 Pa
TH_B_UM_007,TH_B_UM_008,3,0,cross_family_numeric_sibling,original,original,n_A * R_gas * T_A / V_A,n_A * R_gas * T_A / V_A,100000 Pa,100000 Pa
TH_B_UM_007,TH_B_UM_008,3,1,cross_family_numeric_sibling,original,original,n_A * R_gas * T_A / V_A,n_A * R_gas * T_A / V_A,100000 Pa,100000 Pa
TH_B_UM_007,TH_B_UM_008,3,2,cross_family_numeric_sibling,original,original,n_A * R_gas * T_A / V_A,n_A * R_gas * T_A / V_A,100000 Pa,100000 Pa
TH_B_UM_007,TH_B_UM_008,3,3,cross_family_numeric_sibling,original,original,n_A * R_gas * T_A / V_A,n_A * R_gas * T_A / V_A,100000 Pa,100000 Pa
TH_B_UM_009,TH_B_UM_010,0,0,cross_family_numeric_sibling,original,original,alpha_A * L_A * delta_T_A,alpha_A * L_A * delta_T_A,0.010 m,0.012 m
TH_B_UM_009,TH_B_UM_010,0,1,cross_family_numeric_sibling,original,original,alpha_A * L_A * delta_T_A,alpha_A * L_A * delta_T_A,0.010 m,0.012 m
TH_B_UM_009,TH_B_UM_010,0,2,cross_family_numeric_sibling,original,original,alpha_A * L_A * delta_T_A,alpha_A * L_A * delta_T_A,0.010 m,0.012 m
TH_B_UM_009,TH_B_UM_010,0,3,cross_family_numeric_sibling,original,original,alpha_A * L_A * delta_T_A,alpha_A * L_A * delta_T_A,0.010 m,0.012 m
TH_B_UM_009,TH_B_UM_010,1,0,cross_family_numeric_sibling,original,original,alpha_A * L_A * delta_T_A,alpha_A * L_A * delta_T_A,0.010 m,0.012 m
TH_B_UM_009,TH_B_UM_010,1,1,cross_family_numeric_sibling,original,original,alpha_A * L_A * delta_T_A,alpha_A * L_A * delta_T_A,0.010 m,0.012 m
TH_B_UM_009,TH_B_UM_010,1,2,cross_family_numeric_sibling,original,original,alpha_A * L_A * delta_T_A,alpha_A * L_A * delta_T_A,0.010 m,0.012 m
TH_B_UM_009,TH_B_UM_010,1,3,cross_family_numeric_sibling,original,original,alpha_A * L_A * delta_T_A,alpha_A * L_A * delta_T_A,0.010 m,0.012 m
TH_B_UM_009,TH_B_UM_010,2,0,cross_family_numeric_sibling,original,original,alpha_A * L_A * delta_T_A,alpha_A * L_A * delta_T_A,0.010 m,0.012 m
TH_B_UM_009,TH_B_UM_010,2,1,cross_family_numeric_sibling,original,original,alpha_A * L_A * delta_T_A,alpha_A * L_A * delta_T_A,0.010 m,0.012 m
TH_B_UM_009,TH_B_UM_010,2,2,cross_family_numeric_sibling,original,original,alpha_A * L_A * delta_T_A,alpha_A * L_A * delta_T_A,0.010 m,0.012 m
TH_B_UM_009,TH_B_UM_010,2,3,cross_family_numeric_sibling,original,original,alpha_A * L_A * delta_T_A,alpha_A * L_A * delta_T_A,0.010 m,0.012 m
TH_B_UM_009,TH_B_UM_010,3,0,cross_family_numeric_sibling,original,original,alpha_A * L_A * delta_T_A,alpha_A * L_A * delta_T_A,0.010 m,0.012 m
TH_B_UM_009,TH_B_UM_010,3,1,cross_family_numeric_sibling,original,original,alpha_A * L_A * delta_T_A,alpha_A * L_A * delta_T_A,0.010 m,0.012 m
TH_B_UM_009,TH_B_UM_010,3,2,cross_family_numeric_sibling,original,original,alpha_A * L_A * delta_T_A,alpha_A * L_A * delta_T_A,0.010 m,0.012 m
TH_B_UM_009,TH_B_UM_010,3,3,cross_family_numeric_sibling,original,original,alpha_A * L_A * delta_T_A,alpha_A * L_A * delta_T_A,0.010 m,0.012 m
