path,artifact_type,size_bytes,raw_data_rows,orphan_class,zero_row_cannot_support_null,resolution_status,registry_experiment_id,resolution_problems
results/appendix/formula_leakage/analysis/per_family_summary.csv,csv,596,5,paper_relevant_noncritical,False,unresolved,,
results/appendix/formula_leakage/analysis/summary.json,json,298,,paper_relevant_noncritical,False,unresolved,,
results/appendix/formula_leakage/behavioural/family_summaries.jsonl,jsonl,6693,15,paper_relevant_noncritical,False,unresolved,,
results/appendix/formula_leakage/behavioural/llama_primary_formula_stub.jsonl,jsonl,11270,15,paper_relevant_noncritical,False,unresolved,,
results/appendix/formula_leakage/behavioural/prompt_records.jsonl,jsonl,27117,30,paper_relevant_noncritical,False,unresolved,,
results/appendix/formula_leakage/behavioural/qwen_primary_20260620T063936Z.jsonl,jsonl,11270,15,paper_relevant_noncritical,False,unresolved,,
results/appendix/formula_leakage/behavioural/qwen_primary_20260620T074602Z.jsonl,jsonl,11270,15,paper_relevant_noncritical,False,unresolved,,
results/appendix/formula_leakage/behavioural/qwen_primary_20260620T084819Z.jsonl,jsonl,11270,15,paper_relevant_noncritical,False,unresolved,,
results/appendix/formula_leakage/behavioural/run_behavioural_events.jsonl,jsonl,26736,51,paper_relevant_noncritical,False,unresolved,,
results/appendix/formula_leakage/formula_leakage_analysis_summary.json,json,1373,,paper_relevant_noncritical,False,unresolved,,
results/appendix/formula_leakage/formula_leakage_prompt_pairs.json,json,4736,,paper_relevant_noncritical,False,unresolved,,
results/appendix/formula_leakage/formula_leakage_summary.json,json,1373,,paper_relevant_noncritical,False,unresolved,,
results/appendix/formula_leakage/generated_families/CM_A_STD_009_FORMULA.json,json,1038,,paper_relevant_noncritical,False,unresolved,,
results/appendix/formula_leakage/generated_families/CM_B_010_FORMULA.json,json,1264,,paper_relevant_noncritical,False,unresolved,,
results/appendix/formula_leakage/generated_families/CM_B_UM_028_FORMULA.json,json,1229,,paper_relevant_noncritical,False,unresolved,,
results/appendix/formula_leakage/generated_families/TH_B_UM_001_FORMULA.json,json,1165,,paper_relevant_noncritical,False,unresolved,,
results/appendix/formula_leakage/generated_families/TH_B_UM_003_FORMULA.json,json,1137,,paper_relevant_noncritical,False,unresolved,,
results/appendix/formula_leakage/generated_families_manifest.json,json,914,,paper_relevant_noncritical,False,unresolved,,
results/behavioural/dry_run_qwen/family_summaries.jsonl,jsonl,11090,30,paper_relevant_noncritical,False,unresolved,,
results/behavioural/dry_run_qwen/prompt_records.jsonl,jsonl,55906,120,paper_relevant_noncritical,False,unresolved,,
results/behavioural/dry_run_qwen/run_behavioural_events.jsonl,jsonl,64647,152,paper_relevant_noncritical,False,unresolved,,
results/canonical/model_family_evidence.csv,csv,129349,295,paper_relevant_noncritical,False,unresolved,,
results/canonical/model_family_evidence_v4.csv,csv,193508,295,paper_relevant_noncritical,False,unresolved,,
results/canonical/model_family_evidence_v5.csv,csv,35912,155,paper_relevant_noncritical,False,unresolved,,
results/canonical/model_family_evidence_v6.csv,csv,60895,465,paper_relevant_noncritical,False,unresolved,,
results/canonical/model_variant_evidence.csv,csv,368393,1180,paper_relevant_noncritical,False,unresolved,,
results/stage10/answer_bias/answer_bias_results.csv,csv,1075,40,paper_relevant_noncritical,False,unresolved,,
results/stage10/answer_bias/answer_bias_summary.json,json,1473,,paper_relevant_noncritical,False,unresolved,,
results/stage10/answer_bias/run_causal_patching_events.jsonl,jsonl,1409,1,paper_relevant_noncritical,False,unresolved,,
results/stage10/attention_llama/family_head_contributions.json,json,56325,320,paper_relevant_noncritical,False,unresolved,,
results/stage10/attention_llama/head_sensitivity_scores.json,json,5351,32,paper_relevant_noncritical,False,unresolved,,
results/stage10/attention_llama/probe_weights_layer20.npy,npy,16512,,paper_relevant_noncritical,False,unresolved,,
results/stage10/attention_llama/run_attention_analysis_events.jsonl,jsonl,292,1,paper_relevant_noncritical,False,unresolved,,
results/stage10/attention_patterns/attention_pattern_per_family.json,json,25004,80,paper_relevant_noncritical,False,unresolved,,
results/stage10/attention_patterns/attention_pattern_summary.json,json,1575,,paper_relevant_noncritical,False,unresolved,,
results/stage10/attention_patterns/run_causal_patching_events.jsonl,jsonl,330,1,paper_relevant_noncritical,False,unresolved,,
results/stage10/baselines/token_entropy/run_token_entropy_baseline_events.jsonl,jsonl,1110,2,paper_relevant_noncritical,False,unresolved,,
results/stage10/baselines/token_entropy/token_entropy_per_family.json,json,51988,135,paper_relevant_noncritical,False,unresolved,,
results/stage10/baselines/token_entropy/token_entropy_summary.json,json,368,,paper_relevant_noncritical,False,unresolved,,
results/stage10/benchmark_expansion/expansion_summary.json,json,524,,paper_relevant_noncritical,False,unresolved,,
results/stage10/benchmark_expansion/render_all_templates_events.jsonl,jsonl,5835,20,paper_relevant_noncritical,False,unresolved,,
results/stage10/benchmark_expansion/render_frame_rendering_electrostatics.json,json,136,,paper_relevant_noncritical,False,unresolved,,
results/stage10/benchmark_expansion/render_frame_rendering_mechanics.json,json,136,,paper_relevant_noncritical,False,unresolved,,
results/stage10/benchmark_expansion/render_frame_rendering_thermodynamics.json,json,136,,paper_relevant_noncritical,False,unresolved,,
results/stage10/benchmark_expansion/render_nongoverning_mechanics.json,json,136,,paper_relevant_noncritical,False,unresolved,,
results/stage10/benchmark_expansion/render_nongoverning_thermodynamics.json,json,136,,paper_relevant_noncritical,False,unresolved,,
results/stage10/benchmark_expansion/rendered/frame_rendering/electrostatics_circuits/CM_C_006.json,json,1237,,paper_relevant_noncritical,False,unresolved,,
results/stage10/benchmark_expansion/rendered/frame_rendering/electrostatics_circuits/CM_C_008.json,json,1252,,paper_relevant_noncritical,False,unresolved,,
results/stage10/benchmark_expansion/rendered/frame_rendering/electrostatics_circuits/CM_C_009.json,json,1126,,paper_relevant_noncritical,False,unresolved,,
results/stage10/benchmark_expansion/rendered/frame_rendering/electrostatics_circuits/CM_C_010.json,json,1196,,paper_relevant_noncritical,False,unresolved,,
results/stage10/benchmark_expansion/rendered/frame_rendering/electrostatics_circuits/CM_C_011.json,json,1252,,paper_relevant_noncritical,False,unresolved,,
results/stage10/benchmark_expansion/rendered/frame_rendering/electrostatics_circuits/CM_C_014.json,json,1375,,paper_relevant_noncritical,False,unresolved,,
results/stage10/benchmark_expansion/rendered/frame_rendering/mechanics/CM_C_012.json,json,1295,,paper_relevant_noncritical,False,unresolved,,
results/stage10/benchmark_expansion/rendered/frame_rendering/mechanics/CM_C_013.json,json,1397,,paper_relevant_noncritical,False,unresolved,,
results/stage10/benchmark_expansion/rendered/frame_rendering/thermodynamics/CM_C_007.json,json,1395,,paper_relevant_noncritical,False,unresolved,,
results/stage10/benchmark_expansion/rendered/frame_rendering/thermodynamics/CM_C_015.json,json,1261,,paper_relevant_noncritical,False,unresolved,,
results/stage10/benchmark_expansion/rendered/nongoverning_distractor/mechanics/CM_B_UM_061.json,json,1868,,paper_relevant_noncritical,False,unresolved,,
results/stage10/benchmark_expansion/rendered/nongoverning_distractor/mechanics/CM_B_UM_062.json,json,1734,,paper_relevant_noncritical,False,unresolved,,
results/stage10/benchmark_expansion/rendered/nongoverning_distractor/mechanics/CM_B_UM_063.json,json,1726,,paper_relevant_noncritical,False,unresolved,,
results/stage10/benchmark_expansion/rendered/nongoverning_distractor/thermodynamics/TH_B_UM_011.json,json,1644,,paper_relevant_noncritical,False,unresolved,,
results/stage10/benchmark_expansion/rendered/nongoverning_distractor/thermodynamics/TH_B_UM_012.json,json,1599,,paper_relevant_noncritical,False,unresolved,,
results/stage10/benchmark_expansion/verification/CM_B_UM_061.json,json,696,,paper_relevant_noncritical,False,unresolved,,
results/stage10/benchmark_expansion/verification/CM_B_UM_062.json,json,681,,paper_relevant_noncritical,False,unresolved,,
results/stage10/benchmark_expansion/verification/CM_B_UM_063.json,json,694,,paper_relevant_noncritical,False,unresolved,,
results/stage10/benchmark_expansion/verification/CM_C_006.json,json,650,,paper_relevant_noncritical,False,unresolved,,
results/stage10/benchmark_expansion/verification/CM_C_007.json,json,670,,paper_relevant_noncritical,False,unresolved,,
results/stage10/benchmark_expansion/verification/CM_C_008.json,json,657,,paper_relevant_noncritical,False,unresolved,,
results/stage10/benchmark_expansion/verification/CM_C_009.json,json,655,,paper_relevant_noncritical,False,unresolved,,
results/stage10/benchmark_expansion/verification/CM_C_010.json,json,658,,paper_relevant_noncritical,False,unresolved,,
results/stage10/benchmark_expansion/verification/CM_C_011.json,json,659,,paper_relevant_noncritical,False,unresolved,,
results/stage10/benchmark_expansion/verification/CM_C_012.json,json,660,,paper_relevant_noncritical,False,unresolved,,
results/stage10/benchmark_expansion/verification/CM_C_013.json,json,672,,paper_relevant_noncritical,False,unresolved,,
results/stage10/benchmark_expansion/verification/CM_C_014.json,json,660,,paper_relevant_noncritical,False,unresolved,,
results/stage10/benchmark_expansion/verification/CM_C_015.json,json,675,,paper_relevant_noncritical,False,unresolved,,
results/stage10/benchmark_expansion/verification/TH_B_UM_011.json,json,693,,paper_relevant_noncritical,False,unresolved,,
results/stage10/benchmark_expansion/verification/TH_B_UM_012.json,json,689,,paper_relevant_noncritical,False,unresolved,,
results/stage10/cot_distractor_mention/cot_mention_summary.json,json,18010,,paper_relevant_noncritical,False,unresolved,,
results/stage10/cross_family_sufficiency/cross_family_sufficiency_results.csv,csv,5601,100,paper_relevant_noncritical,False,unresolved,,
results/stage10/cross_family_sufficiency/cross_family_sufficiency_summary.json,json,136,,paper_relevant_noncritical,False,unresolved,,
results/stage10/cross_family_sufficiency/run_causal_patching_events.jsonl,jsonl,397,1,paper_relevant_noncritical,False,unresolved,,
results/stage10/cue_a_coincidence/coincidence_analysis.json,json,5802,,paper_relevant_noncritical,False,unresolved,,
results/stage10/cue_b_only_probe/layer_auroc_resid_post_last_prompt.json,json,3641,28,paper_relevant_noncritical,False,unresolved,,
results/stage10/cue_b_only_probe/layer_pearson_resid_post_last_prompt.json,json,2801,28,paper_relevant_noncritical,False,unresolved,,
results/stage10/cue_b_only_probe/loo_predictions_resid_post_last_prompt.json,json,14236,96,paper_relevant_noncritical,False,unresolved,,
results/stage10/cue_b_only_probe/run_probing_events.jsonl,jsonl,414,1,paper_relevant_noncritical,False,unresolved,,
results/stage10/cue_b_only_probe/summary_resid_post_last_prompt.json,json,916,,paper_relevant_noncritical,False,unresolved,,
results/stage10/deepseek_attention/layer_42/family_head_contributions.json,json,140635,800,paper_relevant_noncritical,False,unresolved,,
results/stage10/deepseek_attention/layer_42/head_sensitivity_scores.json,json,6647,40,paper_relevant_noncritical,False,unresolved,,
results/stage10/deepseek_attention/layer_42/probe_weights_layer42.npy,npy,20608,,paper_relevant_noncritical,False,unresolved,,
results/stage10/deepseek_attention/layer_42/run_attention_analysis_events.jsonl,jsonl,297,1,paper_relevant_noncritical,False,unresolved,,
results/stage10/deepseek_attention/layer_43/family_head_contributions.json,json,140442,800,paper_relevant_noncritical,False,unresolved,,
results/stage10/deepseek_attention/layer_43/head_sensitivity_scores.json,json,6626,40,paper_relevant_noncritical,False,unresolved,,
results/stage10/deepseek_attention/layer_43/probe_weights_layer43.npy,npy,20608,,paper_relevant_noncritical,False,unresolved,,
results/stage10/deepseek_attention/layer_43/run_attention_analysis_events.jsonl,jsonl,297,1,paper_relevant_noncritical,False,unresolved,,
results/stage10/deepseek_attention/layer_44/family_head_contributions.json,json,140460,800,paper_relevant_noncritical,False,unresolved,,
results/stage10/deepseek_attention/layer_44/head_sensitivity_scores.json,json,6633,40,paper_relevant_noncritical,False,unresolved,,
results/stage10/deepseek_attention/layer_44/probe_weights_layer44.npy,npy,20608,,paper_relevant_noncritical,False,unresolved,,
results/stage10/deepseek_attention/layer_44/run_attention_analysis_events.jsonl,jsonl,297,1,paper_relevant_noncritical,False,unresolved,,
results/stage10/deepseek_attention/layer_45/family_head_contributions.json,json,140409,800,paper_relevant_noncritical,False,unresolved,,
results/stage10/deepseek_attention/layer_45/head_sensitivity_scores.json,json,6620,40,paper_relevant_noncritical,False,unresolved,,
results/stage10/deepseek_attention/layer_45/probe_weights_layer45.npy,npy,20608,,paper_relevant_noncritical,False,unresolved,,
results/stage10/deepseek_attention/layer_45/run_attention_analysis_events.jsonl,jsonl,297,1,paper_relevant_noncritical,False,unresolved,,
results/stage10/deepseek_mhk/patching_results.csv,csv,2226,20,paper_relevant_noncritical,False,unresolved,,
results/stage10/deepseek_mhk/patching_summary.json,json,1326,,paper_relevant_noncritical,False,unresolved,,
results/stage10/deepseek_mhk/run_causal_patching_events.jsonl,jsonl,8671,22,paper_relevant_noncritical,False,unresolved,,
results/stage10/direct_logit_attribution/direct_logit_attribution_per_head.json,json,396332,1120,paper_relevant_noncritical,False,unresolved,,
results/stage10/direct_logit_attribution/direct_logit_attribution_summary.json,json,10093,,paper_relevant_noncritical,False,unresolved,,
results/stage10/direct_logit_attribution/run_causal_patching_events.jsonl,jsonl,350,1,paper_relevant_noncritical,False,unresolved,,
results/stage10/distractor_proximity/proximity_vs_slp.json,json,23828,,paper_relevant_noncritical,False,unresolved,,
results/stage10/domain_transfer_probe/layer_auroc_resid_post_last_prompt.json,json,3642,28,paper_relevant_noncritical,False,unresolved,,
results/stage10/domain_transfer_probe/layer_pearson_resid_post_last_prompt.json,json,2790,28,paper_relevant_noncritical,False,unresolved,,
results/stage10/domain_transfer_probe/loo_predictions_resid_post_last_prompt.json,json,25310,135,paper_relevant_noncritical,False,unresolved,,
results/stage10/domain_transfer_probe/run_probing_events.jsonl,jsonl,414,1,paper_relevant_noncritical,False,unresolved,,
results/stage10/domain_transfer_probe/summary_resid_post_last_prompt.json,json,1628,,paper_relevant_noncritical,False,unresolved,,
results/stage10/full_head_sweep_l16/head_0/patching_results.csv,csv,2087,20,paper_relevant_noncritical,False,unresolved,,
results/stage10/full_head_sweep_l16/head_0/patching_summary.json,json,1278,,paper_relevant_noncritical,False,unresolved,,
results/stage10/full_head_sweep_l16/head_0/run_causal_patching_events.jsonl,jsonl,8237,22,paper_relevant_noncritical,False,unresolved,,
results/stage10/full_head_sweep_l16/head_1/patching_results.csv,csv,2096,20,paper_relevant_noncritical,False,unresolved,,
results/stage10/full_head_sweep_l16/head_1/patching_summary.json,json,1183,,paper_relevant_noncritical,False,unresolved,,
results/stage10/full_head_sweep_l16/head_1/run_causal_patching_events.jsonl,jsonl,8237,22,paper_relevant_noncritical,False,unresolved,,
results/stage10/full_head_sweep_l16/head_10/patching_results.csv,csv,2113,20,paper_relevant_noncritical,False,unresolved,,
results/stage10/full_head_sweep_l16/head_10/patching_summary.json,json,1150,,paper_relevant_noncritical,False,unresolved,,
results/stage10/full_head_sweep_l16/head_10/run_causal_patching_events.jsonl,jsonl,8240,22,paper_relevant_noncritical,False,unresolved,,
results/stage10/full_head_sweep_l16/head_11/patching_results.csv,csv,2101,20,paper_relevant_noncritical,False,unresolved,,
results/stage10/full_head_sweep_l16/head_11/patching_summary.json,json,1311,,paper_relevant_noncritical,False,unresolved,,
results/stage10/full_head_sweep_l16/head_11/run_causal_patching_events.jsonl,jsonl,8239,22,paper_relevant_noncritical,False,unresolved,,
results/stage10/full_head_sweep_l16/head_12/patching_results.csv,csv,2148,20,paper_relevant_noncritical,False,unresolved,,
results/stage10/full_head_sweep_l16/head_12/patching_summary.json,json,1281,,paper_relevant_noncritical,False,unresolved,,
results/stage10/full_head_sweep_l16/head_12/run_causal_patching_events.jsonl,jsonl,8241,22,paper_relevant_noncritical,False,unresolved,,
results/stage10/full_head_sweep_l16/head_13/patching_results.csv,csv,2138,20,paper_relevant_noncritical,False,unresolved,,
results/stage10/full_head_sweep_l16/head_13/patching_summary.json,json,1066,,paper_relevant_noncritical,False,unresolved,,
results/stage10/full_head_sweep_l16/head_13/run_causal_patching_events.jsonl,jsonl,8239,22,paper_relevant_noncritical,False,unresolved,,
results/stage10/full_head_sweep_l16/head_14/patching_results.csv,csv,2149,20,paper_relevant_noncritical,False,unresolved,,
results/stage10/full_head_sweep_l16/head_14/patching_summary.json,json,1246,,paper_relevant_noncritical,False,unresolved,,
results/stage10/full_head_sweep_l16/head_14/run_causal_patching_events.jsonl,jsonl,8241,22,paper_relevant_noncritical,False,unresolved,,
results/stage10/full_head_sweep_l16/head_15/patching_results.csv,csv,2127,20,paper_relevant_noncritical,False,unresolved,,
results/stage10/full_head_sweep_l16/head_15/patching_summary.json,json,1296,,paper_relevant_noncritical,False,unresolved,,
results/stage10/full_head_sweep_l16/head_15/run_causal_patching_events.jsonl,jsonl,8240,22,paper_relevant_noncritical,False,unresolved,,
results/stage10/full_head_sweep_l16/head_16/patching_results.csv,csv,2132,20,paper_relevant_noncritical,False,unresolved,,
results/stage10/full_head_sweep_l16/head_16/patching_summary.json,json,1142,,paper_relevant_noncritical,False,unresolved,,
results/stage10/full_head_sweep_l16/head_16/run_causal_patching_events.jsonl,jsonl,8239,22,paper_relevant_noncritical,False,unresolved,,
results/stage10/full_head_sweep_l16/head_17/patching_results.csv,csv,2138,20,paper_relevant_noncritical,False,unresolved,,
results/stage10/full_head_sweep_l16/head_17/patching_summary.json,json,1092,,paper_relevant_noncritical,False,unresolved,,
results/stage10/full_head_sweep_l16/head_17/run_causal_patching_events.jsonl,jsonl,8240,22,paper_relevant_noncritical,False,unresolved,,
results/stage10/full_head_sweep_l16/head_18/patching_results.csv,csv,2144,20,paper_relevant_noncritical,False,unresolved,,
results/stage10/full_head_sweep_l16/head_18/patching_summary.json,json,1312,,paper_relevant_noncritical,False,unresolved,,
results/stage10/full_head_sweep_l16/head_18/run_causal_patching_events.jsonl,jsonl,8239,22,paper_relevant_noncritical,False,unresolved,,
results/stage10/full_head_sweep_l16/head_19/patching_results.csv,csv,2102,20,paper_relevant_noncritical,False,unresolved,,
results/stage10/full_head_sweep_l16/head_19/patching_summary.json,json,1235,,paper_relevant_noncritical,False,unresolved,,
results/stage10/full_head_sweep_l16/head_19/run_causal_patching_events.jsonl,jsonl,8239,22,paper_relevant_noncritical,False,unresolved,,
results/stage10/full_head_sweep_l16/head_2/patching_results.csv,csv,2078,20,paper_relevant_noncritical,False,unresolved,,
results/stage10/full_head_sweep_l16/head_2/patching_summary.json,json,1060,,paper_relevant_noncritical,False,unresolved,,
results/stage10/full_head_sweep_l16/head_2/run_causal_patching_events.jsonl,jsonl,8235,22,paper_relevant_noncritical,False,unresolved,,
results/stage10/full_head_sweep_l16/head_20/patching_results.csv,csv,2120,20,paper_relevant_noncritical,False,unresolved,,
results/stage10/full_head_sweep_l16/head_20/patching_summary.json,json,1144,,paper_relevant_noncritical,False,unresolved,,
results/stage10/full_head_sweep_l16/head_20/run_causal_patching_events.jsonl,jsonl,8240,22,paper_relevant_noncritical,False,unresolved,,
results/stage10/full_head_sweep_l16/head_21/patching_results.csv,csv,2130,20,paper_relevant_noncritical,False,unresolved,,
results/stage10/full_head_sweep_l16/head_21/patching_summary.json,json,1258,,paper_relevant_noncritical,False,unresolved,,
results/stage10/full_head_sweep_l16/head_21/run_causal_patching_events.jsonl,jsonl,8240,22,paper_relevant_noncritical,False,unresolved,,
results/stage10/full_head_sweep_l16/head_22/patching_results.csv,csv,2150,20,paper_relevant_noncritical,False,unresolved,,
results/stage10/full_head_sweep_l16/head_22/patching_summary.json,json,1318,,paper_relevant_noncritical,False,unresolved,,
results/stage10/full_head_sweep_l16/head_22/run_causal_patching_events.jsonl,jsonl,8241,22,paper_relevant_noncritical,False,unresolved,,
results/stage10/full_head_sweep_l16/head_23/patching_results.csv,csv,2143,20,paper_relevant_noncritical,False,unresolved,,
results/stage10/full_head_sweep_l16/head_23/patching_summary.json,json,1297,,paper_relevant_noncritical,False,unresolved,,
results/stage10/full_head_sweep_l16/head_23/run_causal_patching_events.jsonl,jsonl,8240,22,paper_relevant_noncritical,False,unresolved,,
results/stage10/full_head_sweep_l16/head_24/patching_results.csv,csv,2151,20,paper_relevant_noncritical,False,unresolved,,
results/stage10/full_head_sweep_l16/head_24/patching_summary.json,json,1299,,paper_relevant_noncritical,False,unresolved,,
results/stage10/full_head_sweep_l16/head_24/run_causal_patching_events.jsonl,jsonl,8241,22,paper_relevant_noncritical,False,unresolved,,
results/stage10/full_head_sweep_l16/head_25/patching_results.csv,csv,2128,20,paper_relevant_noncritical,False,unresolved,,
results/stage10/full_head_sweep_l16/head_25/patching_summary.json,json,1301,,paper_relevant_noncritical,False,unresolved,,
results/stage10/full_head_sweep_l16/head_25/run_causal_patching_events.jsonl,jsonl,8241,22,paper_relevant_noncritical,False,unresolved,,
results/stage10/full_head_sweep_l16/head_26/patching_results.csv,csv,2135,20,paper_relevant_noncritical,False,unresolved,,
results/stage10/full_head_sweep_l16/head_26/patching_summary.json,json,1108,,paper_relevant_noncritical,False,unresolved,,
results/stage10/full_head_sweep_l16/head_26/run_causal_patching_events.jsonl,jsonl,8239,22,paper_relevant_noncritical,False,unresolved,,
results/stage10/full_head_sweep_l16/head_27/patching_results.csv,csv,2134,20,paper_relevant_noncritical,False,unresolved,,
results/stage10/full_head_sweep_l16/head_27/patching_summary.json,json,1031,,paper_relevant_noncritical,False,unresolved,,
results/stage10/full_head_sweep_l16/head_27/run_causal_patching_events.jsonl,jsonl,8240,22,paper_relevant_noncritical,False,unresolved,,
results/stage10/full_head_sweep_l16/head_3/patching_results.csv,csv,2068,20,paper_relevant_noncritical,False,unresolved,,
results/stage10/full_head_sweep_l16/head_3/patching_summary.json,json,1279,,paper_relevant_noncritical,False,unresolved,,
results/stage10/full_head_sweep_l16/head_3/run_causal_patching_events.jsonl,jsonl,8237,22,paper_relevant_noncritical,False,unresolved,,
results/stage10/full_head_sweep_l16/head_4/patching_results.csv,csv,2102,20,paper_relevant_noncritical,False,unresolved,,
results/stage10/full_head_sweep_l16/head_4/patching_summary.json,json,1313,,paper_relevant_noncritical,False,unresolved,,
results/stage10/full_head_sweep_l16/head_4/run_causal_patching_events.jsonl,jsonl,8236,22,paper_relevant_noncritical,False,unresolved,,
results/stage10/full_head_sweep_l16/head_5/patching_results.csv,csv,2064,20,paper_relevant_noncritical,False,unresolved,,
results/stage10/full_head_sweep_l16/head_5/patching_summary.json,json,1162,,paper_relevant_noncritical,False,unresolved,,
results/stage10/full_head_sweep_l16/head_5/run_causal_patching_events.jsonl,jsonl,8236,22,paper_relevant_noncritical,False,unresolved,,
results/stage10/full_head_sweep_l16/head_6/patching_results.csv,csv,2091,20,paper_relevant_noncritical,False,unresolved,,
results/stage10/full_head_sweep_l16/head_6/patching_summary.json,json,1313,,paper_relevant_noncritical,False,unresolved,,
results/stage10/full_head_sweep_l16/head_6/run_causal_patching_events.jsonl,jsonl,8236,22,paper_relevant_noncritical,False,unresolved,,
results/stage10/full_head_sweep_l16/head_7/patching_results.csv,csv,2071,20,paper_relevant_noncritical,False,unresolved,,
results/stage10/full_head_sweep_l16/head_7/patching_summary.json,json,1122,,paper_relevant_noncritical,False,unresolved,,
results/stage10/full_head_sweep_l16/head_7/run_causal_patching_events.jsonl,jsonl,8235,22,paper_relevant_noncritical,False,unresolved,,
results/stage10/full_head_sweep_l16/head_8/patching_results.csv,csv,2109,20,paper_relevant_noncritical,False,unresolved,,
results/stage10/full_head_sweep_l16/head_8/patching_summary.json,json,1315,,paper_relevant_noncritical,False,unresolved,,
results/stage10/full_head_sweep_l16/head_8/run_causal_patching_events.jsonl,jsonl,8237,22,paper_relevant_noncritical,False,unresolved,,
results/stage10/full_head_sweep_l16/head_9/patching_results.csv,csv,2103,20,paper_relevant_noncritical,False,unresolved,,
results/stage10/full_head_sweep_l16/head_9/patching_summary.json,json,1314,,paper_relevant_noncritical,False,unresolved,,
results/stage10/full_head_sweep_l16/head_9/run_causal_patching_events.jsonl,jsonl,8236,22,paper_relevant_noncritical,False,unresolved,,
results/stage10/full_head_sweep_l16/head_sweep_summary.json,json,2054,,paper_relevant_noncritical,False,unresolved,,
results/stage10/head_sweep_l16/family_head_contributions.json,json,48941,280,paper_relevant_noncritical,False,unresolved,,
results/stage10/head_sweep_l16/head_sensitivity_scores.json,json,4644,28,paper_relevant_noncritical,False,unresolved,,
results/stage10/head_sweep_l16/probe_weights_layer16.npy,npy,14464,,paper_relevant_noncritical,False,unresolved,,
results/stage10/head_sweep_l16/run_attention_analysis_events.jsonl,jsonl,291,1,paper_relevant_noncritical,False,unresolved,,
results/stage10/llama_attention/layer_19/family_head_contributions.json,json,112721,640,paper_relevant_noncritical,False,unresolved,,
results/stage10/llama_attention/layer_19/head_sensitivity_scores.json,json,5347,32,paper_relevant_noncritical,False,unresolved,,
results/stage10/llama_attention/layer_19/probe_weights_layer19.npy,npy,16512,,paper_relevant_noncritical,False,unresolved,,
results/stage10/llama_attention/layer_19/run_attention_analysis_events.jsonl,jsonl,291,1,paper_relevant_noncritical,False,unresolved,,
results/stage10/llama_attention/layer_20/family_head_contributions.json,json,112758,640,paper_relevant_noncritical,False,unresolved,,
results/stage10/llama_attention/layer_20/head_sensitivity_scores.json,json,5351,32,paper_relevant_noncritical,False,unresolved,,
results/stage10/llama_attention/layer_20/probe_weights_layer20.npy,npy,16512,,paper_relevant_noncritical,False,unresolved,,
results/stage10/llama_attention/layer_20/run_attention_analysis_events.jsonl,jsonl,292,1,paper_relevant_noncritical,False,unresolved,,
results/stage10/llama_attention/layer_21/family_head_contributions.json,json,112850,640,paper_relevant_noncritical,False,unresolved,,
results/stage10/llama_attention/layer_21/head_sensitivity_scores.json,json,5358,32,paper_relevant_noncritical,False,unresolved,,
results/stage10/llama_attention/layer_21/probe_weights_layer21.npy,npy,16512,,paper_relevant_noncritical,False,unresolved,,
results/stage10/llama_attention/layer_21/run_attention_analysis_events.jsonl,jsonl,291,1,paper_relevant_noncritical,False,unresolved,,
results/stage10/llama_head_knockout/patching_results.csv,csv,9835,100,paper_relevant_noncritical,False,unresolved,,
results/stage10/llama_head_knockout/patching_summary.json,json,1890,,paper_relevant_noncritical,False,unresolved,,
results/stage10/llama_head_knockout/run_causal_patching_events.jsonl,jsonl,8440,22,paper_relevant_noncritical,False,unresolved,,
results/stage10/llama_head_selection_sweep/head_selection_summary.json,json,3178,,paper_relevant_noncritical,False,unresolved,,
results/stage10/llama_head_selection_sweep/layer_19/head_0/patching_results.csv,csv,2068,20,paper_relevant_noncritical,False,unresolved,,
results/stage10/llama_head_selection_sweep/layer_19/head_0/patching_summary.json,json,1297,,paper_relevant_noncritical,False,unresolved,,
results/stage10/llama_head_selection_sweep/layer_19/head_0/run_causal_patching_events.jsonl,jsonl,8421,22,paper_relevant_noncritical,False,unresolved,,
results/stage10/llama_head_selection_sweep/layer_19/head_12/patching_results.csv,csv,2051,20,paper_relevant_noncritical,False,unresolved,,
results/stage10/llama_head_selection_sweep/layer_19/head_12/patching_summary.json,json,1200,,paper_relevant_noncritical,False,unresolved,,
results/stage10/llama_head_selection_sweep/layer_19/head_12/run_causal_patching_events.jsonl,jsonl,8425,22,paper_relevant_noncritical,False,unresolved,,
results/stage10/llama_head_selection_sweep/layer_19/head_14/patching_results.csv,csv,2071,20,paper_relevant_noncritical,False,unresolved,,
results/stage10/llama_head_selection_sweep/layer_19/head_14/patching_summary.json,json,1223,,paper_relevant_noncritical,False,unresolved,,
results/stage10/llama_head_selection_sweep/layer_19/head_14/run_causal_patching_events.jsonl,jsonl,8426,22,paper_relevant_noncritical,False,unresolved,,
results/stage10/llama_head_selection_sweep/layer_19/head_26/patching_results.csv,csv,2048,20,paper_relevant_noncritical,False,unresolved,,
results/stage10/llama_head_selection_sweep/layer_19/head_26/patching_summary.json,json,1248,,paper_relevant_noncritical,False,unresolved,,
results/stage10/llama_head_selection_sweep/layer_19/head_26/run_causal_patching_events.jsonl,jsonl,8426,22,paper_relevant_noncritical,False,unresolved,,
results/stage10/llama_head_selection_sweep/layer_20/head_18/patching_results.csv,csv,2095,20,paper_relevant_noncritical,False,unresolved,,
results/stage10/llama_head_selection_sweep/layer_20/head_18/patching_summary.json,json,1245,,paper_relevant_noncritical,False,unresolved,,
results/stage10/llama_head_selection_sweep/layer_20/head_18/run_causal_patching_events.jsonl,jsonl,8427,22,paper_relevant_noncritical,False,unresolved,,
results/stage10/llama_head_selection_sweep/layer_20/head_2/patching_results.csv,csv,2040,20,paper_relevant_noncritical,False,unresolved,,
results/stage10/llama_head_selection_sweep/layer_20/head_2/patching_summary.json,json,1218,,paper_relevant_noncritical,False,unresolved,,
results/stage10/llama_head_selection_sweep/layer_20/head_2/run_causal_patching_events.jsonl,jsonl,8420,22,paper_relevant_noncritical,False,unresolved,,
results/stage10/llama_head_selection_sweep/layer_20/head_20/patching_results.csv,csv,2058,20,paper_relevant_noncritical,False,unresolved,,
results/stage10/llama_head_selection_sweep/layer_20/head_20/patching_summary.json,json,1281,,paper_relevant_noncritical,False,unresolved,,
results/stage10/llama_head_selection_sweep/layer_20/head_20/run_causal_patching_events.jsonl,jsonl,8426,22,paper_relevant_noncritical,False,unresolved,,
results/stage10/llama_head_selection_sweep/layer_20/head_23/patching_results.csv,csv,2095,20,paper_relevant_noncritical,False,unresolved,,
results/stage10/llama_head_selection_sweep/layer_20/head_23/patching_summary.json,json,1201,,paper_relevant_noncritical,False,unresolved,,
results/stage10/llama_head_selection_sweep/layer_20/head_23/run_causal_patching_events.jsonl,jsonl,8425,22,paper_relevant_noncritical,False,unresolved,,
results/stage10/llama_head_selection_sweep/layer_21/head_19/patching_results.csv,csv,2127,20,paper_relevant_noncritical,False,unresolved,,
results/stage10/llama_head_selection_sweep/layer_21/head_19/patching_summary.json,json,1246,,paper_relevant_noncritical,False,unresolved,,
results/stage10/llama_head_selection_sweep/layer_21/head_19/run_causal_patching_events.jsonl,jsonl,8427,22,paper_relevant_noncritical,False,unresolved,,
results/stage10/llama_head_selection_sweep/layer_21/head_5/patching_results.csv,csv,2029,20,paper_relevant_noncritical,False,unresolved,,
results/stage10/llama_head_selection_sweep/layer_21/head_5/patching_summary.json,json,1159,,paper_relevant_noncritical,False,unresolved,,
results/stage10/llama_head_selection_sweep/layer_21/head_5/run_causal_patching_events.jsonl,jsonl,8420,22,paper_relevant_noncritical,False,unresolved,,
results/stage10/llama_head_selection_sweep/layer_21/head_7/patching_results.csv,csv,2056,20,paper_relevant_noncritical,False,unresolved,,
results/stage10/llama_head_selection_sweep/layer_21/head_7/patching_summary.json,json,1261,,paper_relevant_noncritical,False,unresolved,,
results/stage10/llama_head_selection_sweep/layer_21/head_7/run_causal_patching_events.jsonl,jsonl,8422,22,paper_relevant_noncritical,False,unresolved,,
results/stage10/llama_head_selection_sweep/layer_21/head_8/patching_results.csv,csv,2072,20,paper_relevant_noncritical,False,unresolved,,
results/stage10/llama_head_selection_sweep/layer_21/head_8/patching_summary.json,json,1278,,paper_relevant_noncritical,False,unresolved,,
results/stage10/llama_head_selection_sweep/layer_21/head_8/run_causal_patching_events.jsonl,jsonl,8421,22,paper_relevant_noncritical,False,unresolved,,
results/stage10/llama_mhk/patching_results.csv,csv,14765,140,paper_relevant_noncritical,False,unresolved,,
results/stage10/llama_mhk/patching_summary.json,json,2238,,paper_relevant_noncritical,False,unresolved,,
results/stage10/llama_mhk/run_causal_patching_events.jsonl,jsonl,8474,22,paper_relevant_noncritical,False,unresolved,,
results/stage10/llama_mhk_v2/attn_layer19/patching_results.csv,csv,10612,100,paper_relevant_noncritical,False,unresolved,,
results/stage10/llama_mhk_v2/attn_layer19/patching_summary.json,json,1917,,paper_relevant_noncritical,False,unresolved,,
results/stage10/llama_mhk_v2/attn_layer19/run_causal_patching_events.jsonl,jsonl,8466,22,paper_relevant_noncritical,False,unresolved,,
results/stage10/llama_mhk_v2/causal_sweep/patching_results.csv,csv,10519,100,paper_relevant_noncritical,False,unresolved,,
results/stage10/llama_mhk_v2/causal_sweep/patching_summary.json,json,1838,,paper_relevant_noncritical,False,unresolved,,
results/stage10/llama_mhk_v2/causal_sweep/run_causal_patching_events.jsonl,jsonl,8465,22,paper_relevant_noncritical,False,unresolved,,
results/stage10/logit_lens/logit_lens_per_family.json,json,74879,10,paper_relevant_noncritical,False,unresolved,,
results/stage10/logit_lens/logit_lens_summary.json,json,322,,paper_relevant_noncritical,False,unresolved,,
results/stage10/logit_lens/run_causal_patching_events.jsonl,jsonl,514,1,paper_relevant_noncritical,False,unresolved,,
results/stage10/mean_probe_entropy_correlation.json,json,1478,,paper_relevant_noncritical,False,unresolved,,
results/stage10/mean_probe_full_sweep_bigcompute/layer_auroc_resid_post_last_prompt.json,json,3638,28,paper_relevant_noncritical,False,unresolved,,
results/stage10/mean_probe_full_sweep_bigcompute/layer_pearson_resid_post_last_prompt.json,json,2780,28,paper_relevant_noncritical,False,unresolved,,
results/stage10/mean_probe_full_sweep_bigcompute/loo_predictions_resid_post_last_prompt.json,json,19956,135,paper_relevant_noncritical,False,unresolved,,
results/stage10/mean_probe_full_sweep_bigcompute/run_probing_events.jsonl,jsonl,414,1,paper_relevant_noncritical,False,unresolved,,
results/stage10/mean_probe_full_sweep_bigcompute/summary_resid_post_last_prompt.json,json,966,,paper_relevant_noncritical,False,unresolved,,
results/stage10/mhk_cue_generalization/patching_results.csv,csv,5539,50,paper_relevant_noncritical,False,unresolved,,
results/stage10/mhk_cue_generalization/patching_summary.json,json,1484,,paper_relevant_noncritical,False,unresolved,,
results/stage10/mhk_cue_generalization/run_causal_patching_events.jsonl,jsonl,4600,12,paper_relevant_noncritical,False,unresolved,,
results/stage10/mhk_dose_response/heads_1/patching_results.csv,csv,13982,140,paper_relevant_noncritical,False,unresolved,,
results/stage10/mhk_dose_response/heads_1/patching_summary.json,json,1875,,paper_relevant_noncritical,False,unresolved,,
results/stage10/mhk_dose_response/heads_1/run_causal_patching_events.jsonl,jsonl,8264,22,paper_relevant_noncritical,False,unresolved,,
results/stage10/mhk_dose_response/heads_2/patching_results.csv,csv,14367,140,paper_relevant_noncritical,False,unresolved,,
results/stage10/mhk_dose_response/heads_2/patching_summary.json,json,2073,,paper_relevant_noncritical,False,unresolved,,
results/stage10/mhk_dose_response/heads_2/run_causal_patching_events.jsonl,jsonl,8275,22,paper_relevant_noncritical,False,unresolved,,
results/stage10/mhk_dose_response/heads_3/patching_results.csv,csv,14785,140,paper_relevant_noncritical,False,unresolved,,
results/stage10/mhk_dose_response/heads_3/patching_summary.json,json,2065,,paper_relevant_noncritical,False,unresolved,,
results/stage10/mhk_dose_response/heads_3/run_causal_patching_events.jsonl,jsonl,8284,22,paper_relevant_noncritical,False,unresolved,,
results/stage10/mhk_dose_response/heads_4/patching_results.csv,csv,15143,140,paper_relevant_noncritical,False,unresolved,,
results/stage10/mhk_dose_response/heads_4/patching_summary.json,json,2255,,paper_relevant_noncritical,False,unresolved,,
results/stage10/mhk_dose_response/heads_4/run_causal_patching_events.jsonl,jsonl,8291,22,paper_relevant_noncritical,False,unresolved,,
results/stage10/pairwise_head_interactions/interaction_summary.json,json,3707,,paper_relevant_noncritical,False,unresolved,,
results/stage10/pairwise_head_interactions/subset_11/patching_results.csv,csv,2061,20,paper_relevant_noncritical,False,unresolved,,
results/stage10/pairwise_head_interactions/subset_11/patching_summary.json,json,1313,,paper_relevant_noncritical,False,unresolved,,
results/stage10/pairwise_head_interactions/subset_11/run_causal_patching_events.jsonl,jsonl,8243,22,paper_relevant_noncritical,False,unresolved,,
results/stage10/pairwise_head_interactions/subset_13/patching_results.csv,csv,2098,20,paper_relevant_noncritical,False,unresolved,,
results/stage10/pairwise_head_interactions/subset_13/patching_summary.json,json,1068,,paper_relevant_noncritical,False,unresolved,,
results/stage10/pairwise_head_interactions/subset_13/run_causal_patching_events.jsonl,jsonl,8243,22,paper_relevant_noncritical,False,unresolved,,
results/stage10/pairwise_head_interactions/subset_13_11/patching_results.csv,csv,2179,20,paper_relevant_noncritical,False,unresolved,,
results/stage10/pairwise_head_interactions/subset_13_11/patching_summary.json,json,1320,,paper_relevant_noncritical,False,unresolved,,
results/stage10/pairwise_head_interactions/subset_13_11/run_causal_patching_events.jsonl,jsonl,8251,22,paper_relevant_noncritical,False,unresolved,,
results/stage10/pairwise_head_interactions/subset_24/patching_results.csv,csv,2111,20,paper_relevant_noncritical,False,unresolved,,
results/stage10/pairwise_head_interactions/subset_24/patching_summary.json,json,1301,,paper_relevant_noncritical,False,unresolved,,
results/stage10/pairwise_head_interactions/subset_24/run_causal_patching_events.jsonl,jsonl,8245,22,paper_relevant_noncritical,False,unresolved,,
results/stage10/pairwise_head_interactions/subset_24_11/patching_results.csv,csv,2185,20,paper_relevant_noncritical,False,unresolved,,
results/stage10/pairwise_head_interactions/subset_24_11/patching_summary.json,json,1322,,paper_relevant_noncritical,False,unresolved,,
results/stage10/pairwise_head_interactions/subset_24_11/run_causal_patching_events.jsonl,jsonl,8251,22,paper_relevant_noncritical,False,unresolved,,
results/stage10/pairwise_head_interactions/subset_24_13/patching_results.csv,csv,2176,20,paper_relevant_noncritical,False,unresolved,,
results/stage10/pairwise_head_interactions/subset_24_13/patching_summary.json,json,1190,,paper_relevant_noncritical,False,unresolved,,
results/stage10/pairwise_head_interactions/subset_24_13/run_causal_patching_events.jsonl,jsonl,8253,22,paper_relevant_noncritical,False,unresolved,,
results/stage10/pairwise_head_interactions/subset_24_13_11/patching_results.csv,csv,2224,20,paper_relevant_noncritical,False,unresolved,,
results/stage10/pairwise_head_interactions/subset_24_13_11/patching_summary.json,json,1330,,paper_relevant_noncritical,False,unresolved,,
results/stage10/pairwise_head_interactions/subset_24_13_11/run_causal_patching_events.jsonl,jsonl,8259,22,paper_relevant_noncritical,False,unresolved,,
results/stage10/pairwise_head_interactions/subset_26/patching_results.csv,csv,2095,20,paper_relevant_noncritical,False,unresolved,,
results/stage10/pairwise_head_interactions/subset_26/patching_summary.json,json,1110,,paper_relevant_noncritical,False,unresolved,,
results/stage10/pairwise_head_interactions/subset_26/run_causal_patching_events.jsonl,jsonl,8243,22,paper_relevant_noncritical,False,unresolved,,
results/stage10/pairwise_head_interactions/subset_26_11/patching_results.csv,csv,2165,20,paper_relevant_noncritical,False,unresolved,,
results/stage10/pairwise_head_interactions/subset_26_11/patching_summary.json,json,1320,,paper_relevant_noncritical,False,unresolved,,
results/stage10/pairwise_head_interactions/subset_26_11/run_causal_patching_events.jsonl,jsonl,8250,22,paper_relevant_noncritical,False,unresolved,,
results/stage10/pairwise_head_interactions/subset_26_13/patching_results.csv,csv,2190,20,paper_relevant_noncritical,False,unresolved,,
results/stage10/pairwise_head_interactions/subset_26_13/patching_summary.json,json,1096,,paper_relevant_noncritical,False,unresolved,,
results/stage10/pairwise_head_interactions/subset_26_13/run_causal_patching_events.jsonl,jsonl,8252,22,paper_relevant_noncritical,False,unresolved,,
results/stage10/pairwise_head_interactions/subset_26_13_11/patching_results.csv,csv,2249,20,paper_relevant_noncritical,False,unresolved,,
results/stage10/pairwise_head_interactions/subset_26_13_11/patching_summary.json,json,1330,,paper_relevant_noncritical,False,unresolved,,
results/stage10/pairwise_head_interactions/subset_26_13_11/run_causal_patching_events.jsonl,jsonl,8259,22,paper_relevant_noncritical,False,unresolved,,
results/stage10/pairwise_head_interactions/subset_26_24/patching_results.csv,csv,2184,20,paper_relevant_noncritical,False,unresolved,,
results/stage10/pairwise_head_interactions/subset_26_24/patching_summary.json,json,1236,,paper_relevant_noncritical,False,unresolved,,
results/stage10/pairwise_head_interactions/subset_26_24/run_causal_patching_events.jsonl,jsonl,8252,22,paper_relevant_noncritical,False,unresolved,,
results/stage10/pairwise_head_interactions/subset_26_24_11/patching_results.csv,csv,2209,20,paper_relevant_noncritical,False,unresolved,,
results/stage10/pairwise_head_interactions/subset_26_24_11/patching_summary.json,json,1330,,paper_relevant_noncritical,False,unresolved,,
results/stage10/pairwise_head_interactions/subset_26_24_11/run_causal_patching_events.jsonl,jsonl,8259,22,paper_relevant_noncritical,False,unresolved,,
results/stage10/pairwise_head_interactions/subset_26_24_13/patching_results.csv,csv,2240,20,paper_relevant_noncritical,False,unresolved,,
results/stage10/pairwise_head_interactions/subset_26_24_13/patching_summary.json,json,1067,,paper_relevant_noncritical,False,unresolved,,
results/stage10/pairwise_head_interactions/subset_26_24_13/run_causal_patching_events.jsonl,jsonl,8260,22,paper_relevant_noncritical,False,unresolved,,
results/stage10/pairwise_head_interactions/subset_26_24_13_11/patching_results.csv,csv,2301,20,paper_relevant_noncritical,False,unresolved,,
results/stage10/pairwise_head_interactions/subset_26_24_13_11/patching_summary.json,json,1336,,paper_relevant_noncritical,False,unresolved,,
results/stage10/pairwise_head_interactions/subset_26_24_13_11/run_causal_patching_events.jsonl,jsonl,8266,22,paper_relevant_noncritical,False,unresolved,,
results/stage10/per_cue_probe_comparison.json,json,3148,,paper_relevant_noncritical,False,unresolved,,
results/stage10/per_variant_probe_sweep/layer_auroc_per_variant.json,json,2706,28,paper_relevant_noncritical,False,unresolved,,
results/stage10/per_variant_probe_sweep/loo_predictions_per_variant.json,json,78391,540,paper_relevant_noncritical,False,unresolved,,
results/stage10/per_variant_probe_sweep/run_per_variant_probe_sweep_events.jsonl,jsonl,522,1,paper_relevant_noncritical,False,unresolved,,
results/stage10/per_variant_probe_sweep/summary_per_variant_sweep.json,json,309,,paper_relevant_noncritical,False,unresolved,,
results/stage10/probe_direction_cosine/probe_direction_cosine.json,json,1892,,paper_relevant_noncritical,False,unresolved,,
results/stage10/random_site_control/patching_results.csv,csv,13055,120,paper_relevant_noncritical,False,unresolved,,
results/stage10/random_site_control/patching_summary.json,json,1880,,paper_relevant_noncritical,False,unresolved,,
results/stage10/random_site_control/run_causal_patching_events.jsonl,jsonl,8285,22,paper_relevant_noncritical,False,unresolved,,
results/stage10/same_answer_donor/run_causal_patching_events.jsonl,jsonl,476,1,paper_relevant_noncritical,False,unresolved,,
results/stage10/same_answer_donor/same_answer_donor_results.csv,csv,1825,28,paper_relevant_noncritical,False,unresolved,,
results/stage10/same_answer_donor/same_answer_donor_summary.json,json,228,,paper_relevant_noncritical,False,unresolved,,
results/stage10/stable_donor/run_causal_patching_events.jsonl,jsonl,365,1,paper_relevant_noncritical,False,unresolved,,
results/stage10/stable_donor/stable_donor_results.csv,csv,3697,60,paper_relevant_noncritical,False,unresolved,,
results/stage10/stable_donor/stable_donor_summary.json,json,123,,paper_relevant_noncritical,False,unresolved,,
results/stage11/behavioural_expansion/family_summaries.jsonl,jsonl,6579,15,paper_relevant_noncritical,False,unresolved,,
results/stage11/behavioural_expansion/per_family_summary.csv,csv,1351,15,paper_relevant_noncritical,False,unresolved,,
results/stage11/behavioural_expansion/prompt_records.jsonl,jsonl,43731,60,paper_relevant_noncritical,False,unresolved,,
results/stage11/behavioural_expansion/qwen_primary_20260620T084819Z.jsonl,jsonl,50310,75,paper_relevant_noncritical,False,unresolved,,
results/stage11/behavioural_expansion/run_behavioural_events.jsonl,jsonl,34611,77,paper_relevant_noncritical,False,unresolved,,
results/stage11/behavioural_expansion/summary.json,json,350,,paper_relevant_noncritical,False,unresolved,,
results/stage11/science/cross_cue_transfer/cross_cue_transfer_summary.json,json,489,,paper_relevant_noncritical,False,unresolved,,
results/stage11/science/cross_cue_transfer/cue_a_weight_vector_layer16.npy,npy,28800,,paper_relevant_noncritical,False,unresolved,,
results/stage11/science/cross_cue_transfer/cue_b_weight_vector_layer16.npy,npy,28800,,paper_relevant_noncritical,False,unresolved,,
results/stage11/science/cue_c_circuit/combined_cuec_manifest.json,json,22950,,paper_relevant_noncritical,False,unresolved,,
results/stage11/science/cue_c_circuit/combined_cuec_positive_families.json,json,243,,paper_relevant_noncritical,False,unresolved,,
results/stage11/science/cue_c_circuit/cuec_behavioural_merged.jsonl,jsonl,47993,75,paper_relevant_noncritical,False,unresolved,,
results/stage11/science/cue_c_circuit/cuec_probe_sweep/layer_auroc_per_variant.json,json,2620,28,paper_relevant_noncritical,False,unresolved,,
results/stage11/science/cue_c_circuit/cuec_probe_sweep/loo_predictions_per_variant.json,json,7947,56,paper_relevant_noncritical,False,unresolved,,
results/stage11/science/cue_c_circuit/cuec_probe_sweep/run_per_variant_probe_sweep_events.jsonl,jsonl,522,1,paper_relevant_noncritical,False,unresolved,,
results/stage11/science/cue_c_circuit/cuec_probe_sweep/summary_per_variant_sweep.json,json,309,,paper_relevant_noncritical,False,unresolved,,
results/stage11/science/cue_c_circuit/expansion_cuec_manifest.json,json,14932,,paper_relevant_noncritical,False,unresolved,,
results/stage11/science/cue_c_circuit/expansion_cuec_positive_families.json,json,163,,paper_relevant_noncritical,False,unresolved,,
results/stage11/science/cue_c_circuit/h11_h13_knockout/patching_results.csv,csv,1362,12,paper_relevant_noncritical,False,unresolved,,
results/stage11/science/cue_c_circuit/h11_h13_knockout/patching_summary.json,json,839,,paper_relevant_noncritical,False,unresolved,,
results/stage11/science/cue_c_circuit/h11_h13_knockout/run_causal_patching_events.jsonl,jsonl,5283,14,paper_relevant_noncritical,False,unresolved,,
results/stage11/science/cue_c_circuit/h11_knockout/patching_results.csv,csv,1322,12,paper_relevant_noncritical,False,unresolved,,
results/stage11/science/cue_c_circuit/h11_knockout/patching_summary.json,json,861,,paper_relevant_noncritical,False,unresolved,,
results/stage11/science/cue_c_circuit/h11_knockout/run_causal_patching_events.jsonl,jsonl,5271,14,paper_relevant_noncritical,False,unresolved,,
results/stage11/science/cue_c_circuit/heldout_inference/family_mean_predictions.json,json,916,9,paper_relevant_noncritical,False,unresolved,,
results/stage11/science/cue_c_circuit/heldout_inference/per_variant_predictions.json,json,4914,36,paper_relevant_noncritical,False,unresolved,,
results/stage11/science/cue_c_circuit/heldout_inference/summary.json,json,288,,paper_relevant_noncritical,False,unresolved,,
results/stage11/science/cue_c_circuit/rendered_merged/CM_C_001.json,json,1310,,paper_relevant_noncritical,False,unresolved,,
results/stage11/science/cue_c_circuit/rendered_merged/CM_C_002.json,json,1297,,paper_relevant_noncritical,False,unresolved,,
results/stage11/science/cue_c_circuit/rendered_merged/CM_C_003.json,json,1197,,paper_relevant_noncritical,False,unresolved,,
results/stage11/science/cue_c_circuit/rendered_merged/CM_C_004.json,json,1179,,paper_relevant_noncritical,False,unresolved,,
results/stage11/science/cue_c_circuit/rendered_merged/CM_C_005.json,json,1352,,paper_relevant_noncritical,False,unresolved,,
results/stage11/science/cue_c_circuit/rendered_merged/CM_C_006.json,json,1236,,paper_relevant_noncritical,False,unresolved,,
results/stage11/science/cue_c_circuit/rendered_merged/CM_C_007.json,json,1394,,paper_relevant_noncritical,False,unresolved,,
results/stage11/science/cue_c_circuit/rendered_merged/CM_C_008.json,json,1251,,paper_relevant_noncritical,False,unresolved,,
results/stage11/science/cue_c_circuit/rendered_merged/CM_C_009.json,json,1125,,paper_relevant_noncritical,False,unresolved,,
results/stage11/science/cue_c_circuit/rendered_merged/CM_C_010.json,json,1195,,paper_relevant_noncritical,False,unresolved,,
results/stage11/science/cue_c_circuit/rendered_merged/CM_C_011.json,json,1251,,paper_relevant_noncritical,False,unresolved,,
results/stage11/science/cue_c_circuit/rendered_merged/CM_C_012.json,json,1294,,paper_relevant_noncritical,False,unresolved,,
results/stage11/science/cue_c_circuit/rendered_merged/CM_C_013.json,json,1396,,paper_relevant_noncritical,False,unresolved,,
results/stage11/science/cue_c_circuit/rendered_merged/CM_C_014.json,json,1374,,paper_relevant_noncritical,False,unresolved,,
results/stage11/science/cue_c_circuit/rendered_merged/CM_C_015.json,json,1260,,paper_relevant_noncritical,False,unresolved,,
results/stage11/science/cue_c_circuit/valid_new_cuec_families.json,json,166,,paper_relevant_noncritical,False,unresolved,,
results/stage11/science/deepseek_single_heads/deepseek_valid_subset_summary.json,json,1898,,paper_relevant_noncritical,False,unresolved,,
results/stage11/science/deepseek_single_heads/head_20/patching_results.csv,csv,2036,20,paper_relevant_noncritical,False,unresolved,,
results/stage11/science/deepseek_single_heads/head_20/patching_summary.json,json,1301,,paper_relevant_noncritical,False,unresolved,,
results/stage11/science/deepseek_single_heads/head_20/run_causal_patching_events.jsonl,jsonl,8645,22,paper_relevant_noncritical,False,unresolved,,
results/stage11/science/deepseek_single_heads/head_26/patching_results.csv,csv,2035,20,paper_relevant_noncritical,False,unresolved,,
results/stage11/science/deepseek_single_heads/head_26/patching_summary.json,json,1284,,paper_relevant_noncritical,False,unresolved,,
results/stage11/science/deepseek_single_heads/head_26/run_causal_patching_events.jsonl,jsonl,8644,22,paper_relevant_noncritical,False,unresolved,,
results/stage11/science/h11_layer_sweep/patching_results.csv,csv,25794,260,paper_relevant_noncritical,False,unresolved,,
results/stage11/science/h11_layer_sweep/patching_summary.json,json,3161,,paper_relevant_noncritical,False,unresolved,,
results/stage11/science/h11_layer_sweep/run_causal_patching_events.jsonl,jsonl,8287,22,paper_relevant_noncritical,False,unresolved,,
results/stage11/science/h11_mechanism/h11_output_cosine_per_family.json,json,26633,80,paper_relevant_noncritical,False,unresolved,,
results/stage11/science/h11_mechanism/h11_output_cosine_summary.json,json,1583,,paper_relevant_noncritical,False,unresolved,,
results/stage11/science/h11_mechanism/head_output_probe_predictions.json,json,361438,2160,paper_relevant_noncritical,False,unresolved,,
results/stage11/science/h11_mechanism/head_output_probe_summary.json,json,842,4,paper_relevant_noncritical,False,unresolved,,
results/stage11/science/h24_inhibitory/h11_h24_combo/patching_results.csv,csv,2189,20,paper_relevant_noncritical,False,unresolved,,
results/stage11/science/h24_inhibitory/h11_h24_combo/patching_summary.json,json,1320,,paper_relevant_noncritical,False,unresolved,,
results/stage11/science/h24_inhibitory/h11_h24_combo/run_causal_patching_events.jsonl,jsonl,8250,22,paper_relevant_noncritical,False,unresolved,,
results/stage11/science/h24_inhibitory/head24_layer_sweep/patching_results.csv,csv,13927,140,paper_relevant_noncritical,False,unresolved,,
results/stage11/science/h24_inhibitory/head24_layer_sweep/patching_summary.json,json,2046,,paper_relevant_noncritical,False,unresolved,,
results/stage11/science/h24_inhibitory/head24_layer_sweep/run_causal_patching_events.jsonl,jsonl,8262,22,paper_relevant_noncritical,False,unresolved,,
results/stage11/science/latent_family_geometry/latent_family_geometry.json,json,53044,,paper_relevant_noncritical,False,unresolved,,
results/stage11/science/precursor_characterisation/per_variant_predictions.json,json,2189227,15120,paper_relevant_noncritical,False,unresolved,,
results/stage11/science/precursor_characterisation/prompt_condition_layer_sweep.json,json,14263,28,paper_relevant_noncritical,False,unresolved,,
results/stage11/science/precursor_characterisation/prompt_condition_probe_summary.json,json,266,,paper_relevant_noncritical,False,unresolved,,
results/stage11/science/precursor_characterisation/run_prompt_condition_probe_events.jsonl,jsonl,388,1,paper_relevant_noncritical,False,unresolved,,
results/stage11/science/proximity_gradient/proximity_gradient_summary.json,json,27664,,paper_relevant_noncritical,False,unresolved,,
results/stage11/science/variable_renaming/h11_knockout/patching_results.csv,csv,1205,10,paper_relevant_noncritical,False,unresolved,,
results/stage11/science/variable_renaming/h11_knockout/patching_summary.json,json,1052,,paper_relevant_noncritical,False,unresolved,,
results/stage11/science/variable_renaming/h11_knockout/run_causal_patching_events.jsonl,jsonl,4634,12,paper_relevant_noncritical,False,unresolved,,
results/stage11/science/variable_renaming/probe_inference/family_mean_predictions.json,json,1143,10,paper_relevant_noncritical,False,unresolved,,
results/stage11/science/variable_renaming/probe_inference/per_variant_predictions.json,json,6125,40,paper_relevant_noncritical,False,unresolved,,
results/stage11/science/variable_renaming/probe_inference/summary.json,json,277,,paper_relevant_noncritical,False,unresolved,,
results/stage11/variable_renaming/behavioural/analysis/per_family_summary.csv,csv,1062,10,paper_relevant_noncritical,False,unresolved,,
results/stage11/variable_renaming/behavioural/analysis/summary.json,json,408,,paper_relevant_noncritical,False,unresolved,,
results/stage11/variable_renaming/behavioural/family_summaries.jsonl,jsonl,4631,10,paper_relevant_noncritical,False,unresolved,,
results/stage11/variable_renaming/behavioural/prompt_records.jsonl,jsonl,35371,40,paper_relevant_noncritical,False,unresolved,,
results/stage11/variable_renaming/behavioural/qwen_primary_20260620T105904Z.jsonl,jsonl,40002,50,paper_relevant_noncritical,False,unresolved,,
results/stage11/variable_renaming/behavioural/run_behavioural_events.jsonl,jsonl,24066,52,paper_relevant_noncritical,False,unresolved,,
results/stage11/variable_renaming/renamed_positive_families.json,json,386,,paper_relevant_noncritical,False,unresolved,,
results/stage11/variable_renaming/rendered/CM_B_STD_006_RENAME.json,json,2900,,paper_relevant_noncritical,False,unresolved,,
results/stage11/variable_renaming/rendered/CM_B_STD_010_RENAME.json,json,3314,,paper_relevant_noncritical,False,unresolved,,
results/stage11/variable_renaming/rendered/CM_B_STD_011_RENAME.json,json,3176,,paper_relevant_noncritical,False,unresolved,,
results/stage11/variable_renaming/rendered/CM_B_STD_013_RENAME.json,json,3090,,paper_relevant_noncritical,False,unresolved,,
results/stage11/variable_renaming/rendered/CM_B_UM_009_RENAME.json,json,2638,,paper_relevant_noncritical,False,unresolved,,
results/stage11/variable_renaming/rendered/CM_B_UM_032_RENAME.json,json,2986,,paper_relevant_noncritical,False,unresolved,,
results/stage11/variable_renaming/rendered/CM_B_UM_033_RENAME.json,json,2840,,paper_relevant_noncritical,False,unresolved,,
results/stage11/variable_renaming/rendered/CM_B_UM_052_RENAME.json,json,2850,,paper_relevant_noncritical,False,unresolved,,
results/stage11/variable_renaming/rendered/CM_B_UM_055_RENAME.json,json,2799,,paper_relevant_noncritical,False,unresolved,,
results/stage11/variable_renaming/rendered/CM_B_UM_059_RENAME.json,json,3221,,paper_relevant_noncritical,False,unresolved,,
results/stage11/variable_renaming/rendered/renamed_manifest.json,json,1384,,paper_relevant_noncritical,False,unresolved,,
results/stage12/deepseek_full_head_sweep/head_0/patching_results.csv,csv,9689,100,paper_relevant_noncritical,False,unresolved,,
results/stage12/deepseek_full_head_sweep/head_0/patching_summary.json,json,1940,,paper_relevant_noncritical,False,unresolved,,
results/stage12/deepseek_full_head_sweep/head_0/run_causal_patching_events.jsonl,jsonl,10572,27,paper_relevant_noncritical,False,unresolved,,
results/stage12/deepseek_full_head_sweep/head_1/patching_results.csv,csv,9755,100,paper_relevant_noncritical,False,unresolved,,
results/stage12/deepseek_full_head_sweep/head_1/patching_summary.json,json,1808,,paper_relevant_noncritical,False,unresolved,,
results/stage12/deepseek_full_head_sweep/head_1/run_causal_patching_events.jsonl,jsonl,10573,27,paper_relevant_noncritical,False,unresolved,,
results/stage12/deepseek_full_head_sweep/head_10/patching_results.csv,csv,9743,100,paper_relevant_noncritical,False,unresolved,,
results/stage12/deepseek_full_head_sweep/head_10/patching_summary.json,json,1782,,paper_relevant_noncritical,False,unresolved,,
results/stage12/deepseek_full_head_sweep/head_10/run_causal_patching_events.jsonl,jsonl,10576,27,paper_relevant_noncritical,False,unresolved,,
results/stage12/deepseek_full_head_sweep/head_11/patching_results.csv,csv,9989,100,paper_relevant_noncritical,False,unresolved,,
results/stage12/deepseek_full_head_sweep/head_11/patching_summary.json,json,1863,,paper_relevant_noncritical,False,unresolved,,
results/stage12/deepseek_full_head_sweep/head_11/run_causal_patching_events.jsonl,jsonl,10578,27,paper_relevant_noncritical,False,unresolved,,
results/stage12/deepseek_full_head_sweep/head_12/patching_results.csv,csv,10027,100,paper_relevant_noncritical,False,unresolved,,
results/stage12/deepseek_full_head_sweep/head_12/patching_summary.json,json,1840,,paper_relevant_noncritical,False,unresolved,,
results/stage12/deepseek_full_head_sweep/head_12/run_causal_patching_events.jsonl,jsonl,10577,27,paper_relevant_noncritical,False,unresolved,,
results/stage12/deepseek_full_head_sweep/head_13/patching_results.csv,csv,9885,100,paper_relevant_noncritical,False,unresolved,,
results/stage12/deepseek_full_head_sweep/head_13/patching_summary.json,json,1769,,paper_relevant_noncritical,False,unresolved,,
results/stage12/deepseek_full_head_sweep/head_13/run_causal_patching_events.jsonl,jsonl,10577,27,paper_relevant_noncritical,False,unresolved,,
results/stage12/deepseek_full_head_sweep/head_14/patching_results.csv,csv,9958,100,paper_relevant_noncritical,False,unresolved,,
results/stage12/deepseek_full_head_sweep/head_14/patching_summary.json,json,1967,,paper_relevant_noncritical,False,unresolved,,
results/stage12/deepseek_full_head_sweep/head_14/run_causal_patching_events.jsonl,jsonl,10579,27,paper_relevant_noncritical,False,unresolved,,
results/stage12/deepseek_full_head_sweep/head_15/patching_results.csv,csv,10031,100,paper_relevant_noncritical,False,unresolved,,
results/stage12/deepseek_full_head_sweep/head_15/patching_summary.json,json,1727,,paper_relevant_noncritical,False,unresolved,,
results/stage12/deepseek_full_head_sweep/head_15/run_causal_patching_events.jsonl,jsonl,10577,27,paper_relevant_noncritical,False,unresolved,,
results/stage12/deepseek_full_head_sweep/head_16/patching_results.csv,csv,9955,100,paper_relevant_noncritical,False,unresolved,,
results/stage12/deepseek_full_head_sweep/head_16/patching_summary.json,json,1789,,paper_relevant_noncritical,False,unresolved,,
results/stage12/deepseek_full_head_sweep/head_16/run_causal_patching_events.jsonl,jsonl,10577,27,paper_relevant_noncritical,False,unresolved,,
results/stage12/deepseek_full_head_sweep/head_17/patching_results.csv,csv,9987,100,paper_relevant_noncritical,False,unresolved,,
results/stage12/deepseek_full_head_sweep/head_17/patching_summary.json,json,1690,,paper_relevant_noncritical,False,unresolved,,
results/stage12/deepseek_full_head_sweep/head_17/run_causal_patching_events.jsonl,jsonl,10577,27,paper_relevant_noncritical,False,unresolved,,
results/stage12/deepseek_full_head_sweep/head_18/patching_results.csv,csv,9936,100,paper_relevant_noncritical,False,unresolved,,
results/stage12/deepseek_full_head_sweep/head_18/patching_summary.json,json,1840,,paper_relevant_noncritical,False,unresolved,,
results/stage12/deepseek_full_head_sweep/head_18/run_causal_patching_events.jsonl,jsonl,10577,27,paper_relevant_noncritical,False,unresolved,,
results/stage12/deepseek_full_head_sweep/head_19/patching_results.csv,csv,10020,100,paper_relevant_noncritical,False,unresolved,,
results/stage12/deepseek_full_head_sweep/head_19/patching_summary.json,json,1669,,paper_relevant_noncritical,False,unresolved,,
results/stage12/deepseek_full_head_sweep/head_19/run_causal_patching_events.jsonl,jsonl,10576,27,paper_relevant_noncritical,False,unresolved,,
results/stage12/deepseek_full_head_sweep/head_2/patching_results.csv,csv,9678,100,paper_relevant_noncritical,False,unresolved,,
results/stage12/deepseek_full_head_sweep/head_2/patching_summary.json,json,1677,,paper_relevant_noncritical,False,unresolved,,
results/stage12/deepseek_full_head_sweep/head_2/run_causal_patching_events.jsonl,jsonl,10573,27,paper_relevant_noncritical,False,unresolved,,
results/stage12/deepseek_full_head_sweep/head_20/patching_results.csv,csv,9975,100,paper_relevant_noncritical,False,unresolved,,
results/stage12/deepseek_full_head_sweep/head_20/patching_summary.json,json,1701,,paper_relevant_noncritical,False,unresolved,,
results/stage12/deepseek_full_head_sweep/head_20/run_causal_patching_events.jsonl,jsonl,10577,27,paper_relevant_noncritical,False,unresolved,,
results/stage12/deepseek_full_head_sweep/head_21/patching_results.csv,csv,9925,100,paper_relevant_noncritical,False,unresolved,,
results/stage12/deepseek_full_head_sweep/head_21/patching_summary.json,json,1764,,paper_relevant_noncritical,False,unresolved,,
results/stage12/deepseek_full_head_sweep/head_21/run_causal_patching_events.jsonl,jsonl,10576,27,paper_relevant_noncritical,False,unresolved,,
results/stage12/deepseek_full_head_sweep/head_22/patching_results.csv,csv,9979,100,paper_relevant_noncritical,False,unresolved,,
results/stage12/deepseek_full_head_sweep/head_22/patching_summary.json,json,1808,,paper_relevant_noncritical,False,unresolved,,
results/stage12/deepseek_full_head_sweep/head_22/run_causal_patching_events.jsonl,jsonl,10576,27,paper_relevant_noncritical,False,unresolved,,
results/stage12/deepseek_full_head_sweep/head_23/patching_results.csv,csv,9873,100,paper_relevant_noncritical,False,unresolved,,
results/stage12/deepseek_full_head_sweep/head_23/patching_summary.json,json,1693,,paper_relevant_noncritical,False,unresolved,,
results/stage12/deepseek_full_head_sweep/head_23/run_causal_patching_events.jsonl,jsonl,10576,27,paper_relevant_noncritical,False,unresolved,,
results/stage12/deepseek_full_head_sweep/head_24/patching_results.csv,csv,9960,100,paper_relevant_noncritical,False,unresolved,,
results/stage12/deepseek_full_head_sweep/head_24/patching_summary.json,json,1674,,paper_relevant_noncritical,False,unresolved,,
results/stage12/deepseek_full_head_sweep/head_24/run_causal_patching_events.jsonl,jsonl,10577,27,paper_relevant_noncritical,False,unresolved,,
results/stage12/deepseek_full_head_sweep/head_25/patching_results.csv,csv,9952,100,paper_relevant_noncritical,False,unresolved,,
results/stage12/deepseek_full_head_sweep/head_25/patching_summary.json,json,1845,,paper_relevant_noncritical,False,unresolved,,
results/stage12/deepseek_full_head_sweep/head_25/run_causal_patching_events.jsonl,jsonl,10576,27,paper_relevant_noncritical,False,unresolved,,
results/stage12/deepseek_full_head_sweep/head_26/patching_results.csv,csv,9968,100,paper_relevant_noncritical,False,unresolved,,
results/stage12/deepseek_full_head_sweep/head_26/patching_summary.json,json,1849,,paper_relevant_noncritical,False,unresolved,,
results/stage12/deepseek_full_head_sweep/head_26/run_causal_patching_events.jsonl,jsonl,10578,27,paper_relevant_noncritical,False,unresolved,,
results/stage12/deepseek_full_head_sweep/head_27/patching_results.csv,csv,9931,100,paper_relevant_noncritical,False,unresolved,,
results/stage12/deepseek_full_head_sweep/head_27/patching_summary.json,json,1804,,paper_relevant_noncritical,False,unresolved,,
results/stage12/deepseek_full_head_sweep/head_27/run_causal_patching_events.jsonl,jsonl,10576,27,paper_relevant_noncritical,False,unresolved,,
results/stage12/deepseek_full_head_sweep/head_28/patching_results.csv,csv,9906,100,paper_relevant_noncritical,False,unresolved,,
results/stage12/deepseek_full_head_sweep/head_28/patching_summary.json,json,1822,,paper_relevant_noncritical,False,unresolved,,
results/stage12/deepseek_full_head_sweep/head_28/run_causal_patching_events.jsonl,jsonl,10576,27,paper_relevant_noncritical,False,unresolved,,
results/stage12/deepseek_full_head_sweep/head_29/patching_results.csv,csv,9928,100,paper_relevant_noncritical,False,unresolved,,
results/stage12/deepseek_full_head_sweep/head_29/patching_summary.json,json,1886,,paper_relevant_noncritical,False,unresolved,,
results/stage12/deepseek_full_head_sweep/head_29/run_causal_patching_events.jsonl,jsonl,10578,27,paper_relevant_noncritical,False,unresolved,,
results/stage12/deepseek_full_head_sweep/head_3/patching_results.csv,csv,9826,100,paper_relevant_noncritical,False,unresolved,,
results/stage12/deepseek_full_head_sweep/head_3/patching_summary.json,json,1961,,paper_relevant_noncritical,False,unresolved,,
results/stage12/deepseek_full_head_sweep/head_3/run_causal_patching_events.jsonl,jsonl,10574,27,paper_relevant_noncritical,False,unresolved,,
results/stage12/deepseek_full_head_sweep/head_30/patching_results.csv,csv,9982,100,paper_relevant_noncritical,False,unresolved,,
results/stage12/deepseek_full_head_sweep/head_30/patching_summary.json,json,1842,,paper_relevant_noncritical,False,unresolved,,
results/stage12/deepseek_full_head_sweep/head_30/run_causal_patching_events.jsonl,jsonl,10577,27,paper_relevant_noncritical,False,unresolved,,
results/stage12/deepseek_full_head_sweep/head_31/patching_results.csv,csv,9901,100,paper_relevant_noncritical,False,unresolved,,
results/stage12/deepseek_full_head_sweep/head_31/patching_summary.json,json,1829,,paper_relevant_noncritical,False,unresolved,,
results/stage12/deepseek_full_head_sweep/head_31/run_causal_patching_events.jsonl,jsonl,10577,27,paper_relevant_noncritical,False,unresolved,,
results/stage12/deepseek_full_head_sweep/head_32/patching_results.csv,csv,9968,100,paper_relevant_noncritical,False,unresolved,,
results/stage12/deepseek_full_head_sweep/head_32/patching_summary.json,json,1658,,paper_relevant_noncritical,False,unresolved,,
results/stage12/deepseek_full_head_sweep/head_32/run_causal_patching_events.jsonl,jsonl,10577,27,paper_relevant_noncritical,False,unresolved,,
results/stage12/deepseek_full_head_sweep/head_33/patching_results.csv,csv,10023,100,paper_relevant_noncritical,False,unresolved,,
results/stage12/deepseek_full_head_sweep/head_33/patching_summary.json,json,1805,,paper_relevant_noncritical,False,unresolved,,
results/stage12/deepseek_full_head_sweep/head_33/run_causal_patching_events.jsonl,jsonl,10577,27,paper_relevant_noncritical,False,unresolved,,
results/stage12/deepseek_full_head_sweep/head_34/patching_results.csv,csv,9966,100,paper_relevant_noncritical,False,unresolved,,
results/stage12/deepseek_full_head_sweep/head_34/patching_summary.json,json,1864,,paper_relevant_noncritical,False,unresolved,,
results/stage12/deepseek_full_head_sweep/head_34/run_causal_patching_events.jsonl,jsonl,10577,27,paper_relevant_noncritical,False,unresolved,,
results/stage12/deepseek_full_head_sweep/head_35/patching_results.csv,csv,9894,100,paper_relevant_noncritical,False,unresolved,,
results/stage12/deepseek_full_head_sweep/head_35/patching_summary.json,json,1907,,paper_relevant_noncritical,False,unresolved,,
results/stage12/deepseek_full_head_sweep/head_35/run_causal_patching_events.jsonl,jsonl,10578,27,paper_relevant_noncritical,False,unresolved,,
results/stage12/deepseek_full_head_sweep/head_36/patching_results.csv,csv,9986,100,paper_relevant_noncritical,False,unresolved,,
results/stage12/deepseek_full_head_sweep/head_36/patching_summary.json,json,1793,,paper_relevant_noncritical,False,unresolved,,
results/stage12/deepseek_full_head_sweep/head_36/run_causal_patching_events.jsonl,jsonl,10577,27,paper_relevant_noncritical,False,unresolved,,
results/stage12/deepseek_full_head_sweep/head_37/patching_results.csv,csv,9864,100,paper_relevant_noncritical,False,unresolved,,
results/stage12/deepseek_full_head_sweep/head_37/patching_summary.json,json,1700,,paper_relevant_noncritical,False,unresolved,,
results/stage12/deepseek_full_head_sweep/head_37/run_causal_patching_events.jsonl,jsonl,10577,27,paper_relevant_noncritical,False,unresolved,,
results/stage12/deepseek_full_head_sweep/head_38/patching_results.csv,csv,9900,100,paper_relevant_noncritical,False,unresolved,,
results/stage12/deepseek_full_head_sweep/head_38/patching_summary.json,json,1676,,paper_relevant_noncritical,False,unresolved,,
results/stage12/deepseek_full_head_sweep/head_38/run_causal_patching_events.jsonl,jsonl,10577,27,paper_relevant_noncritical,False,unresolved,,
results/stage12/deepseek_full_head_sweep/head_39/patching_results.csv,csv,10019,100,paper_relevant_noncritical,False,unresolved,,
results/stage12/deepseek_full_head_sweep/head_39/patching_summary.json,json,1941,,paper_relevant_noncritical,False,unresolved,,
results/stage12/deepseek_full_head_sweep/head_39/run_causal_patching_events.jsonl,jsonl,10578,27,paper_relevant_noncritical,False,unresolved,,
results/stage12/deepseek_full_head_sweep/head_4/patching_results.csv,csv,9657,100,paper_relevant_noncritical,False,unresolved,,
results/stage12/deepseek_full_head_sweep/head_4/patching_summary.json,json,1706,,paper_relevant_noncritical,False,unresolved,,
results/stage12/deepseek_full_head_sweep/head_4/run_causal_patching_events.jsonl,jsonl,10573,27,paper_relevant_noncritical,False,unresolved,,
results/stage12/deepseek_full_head_sweep/head_5/patching_results.csv,csv,9711,100,paper_relevant_noncritical,False,unresolved,,
results/stage12/deepseek_full_head_sweep/head_5/patching_summary.json,json,1932,,paper_relevant_noncritical,False,unresolved,,
results/stage12/deepseek_full_head_sweep/head_5/run_causal_patching_events.jsonl,jsonl,10575,27,paper_relevant_noncritical,False,unresolved,,
results/stage12/deepseek_full_head_sweep/head_6/patching_results.csv,csv,9787,100,paper_relevant_noncritical,False,unresolved,,
results/stage12/deepseek_full_head_sweep/head_6/patching_summary.json,json,1844,,paper_relevant_noncritical,False,unresolved,,
results/stage12/deepseek_full_head_sweep/head_6/run_causal_patching_events.jsonl,jsonl,10573,27,paper_relevant_noncritical,False,unresolved,,
results/stage12/deepseek_full_head_sweep/head_7/patching_results.csv,csv,9796,100,paper_relevant_noncritical,False,unresolved,,
results/stage12/deepseek_full_head_sweep/head_7/patching_summary.json,json,1848,,paper_relevant_noncritical,False,unresolved,,
results/stage12/deepseek_full_head_sweep/head_7/run_causal_patching_events.jsonl,jsonl,10574,27,paper_relevant_noncritical,False,unresolved,,
results/stage12/deepseek_full_head_sweep/head_8/patching_results.csv,csv,9800,100,paper_relevant_noncritical,False,unresolved,,
results/stage12/deepseek_full_head_sweep/head_8/patching_summary.json,json,1756,,paper_relevant_noncritical,False,unresolved,,
results/stage12/deepseek_full_head_sweep/head_8/run_causal_patching_events.jsonl,jsonl,10572,27,paper_relevant_noncritical,False,unresolved,,
results/stage12/deepseek_full_head_sweep/head_9/patching_results.csv,csv,9616,100,paper_relevant_noncritical,False,unresolved,,
results/stage12/deepseek_full_head_sweep/head_9/patching_summary.json,json,1853,,paper_relevant_noncritical,False,unresolved,,
results/stage12/deepseek_full_head_sweep/head_9/run_causal_patching_events.jsonl,jsonl,10573,27,paper_relevant_noncritical,False,unresolved,,
results/stage12/expanded_probe_training/combined_manifest.json,json,248101,,paper_relevant_noncritical,False,unresolved,,
results/stage12/expanded_probe_training/combined_positive_families.json,json,1517,,paper_relevant_noncritical,False,unresolved,,
results/stage12/expanded_probe_training/per_variant_sweep/layer_auroc_per_variant.json,json,2692,28,paper_relevant_noncritical,False,unresolved,,
results/stage12/expanded_probe_training/per_variant_sweep/loo_predictions_per_variant.json,json,86976,600,paper_relevant_noncritical,False,unresolved,,
results/stage12/expanded_probe_training/per_variant_sweep/run_per_variant_probe_sweep_events.jsonl,jsonl,523,1,paper_relevant_noncritical,False,unresolved,,
results/stage12/expanded_probe_training/per_variant_sweep/summary_per_variant_sweep.json,json,310,,paper_relevant_noncritical,False,unresolved,,
results/stage12/expansion_probe_inference/expansion_family_rows_snapshot.json,json,5100,15,paper_relevant_noncritical,False,unresolved,,
results/stage12/expansion_probe_inference/expansion_positive_families.json,json,198,,paper_relevant_noncritical,False,unresolved,,
results/stage12/expansion_probe_inference/family_mean_predictions.json,json,1555,15,paper_relevant_noncritical,False,unresolved,,
results/stage12/expansion_probe_inference/per_variant_predictions.json,json,8382,60,paper_relevant_noncritical,False,unresolved,,
results/stage12/expansion_probe_inference/summary.json,json,289,,paper_relevant_noncritical,False,unresolved,,
results/stage12/llama_full_head_sweep/head_0/patching_results.csv,csv,5852,60,paper_relevant_noncritical,False,unresolved,,
results/stage12/llama_full_head_sweep/head_0/patching_summary.json,json,1605,,paper_relevant_noncritical,False,unresolved,,
results/stage12/llama_full_head_sweep/head_0/run_causal_patching_events.jsonl,jsonl,8429,22,paper_relevant_noncritical,False,unresolved,,
results/stage12/llama_full_head_sweep/head_1/patching_results.csv,csv,5816,60,paper_relevant_noncritical,False,unresolved,,
results/stage12/llama_full_head_sweep/head_1/patching_summary.json,json,1525,,paper_relevant_noncritical,False,unresolved,,
results/stage12/llama_full_head_sweep/head_1/run_causal_patching_events.jsonl,jsonl,8428,22,paper_relevant_noncritical,False,unresolved,,
results/stage12/llama_full_head_sweep/head_10/patching_results.csv,csv,5893,60,paper_relevant_noncritical,False,unresolved,,
results/stage12/llama_full_head_sweep/head_10/patching_summary.json,json,1510,,paper_relevant_noncritical,False,unresolved,,
results/stage12/llama_full_head_sweep/head_10/run_causal_patching_events.jsonl,jsonl,8431,22,paper_relevant_noncritical,False,unresolved,,
results/stage12/llama_full_head_sweep/head_11/patching_results.csv,csv,5957,60,paper_relevant_noncritical,False,unresolved,,
results/stage12/llama_full_head_sweep/head_11/patching_summary.json,json,1551,,paper_relevant_noncritical,False,unresolved,,
results/stage12/llama_full_head_sweep/head_11/run_causal_patching_events.jsonl,jsonl,8432,22,paper_relevant_noncritical,False,unresolved,,
results/stage12/llama_full_head_sweep/head_12/patching_results.csv,csv,5931,60,paper_relevant_noncritical,False,unresolved,,
results/stage12/llama_full_head_sweep/head_12/patching_summary.json,json,1464,,paper_relevant_noncritical,False,unresolved,,
results/stage12/llama_full_head_sweep/head_12/run_causal_patching_events.jsonl,jsonl,8431,22,paper_relevant_noncritical,False,unresolved,,
results/stage12/llama_full_head_sweep/head_13/patching_results.csv,csv,5902,60,paper_relevant_noncritical,False,unresolved,,
results/stage12/llama_full_head_sweep/head_13/patching_summary.json,json,1530,,paper_relevant_noncritical,False,unresolved,,
results/stage12/llama_full_head_sweep/head_13/run_causal_patching_events.jsonl,jsonl,8432,22,paper_relevant_noncritical,False,unresolved,,
results/stage12/llama_full_head_sweep/head_14/patching_results.csv,csv,5919,60,paper_relevant_noncritical,False,unresolved,,
results/stage12/llama_full_head_sweep/head_14/patching_summary.json,json,1551,,paper_relevant_noncritical,False,unresolved,,
results/stage12/llama_full_head_sweep/head_14/run_causal_patching_events.jsonl,jsonl,8433,22,paper_relevant_noncritical,False,unresolved,,
results/stage12/llama_full_head_sweep/head_15/patching_results.csv,csv,5932,60,paper_relevant_noncritical,False,unresolved,,
results/stage12/llama_full_head_sweep/head_15/patching_summary.json,json,1511,,paper_relevant_noncritical,False,unresolved,,
results/stage12/llama_full_head_sweep/head_15/run_causal_patching_events.jsonl,jsonl,8433,22,paper_relevant_noncritical,False,unresolved,,
results/stage12/llama_full_head_sweep/head_16/patching_results.csv,csv,5882,60,paper_relevant_noncritical,False,unresolved,,
results/stage12/llama_full_head_sweep/head_16/patching_summary.json,json,1588,,paper_relevant_noncritical,False,unresolved,,
results/stage12/llama_full_head_sweep/head_16/run_causal_patching_events.jsonl,jsonl,8433,22,paper_relevant_noncritical,False,unresolved,,
results/stage12/llama_full_head_sweep/head_17/patching_results.csv,csv,5919,60,paper_relevant_noncritical,False,unresolved,,
results/stage12/llama_full_head_sweep/head_17/patching_summary.json,json,1497,,paper_relevant_noncritical,False,unresolved,,
results/stage12/llama_full_head_sweep/head_17/run_causal_patching_events.jsonl,jsonl,8433,22,paper_relevant_noncritical,False,unresolved,,
results/stage12/llama_full_head_sweep/head_18/patching_results.csv,csv,5951,60,paper_relevant_noncritical,False,unresolved,,
results/stage12/llama_full_head_sweep/head_18/patching_summary.json,json,1557,,paper_relevant_noncritical,False,unresolved,,
results/stage12/llama_full_head_sweep/head_18/run_causal_patching_events.jsonl,jsonl,8435,22,paper_relevant_noncritical,False,unresolved,,
results/stage12/llama_full_head_sweep/head_19/patching_results.csv,csv,5940,60,paper_relevant_noncritical,False,unresolved,,
results/stage12/llama_full_head_sweep/head_19/patching_summary.json,json,1573,,paper_relevant_noncritical,False,unresolved,,
results/stage12/llama_full_head_sweep/head_19/run_causal_patching_events.jsonl,jsonl,8433,22,paper_relevant_noncritical,False,unresolved,,
results/stage12/llama_full_head_sweep/head_2/patching_results.csv,csv,5791,60,paper_relevant_noncritical,False,unresolved,,
results/stage12/llama_full_head_sweep/head_2/patching_summary.json,json,1581,,paper_relevant_noncritical,False,unresolved,,
results/stage12/llama_full_head_sweep/head_2/run_causal_patching_events.jsonl,jsonl,8428,22,paper_relevant_noncritical,False,unresolved,,
results/stage12/llama_full_head_sweep/head_20/patching_results.csv,csv,5850,60,paper_relevant_noncritical,False,unresolved,,
results/stage12/llama_full_head_sweep/head_20/patching_summary.json,json,1531,,paper_relevant_noncritical,False,unresolved,,
results/stage12/llama_full_head_sweep/head_20/run_causal_patching_events.jsonl,jsonl,8432,22,paper_relevant_noncritical,False,unresolved,,
results/stage12/llama_full_head_sweep/head_21/patching_results.csv,csv,5905,60,paper_relevant_noncritical,False,unresolved,,
results/stage12/llama_full_head_sweep/head_21/patching_summary.json,json,1530,,paper_relevant_noncritical,False,unresolved,,
results/stage12/llama_full_head_sweep/head_21/run_causal_patching_events.jsonl,jsonl,8432,22,paper_relevant_noncritical,False,unresolved,,
results/stage12/llama_full_head_sweep/head_22/patching_results.csv,csv,5887,60,paper_relevant_noncritical,False,unresolved,,
results/stage12/llama_full_head_sweep/head_22/patching_summary.json,json,1565,,paper_relevant_noncritical,False,unresolved,,
results/stage12/llama_full_head_sweep/head_22/run_causal_patching_events.jsonl,jsonl,8432,22,paper_relevant_noncritical,False,unresolved,,
results/stage12/llama_full_head_sweep/head_23/patching_results.csv,csv,5958,60,paper_relevant_noncritical,False,unresolved,,
results/stage12/llama_full_head_sweep/head_23/patching_summary.json,json,1471,,paper_relevant_noncritical,False,unresolved,,
results/stage12/llama_full_head_sweep/head_23/run_causal_patching_events.jsonl,jsonl,8433,22,paper_relevant_noncritical,False,unresolved,,
results/stage12/llama_full_head_sweep/head_24/patching_results.csv,csv,5909,60,paper_relevant_noncritical,False,unresolved,,
results/stage12/llama_full_head_sweep/head_24/patching_summary.json,json,1552,,paper_relevant_noncritical,False,unresolved,,
results/stage12/llama_full_head_sweep/head_24/run_causal_patching_events.jsonl,jsonl,8433,22,paper_relevant_noncritical,False,unresolved,,
results/stage12/llama_full_head_sweep/head_25/patching_results.csv,csv,5911,60,paper_relevant_noncritical,False,unresolved,,
results/stage12/llama_full_head_sweep/head_25/patching_summary.json,json,1531,,paper_relevant_noncritical,False,unresolved,,
results/stage12/llama_full_head_sweep/head_25/run_causal_patching_events.jsonl,jsonl,8433,22,paper_relevant_noncritical,False,unresolved,,
results/stage12/llama_full_head_sweep/head_26/patching_results.csv,csv,5937,60,paper_relevant_noncritical,False,unresolved,,
results/stage12/llama_full_head_sweep/head_26/patching_summary.json,json,1526,,paper_relevant_noncritical,False,unresolved,,
results/stage12/llama_full_head_sweep/head_26/run_causal_patching_events.jsonl,jsonl,8432,22,paper_relevant_noncritical,False,unresolved,,
results/stage12/llama_full_head_sweep/head_27/patching_results.csv,csv,5823,60,paper_relevant_noncritical,False,unresolved,,
results/stage12/llama_full_head_sweep/head_27/patching_summary.json,json,1534,,paper_relevant_noncritical,False,unresolved,,
results/stage12/llama_full_head_sweep/head_27/run_causal_patching_events.jsonl,jsonl,8433,22,paper_relevant_noncritical,False,unresolved,,
results/stage12/llama_full_head_sweep/head_28/patching_results.csv,csv,5910,60,paper_relevant_noncritical,False,unresolved,,
results/stage12/llama_full_head_sweep/head_28/patching_summary.json,json,1531,,paper_relevant_noncritical,False,unresolved,,
results/stage12/llama_full_head_sweep/head_28/run_causal_patching_events.jsonl,jsonl,8433,22,paper_relevant_noncritical,False,unresolved,,
results/stage12/llama_full_head_sweep/head_29/patching_results.csv,csv,5919,60,paper_relevant_noncritical,False,unresolved,,
results/stage12/llama_full_head_sweep/head_29/patching_summary.json,json,1531,,paper_relevant_noncritical,False,unresolved,,
results/stage12/llama_full_head_sweep/head_29/run_causal_patching_events.jsonl,jsonl,8433,22,paper_relevant_noncritical,False,unresolved,,
results/stage12/llama_full_head_sweep/head_3/patching_results.csv,csv,5767,60,paper_relevant_noncritical,False,unresolved,,
results/stage12/llama_full_head_sweep/head_3/patching_summary.json,json,1528,,paper_relevant_noncritical,False,unresolved,,
results/stage12/llama_full_head_sweep/head_3/run_causal_patching_events.jsonl,jsonl,8429,22,paper_relevant_noncritical,False,unresolved,,
results/stage12/llama_full_head_sweep/head_30/patching_results.csv,csv,5884,60,paper_relevant_noncritical,False,unresolved,,
results/stage12/llama_full_head_sweep/head_30/patching_summary.json,json,1477,,paper_relevant_noncritical,False,unresolved,,
results/stage12/llama_full_head_sweep/head_30/run_causal_patching_events.jsonl,jsonl,8434,22,paper_relevant_noncritical,False,unresolved,,
results/stage12/llama_full_head_sweep/head_31/patching_results.csv,csv,5860,60,paper_relevant_noncritical,False,unresolved,,
results/stage12/llama_full_head_sweep/head_31/patching_summary.json,json,1570,,paper_relevant_noncritical,False,unresolved,,
results/stage12/llama_full_head_sweep/head_31/run_causal_patching_events.jsonl,jsonl,8434,22,paper_relevant_noncritical,False,unresolved,,
results/stage12/llama_full_head_sweep/head_4/patching_results.csv,csv,5789,60,paper_relevant_noncritical,False,unresolved,,
results/stage12/llama_full_head_sweep/head_4/patching_summary.json,json,1571,,paper_relevant_noncritical,False,unresolved,,
results/stage12/llama_full_head_sweep/head_4/run_causal_patching_events.jsonl,jsonl,8429,22,paper_relevant_noncritical,False,unresolved,,
results/stage12/llama_full_head_sweep/head_5/patching_results.csv,csv,5792,60,paper_relevant_noncritical,False,unresolved,,
results/stage12/llama_full_head_sweep/head_5/patching_summary.json,json,1454,,paper_relevant_noncritical,False,unresolved,,
results/stage12/llama_full_head_sweep/head_5/run_causal_patching_events.jsonl,jsonl,8428,22,paper_relevant_noncritical,False,unresolved,,
results/stage12/llama_full_head_sweep/head_6/patching_results.csv,csv,5781,60,paper_relevant_noncritical,False,unresolved,,
results/stage12/llama_full_head_sweep/head_6/patching_summary.json,json,1589,,paper_relevant_noncritical,False,unresolved,,
results/stage12/llama_full_head_sweep/head_6/run_causal_patching_events.jsonl,jsonl,8429,22,paper_relevant_noncritical,False,unresolved,,
results/stage12/llama_full_head_sweep/head_7/patching_results.csv,csv,5753,60,paper_relevant_noncritical,False,unresolved,,
results/stage12/llama_full_head_sweep/head_7/patching_summary.json,json,1530,,paper_relevant_noncritical,False,unresolved,,
results/stage12/llama_full_head_sweep/head_7/run_causal_patching_events.jsonl,jsonl,8430,22,paper_relevant_noncritical,False,unresolved,,
results/stage12/llama_full_head_sweep/head_8/patching_results.csv,csv,5826,60,paper_relevant_noncritical,False,unresolved,,
results/stage12/llama_full_head_sweep/head_8/patching_summary.json,json,1607,,paper_relevant_noncritical,False,unresolved,,
results/stage12/llama_full_head_sweep/head_8/run_causal_patching_events.jsonl,jsonl,8428,22,paper_relevant_noncritical,False,unresolved,,
results/stage12/llama_full_head_sweep/head_9/patching_results.csv,csv,5803,60,paper_relevant_noncritical,False,unresolved,,
results/stage12/llama_full_head_sweep/head_9/patching_summary.json,json,1511,,paper_relevant_noncritical,False,unresolved,,
results/stage12/llama_full_head_sweep/head_9/run_causal_patching_events.jsonl,jsonl,8429,22,paper_relevant_noncritical,False,unresolved,,
results/stage12/llama_full_head_sweep/head_sweep_summary.json,json,1559,,paper_relevant_noncritical,False,unresolved,,
results/stage12/llama_full_head_sweep/head_sweep_summary.partial.json,json,4336,,paper_relevant_noncritical,False,unresolved,,
results/stage12/llama_head2_combos/subset_2/patching_results.csv,csv,2003,20,paper_relevant_noncritical,False,unresolved,,
results/stage12/llama_head2_combos/subset_2/patching_summary.json,json,1296,,paper_relevant_noncritical,False,unresolved,,
results/stage12/llama_head2_combos/subset_2/run_causal_patching_events.jsonl,jsonl,8426,22,paper_relevant_noncritical,False,unresolved,,
results/stage12/llama_head2_combos/subset_2_10/patching_results.csv,csv,2117,20,paper_relevant_noncritical,False,unresolved,,
results/stage12/llama_head2_combos/subset_2_10/patching_summary.json,json,1323,,paper_relevant_noncritical,False,unresolved,,
results/stage12/llama_head2_combos/subset_2_10/run_causal_patching_events.jsonl,jsonl,8434,22,paper_relevant_noncritical,False,unresolved,,
results/stage12/llama_head2_combos/subset_2_10_23/patching_results.csv,csv,2178,20,paper_relevant_noncritical,False,unresolved,,
results/stage12/llama_head2_combos/subset_2_10_23/patching_summary.json,json,1331,,paper_relevant_noncritical,False,unresolved,,
results/stage12/llama_head2_combos/subset_2_10_23/run_causal_patching_events.jsonl,jsonl,8442,22,paper_relevant_noncritical,False,unresolved,,
results/stage12/llama_head2_combos/subset_2_10_23_9/patching_results.csv,csv,2194,20,paper_relevant_noncritical,False,unresolved,,
results/stage12/llama_head2_combos/subset_2_10_23_9/patching_summary.json,json,1336,,paper_relevant_noncritical,False,unresolved,,
results/stage12/llama_head2_combos/subset_2_10_23_9/run_causal_patching_events.jsonl,jsonl,8447,22,paper_relevant_noncritical,False,unresolved,,
results/stage12/llama_head2_combos/subset_2_23/patching_results.csv,csv,2132,20,paper_relevant_noncritical,False,unresolved,,
results/stage12/llama_head2_combos/subset_2_23/patching_summary.json,json,1321,,paper_relevant_noncritical,False,unresolved,,
results/stage12/llama_head2_combos/subset_2_23/run_causal_patching_events.jsonl,jsonl,8433,22,paper_relevant_noncritical,False,unresolved,,
results/stage12/qwen_14b/behavioural/family_summaries.jsonl,jsonl,42684,97,paper_relevant_noncritical,False,unresolved,,
results/stage12/qwen_14b/behavioural/prompt_records.jsonl,jsonl,327567,389,paper_relevant_noncritical,False,unresolved,,
results/stage12/qwen_14b/behavioural/qwen_14b_20260621T182905Z.jsonl,jsonl,370251,486,paper_relevant_noncritical,False,unresolved,,
results/stage12/qwen_14b/behavioural/run_behavioural_events.jsonl,jsonl,217135,487,paper_relevant_noncritical,False,unresolved,,
results/stage12/qwen_3b/behavioural/family_summaries.jsonl,jsonl,32316,73,paper_relevant_noncritical,False,unresolved,,
results/stage12/qwen_3b/behavioural/prompt_records.jsonl,jsonl,245899,295,paper_relevant_noncritical,False,unresolved,,
results/stage12/qwen_3b/behavioural/qwen_3b_20260621T093919Z.jsonl,jsonl,41037,56,paper_relevant_noncritical,False,unresolved,,
results/stage12/qwen_3b/behavioural/qwen_3b_20260621T125247Z.jsonl,jsonl,237178,312,paper_relevant_noncritical,False,unresolved,,
results/stage12/qwen_3b/behavioural/run_behavioural_events.jsonl,jsonl,164555,370,paper_relevant_noncritical,False,unresolved,,
results/stage12/science/cross_cue_layer_sweep/cross_cue_layer_sweep.json,json,10764,28,paper_relevant_noncritical,False,unresolved,,
results/stage12/science/cross_cue_layer_sweep/cross_cue_transfer_summary.json,json,471,,paper_relevant_noncritical,False,unresolved,,
results/stage12/science/cross_cue_layer_sweep/cue_a_weight_vector_layer0.npy,npy,28800,,paper_relevant_noncritical,False,unresolved,,
results/stage12/science/cross_cue_layer_sweep/cue_a_weight_vector_layer1.npy,npy,28800,,paper_relevant_noncritical,False,unresolved,,
results/stage12/science/cross_cue_layer_sweep/cue_a_weight_vector_layer10.npy,npy,28800,,paper_relevant_noncritical,False,unresolved,,
results/stage12/science/cross_cue_layer_sweep/cue_a_weight_vector_layer11.npy,npy,28800,,paper_relevant_noncritical,False,unresolved,,
results/stage12/science/cross_cue_layer_sweep/cue_a_weight_vector_layer12.npy,npy,28800,,paper_relevant_noncritical,False,unresolved,,
results/stage12/science/cross_cue_layer_sweep/cue_a_weight_vector_layer13.npy,npy,28800,,paper_relevant_noncritical,False,unresolved,,
results/stage12/science/cross_cue_layer_sweep/cue_a_weight_vector_layer14.npy,npy,28800,,paper_relevant_noncritical,False,unresolved,,
results/stage12/science/cross_cue_layer_sweep/cue_a_weight_vector_layer15.npy,npy,28800,,paper_relevant_noncritical,False,unresolved,,
results/stage12/science/cross_cue_layer_sweep/cue_a_weight_vector_layer16.npy,npy,28800,,paper_relevant_noncritical,False,unresolved,,
results/stage12/science/cross_cue_layer_sweep/cue_a_weight_vector_layer17.npy,npy,28800,,paper_relevant_noncritical,False,unresolved,,
results/stage12/science/cross_cue_layer_sweep/cue_a_weight_vector_layer18.npy,npy,28800,,paper_relevant_noncritical,False,unresolved,,
results/stage12/science/cross_cue_layer_sweep/cue_a_weight_vector_layer19.npy,npy,28800,,paper_relevant_noncritical,False,unresolved,,
results/stage12/science/cross_cue_layer_sweep/cue_a_weight_vector_layer2.npy,npy,28800,,paper_relevant_noncritical,False,unresolved,,
results/stage12/science/cross_cue_layer_sweep/cue_a_weight_vector_layer20.npy,npy,28800,,paper_relevant_noncritical,False,unresolved,,
results/stage12/science/cross_cue_layer_sweep/cue_a_weight_vector_layer21.npy,npy,28800,,paper_relevant_noncritical,False,unresolved,,
results/stage12/science/cross_cue_layer_sweep/cue_a_weight_vector_layer22.npy,npy,28800,,paper_relevant_noncritical,False,unresolved,,
results/stage12/science/cross_cue_layer_sweep/cue_a_weight_vector_layer23.npy,npy,28800,,paper_relevant_noncritical,False,unresolved,,
results/stage12/science/cross_cue_layer_sweep/cue_a_weight_vector_layer24.npy,npy,28800,,paper_relevant_noncritical,False,unresolved,,
results/stage12/science/cross_cue_layer_sweep/cue_a_weight_vector_layer25.npy,npy,28800,,paper_relevant_noncritical,False,unresolved,,
results/stage12/science/cross_cue_layer_sweep/cue_a_weight_vector_layer26.npy,npy,28800,,paper_relevant_noncritical,False,unresolved,,
results/stage12/science/cross_cue_layer_sweep/cue_a_weight_vector_layer27.npy,npy,28800,,paper_relevant_noncritical,False,unresolved,,
results/stage12/science/cross_cue_layer_sweep/cue_a_weight_vector_layer3.npy,npy,28800,,paper_relevant_noncritical,False,unresolved,,
results/stage12/science/cross_cue_layer_sweep/cue_a_weight_vector_layer4.npy,npy,28800,,paper_relevant_noncritical,False,unresolved,,
results/stage12/science/cross_cue_layer_sweep/cue_a_weight_vector_layer5.npy,npy,28800,,paper_relevant_noncritical,False,unresolved,,
results/stage12/science/cross_cue_layer_sweep/cue_a_weight_vector_layer6.npy,npy,28800,,paper_relevant_noncritical,False,unresolved,,
results/stage12/science/cross_cue_layer_sweep/cue_a_weight_vector_layer7.npy,npy,28800,,paper_relevant_noncritical,False,unresolved,,
results/stage12/science/cross_cue_layer_sweep/cue_a_weight_vector_layer8.npy,npy,28800,,paper_relevant_noncritical,False,unresolved,,
results/stage12/science/cross_cue_layer_sweep/cue_a_weight_vector_layer9.npy,npy,28800,,paper_relevant_noncritical,False,unresolved,,
results/stage12/science/cross_cue_layer_sweep/cue_b_weight_vector_layer0.npy,npy,28800,,paper_relevant_noncritical,False,unresolved,,
results/stage12/science/cross_cue_layer_sweep/cue_b_weight_vector_layer1.npy,npy,28800,,paper_relevant_noncritical,False,unresolved,,
results/stage12/science/cross_cue_layer_sweep/cue_b_weight_vector_layer10.npy,npy,28800,,paper_relevant_noncritical,False,unresolved,,
results/stage12/science/cross_cue_layer_sweep/cue_b_weight_vector_layer11.npy,npy,28800,,paper_relevant_noncritical,False,unresolved,,
results/stage12/science/cross_cue_layer_sweep/cue_b_weight_vector_layer12.npy,npy,28800,,paper_relevant_noncritical,False,unresolved,,
results/stage12/science/cross_cue_layer_sweep/cue_b_weight_vector_layer13.npy,npy,28800,,paper_relevant_noncritical,False,unresolved,,
results/stage12/science/cross_cue_layer_sweep/cue_b_weight_vector_layer14.npy,npy,28800,,paper_relevant_noncritical,False,unresolved,,
results/stage12/science/cross_cue_layer_sweep/cue_b_weight_vector_layer15.npy,npy,28800,,paper_relevant_noncritical,False,unresolved,,
results/stage12/science/cross_cue_layer_sweep/cue_b_weight_vector_layer16.npy,npy,28800,,paper_relevant_noncritical,False,unresolved,,
results/stage12/science/cross_cue_layer_sweep/cue_b_weight_vector_layer17.npy,npy,28800,,paper_relevant_noncritical,False,unresolved,,
results/stage12/science/cross_cue_layer_sweep/cue_b_weight_vector_layer18.npy,npy,28800,,paper_relevant_noncritical,False,unresolved,,
results/stage12/science/cross_cue_layer_sweep/cue_b_weight_vector_layer19.npy,npy,28800,,paper_relevant_noncritical,False,unresolved,,
results/stage12/science/cross_cue_layer_sweep/cue_b_weight_vector_layer2.npy,npy,28800,,paper_relevant_noncritical,False,unresolved,,
results/stage12/science/cross_cue_layer_sweep/cue_b_weight_vector_layer20.npy,npy,28800,,paper_relevant_noncritical,False,unresolved,,
results/stage12/science/cross_cue_layer_sweep/cue_b_weight_vector_layer21.npy,npy,28800,,paper_relevant_noncritical,False,unresolved,,
results/stage12/science/cross_cue_layer_sweep/cue_b_weight_vector_layer22.npy,npy,28800,,paper_relevant_noncritical,False,unresolved,,
results/stage12/science/cross_cue_layer_sweep/cue_b_weight_vector_layer23.npy,npy,28800,,paper_relevant_noncritical,False,unresolved,,
results/stage12/science/cross_cue_layer_sweep/cue_b_weight_vector_layer24.npy,npy,28800,,paper_relevant_noncritical,False,unresolved,,
results/stage12/science/cross_cue_layer_sweep/cue_b_weight_vector_layer25.npy,npy,28800,,paper_relevant_noncritical,False,unresolved,,
results/stage12/science/cross_cue_layer_sweep/cue_b_weight_vector_layer26.npy,npy,28800,,paper_relevant_noncritical,False,unresolved,,
results/stage12/science/cross_cue_layer_sweep/cue_b_weight_vector_layer27.npy,npy,28800,,paper_relevant_noncritical,False,unresolved,,
results/stage12/science/cross_cue_layer_sweep/cue_b_weight_vector_layer3.npy,npy,28800,,paper_relevant_noncritical,False,unresolved,,
results/stage12/science/cross_cue_layer_sweep/cue_b_weight_vector_layer4.npy,npy,28800,,paper_relevant_noncritical,False,unresolved,,
results/stage12/science/cross_cue_layer_sweep/cue_b_weight_vector_layer5.npy,npy,28800,,paper_relevant_noncritical,False,unresolved,,
results/stage12/science/cross_cue_layer_sweep/cue_b_weight_vector_layer6.npy,npy,28800,,paper_relevant_noncritical,False,unresolved,,
results/stage12/science/cross_cue_layer_sweep/cue_b_weight_vector_layer7.npy,npy,28800,,paper_relevant_noncritical,False,unresolved,,
results/stage12/science/cross_cue_layer_sweep/cue_b_weight_vector_layer8.npy,npy,28800,,paper_relevant_noncritical,False,unresolved,,
results/stage12/science/cross_cue_layer_sweep/cue_b_weight_vector_layer9.npy,npy,28800,,paper_relevant_noncritical,False,unresolved,,
results/stage12/science/donor_renamed/same_answer/run_causal_patching_events.jsonl,jsonl,430,1,paper_relevant_noncritical,False,unresolved,,
results/stage12/science/donor_renamed/same_answer/same_answer_donor_results.csv,csv,77,0,critical,True,resolved_documented_failure,stage12_donor_renamed_same_answer,
results/stage12/science/donor_renamed/same_answer/same_answer_donor_summary.json,json,182,,paper_relevant_noncritical,False,unresolved,,
results/stage12/science/donor_renamed/same_answer/same_answer_donor_summary_v4_correction.json,json,915,,paper_relevant_noncritical,False,unresolved,,
results/stage12/science/donor_renamed/stable/run_causal_patching_events.jsonl,jsonl,335,1,paper_relevant_noncritical,False,unresolved,,
results/stage12/science/donor_renamed/stable/stable_donor_results.csv,csv,77,0,critical,True,resolved_documented_failure,stage12_donor_renamed_stable,
results/stage12/science/donor_renamed/stable/stable_donor_summary.json,json,93,,paper_relevant_noncritical,False,unresolved,,
results/stage12/science/donor_renamed/stable/stable_donor_summary_v4_correction.json,json,885,,paper_relevant_noncritical,False,unresolved,,
results/stage12/science/donor_specificity/donor_specificity_summary.json,json,528,,paper_relevant_noncritical,False,unresolved,,
results/stage12/science/donor_specificity/donor_specificity_summary_v4_correction.json,json,1022,,paper_relevant_noncritical,False,unresolved,,
results/stage12/science/h11_h15_gating/gating_test_per_family.json,json,16727,40,paper_relevant_noncritical,False,unresolved,,
results/stage12/science/h11_h15_gating/gating_test_summary.json,json,394,,paper_relevant_noncritical,False,unresolved,,
results/stage12/science/h11_h15_gating/run_causal_patching_events.jsonl,jsonl,441,1,paper_relevant_noncritical,False,unresolved,,
results/stage12/science/head_output_probes/head14/head_output_probe_best_by_head.json,json,234,1,paper_relevant_noncritical,False,unresolved,,
results/stage12/science/head_output_probes/head14/head_output_probe_predictions.json,json,2525223,15120,paper_relevant_noncritical,False,unresolved,,
results/stage12/science/head_output_probes/head14/head_output_probe_summary.json,json,6508,28,paper_relevant_noncritical,False,unresolved,,
results/stage12/science/head_output_probes/head15/head_output_probe_best_by_head.json,json,235,1,paper_relevant_noncritical,False,unresolved,,
results/stage12/science/head_output_probes/head15/head_output_probe_predictions.json,json,2525831,15120,paper_relevant_noncritical,False,unresolved,,
results/stage12/science/head_output_probes/head15/head_output_probe_summary.json,json,6489,28,paper_relevant_noncritical,False,unresolved,,
results/stage12/science/multi_site_probe/multi_site_probe_predictions.json,json,78574,540,paper_relevant_noncritical,False,unresolved,,
results/stage12/science/multi_site_probe/multi_site_probe_summary.json,json,270,,paper_relevant_noncritical,False,unresolved,,
results/stage12/science/multi_site_probe/run_multi_site_probe_events.jsonl,jsonl,335,1,paper_relevant_noncritical,False,unresolved,,
results/stage13/benchmark_integrity/balance_audit.json,json,925,,diagnostic,False,unresolved,,
results/stage13/benchmark_integrity/balance_audit_v2.json,json,4134,,diagnostic,False,unresolved,,
results/stage13/benchmark_integrity/balance_audit_v3.json,json,5060,,diagnostic,False,unresolved,,
results/stage13/benchmark_integrity/balance_audit_v3_folds.csv,csv,17198,775,diagnostic,False,unresolved,,
results/stage13/benchmark_integrity/balance_audit_v3_predictions.csv,csv,5548,155,diagnostic,False,unresolved,,
results/stage13/benchmark_integrity/balance_audit_v5.json,json,4902,,diagnostic,False,unresolved,,
results/stage13/benchmark_integrity/balance_audit_v5_family_folds.csv,csv,7427,155,diagnostic,False,unresolved,,
results/stage13/benchmark_integrity/balance_audit_v5_predictions.csv,csv,17275,310,diagnostic,False,unresolved,,
results/stage13/benchmark_integrity/balance_audit_v5_template_folds.csv,csv,6187,155,diagnostic,False,unresolved,,
results/stage13/benchmark_integrity/balance_audit_v6.json,json,3230,,diagnostic,False,unresolved,,
results/stage13/benchmark_integrity/balance_audit_v6_family_predictions.csv,csv,8113,140,diagnostic,False,unresolved,,
results/stage13/benchmark_integrity/balance_audit_v6_groups.csv,csv,4058,72,diagnostic,False,unresolved,,
results/stage13/benchmark_integrity/balance_audit_v6_template_predictions.csv,csv,7530,140,diagnostic,False,unresolved,,
results/stage13/benchmark_integrity/certificate_generation_summary_v5.json,json,284,,diagnostic,False,unresolved,,
results/stage13/benchmark_integrity/certificate_generation_summary_v6.json,json,551,,diagnostic,False,unresolved,,
results/stage13/benchmark_integrity/donor_renamed_empty_panel_audit_v4.json,json,2193,,diagnostic,False,unresolved,,
results/stage13/benchmark_integrity/leakage_audit.json,json,223,,diagnostic,False,unresolved,,
results/stage13/benchmark_integrity/leakage_audit_v2.json,json,402,,diagnostic,False,unresolved,,
results/stage13/benchmark_integrity/leakage_audit_v3.json,json,555,,diagnostic,False,unresolved,,
results/stage13/benchmark_integrity/leakage_audit_v5.json,json,476,,diagnostic,False,unresolved,,
results/stage13/benchmark_integrity/leakage_audit_v6.json,json,823,,diagnostic,False,unresolved,,
results/stage13/benchmark_integrity/leakage_audit_v7.json,json,1871,,diagnostic,False,unresolved,,
results/stage13/benchmark_integrity/leakage_resolutions_v7.csv,csv,3228480,21072,diagnostic,False,unresolved,,
results/stage13/benchmark_integrity/leakage_review.csv,csv,16592,300,diagnostic,False,unresolved,,
results/stage13/benchmark_integrity/leakage_review_v2.csv,csv,3944,25,diagnostic,False,unresolved,,
results/stage13/benchmark_integrity/leakage_review_v3.csv,csv,222930,1604,diagnostic,False,unresolved,,
results/stage13/benchmark_integrity/leakage_review_v5.csv,csv,38255,456,diagnostic,False,unresolved,,
results/stage13/benchmark_integrity/leakage_review_v6.csv,csv,8250735,25360,diagnostic,False,unresolved,,
results/stage13/benchmark_integrity/leakage_review_v7.csv,csv,294648,2352,diagnostic,False,unresolved,,
results/stage13/benchmark_integrity/mutated_templates_v5/CM_A_001__algebraically_equivalent_expression.yaml,yaml,2488,,diagnostic,False,unresolved,,
results/stage13/benchmark_integrity/mutated_templates_v5/CM_A_001__assumption_removal.yaml,yaml,2410,,diagnostic,False,unresolved,,
results/stage13/benchmark_integrity/mutated_templates_v5/CM_A_001__dimensional_corruption.yaml,yaml,2479,,diagnostic,False,unresolved,,
results/stage13/benchmark_integrity/mutated_templates_v5/CM_A_001__equivalent_unit_formatting.yaml,yaml,2495,,diagnostic,False,unresolved,,
results/stage13/benchmark_integrity/mutated_templates_v5/CM_A_001__exact_noop_control.yaml,yaml,2470,,diagnostic,False,unresolved,,
results/stage13/benchmark_integrity/mutated_templates_v5/CM_A_001__harmless_serialization_formatting.yaml,yaml,2491,,diagnostic,False,unresolved,,
results/stage13/benchmark_integrity/mutated_templates_v5/CM_A_001__replace_governing_variable_with_cue.yaml,yaml,2604,,diagnostic,False,unresolved,,
results/stage13/benchmark_integrity/mutated_templates_v5/CM_A_001__semantics_preserving_variable_renaming.yaml,yaml,2503,,diagnostic,False,unresolved,,
results/stage13/benchmark_integrity/mutated_templates_v5/CM_A_001__sign_inversion_governing_expression.yaml,yaml,2493,,diagnostic,False,unresolved,,
results/stage13/benchmark_integrity/mutated_templates_v5/CM_A_001__target_quantity_change.yaml,yaml,2481,,diagnostic,False,unresolved,,
results/stage13/benchmark_integrity/mutated_templates_v5/CM_A_002__algebraically_equivalent_expression.yaml,yaml,2610,,diagnostic,False,unresolved,,
results/stage13/benchmark_integrity/mutated_templates_v5/CM_A_002__assumption_removal.yaml,yaml,2520,,diagnostic,False,unresolved,,
results/stage13/benchmark_integrity/mutated_templates_v5/CM_A_002__dimensional_corruption.yaml,yaml,2601,,diagnostic,False,unresolved,,
results/stage13/benchmark_integrity/mutated_templates_v5/CM_A_002__equivalent_unit_formatting.yaml,yaml,2617,,diagnostic,False,unresolved,,
results/stage13/benchmark_integrity/mutated_templates_v5/CM_A_002__exact_noop_control.yaml,yaml,2592,,diagnostic,False,unresolved,,
results/stage13/benchmark_integrity/mutated_templates_v5/CM_A_002__harmless_serialization_formatting.yaml,yaml,2617,,diagnostic,False,unresolved,,
results/stage13/benchmark_integrity/mutated_templates_v5/CM_A_002__replace_governing_variable_with_cue.yaml,yaml,2718,,diagnostic,False,unresolved,,
results/stage13/benchmark_integrity/mutated_templates_v5/CM_A_002__semantics_preserving_variable_renaming.yaml,yaml,2625,,diagnostic,False,unresolved,,
results/stage13/benchmark_integrity/mutated_templates_v5/CM_A_002__sign_inversion_governing_expression.yaml,yaml,2615,,diagnostic,False,unresolved,,
results/stage13/benchmark_integrity/mutated_templates_v5/CM_A_002__target_quantity_change.yaml,yaml,2603,,diagnostic,False,unresolved,,
results/stage13/benchmark_integrity/mutated_templates_v5/CM_A_003__algebraically_equivalent_expression.yaml,yaml,2000,,diagnostic,False,unresolved,,
results/stage13/benchmark_integrity/mutated_templates_v5/CM_A_003__assumption_removal.yaml,yaml,1942,,diagnostic,False,unresolved,,
results/stage13/benchmark_integrity/mutated_templates_v5/CM_A_003__dimensional_corruption.yaml,yaml,1991,,diagnostic,False,unresolved,,
results/stage13/benchmark_integrity/mutated_templates_v5/CM_A_003__equivalent_unit_formatting.yaml,yaml,2007,,diagnostic,False,unresolved,,
results/stage13/benchmark_integrity/mutated_templates_v5/CM_A_003__exact_noop_control.yaml,yaml,1982,,diagnostic,False,unresolved,,
results/stage13/benchmark_integrity/mutated_templates_v5/CM_A_003__harmless_serialization_formatting.yaml,yaml,2001,,diagnostic,False,unresolved,,
results/stage13/benchmark_integrity/mutated_templates_v5/CM_A_003__replace_governing_variable_with_cue.yaml,yaml,2104,,diagnostic,False,unresolved,,
results/stage13/benchmark_integrity/mutated_templates_v5/CM_A_003__semantics_preserving_variable_renaming.yaml,yaml,2015,,diagnostic,False,unresolved,,
results/stage13/benchmark_integrity/mutated_templates_v5/CM_A_003__sign_inversion_governing_expression.yaml,yaml,2005,,diagnostic,False,unresolved,,
results/stage13/benchmark_integrity/mutated_templates_v5/CM_A_003__target_quantity_change.yaml,yaml,1993,,diagnostic,False,unresolved,,
results/stage13/benchmark_integrity/mutated_templates_v5/CM_A_004__algebraically_equivalent_expression.yaml,yaml,2264,,diagnostic,False,unresolved,,
results/stage13/benchmark_integrity/mutated_templates_v5/CM_A_004__assumption_removal.yaml,yaml,2209,,diagnostic,False,unresolved,,
results/stage13/benchmark_integrity/mutated_templates_v5/CM_A_004__dimensional_corruption.yaml,yaml,2255,,diagnostic,False,unresolved,,
results/stage13/benchmark_integrity/mutated_templates_v5/CM_A_004__equivalent_unit_formatting.yaml,yaml,2271,,diagnostic,False,unresolved,,
results/stage13/benchmark_integrity/mutated_templates_v5/CM_A_004__exact_noop_control.yaml,yaml,2246,,diagnostic,False,unresolved,,
results/stage13/benchmark_integrity/mutated_templates_v5/CM_A_004__harmless_serialization_formatting.yaml,yaml,2264,,diagnostic,False,unresolved,,
results/stage13/benchmark_integrity/mutated_templates_v5/CM_A_004__replace_governing_variable_with_cue.yaml,yaml,2366,,diagnostic,False,unresolved,,
results/stage13/benchmark_integrity/mutated_templates_v5/CM_A_004__semantics_preserving_variable_renaming.yaml,yaml,2279,,diagnostic,False,unresolved,,
results/stage13/benchmark_integrity/mutated_templates_v5/CM_A_004__sign_inversion_governing_expression.yaml,yaml,2269,,diagnostic,False,unresolved,,
results/stage13/benchmark_integrity/mutated_templates_v5/CM_A_004__target_quantity_change.yaml,yaml,2257,,diagnostic,False,unresolved,,
results/stage13/benchmark_integrity/mutated_templates_v5/CM_A_005__algebraically_equivalent_expression.yaml,yaml,2660,,diagnostic,False,unresolved,,
results/stage13/benchmark_integrity/mutated_templates_v5/CM_A_005__assumption_removal.yaml,yaml,2577,,diagnostic,False,unresolved,,
results/stage13/benchmark_integrity/mutated_templates_v5/CM_A_005__dimensional_corruption.yaml,yaml,2651,,diagnostic,False,unresolved,,
results/stage13/benchmark_integrity/mutated_templates_v5/CM_A_005__equivalent_unit_formatting.yaml,yaml,2667,,diagnostic,False,unresolved,,
results/stage13/benchmark_integrity/mutated_templates_v5/CM_A_005__exact_noop_control.yaml,yaml,2642,,diagnostic,False,unresolved,,
results/stage13/benchmark_integrity/mutated_templates_v5/CM_A_005__harmless_serialization_formatting.yaml,yaml,2670,,diagnostic,False,unresolved,,
results/stage13/benchmark_integrity/mutated_templates_v5/CM_A_005__replace_governing_variable_with_cue.yaml,yaml,2768,,diagnostic,False,unresolved,,
results/stage13/benchmark_integrity/mutated_templates_v5/CM_A_005__semantics_preserving_variable_renaming.yaml,yaml,2675,,diagnostic,False,unresolved,,
results/stage13/benchmark_integrity/mutated_templates_v5/CM_A_005__sign_inversion_governing_expression.yaml,yaml,2665,,diagnostic,False,unresolved,,
results/stage13/benchmark_integrity/mutated_templates_v5/CM_A_005__target_quantity_change.yaml,yaml,2653,,diagnostic,False,unresolved,,
results/stage13/benchmark_integrity/mutated_templates_v5/CM_A_006__algebraically_equivalent_expression.yaml,yaml,2100,,diagnostic,False,unresolved,,
results/stage13/benchmark_integrity/mutated_templates_v5/CM_A_006__assumption_removal.yaml,yaml,2075,,diagnostic,False,unresolved,,
results/stage13/benchmark_integrity/mutated_templates_v5/CM_A_006__dimensional_corruption.yaml,yaml,2091,,diagnostic,False,unresolved,,
results/stage13/benchmark_integrity/mutated_templates_v5/CM_A_006__equivalent_unit_formatting.yaml,yaml,2107,,diagnostic,False,unresolved,,
results/stage13/benchmark_integrity/mutated_templates_v5/CM_A_006__exact_noop_control.yaml,yaml,2082,,diagnostic,False,unresolved,,
results/stage13/benchmark_integrity/mutated_templates_v5/CM_A_006__harmless_serialization_formatting.yaml,yaml,2104,,diagnostic,False,unresolved,,
results/stage13/benchmark_integrity/mutated_templates_v5/CM_A_006__replace_governing_variable_with_cue.yaml,yaml,2204,,diagnostic,False,unresolved,,
results/stage13/benchmark_integrity/mutated_templates_v5/CM_A_006__semantics_preserving_variable_renaming.yaml,yaml,2115,,diagnostic,False,unresolved,,
results/stage13/benchmark_integrity/mutated_templates_v5/CM_A_006__sign_inversion_governing_expression.yaml,yaml,2105,,diagnostic,False,unresolved,,
results/stage13/benchmark_integrity/mutated_templates_v5/CM_A_006__target_quantity_change.yaml,yaml,2093,,diagnostic,False,unresolved,,
results/stage13/benchmark_integrity/mutated_templates_v5/CM_A_007__algebraically_equivalent_expression.yaml,yaml,2221,,diagnostic,False,unresolved,,
results/stage13/benchmark_integrity/mutated_templates_v5/CM_A_007__assumption_removal.yaml,yaml,2165,,diagnostic,False,unresolved,,
results/stage13/benchmark_integrity/mutated_templates_v5/CM_A_007__dimensional_corruption.yaml,yaml,2212,,diagnostic,False,unresolved,,
results/stage13/benchmark_integrity/mutated_templates_v5/CM_A_007__equivalent_unit_formatting.yaml,yaml,2228,,diagnostic,False,unresolved,,
results/stage13/benchmark_integrity/mutated_templates_v5/CM_A_007__exact_noop_control.yaml,yaml,2203,,diagnostic,False,unresolved,,
results/stage13/benchmark_integrity/mutated_templates_v5/CM_A_007__harmless_serialization_formatting.yaml,yaml,2225,,diagnostic,False,unresolved,,
results/stage13/benchmark_integrity/mutated_templates_v5/CM_A_007__replace_governing_variable_with_cue.yaml,yaml,2325,,diagnostic,False,unresolved,,
results/stage13/benchmark_integrity/mutated_templates_v5/CM_A_007__semantics_preserving_variable_renaming.yaml,yaml,2236,,diagnostic,False,unresolved,,
results/stage13/benchmark_integrity/mutated_templates_v5/CM_A_007__sign_inversion_governing_expression.yaml,yaml,2226,,diagnostic,False,unresolved,,
results/stage13/benchmark_integrity/mutated_templates_v5/CM_A_007__target_quantity_change.yaml,yaml,2214,,diagnostic,False,unresolved,,
results/stage13/benchmark_integrity/mutated_templates_v5/CM_A_008__algebraically_equivalent_expression.yaml,yaml,2736,,diagnostic,False,unresolved,,
results/stage13/benchmark_integrity/mutated_templates_v5/CM_A_008__assumption_removal.yaml,yaml,2632,,diagnostic,False,unresolved,,
results/stage13/benchmark_integrity/mutated_templates_v5/CM_A_008__dimensional_corruption.yaml,yaml,2727,,diagnostic,False,unresolved,,
results/stage13/benchmark_integrity/mutated_templates_v5/CM_A_008__equivalent_unit_formatting.yaml,yaml,2743,,diagnostic,False,unresolved,,
results/stage13/benchmark_integrity/mutated_templates_v5/CM_A_008__exact_noop_control.yaml,yaml,2718,,diagnostic,False,unresolved,,
results/stage13/benchmark_integrity/mutated_templates_v5/CM_A_008__harmless_serialization_formatting.yaml,yaml,2743,,diagnostic,False,unresolved,,
results/stage13/benchmark_integrity/mutated_templates_v5/CM_A_008__replace_governing_variable_with_cue.yaml,yaml,2839,,diagnostic,False,unresolved,,
results/stage13/benchmark_integrity/mutated_templates_v5/CM_A_008__semantics_preserving_variable_renaming.yaml,yaml,2759,,diagnostic,False,unresolved,,
results/stage13/benchmark_integrity/mutated_templates_v5/CM_A_008__sign_inversion_governing_expression.yaml,yaml,2741,,diagnostic,False,unresolved,,
results/stage13/benchmark_integrity/mutated_templates_v5/CM_A_008__target_quantity_change.yaml,yaml,2729,,diagnostic,False,unresolved,,
results/stage13/benchmark_integrity/mutated_templates_v5/CM_A_009__algebraically_equivalent_expression.yaml,yaml,2180,,diagnostic,False,unresolved,,
results/stage13/benchmark_integrity/mutated_templates_v5/CM_A_009__assumption_removal.yaml,yaml,2138,,diagnostic,False,unresolved,,
results/stage13/benchmark_integrity/mutated_templates_v5/CM_A_009__dimensional_corruption.yaml,yaml,2171,,diagnostic,False,unresolved,,
results/stage13/benchmark_integrity/mutated_templates_v5/CM_A_009__equivalent_unit_formatting.yaml,yaml,2187,,diagnostic,False,unresolved,,
results/stage13/benchmark_integrity/mutated_templates_v5/CM_A_009__exact_noop_control.yaml,yaml,2162,,diagnostic,False,unresolved,,
results/stage13/benchmark_integrity/mutated_templates_v5/CM_A_009__harmless_serialization_formatting.yaml,yaml,2184,,diagnostic,False,unresolved,,
results/stage13/benchmark_integrity/mutated_templates_v5/CM_A_009__replace_governing_variable_with_cue.yaml,yaml,2298,,diagnostic,False,unresolved,,
results/stage13/benchmark_integrity/mutated_templates_v5/CM_A_009__semantics_preserving_variable_renaming.yaml,yaml,2195,,diagnostic,False,unresolved,,
results/stage13/benchmark_integrity/mutated_templates_v5/CM_A_009__sign_inversion_governing_expression.yaml,yaml,2185,,diagnostic,False,unresolved,,
results/stage13/benchmark_integrity/mutated_templates_v5/CM_A_009__target_quantity_change.yaml,yaml,2173,,diagnostic,False,unresolved,,
results/stage13/benchmark_integrity/mutated_templates_v5/CM_A_010__algebraically_equivalent_expression.yaml,yaml,2319,,diagnostic,False,unresolved,,
results/stage13/benchmark_integrity/mutated_templates_v5/CM_A_010__assumption_removal.yaml,yaml,2258,,diagnostic,False,unresolved,,
results/stage13/benchmark_integrity/mutated_templates_v5/CM_A_010__dimensional_corruption.yaml,yaml,2310,,diagnostic,False,unresolved,,
results/stage13/benchmark_integrity/mutated_templates_v5/CM_A_010__equivalent_unit_formatting.yaml,yaml,2326,,diagnostic,False,unresolved,,
results/stage13/benchmark_integrity/mutated_templates_v5/CM_A_010__exact_noop_control.yaml,yaml,2301,,diagnostic,False,unresolved,,
results/stage13/benchmark_integrity/mutated_templates_v5/CM_A_010__harmless_serialization_formatting.yaml,yaml,2323,,diagnostic,False,unresolved,,
results/stage13/benchmark_integrity/mutated_templates_v5/CM_A_010__replace_governing_variable_with_cue.yaml,yaml,2423,,diagnostic,False,unresolved,,
results/stage13/benchmark_integrity/mutated_templates_v5/CM_A_010__semantics_preserving_variable_renaming.yaml,yaml,2334,,diagnostic,False,unresolved,,
results/stage13/benchmark_integrity/mutated_templates_v5/CM_A_010__sign_inversion_governing_expression.yaml,yaml,2324,,diagnostic,False,unresolved,,
results/stage13/benchmark_integrity/mutated_templates_v5/CM_A_010__target_quantity_change.yaml,yaml,2312,,diagnostic,False,unresolved,,
results/stage13/benchmark_integrity/mutated_templates_v5/CM_A_STD_001__algebraically_equivalent_expression.yaml,yaml,2338,,diagnostic,False,unresolved,,
results/stage13/benchmark_integrity/mutated_templates_v5/CM_A_STD_001__assumption_removal.yaml,yaml,2367,,diagnostic,False,unresolved,,
results/stage13/benchmark_integrity/mutated_templates_v5/CM_A_STD_001__dimensional_corruption.yaml,yaml,2329,,diagnostic,False,unresolved,,
results/stage13/benchmark_integrity/mutated_templates_v5/CM_A_STD_001__equivalent_unit_formatting.yaml,yaml,2345,,diagnostic,False,unresolved,,
results/stage13/benchmark_integrity/mutated_templates_v5/CM_A_STD_001__exact_noop_control.yaml,yaml,2320,,diagnostic,False,unresolved,,
results/stage13/benchmark_integrity/mutated_templates_v5/CM_A_STD_001__harmless_serialization_formatting.yaml,yaml,2338,,diagnostic,False,unresolved,,
results/stage13/benchmark_integrity/mutated_templates_v5/CM_A_STD_001__replace_governing_variable_with_cue.yaml,yaml,2460,,diagnostic,False,unresolved,,
results/stage13/benchmark_integrity/mutated_templates_v5/CM_A_STD_001__semantics_preserving_variable_renaming.yaml,yaml,2353,,diagnostic,False,unresolved,,
results/stage13/benchmark_integrity/mutated_templates_v5/CM_A_STD_001__sign_inversion_governing_expression.yaml,yaml,2343,,diagnostic,False,unresolved,,
results/stage13/benchmark_integrity/mutated_templates_v5/CM_A_STD_001__target_quantity_change.yaml,yaml,2331,,diagnostic,False,unresolved,,
results/stage13/benchmark_integrity/mutated_templates_v5/CM_A_STD_002__algebraically_equivalent_expression.yaml,yaml,2451,,diagnostic,False,unresolved,,
results/stage13/benchmark_integrity/mutated_templates_v5/CM_A_STD_002__assumption_removal.yaml,yaml,2506,,diagnostic,False,unresolved,,
results/stage13/benchmark_integrity/mutated_templates_v5/CM_A_STD_002__dimensional_corruption.yaml,yaml,2442,,diagnostic,False,unresolved,,
results/stage13/benchmark_integrity/mutated_templates_v5/CM_A_STD_002__equivalent_unit_formatting.yaml,yaml,2458,,diagnostic,False,unresolved,,
results/stage13/benchmark_integrity/mutated_templates_v5/CM_A_STD_002__exact_noop_control.yaml,yaml,2433,,diagnostic,False,unresolved,,
results/stage13/benchmark_integrity/mutated_templates_v5/CM_A_STD_002__harmless_serialization_formatting.yaml,yaml,2455,,diagnostic,False,unresolved,,
results/stage13/benchmark_integrity/mutated_templates_v5/CM_A_STD_002__replace_governing_variable_with_cue.yaml,yaml,2581,,diagnostic,False,unresolved,,
results/stage13/benchmark_integrity/mutated_templates_v5/CM_A_STD_002__semantics_preserving_variable_renaming.yaml,yaml,2466,,diagnostic,False,unresolved,,
results/stage13/benchmark_integrity/mutated_templates_v5/CM_A_STD_002__sign_inversion_governing_expression.yaml,yaml,2456,,diagnostic,False,unresolved,,
results/stage13/benchmark_integrity/mutated_templates_v5/CM_A_STD_002__target_quantity_change.yaml,yaml,2444,,diagnostic,False,unresolved,,
results/stage13/benchmark_integrity/mutated_templates_v5/CM_A_STD_003__algebraically_equivalent_expression.yaml,yaml,2066,,diagnostic,False,unresolved,,
results/stage13/benchmark_integrity/mutated_templates_v5/CM_A_STD_003__assumption_removal.yaml,yaml,2127,,diagnostic,False,unresolved,,
results/stage13/benchmark_integrity/mutated_templates_v5/CM_A_STD_003__dimensional_corruption.yaml,yaml,2057,,diagnostic,False,unresolved,,
results/stage13/benchmark_integrity/mutated_templates_v5/CM_A_STD_003__equivalent_unit_formatting.yaml,yaml,2073,,diagnostic,False,unresolved,,
results/stage13/benchmark_integrity/mutated_templates_v5/CM_A_STD_003__exact_noop_control.yaml,yaml,2048,,diagnostic,False,unresolved,,
results/stage13/benchmark_integrity/mutated_templates_v5/CM_A_STD_003__harmless_serialization_formatting.yaml,yaml,2063,,diagnostic,False,unresolved,,
results/stage13/benchmark_integrity/mutated_templates_v5/CM_A_STD_003__replace_governing_variable_with_cue.yaml,yaml,2186,,diagnostic,False,unresolved,,
results/stage13/benchmark_integrity/mutated_templates_v5/CM_A_STD_003__semantics_preserving_variable_renaming.yaml,yaml,2081,,diagnostic,False,unresolved,,
results/stage13/benchmark_integrity/mutated_templates_v5/CM_A_STD_003__sign_inversion_governing_expression.yaml,yaml,2071,,diagnostic,False,unresolved,,
results/stage13/benchmark_integrity/mutated_templates_v5/CM_A_STD_003__target_quantity_change.yaml,yaml,2059,,diagnostic,False,unresolved,,
results/stage13/benchmark_integrity/mutated_templates_v5/CM_A_STD_011__algebraically_equivalent_expression.yaml,yaml,2113,,diagnostic,False,unresolved,,
results/stage13/benchmark_integrity/mutated_templates_v5/CM_A_STD_011__assumption_removal.yaml,yaml,2193,,diagnostic,False,unresolved,,
results/stage13/benchmark_integrity/mutated_templates_v5/CM_A_STD_011__dimensional_corruption.yaml,yaml,2104,,diagnostic,False,unresolved,,
results/stage13/benchmark_integrity/mutated_templates_v5/CM_A_STD_011__equivalent_unit_formatting.yaml,yaml,2120,,diagnostic,False,unresolved,,
results/stage13/benchmark_integrity/mutated_templates_v5/CM_A_STD_011__exact_noop_control.yaml,yaml,2095,,diagnostic,False,unresolved,,
results/stage13/benchmark_integrity/mutated_templates_v5/CM_A_STD_011__harmless_serialization_formatting.yaml,yaml,2117,,diagnostic,False,unresolved,,
results/stage13/benchmark_integrity/mutated_templates_v5/CM_A_STD_011__replace_governing_variable_with_cue.yaml,yaml,2239,,diagnostic,False,unresolved,,
results/stage13/benchmark_integrity/mutated_templates_v5/CM_A_STD_011__semantics_preserving_variable_renaming.yaml,yaml,2128,,diagnostic,False,unresolved,,
results/stage13/benchmark_integrity/mutated_templates_v5/CM_A_STD_011__sign_inversion_governing_expression.yaml,yaml,2118,,diagnostic,False,unresolved,,
results/stage13/benchmark_integrity/mutated_templates_v5/CM_A_STD_011__target_quantity_change.yaml,yaml,2106,,diagnostic,False,unresolved,,
results/stage13/benchmark_integrity/mutated_templates_v5/CM_A_STD_012__algebraically_equivalent_expression.yaml,yaml,2182,,diagnostic,False,unresolved,,
results/stage13/benchmark_integrity/mutated_templates_v5/CM_A_STD_012__assumption_removal.yaml,yaml,2267,,diagnostic,False,unresolved,,
results/stage13/benchmark_integrity/mutated_templates_v5/CM_A_STD_012__dimensional_corruption.yaml,yaml,2173,,diagnostic,False,unresolved,,
results/stage13/benchmark_integrity/mutated_templates_v5/CM_A_STD_012__equivalent_unit_formatting.yaml,yaml,2189,,diagnostic,False,unresolved,,
results/stage13/benchmark_integrity/mutated_templates_v5/CM_A_STD_012__exact_noop_control.yaml,yaml,2164,,diagnostic,False,unresolved,,
results/stage13/benchmark_integrity/mutated_templates_v5/CM_A_STD_012__harmless_serialization_formatting.yaml,yaml,2186,,diagnostic,False,unresolved,,
results/stage13/benchmark_integrity/mutated_templates_v5/CM_A_STD_012__replace_governing_variable_with_cue.yaml,yaml,2316,,diagnostic,False,unresolved,,
results/stage13/benchmark_integrity/mutated_templates_v5/CM_A_STD_012__semantics_preserving_variable_renaming.yaml,yaml,2197,,diagnostic,False,unresolved,,
results/stage13/benchmark_integrity/mutated_templates_v5/CM_A_STD_012__sign_inversion_governing_expression.yaml,yaml,2187,,diagnostic,False,unresolved,,
results/stage13/benchmark_integrity/mutated_templates_v5/CM_A_STD_012__target_quantity_change.yaml,yaml,2175,,diagnostic,False,unresolved,,
results/stage13/benchmark_integrity/mutated_templates_v5/CM_A_STD_017__algebraically_equivalent_expression.yaml,yaml,2334,,diagnostic,False,unresolved,,
results/stage13/benchmark_integrity/mutated_templates_v5/CM_A_STD_017__assumption_removal.yaml,yaml,2388,,diagnostic,False,unresolved,,
results/stage13/benchmark_integrity/mutated_templates_v5/CM_A_STD_017__dimensional_corruption.yaml,yaml,2325,,diagnostic,False,unresolved,,
results/stage13/benchmark_integrity/mutated_templates_v5/CM_A_STD_017__equivalent_unit_formatting.yaml,yaml,2343,,diagnostic,False,unresolved,,
results/stage13/benchmark_integrity/mutated_templates_v5/CM_A_STD_017__exact_noop_control.yaml,yaml,2316,,diagnostic,False,unresolved,,
results/stage13/benchmark_integrity/mutated_templates_v5/CM_A_STD_017__harmless_serialization_formatting.yaml,yaml,2338,,diagnostic,False,unresolved,,
results/stage13/benchmark_integrity/mutated_templates_v5/CM_A_STD_017__replace_governing_variable_with_cue.yaml,yaml,2458,,diagnostic,False,unresolved,,
results/stage13/benchmark_integrity/mutated_templates_v5/CM_A_STD_017__semantics_preserving_variable_renaming.yaml,yaml,2349,,diagnostic,False,unresolved,,
results/stage13/benchmark_integrity/mutated_templates_v5/CM_A_STD_017__sign_inversion_governing_expression.yaml,yaml,2339,,diagnostic,False,unresolved,,
results/stage13/benchmark_integrity/mutated_templates_v5/CM_A_STD_017__target_quantity_change.yaml,yaml,2329,,diagnostic,False,unresolved,,
results/stage13/benchmark_integrity/mutated_templates_v5/CM_A_STD_018__algebraically_equivalent_expression.yaml,yaml,2555,,diagnostic,False,unresolved,,
results/stage13/benchmark_integrity/mutated_templates_v5/CM_A_STD_018__assumption_removal.yaml,yaml,2618,,diagnostic,False,unresolved,,
results/stage13/benchmark_integrity/mutated_templates_v5/CM_A_STD_018__dimensional_corruption.yaml,yaml,2546,,diagnostic,False,unresolved,,
results/stage13/benchmark_integrity/mutated_templates_v5/CM_A_STD_018__equivalent_unit_formatting.yaml,yaml,2574,,diagnostic,False,unresolved,,
results/stage13/benchmark_integrity/mutated_templates_v5/CM_A_STD_018__exact_noop_control.yaml,yaml,2537,,diagnostic,False,unresolved,,
results/stage13/benchmark_integrity/mutated_templates_v5/CM_A_STD_018__harmless_serialization_formatting.yaml,yaml,2555,,diagnostic,False,unresolved,,
results/stage13/benchmark_integrity/mutated_templates_v5/CM_A_STD_018__replace_governing_variable_with_cue.yaml,yaml,2687,,diagnostic,False,unresolved,,
results/stage13/benchmark_integrity/mutated_templates_v5/CM_A_STD_018__semantics_preserving_variable_renaming.yaml,yaml,2570,,diagnostic,False,unresolved,,
results/stage13/benchmark_integrity/mutated_templates_v5/CM_A_STD_018__sign_inversion_governing_expression.yaml,yaml,2560,,diagnostic,False,unresolved,,
results/stage13/benchmark_integrity/mutated_templates_v5/CM_A_STD_018__target_quantity_change.yaml,yaml,2560,,diagnostic,False,unresolved,,
results/stage13/benchmark_integrity/mutated_templates_v5/CM_B_001__algebraically_equivalent_expression.yaml,yaml,2807,,diagnostic,False,unresolved,,
results/stage13/benchmark_integrity/mutated_templates_v5/CM_B_001__assumption_removal.yaml,yaml,2699,,diagnostic,False,unresolved,,
results/stage13/benchmark_integrity/mutated_templates_v5/CM_B_001__dimensional_corruption.yaml,yaml,2798,,diagnostic,False,unresolved,,
results/stage13/benchmark_integrity/mutated_templates_v5/CM_B_001__equivalent_unit_formatting.yaml,yaml,2814,,diagnostic,False,unresolved,,
results/stage13/benchmark_integrity/mutated_templates_v5/CM_B_001__exact_noop_control.yaml,yaml,2789,,diagnostic,False,unresolved,,
results/stage13/benchmark_integrity/mutated_templates_v5/CM_B_001__harmless_serialization_formatting.yaml,yaml,2812,,diagnostic,False,unresolved,,
results/stage13/benchmark_integrity/mutated_templates_v5/CM_B_001__replace_governing_variable_with_cue.yaml,yaml,2901,,diagnostic,False,unresolved,,
results/stage13/benchmark_integrity/mutated_templates_v5/CM_B_001__semantics_preserving_variable_renaming.yaml,yaml,2822,,diagnostic,False,unresolved,,
results/stage13/benchmark_integrity/mutated_templates_v5/CM_B_001__sign_inversion_governing_expression.yaml,yaml,2812,,diagnostic,False,unresolved,,
results/stage13/benchmark_integrity/mutated_templates_v5/CM_B_001__target_quantity_change.yaml,yaml,2800,,diagnostic,False,unresolved,,
results/stage13/benchmark_integrity/mutated_templates_v5/CM_B_002__algebraically_equivalent_expression.yaml,yaml,2673,,diagnostic,False,unresolved,,
results/stage13/benchmark_integrity/mutated_templates_v5/CM_B_002__assumption_removal.yaml,yaml,2580,,diagnostic,False,unresolved,,
results/stage13/benchmark_integrity/mutated_templates_v5/CM_B_002__dimensional_corruption.yaml,yaml,2664,,diagnostic,False,unresolved,,
results/stage13/benchmark_integrity/mutated_templates_v5/CM_B_002__equivalent_unit_formatting.yaml,yaml,2680,,diagnostic,False,unresolved,,
results/stage13/benchmark_integrity/mutated_templates_v5/CM_B_002__exact_noop_control.yaml,yaml,2655,,diagnostic,False,unresolved,,
results/stage13/benchmark_integrity/mutated_templates_v5/CM_B_002__harmless_serialization_formatting.yaml,yaml,2679,,diagnostic,False,unresolved,,
results/stage13/benchmark_integrity/mutated_templates_v5/CM_B_002__replace_governing_variable_with_cue.yaml,yaml,2772,,diagnostic,False,unresolved,,
results/stage13/benchmark_integrity/mutated_templates_v5/CM_B_002__semantics_preserving_variable_renaming.yaml,yaml,2688,,diagnostic,False,unresolved,,
results/stage13/benchmark_integrity/mutated_templates_v5/CM_B_002__sign_inversion_governing_expression.yaml,yaml,2678,,diagnostic,False,unresolved,,
results/stage13/benchmark_integrity/mutated_templates_v5/CM_B_002__target_quantity_change.yaml,yaml,2666,,diagnostic,False,unresolved,,
results/stage13/benchmark_integrity/mutated_templates_v5/CM_B_STD_007__algebraically_equivalent_expression.yaml,yaml,2737,,diagnostic,False,unresolved,,
results/stage13/benchmark_integrity/mutated_templates_v5/CM_B_STD_007__assumption_removal.yaml,yaml,2683,,diagnostic,False,unresolved,,
results/stage13/benchmark_integrity/mutated_templates_v5/CM_B_STD_007__dimensional_corruption.yaml,yaml,2728,,diagnostic,False,unresolved,,
results/stage13/benchmark_integrity/mutated_templates_v5/CM_B_STD_007__equivalent_unit_formatting.yaml,yaml,2746,,diagnostic,False,unresolved,,
results/stage13/benchmark_integrity/mutated_templates_v5/CM_B_STD_007__exact_noop_control.yaml,yaml,2719,,diagnostic,False,unresolved,,
results/stage13/benchmark_integrity/mutated_templates_v5/CM_B_STD_007__harmless_serialization_formatting.yaml,yaml,2744,,diagnostic,False,unresolved,,
results/stage13/benchmark_integrity/mutated_templates_v5/CM_B_STD_007__replace_governing_variable_with_cue.yaml,yaml,2844,,diagnostic,False,unresolved,,
results/stage13/benchmark_integrity/mutated_templates_v5/CM_B_STD_007__semantics_preserving_variable_renaming.yaml,yaml,2752,,diagnostic,False,unresolved,,
results/stage13/benchmark_integrity/mutated_templates_v5/CM_B_STD_007__sign_inversion_governing_expression.yaml,yaml,2742,,diagnostic,False,unresolved,,
results/stage13/benchmark_integrity/mutated_templates_v5/CM_B_STD_007__target_quantity_change.yaml,yaml,2732,,diagnostic,False,unresolved,,
results/stage13/benchmark_integrity/mutated_templates_v5/CM_B_STD_008__algebraically_equivalent_expression.yaml,yaml,2653,,diagnostic,False,unresolved,,
results/stage13/benchmark_integrity/mutated_templates_v5/CM_B_STD_008__assumption_removal.yaml,yaml,2587,,diagnostic,False,unresolved,,
results/stage13/benchmark_integrity/mutated_templates_v5/CM_B_STD_008__dimensional_corruption.yaml,yaml,2644,,diagnostic,False,unresolved,,
results/stage13/benchmark_integrity/mutated_templates_v5/CM_B_STD_008__equivalent_unit_formatting.yaml,yaml,2662,,diagnostic,False,unresolved,,
results/stage13/benchmark_integrity/mutated_templates_v5/CM_B_STD_008__exact_noop_control.yaml,yaml,2635,,diagnostic,False,unresolved,,
results/stage13/benchmark_integrity/mutated_templates_v5/CM_B_STD_008__harmless_serialization_formatting.yaml,yaml,2660,,diagnostic,False,unresolved,,
results/stage13/benchmark_integrity/mutated_templates_v5/CM_B_STD_008__replace_governing_variable_with_cue.yaml,yaml,2749,,diagnostic,False,unresolved,,
results/stage13/benchmark_integrity/mutated_templates_v5/CM_B_STD_008__semantics_preserving_variable_renaming.yaml,yaml,2668,,diagnostic,False,unresolved,,
results/stage13/benchmark_integrity/mutated_templates_v5/CM_B_STD_008__sign_inversion_governing_expression.yaml,yaml,2658,,diagnostic,False,unresolved,,
results/stage13/benchmark_integrity/mutated_templates_v5/CM_B_STD_008__target_quantity_change.yaml,yaml,2648,,diagnostic,False,unresolved,,
results/stage13/benchmark_integrity/mutated_templates_v5/CM_B_STD_010__algebraically_equivalent_expression.yaml,yaml,2817,,diagnostic,False,unresolved,,
results/stage13/benchmark_integrity/mutated_templates_v5/CM_B_STD_010__assumption_removal.yaml,yaml,2788,,diagnostic,False,unresolved,,
results/stage13/benchmark_integrity/mutated_templates_v5/CM_B_STD_010__dimensional_corruption.yaml,yaml,2808,,diagnostic,False,unresolved,,
results/stage13/benchmark_integrity/mutated_templates_v5/CM_B_STD_010__equivalent_unit_formatting.yaml,yaml,2834,,diagnostic,False,unresolved,,
results/stage13/benchmark_integrity/mutated_templates_v5/CM_B_STD_010__exact_noop_control.yaml,yaml,2799,,diagnostic,False,unresolved,,
results/stage13/benchmark_integrity/mutated_templates_v5/CM_B_STD_010__harmless_serialization_formatting.yaml,yaml,2824,,diagnostic,False,unresolved,,
results/stage13/benchmark_integrity/mutated_templates_v5/CM_B_STD_010__replace_governing_variable_with_cue.yaml,yaml,2908,,diagnostic,False,unresolved,,
results/stage13/benchmark_integrity/mutated_templates_v5/CM_B_STD_010__semantics_preserving_variable_renaming.yaml,yaml,2832,,diagnostic,False,unresolved,,
results/stage13/benchmark_integrity/mutated_templates_v5/CM_B_STD_010__sign_inversion_governing_expression.yaml,yaml,2822,,diagnostic,False,unresolved,,
results/stage13/benchmark_integrity/mutated_templates_v5/CM_B_STD_010__target_quantity_change.yaml,yaml,2820,,diagnostic,False,unresolved,,
results/stage13/benchmark_integrity/mutated_templates_v5/CM_B_STD_011__algebraically_equivalent_expression.yaml,yaml,2834,,diagnostic,False,unresolved,,
results/stage13/benchmark_integrity/mutated_templates_v5/CM_B_STD_011__assumption_removal.yaml,yaml,2774,,diagnostic,False,unresolved,,
results/stage13/benchmark_integrity/mutated_templates_v5/CM_B_STD_011__dimensional_corruption.yaml,yaml,2825,,diagnostic,False,unresolved,,
results/stage13/benchmark_integrity/mutated_templates_v5/CM_B_STD_011__equivalent_unit_formatting.yaml,yaml,2852,,diagnostic,False,unresolved,,
results/stage13/benchmark_integrity/mutated_templates_v5/CM_B_STD_011__exact_noop_control.yaml,yaml,2816,,diagnostic,False,unresolved,,
results/stage13/benchmark_integrity/mutated_templates_v5/CM_B_STD_011__harmless_serialization_formatting.yaml,yaml,2841,,diagnostic,False,unresolved,,
results/stage13/benchmark_integrity/mutated_templates_v5/CM_B_STD_011__replace_governing_variable_with_cue.yaml,yaml,2925,,diagnostic,False,unresolved,,
results/stage13/benchmark_integrity/mutated_templates_v5/CM_B_STD_011__semantics_preserving_variable_renaming.yaml,yaml,2849,,diagnostic,False,unresolved,,
results/stage13/benchmark_integrity/mutated_templates_v5/CM_B_STD_011__sign_inversion_governing_expression.yaml,yaml,2839,,diagnostic,False,unresolved,,
results/stage13/benchmark_integrity/mutated_templates_v5/CM_B_STD_011__target_quantity_change.yaml,yaml,2838,,diagnostic,False,unresolved,,
results/stage13/benchmark_integrity/mutated_templates_v5/CM_B_UM_061__algebraically_equivalent_expression.yaml,yaml,2388,,diagnostic,False,unresolved,,
results/stage13/benchmark_integrity/mutated_templates_v5/CM_B_UM_061__assumption_removal.yaml,yaml,2424,,diagnostic,False,unresolved,,
results/stage13/benchmark_integrity/mutated_templates_v5/CM_B_UM_061__dimensional_corruption.yaml,yaml,2379,,diagnostic,False,unresolved,,
results/stage13/benchmark_integrity/mutated_templates_v5/CM_B_UM_061__equivalent_unit_formatting.yaml,yaml,2395,,diagnostic,False,unresolved,,
results/stage13/benchmark_integrity/mutated_templates_v5/CM_B_UM_061__exact_noop_control.yaml,yaml,2370,,diagnostic,False,unresolved,,
results/stage13/benchmark_integrity/mutated_templates_v5/CM_B_UM_061__harmless_serialization_formatting.yaml,yaml,2388,,diagnostic,False,unresolved,,
results/stage13/benchmark_integrity/mutated_templates_v5/CM_B_UM_061__replace_governing_variable_with_cue.yaml,yaml,2513,,diagnostic,False,unresolved,,
results/stage13/benchmark_integrity/mutated_templates_v5/CM_B_UM_061__semantics_preserving_variable_renaming.yaml,yaml,2403,,diagnostic,False,unresolved,,
results/stage13/benchmark_integrity/mutated_templates_v5/CM_B_UM_061__sign_inversion_governing_expression.yaml,yaml,2393,,diagnostic,False,unresolved,,
results/stage13/benchmark_integrity/mutated_templates_v5/CM_B_UM_061__target_quantity_change.yaml,yaml,2381,,diagnostic,False,unresolved,,
results/stage13/benchmark_integrity/mutated_templates_v5/CM_B_UM_062__algebraically_equivalent_expression.yaml,yaml,2277,,diagnostic,False,unresolved,,
results/stage13/benchmark_integrity/mutated_templates_v5/CM_B_UM_062__assumption_removal.yaml,yaml,2315,,diagnostic,False,unresolved,,
results/stage13/benchmark_integrity/mutated_templates_v5/CM_B_UM_062__dimensional_corruption.yaml,yaml,2268,,diagnostic,False,unresolved,,
results/stage13/benchmark_integrity/mutated_templates_v5/CM_B_UM_062__equivalent_unit_formatting.yaml,yaml,2284,,diagnostic,False,unresolved,,
results/stage13/benchmark_integrity/mutated_templates_v5/CM_B_UM_062__exact_noop_control.yaml,yaml,2259,,diagnostic,False,unresolved,,
results/stage13/benchmark_integrity/mutated_templates_v5/CM_B_UM_062__harmless_serialization_formatting.yaml,yaml,2280,,diagnostic,False,unresolved,,
results/stage13/benchmark_integrity/mutated_templates_v5/CM_B_UM_062__replace_governing_variable_with_cue.yaml,yaml,2394,,diagnostic,False,unresolved,,
results/stage13/benchmark_integrity/mutated_templates_v5/CM_B_UM_062__semantics_preserving_variable_renaming.yaml,yaml,2292,,diagnostic,False,unresolved,,
results/stage13/benchmark_integrity/mutated_templates_v5/CM_B_UM_062__sign_inversion_governing_expression.yaml,yaml,2282,,diagnostic,False,unresolved,,
results/stage13/benchmark_integrity/mutated_templates_v5/CM_B_UM_062__target_quantity_change.yaml,yaml,2270,,diagnostic,False,unresolved,,
results/stage13/benchmark_integrity/mutated_templates_v5/CM_C_001__algebraically_equivalent_expression.yaml,yaml,2078,,diagnostic,False,unresolved,,
results/stage13/benchmark_integrity/mutated_templates_v5/CM_C_001__assumption_removal.yaml,yaml,2106,,diagnostic,False,unresolved,,
results/stage13/benchmark_integrity/mutated_templates_v5/CM_C_001__dimensional_corruption.yaml,yaml,2069,,diagnostic,False,unresolved,,
results/stage13/benchmark_integrity/mutated_templates_v5/CM_C_001__equivalent_unit_formatting.yaml,yaml,2085,,diagnostic,False,unresolved,,
results/stage13/benchmark_integrity/mutated_templates_v5/CM_C_001__exact_noop_control.yaml,yaml,2060,,diagnostic,False,unresolved,,
results/stage13/benchmark_integrity/mutated_templates_v5/CM_C_001__harmless_serialization_formatting.yaml,yaml,2077,,diagnostic,False,unresolved,,
results/stage13/benchmark_integrity/mutated_templates_v5/CM_C_001__replace_governing_variable_with_cue.yaml,yaml,2191,,diagnostic,False,unresolved,,
results/stage13/benchmark_integrity/mutated_templates_v5/CM_C_001__semantics_preserving_variable_renaming.yaml,yaml,2093,,diagnostic,False,unresolved,,
results/stage13/benchmark_integrity/mutated_templates_v5/CM_C_001__sign_inversion_governing_expression.yaml,yaml,2083,,diagnostic,False,unresolved,,
results/stage13/benchmark_integrity/mutated_templates_v5/CM_C_001__target_quantity_change.yaml,yaml,2071,,diagnostic,False,unresolved,,
results/stage13/benchmark_integrity/mutated_templates_v5/CM_C_002__algebraically_equivalent_expression.yaml,yaml,2050,,diagnostic,False,unresolved,,
results/stage13/benchmark_integrity/mutated_templates_v5/CM_C_002__assumption_removal.yaml,yaml,2078,,diagnostic,False,unresolved,,
results/stage13/benchmark_integrity/mutated_templates_v5/CM_C_002__dimensional_corruption.yaml,yaml,2041,,diagnostic,False,unresolved,,
results/stage13/benchmark_integrity/mutated_templates_v5/CM_C_002__equivalent_unit_formatting.yaml,yaml,2057,,diagnostic,False,unresolved,,
results/stage13/benchmark_integrity/mutated_templates_v5/CM_C_002__exact_noop_control.yaml,yaml,2032,,diagnostic,False,unresolved,,
results/stage13/benchmark_integrity/mutated_templates_v5/CM_C_002__harmless_serialization_formatting.yaml,yaml,2051,,diagnostic,False,unresolved,,
results/stage13/benchmark_integrity/mutated_templates_v5/CM_C_002__replace_governing_variable_with_cue.yaml,yaml,2163,,diagnostic,False,unresolved,,
results/stage13/benchmark_integrity/mutated_templates_v5/CM_C_002__semantics_preserving_variable_renaming.yaml,yaml,2065,,diagnostic,False,unresolved,,
results/stage13/benchmark_integrity/mutated_templates_v5/CM_C_002__sign_inversion_governing_expression.yaml,yaml,2055,,diagnostic,False,unresolved,,
results/stage13/benchmark_integrity/mutated_templates_v5/CM_C_002__target_quantity_change.yaml,yaml,2043,,diagnostic,False,unresolved,,
results/stage13/benchmark_integrity/mutated_templates_v5/CM_C_004__algebraically_equivalent_expression.yaml,yaml,2019,,diagnostic,False,unresolved,,
results/stage13/benchmark_integrity/mutated_templates_v5/CM_C_004__assumption_removal.yaml,yaml,2047,,diagnostic,False,unresolved,,
results/stage13/benchmark_integrity/mutated_templates_v5/CM_C_004__dimensional_corruption.yaml,yaml,2010,,diagnostic,False,unresolved,,
results/stage13/benchmark_integrity/mutated_templates_v5/CM_C_004__equivalent_unit_formatting.yaml,yaml,2028,,diagnostic,False,unresolved,,
results/stage13/benchmark_integrity/mutated_templates_v5/CM_C_004__exact_noop_control.yaml,yaml,2001,,diagnostic,False,unresolved,,
results/stage13/benchmark_integrity/mutated_templates_v5/CM_C_004__harmless_serialization_formatting.yaml,yaml,2020,,diagnostic,False,unresolved,,
results/stage13/benchmark_integrity/mutated_templates_v5/CM_C_004__replace_governing_variable_with_cue.yaml,yaml,2132,,diagnostic,False,unresolved,,
results/stage13/benchmark_integrity/mutated_templates_v5/CM_C_004__semantics_preserving_variable_renaming.yaml,yaml,2034,,diagnostic,False,unresolved,,
results/stage13/benchmark_integrity/mutated_templates_v5/CM_C_004__sign_inversion_governing_expression.yaml,yaml,2024,,diagnostic,False,unresolved,,
results/stage13/benchmark_integrity/mutated_templates_v5/CM_C_004__target_quantity_change.yaml,yaml,2014,,diagnostic,False,unresolved,,
results/stage13/benchmark_integrity/mutated_templates_v5/CM_C_006__algebraically_equivalent_expression.yaml,yaml,1991,,diagnostic,False,unresolved,,
results/stage13/benchmark_integrity/mutated_templates_v5/CM_C_006__assumption_removal.yaml,yaml,2030,,diagnostic,False,unresolved,,
results/stage13/benchmark_integrity/mutated_templates_v5/CM_C_006__dimensional_corruption.yaml,yaml,1982,,diagnostic,False,unresolved,,
results/stage13/benchmark_integrity/mutated_templates_v5/CM_C_006__equivalent_unit_formatting.yaml,yaml,1998,,diagnostic,False,unresolved,,
results/stage13/benchmark_integrity/mutated_templates_v5/CM_C_006__exact_noop_control.yaml,yaml,1973,,diagnostic,False,unresolved,,
results/stage13/benchmark_integrity/mutated_templates_v5/CM_C_006__harmless_serialization_formatting.yaml,yaml,1992,,diagnostic,False,unresolved,,
results/stage13/benchmark_integrity/mutated_templates_v5/CM_C_006__replace_governing_variable_with_cue.yaml,yaml,2106,,diagnostic,False,unresolved,,
results/stage13/benchmark_integrity/mutated_templates_v5/CM_C_006__semantics_preserving_variable_renaming.yaml,yaml,2006,,diagnostic,False,unresolved,,
results/stage13/benchmark_integrity/mutated_templates_v5/CM_C_006__sign_inversion_governing_expression.yaml,yaml,1996,,diagnostic,False,unresolved,,
results/stage13/benchmark_integrity/mutated_templates_v5/CM_C_006__target_quantity_change.yaml,yaml,1984,,diagnostic,False,unresolved,,
results/stage13/benchmark_integrity/mutated_templates_v5/CM_C_007__algebraically_equivalent_expression.yaml,yaml,2137,,diagnostic,False,unresolved,,
results/stage13/benchmark_integrity/mutated_templates_v5/CM_C_007__assumption_removal.yaml,yaml,2178,,diagnostic,False,unresolved,,
results/stage13/benchmark_integrity/mutated_templates_v5/CM_C_007__dimensional_corruption.yaml,yaml,2128,,diagnostic,False,unresolved,,
results/stage13/benchmark_integrity/mutated_templates_v5/CM_C_007__equivalent_unit_formatting.yaml,yaml,2146,,diagnostic,False,unresolved,,
results/stage13/benchmark_integrity/mutated_templates_v5/CM_C_007__exact_noop_control.yaml,yaml,2119,,diagnostic,False,unresolved,,
results/stage13/benchmark_integrity/mutated_templates_v5/CM_C_007__harmless_serialization_formatting.yaml,yaml,2138,,diagnostic,False,unresolved,,
results/stage13/benchmark_integrity/mutated_templates_v5/CM_C_007__replace_governing_variable_with_cue.yaml,yaml,2256,,diagnostic,False,unresolved,,
results/stage13/benchmark_integrity/mutated_templates_v5/CM_C_007__semantics_preserving_variable_renaming.yaml,yaml,2152,,diagnostic,False,unresolved,,
results/stage13/benchmark_integrity/mutated_templates_v5/CM_C_007__sign_inversion_governing_expression.yaml,yaml,2142,,diagnostic,False,unresolved,,
results/stage13/benchmark_integrity/mutated_templates_v5/CM_C_007__target_quantity_change.yaml,yaml,2132,,diagnostic,False,unresolved,,
results/stage13/benchmark_integrity/mutated_templates_v5/CM_C_008__algebraically_equivalent_expression.yaml,yaml,2025,,diagnostic,False,unresolved,,
results/stage13/benchmark_integrity/mutated_templates_v5/CM_C_008__assumption_removal.yaml,yaml,2065,,diagnostic,False,unresolved,,
results/stage13/benchmark_integrity/mutated_templates_v5/CM_C_008__dimensional_corruption.yaml,yaml,2016,,diagnostic,False,unresolved,,
results/stage13/benchmark_integrity/mutated_templates_v5/CM_C_008__equivalent_unit_formatting.yaml,yaml,2032,,diagnostic,False,unresolved,,
results/stage13/benchmark_integrity/mutated_templates_v5/CM_C_008__exact_noop_control.yaml,yaml,2007,,diagnostic,False,unresolved,,
results/stage13/benchmark_integrity/mutated_templates_v5/CM_C_008__harmless_serialization_formatting.yaml,yaml,2026,,diagnostic,False,unresolved,,
results/stage13/benchmark_integrity/mutated_templates_v5/CM_C_008__replace_governing_variable_with_cue.yaml,yaml,2142,,diagnostic,False,unresolved,,
results/stage13/benchmark_integrity/mutated_templates_v5/CM_C_008__semantics_preserving_variable_renaming.yaml,yaml,2040,,diagnostic,False,unresolved,,
results/stage13/benchmark_integrity/mutated_templates_v5/CM_C_008__sign_inversion_governing_expression.yaml,yaml,2030,,diagnostic,False,unresolved,,
results/stage13/benchmark_integrity/mutated_templates_v5/CM_C_008__target_quantity_change.yaml,yaml,2018,,diagnostic,False,unresolved,,
results/stage13/benchmark_integrity/mutated_templates_v5/CM_C_012__algebraically_equivalent_expression.yaml,yaml,2070,,diagnostic,False,unresolved,,
results/stage13/benchmark_integrity/mutated_templates_v5/CM_C_012__assumption_removal.yaml,yaml,2111,,diagnostic,False,unresolved,,
results/stage13/benchmark_integrity/mutated_templates_v5/CM_C_012__dimensional_corruption.yaml,yaml,2061,,diagnostic,False,unresolved,,
results/stage13/benchmark_integrity/mutated_templates_v5/CM_C_012__equivalent_unit_formatting.yaml,yaml,2077,,diagnostic,False,unresolved,,
results/stage13/benchmark_integrity/mutated_templates_v5/CM_C_012__exact_noop_control.yaml,yaml,2052,,diagnostic,False,unresolved,,
results/stage13/benchmark_integrity/mutated_templates_v5/CM_C_012__harmless_serialization_formatting.yaml,yaml,2071,,diagnostic,False,unresolved,,
results/stage13/benchmark_integrity/mutated_templates_v5/CM_C_012__replace_governing_variable_with_cue.yaml,yaml,2189,,diagnostic,False,unresolved,,
results/stage13/benchmark_integrity/mutated_templates_v5/CM_C_012__semantics_preserving_variable_renaming.yaml,yaml,2085,,diagnostic,False,unresolved,,
results/stage13/benchmark_integrity/mutated_templates_v5/CM_C_012__sign_inversion_governing_expression.yaml,yaml,2075,,diagnostic,False,unresolved,,
results/stage13/benchmark_integrity/mutated_templates_v5/CM_C_012__target_quantity_change.yaml,yaml,2063,,diagnostic,False,unresolved,,
results/stage13/benchmark_integrity/mutated_templates_v5/CM_C_013__algebraically_equivalent_expression.yaml,yaml,2177,,diagnostic,False,unresolved,,
results/stage13/benchmark_integrity/mutated_templates_v5/CM_C_013__assumption_removal.yaml,yaml,2222,,diagnostic,False,unresolved,,
results/stage13/benchmark_integrity/mutated_templates_v5/CM_C_013__dimensional_corruption.yaml,yaml,2168,,diagnostic,False,unresolved,,
results/stage13/benchmark_integrity/mutated_templates_v5/CM_C_013__equivalent_unit_formatting.yaml,yaml,2184,,diagnostic,False,unresolved,,
results/stage13/benchmark_integrity/mutated_templates_v5/CM_C_013__exact_noop_control.yaml,yaml,2159,,diagnostic,False,unresolved,,
results/stage13/benchmark_integrity/mutated_templates_v5/CM_C_013__harmless_serialization_formatting.yaml,yaml,2178,,diagnostic,False,unresolved,,
results/stage13/benchmark_integrity/mutated_templates_v5/CM_C_013__replace_governing_variable_with_cue.yaml,yaml,2304,,diagnostic,False,unresolved,,
results/stage13/benchmark_integrity/mutated_templates_v5/CM_C_013__semantics_preserving_variable_renaming.yaml,yaml,2192,,diagnostic,False,unresolved,,
results/stage13/benchmark_integrity/mutated_templates_v5/CM_C_013__sign_inversion_governing_expression.yaml,yaml,2182,,diagnostic,False,unresolved,,
results/stage13/benchmark_integrity/mutated_templates_v5/CM_C_013__target_quantity_change.yaml,yaml,2172,,diagnostic,False,unresolved,,
results/stage13/benchmark_integrity/mutated_templates_v5/CM_C_015__algebraically_equivalent_expression.yaml,yaml,2177,,diagnostic,False,unresolved,,
results/stage13/benchmark_integrity/mutated_templates_v5/CM_C_015__assumption_removal.yaml,yaml,2205,,diagnostic,False,unresolved,,
results/stage13/benchmark_integrity/mutated_templates_v5/CM_C_015__dimensional_corruption.yaml,yaml,2168,,diagnostic,False,unresolved,,
results/stage13/benchmark_integrity/mutated_templates_v5/CM_C_015__equivalent_unit_formatting.yaml,yaml,2186,,diagnostic,False,unresolved,,
results/stage13/benchmark_integrity/mutated_templates_v5/CM_C_015__exact_noop_control.yaml,yaml,2159,,diagnostic,False,unresolved,,
results/stage13/benchmark_integrity/mutated_templates_v5/CM_C_015__harmless_serialization_formatting.yaml,yaml,2178,,diagnostic,False,unresolved,,
results/stage13/benchmark_integrity/mutated_templates_v5/CM_C_015__replace_governing_variable_with_cue.yaml,yaml,2287,,diagnostic,False,unresolved,,
results/stage13/benchmark_integrity/mutated_templates_v5/CM_C_015__semantics_preserving_variable_renaming.yaml,yaml,2192,,diagnostic,False,unresolved,,
results/stage13/benchmark_integrity/mutated_templates_v5/CM_C_015__sign_inversion_governing_expression.yaml,yaml,2182,,diagnostic,False,unresolved,,
results/stage13/benchmark_integrity/mutated_templates_v5/CM_C_015__target_quantity_change.yaml,yaml,2172,,diagnostic,False,unresolved,,
results/stage13/benchmark_integrity/mutated_templates_v5/TH_B_UM_011__algebraically_equivalent_expression.yaml,yaml,2368,,diagnostic,False,unresolved,,
results/stage13/benchmark_integrity/mutated_templates_v5/TH_B_UM_011__assumption_removal.yaml,yaml,2410,,diagnostic,False,unresolved,,
results/stage13/benchmark_integrity/mutated_templates_v5/TH_B_UM_011__dimensional_corruption.yaml,yaml,2359,,diagnostic,False,unresolved,,
results/stage13/benchmark_integrity/mutated_templates_v5/TH_B_UM_011__equivalent_unit_formatting.yaml,yaml,2375,,diagnostic,False,unresolved,,
results/stage13/benchmark_integrity/mutated_templates_v5/TH_B_UM_011__exact_noop_control.yaml,yaml,2350,,diagnostic,False,unresolved,,
results/stage13/benchmark_integrity/mutated_templates_v5/TH_B_UM_011__harmless_serialization_formatting.yaml,yaml,2368,,diagnostic,False,unresolved,,
results/stage13/benchmark_integrity/mutated_templates_v5/TH_B_UM_011__replace_governing_variable_with_cue.yaml,yaml,2475,,diagnostic,False,unresolved,,
results/stage13/benchmark_integrity/mutated_templates_v5/TH_B_UM_011__semantics_preserving_variable_renaming.yaml,yaml,2383,,diagnostic,False,unresolved,,
results/stage13/benchmark_integrity/mutated_templates_v5/TH_B_UM_011__sign_inversion_governing_expression.yaml,yaml,2373,,diagnostic,False,unresolved,,
results/stage13/benchmark_integrity/mutated_templates_v5/TH_B_UM_011__target_quantity_change.yaml,yaml,2361,,diagnostic,False,unresolved,,
results/stage13/benchmark_integrity/mutated_templates_v5/TH_B_UM_012__algebraically_equivalent_expression.yaml,yaml,2379,,diagnostic,False,unresolved,,
results/stage13/benchmark_integrity/mutated_templates_v5/TH_B_UM_012__assumption_removal.yaml,yaml,2429,,diagnostic,False,unresolved,,
results/stage13/benchmark_integrity/mutated_templates_v5/TH_B_UM_012__dimensional_corruption.yaml,yaml,2370,,diagnostic,False,unresolved,,
results/stage13/benchmark_integrity/mutated_templates_v5/TH_B_UM_012__equivalent_unit_formatting.yaml,yaml,2388,,diagnostic,False,unresolved,,
results/stage13/benchmark_integrity/mutated_templates_v5/TH_B_UM_012__exact_noop_control.yaml,yaml,2361,,diagnostic,False,unresolved,,
results/stage13/benchmark_integrity/mutated_templates_v5/TH_B_UM_012__harmless_serialization_formatting.yaml,yaml,2383,,diagnostic,False,unresolved,,
results/stage13/benchmark_integrity/mutated_templates_v5/TH_B_UM_012__replace_governing_variable_with_cue.yaml,yaml,2503,,diagnostic,False,unresolved,,
results/stage13/benchmark_integrity/mutated_templates_v5/TH_B_UM_012__semantics_preserving_variable_renaming.yaml,yaml,2394,,diagnostic,False,unresolved,,
results/stage13/benchmark_integrity/mutated_templates_v5/TH_B_UM_012__sign_inversion_governing_expression.yaml,yaml,2384,,diagnostic,False,unresolved,,
results/stage13/benchmark_integrity/mutated_templates_v5/TH_B_UM_012__target_quantity_change.yaml,yaml,2374,,diagnostic,False,unresolved,,
results/stage13/benchmark_integrity/mutated_templates_v6/CM_A_001__algebraically_equivalent_expression.yaml,yaml,2488,,diagnostic,False,unresolved,,
results/stage13/benchmark_integrity/mutated_templates_v6/CM_A_001__cue_leakage_after_assumption_text_removal.yaml,yaml,2488,,diagnostic,False,unresolved,,
results/stage13/benchmark_integrity/mutated_templates_v6/CM_A_001__equivalent_unit_formatting.yaml,yaml,2495,,diagnostic,False,unresolved,,
results/stage13/benchmark_integrity/mutated_templates_v6/CM_A_001__exact_noop_control.yaml,yaml,2470,,diagnostic,False,unresolved,,
results/stage13/benchmark_integrity/mutated_templates_v6/CM_A_001__harmless_serialization_formatting.yaml,yaml,2491,,diagnostic,False,unresolved,,
results/stage13/benchmark_integrity/mutated_templates_v6/CM_A_001__incorrect_canonical_answer.yaml,yaml,2522,,diagnostic,False,unresolved,,
results/stage13/benchmark_integrity/mutated_templates_v6/CM_A_001__negative_parameter_value.yaml,yaml,2481,,diagnostic,False,unresolved,,
results/stage13/benchmark_integrity/mutated_templates_v6/CM_A_001__replace_governing_variable_with_cue.yaml,yaml,2604,,diagnostic,False,unresolved,,
results/stage13/benchmark_integrity/mutated_templates_v6/CM_A_001__semantics_preserving_variable_renaming.yaml,yaml,2503,,diagnostic,False,unresolved,,
results/stage13/benchmark_integrity/mutated_templates_v6/CM_A_001__sign_inversion_governing_expression.yaml,yaml,2493,,diagnostic,False,unresolved,,
results/stage13/benchmark_integrity/mutated_templates_v6/CM_A_002__algebraically_equivalent_expression.yaml,yaml,2610,,diagnostic,False,unresolved,,
results/stage13/benchmark_integrity/mutated_templates_v6/CM_A_002__cue_leakage_after_assumption_text_removal.yaml,yaml,2598,,diagnostic,False,unresolved,,
results/stage13/benchmark_integrity/mutated_templates_v6/CM_A_002__equivalent_unit_formatting.yaml,yaml,2617,,diagnostic,False,unresolved,,
results/stage13/benchmark_integrity/mutated_templates_v6/CM_A_002__exact_noop_control.yaml,yaml,2592,,diagnostic,False,unresolved,,
results/stage13/benchmark_integrity/mutated_templates_v6/CM_A_002__harmless_serialization_formatting.yaml,yaml,2617,,diagnostic,False,unresolved,,
results/stage13/benchmark_integrity/mutated_templates_v6/CM_A_002__incorrect_canonical_answer.yaml,yaml,2644,,diagnostic,False,unresolved,,
results/stage13/benchmark_integrity/mutated_templates_v6/CM_A_002__negative_parameter_value.yaml,yaml,2603,,diagnostic,False,unresolved,,
results/stage13/benchmark_integrity/mutated_templates_v6/CM_A_002__replace_governing_variable_with_cue.yaml,yaml,2718,,diagnostic,False,unresolved,,
results/stage13/benchmark_integrity/mutated_templates_v6/CM_A_002__semantics_preserving_variable_renaming.yaml,yaml,2625,,diagnostic,False,unresolved,,
results/stage13/benchmark_integrity/mutated_templates_v6/CM_A_002__sign_inversion_governing_expression.yaml,yaml,2615,,diagnostic,False,unresolved,,
results/stage13/benchmark_integrity/mutated_templates_v6/CM_A_003__algebraically_equivalent_expression.yaml,yaml,2000,,diagnostic,False,unresolved,,
results/stage13/benchmark_integrity/mutated_templates_v6/CM_A_003__cue_leakage_after_assumption_text_removal.yaml,yaml,2020,,diagnostic,False,unresolved,,
results/stage13/benchmark_integrity/mutated_templates_v6/CM_A_003__equivalent_unit_formatting.yaml,yaml,2007,,diagnostic,False,unresolved,,
results/stage13/benchmark_integrity/mutated_templates_v6/CM_A_003__exact_noop_control.yaml,yaml,1982,,diagnostic,False,unresolved,,
results/stage13/benchmark_integrity/mutated_templates_v6/CM_A_003__harmless_serialization_formatting.yaml,yaml,2001,,diagnostic,False,unresolved,,
results/stage13/benchmark_integrity/mutated_templates_v6/CM_A_003__incorrect_canonical_answer.yaml,yaml,2034,,diagnostic,False,unresolved,,
results/stage13/benchmark_integrity/mutated_templates_v6/CM_A_003__negative_parameter_value.yaml,yaml,1993,,diagnostic,False,unresolved,,
results/stage13/benchmark_integrity/mutated_templates_v6/CM_A_003__replace_governing_variable_with_cue.yaml,yaml,2104,,diagnostic,False,unresolved,,
results/stage13/benchmark_integrity/mutated_templates_v6/CM_A_003__semantics_preserving_variable_renaming.yaml,yaml,2015,,diagnostic,False,unresolved,,
results/stage13/benchmark_integrity/mutated_templates_v6/CM_A_003__sign_inversion_governing_expression.yaml,yaml,2005,,diagnostic,False,unresolved,,
results/stage13/benchmark_integrity/mutated_templates_v6/CM_A_004__algebraically_equivalent_expression.yaml,yaml,2264,,diagnostic,False,unresolved,,
results/stage13/benchmark_integrity/mutated_templates_v6/CM_A_004__cue_leakage_after_assumption_text_removal.yaml,yaml,2287,,diagnostic,False,unresolved,,
results/stage13/benchmark_integrity/mutated_templates_v6/CM_A_004__equivalent_unit_formatting.yaml,yaml,2271,,diagnostic,False,unresolved,,
results/stage13/benchmark_integrity/mutated_templates_v6/CM_A_004__exact_noop_control.yaml,yaml,2246,,diagnostic,False,unresolved,,
results/stage13/benchmark_integrity/mutated_templates_v6/CM_A_004__harmless_serialization_formatting.yaml,yaml,2264,,diagnostic,False,unresolved,,
results/stage13/benchmark_integrity/mutated_templates_v6/CM_A_004__incorrect_canonical_answer.yaml,yaml,2298,,diagnostic,False,unresolved,,
results/stage13/benchmark_integrity/mutated_templates_v6/CM_A_004__negative_parameter_value.yaml,yaml,2257,,diagnostic,False,unresolved,,
results/stage13/benchmark_integrity/mutated_templates_v6/CM_A_004__replace_governing_variable_with_cue.yaml,yaml,2366,,diagnostic,False,unresolved,,
results/stage13/benchmark_integrity/mutated_templates_v6/CM_A_004__semantics_preserving_variable_renaming.yaml,yaml,2279,,diagnostic,False,unresolved,,
results/stage13/benchmark_integrity/mutated_templates_v6/CM_A_004__sign_inversion_governing_expression.yaml,yaml,2269,,diagnostic,False,unresolved,,
results/stage13/benchmark_integrity/mutated_templates_v6/CM_A_005__algebraically_equivalent_expression.yaml,yaml,2660,,diagnostic,False,unresolved,,
results/stage13/benchmark_integrity/mutated_templates_v6/CM_A_005__cue_leakage_after_assumption_text_removal.yaml,yaml,2655,,diagnostic,False,unresolved,,
results/stage13/benchmark_integrity/mutated_templates_v6/CM_A_005__equivalent_unit_formatting.yaml,yaml,2667,,diagnostic,False,unresolved,,
results/stage13/benchmark_integrity/mutated_templates_v6/CM_A_005__exact_noop_control.yaml,yaml,2642,,diagnostic,False,unresolved,,
results/stage13/benchmark_integrity/mutated_templates_v6/CM_A_005__harmless_serialization_formatting.yaml,yaml,2670,,diagnostic,False,unresolved,,
results/stage13/benchmark_integrity/mutated_templates_v6/CM_A_005__incorrect_canonical_answer.yaml,yaml,2694,,diagnostic,False,unresolved,,
results/stage13/benchmark_integrity/mutated_templates_v6/CM_A_005__negative_parameter_value.yaml,yaml,2653,,diagnostic,False,unresolved,,
results/stage13/benchmark_integrity/mutated_templates_v6/CM_A_005__replace_governing_variable_with_cue.yaml,yaml,2768,,diagnostic,False,unresolved,,
results/stage13/benchmark_integrity/mutated_templates_v6/CM_A_005__semantics_preserving_variable_renaming.yaml,yaml,2675,,diagnostic,False,unresolved,,
results/stage13/benchmark_integrity/mutated_templates_v6/CM_A_005__sign_inversion_governing_expression.yaml,yaml,2665,,diagnostic,False,unresolved,,
results/stage13/benchmark_integrity/mutated_templates_v6/CM_A_006__algebraically_equivalent_expression.yaml,yaml,2100,,diagnostic,False,unresolved,,
results/stage13/benchmark_integrity/mutated_templates_v6/CM_A_006__cue_leakage_after_assumption_text_removal.yaml,yaml,2153,,diagnostic,False,unresolved,,
results/stage13/benchmark_integrity/mutated_templates_v6/CM_A_006__equivalent_unit_formatting.yaml,yaml,2107,,diagnostic,False,unresolved,,
results/stage13/benchmark_integrity/mutated_templates_v6/CM_A_006__exact_noop_control.yaml,yaml,2082,,diagnostic,False,unresolved,,
results/stage13/benchmark_integrity/mutated_templates_v6/CM_A_006__harmless_serialization_formatting.yaml,yaml,2104,,diagnostic,False,unresolved,,
results/stage13/benchmark_integrity/mutated_templates_v6/CM_A_006__incorrect_canonical_answer.yaml,yaml,2134,,diagnostic,False,unresolved,,
results/stage13/benchmark_integrity/mutated_templates_v6/CM_A_006__negative_parameter_value.yaml,yaml,2093,,diagnostic,False,unresolved,,
results/stage13/benchmark_integrity/mutated_templates_v6/CM_A_006__replace_governing_variable_with_cue.yaml,yaml,2204,,diagnostic,False,unresolved,,
results/stage13/benchmark_integrity/mutated_templates_v6/CM_A_006__semantics_preserving_variable_renaming.yaml,yaml,2115,,diagnostic,False,unresolved,,
results/stage13/benchmark_integrity/mutated_templates_v6/CM_A_006__sign_inversion_governing_expression.yaml,yaml,2105,,diagnostic,False,unresolved,,
results/stage13/benchmark_integrity/mutated_templates_v6/CM_A_007__algebraically_equivalent_expression.yaml,yaml,2221,,diagnostic,False,unresolved,,
results/stage13/benchmark_integrity/mutated_templates_v6/CM_A_007__cue_leakage_after_assumption_text_removal.yaml,yaml,2243,,diagnostic,False,unresolved,,
results/stage13/benchmark_integrity/mutated_templates_v6/CM_A_007__equivalent_unit_formatting.yaml,yaml,2228,,diagnostic,False,unresolved,,
results/stage13/benchmark_integrity/mutated_templates_v6/CM_A_007__exact_noop_control.yaml,yaml,2203,,diagnostic,False,unresolved,,
results/stage13/benchmark_integrity/mutated_templates_v6/CM_A_007__harmless_serialization_formatting.yaml,yaml,2225,,diagnostic,False,unresolved,,
results/stage13/benchmark_integrity/mutated_templates_v6/CM_A_007__incorrect_canonical_answer.yaml,yaml,2255,,diagnostic,False,unresolved,,
results/stage13/benchmark_integrity/mutated_templates_v6/CM_A_007__negative_parameter_value.yaml,yaml,2214,,diagnostic,False,unresolved,,
results/stage13/benchmark_integrity/mutated_templates_v6/CM_A_007__replace_governing_variable_with_cue.yaml,yaml,2325,,diagnostic,False,unresolved,,
results/stage13/benchmark_integrity/mutated_templates_v6/CM_A_007__semantics_preserving_variable_renaming.yaml,yaml,2236,,diagnostic,False,unresolved,,
results/stage13/benchmark_integrity/mutated_templates_v6/CM_A_007__sign_inversion_governing_expression.yaml,yaml,2226,,diagnostic,False,unresolved,,
results/stage13/benchmark_integrity/mutated_templates_v6/CM_A_STD_011__algebraically_equivalent_expression.yaml,yaml,2113,,diagnostic,False,unresolved,,
results/stage13/benchmark_integrity/mutated_templates_v6/CM_A_STD_011__cue_leakage_after_assumption_text_removal.yaml,yaml,2271,,diagnostic,False,unresolved,,
results/stage13/benchmark_integrity/mutated_templates_v6/CM_A_STD_011__equivalent_unit_formatting.yaml,yaml,2120,,diagnostic,False,unresolved,,
results/stage13/benchmark_integrity/mutated_templates_v6/CM_A_STD_011__exact_noop_control.yaml,yaml,2095,,diagnostic,False,unresolved,,
results/stage13/benchmark_integrity/mutated_templates_v6/CM_A_STD_011__harmless_serialization_formatting.yaml,yaml,2117,,diagnostic,False,unresolved,,
results/stage13/benchmark_integrity/mutated_templates_v6/CM_A_STD_011__incorrect_canonical_answer.yaml,yaml,2147,,diagnostic,False,unresolved,,
results/stage13/benchmark_integrity/mutated_templates_v6/CM_A_STD_011__negative_parameter_value.yaml,yaml,2106,,diagnostic,False,unresolved,,
results/stage13/benchmark_integrity/mutated_templates_v6/CM_A_STD_011__replace_governing_variable_with_cue.yaml,yaml,2239,,diagnostic,False,unresolved,,
results/stage13/benchmark_integrity/mutated_templates_v6/CM_A_STD_011__semantics_preserving_variable_renaming.yaml,yaml,2128,,diagnostic,False,unresolved,,
results/stage13/benchmark_integrity/mutated_templates_v6/CM_A_STD_011__sign_inversion_governing_expression.yaml,yaml,2118,,diagnostic,False,unresolved,,
results/stage13/benchmark_integrity/mutated_templates_v6/CM_A_STD_012__algebraically_equivalent_expression.yaml,yaml,2182,,diagnostic,False,unresolved,,
results/stage13/benchmark_integrity/mutated_templates_v6/CM_A_STD_012__cue_leakage_after_assumption_text_removal.yaml,yaml,2345,,diagnostic,False,unresolved,,
results/stage13/benchmark_integrity/mutated_templates_v6/CM_A_STD_012__equivalent_unit_formatting.yaml,yaml,2189,,diagnostic,False,unresolved,,
results/stage13/benchmark_integrity/mutated_templates_v6/CM_A_STD_012__exact_noop_control.yaml,yaml,2164,,diagnostic,False,unresolved,,
results/stage13/benchmark_integrity/mutated_templates_v6/CM_A_STD_012__harmless_serialization_formatting.yaml,yaml,2186,,diagnostic,False,unresolved,,
results/stage13/benchmark_integrity/mutated_templates_v6/CM_A_STD_012__incorrect_canonical_answer.yaml,yaml,2216,,diagnostic,False,unresolved,,
results/stage13/benchmark_integrity/mutated_templates_v6/CM_A_STD_012__negative_parameter_value.yaml,yaml,2175,,diagnostic,False,unresolved,,
results/stage13/benchmark_integrity/mutated_templates_v6/CM_A_STD_012__replace_governing_variable_with_cue.yaml,yaml,2316,,diagnostic,False,unresolved,,
results/stage13/benchmark_integrity/mutated_templates_v6/CM_A_STD_012__semantics_preserving_variable_renaming.yaml,yaml,2197,,diagnostic,False,unresolved,,
results/stage13/benchmark_integrity/mutated_templates_v6/CM_A_STD_012__sign_inversion_governing_expression.yaml,yaml,2187,,diagnostic,False,unresolved,,
results/stage13/benchmark_integrity/mutated_templates_v6/CM_A_STD_017__algebraically_equivalent_expression.yaml,yaml,2334,,diagnostic,False,unresolved,,
results/stage13/benchmark_integrity/mutated_templates_v6/CM_A_STD_017__cue_leakage_after_assumption_text_removal.yaml,yaml,2466,,diagnostic,False,unresolved,,
results/stage13/benchmark_integrity/mutated_templates_v6/CM_A_STD_017__equivalent_unit_formatting.yaml,yaml,2343,,diagnostic,False,unresolved,,
results/stage13/benchmark_integrity/mutated_templates_v6/CM_A_STD_017__exact_noop_control.yaml,yaml,2316,,diagnostic,False,unresolved,,
results/stage13/benchmark_integrity/mutated_templates_v6/CM_A_STD_017__harmless_serialization_formatting.yaml,yaml,2338,,diagnostic,False,unresolved,,
results/stage13/benchmark_integrity/mutated_templates_v6/CM_A_STD_017__incorrect_canonical_answer.yaml,yaml,2370,,diagnostic,False,unresolved,,
results/stage13/benchmark_integrity/mutated_templates_v6/CM_A_STD_017__negative_parameter_value.yaml,yaml,2327,,diagnostic,False,unresolved,,
results/stage13/benchmark_integrity/mutated_templates_v6/CM_A_STD_017__replace_governing_variable_with_cue.yaml,yaml,2458,,diagnostic,False,unresolved,,
results/stage13/benchmark_integrity/mutated_templates_v6/CM_A_STD_017__semantics_preserving_variable_renaming.yaml,yaml,2349,,diagnostic,False,unresolved,,
results/stage13/benchmark_integrity/mutated_templates_v6/CM_A_STD_017__sign_inversion_governing_expression.yaml,yaml,2339,,diagnostic,False,unresolved,,
results/stage13/benchmark_integrity/mutated_templates_v6/CM_A_STD_018__algebraically_equivalent_expression.yaml,yaml,2555,,diagnostic,False,unresolved,,
results/stage13/benchmark_integrity/mutated_templates_v6/CM_A_STD_018__cue_leakage_after_assumption_text_removal.yaml,yaml,2696,,diagnostic,False,unresolved,,
results/stage13/benchmark_integrity/mutated_templates_v6/CM_A_STD_018__equivalent_unit_formatting.yaml,yaml,2574,,diagnostic,False,unresolved,,
results/stage13/benchmark_integrity/mutated_templates_v6/CM_A_STD_018__exact_noop_control.yaml,yaml,2537,,diagnostic,False,unresolved,,
results/stage13/benchmark_integrity/mutated_templates_v6/CM_A_STD_018__harmless_serialization_formatting.yaml,yaml,2555,,diagnostic,False,unresolved,,
results/stage13/benchmark_integrity/mutated_templates_v6/CM_A_STD_018__incorrect_canonical_answer.yaml,yaml,2601,,diagnostic,False,unresolved,,
results/stage13/benchmark_integrity/mutated_templates_v6/CM_A_STD_018__negative_parameter_value.yaml,yaml,2548,,diagnostic,False,unresolved,,
results/stage13/benchmark_integrity/mutated_templates_v6/CM_A_STD_018__replace_governing_variable_with_cue.yaml,yaml,2687,,diagnostic,False,unresolved,,
results/stage13/benchmark_integrity/mutated_templates_v6/CM_A_STD_018__semantics_preserving_variable_renaming.yaml,yaml,2570,,diagnostic,False,unresolved,,
results/stage13/benchmark_integrity/mutated_templates_v6/CM_A_STD_018__sign_inversion_governing_expression.yaml,yaml,2560,,diagnostic,False,unresolved,,
results/stage13/benchmark_integrity/mutated_templates_v6/CM_B_001__algebraically_equivalent_expression.yaml,yaml,2807,,diagnostic,False,unresolved,,
results/stage13/benchmark_integrity/mutated_templates_v6/CM_B_001__cue_leakage_after_assumption_text_removal.yaml,yaml,2777,,diagnostic,False,unresolved,,
results/stage13/benchmark_integrity/mutated_templates_v6/CM_B_001__equivalent_unit_formatting.yaml,yaml,2814,,diagnostic,False,unresolved,,
results/stage13/benchmark_integrity/mutated_templates_v6/CM_B_001__exact_noop_control.yaml,yaml,2789,,diagnostic,False,unresolved,,
results/stage13/benchmark_integrity/mutated_templates_v6/CM_B_001__harmless_serialization_formatting.yaml,yaml,2812,,diagnostic,False,unresolved,,
results/stage13/benchmark_integrity/mutated_templates_v6/CM_B_001__incorrect_canonical_answer.yaml,yaml,2841,,diagnostic,False,unresolved,,
results/stage13/benchmark_integrity/mutated_templates_v6/CM_B_001__negative_parameter_value.yaml,yaml,2800,,diagnostic,False,unresolved,,
results/stage13/benchmark_integrity/mutated_templates_v6/CM_B_001__replace_governing_variable_with_cue.yaml,yaml,2901,,diagnostic,False,unresolved,,
results/stage13/benchmark_integrity/mutated_templates_v6/CM_B_001__semantics_preserving_variable_renaming.yaml,yaml,2822,,diagnostic,False,unresolved,,
results/stage13/benchmark_integrity/mutated_templates_v6/CM_B_001__sign_inversion_governing_expression.yaml,yaml,2812,,diagnostic,False,unresolved,,
results/stage13/benchmark_integrity/mutated_templates_v6/CM_B_002__algebraically_equivalent_expression.yaml,yaml,2673,,diagnostic,False,unresolved,,
results/stage13/benchmark_integrity/mutated_templates_v6/CM_B_002__cue_leakage_after_assumption_text_removal.yaml,yaml,2658,,diagnostic,False,unresolved,,
results/stage13/benchmark_integrity/mutated_templates_v6/CM_B_002__equivalent_unit_formatting.yaml,yaml,2680,,diagnostic,False,unresolved,,
results/stage13/benchmark_integrity/mutated_templates_v6/CM_B_002__exact_noop_control.yaml,yaml,2655,,diagnostic,False,unresolved,,
results/stage13/benchmark_integrity/mutated_templates_v6/CM_B_002__harmless_serialization_formatting.yaml,yaml,2679,,diagnostic,False,unresolved,,
results/stage13/benchmark_integrity/mutated_templates_v6/CM_B_002__incorrect_canonical_answer.yaml,yaml,2707,,diagnostic,False,unresolved,,
results/stage13/benchmark_integrity/mutated_templates_v6/CM_B_002__negative_parameter_value.yaml,yaml,2666,,diagnostic,False,unresolved,,
results/stage13/benchmark_integrity/mutated_templates_v6/CM_B_002__replace_governing_variable_with_cue.yaml,yaml,2772,,diagnostic,False,unresolved,,
results/stage13/benchmark_integrity/mutated_templates_v6/CM_B_002__semantics_preserving_variable_renaming.yaml,yaml,2688,,diagnostic,False,unresolved,,
results/stage13/benchmark_integrity/mutated_templates_v6/CM_B_002__sign_inversion_governing_expression.yaml,yaml,2678,,diagnostic,False,unresolved,,
results/stage13/benchmark_integrity/mutated_templates_v6/CM_B_STD_007__algebraically_equivalent_expression.yaml,yaml,2737,,diagnostic,False,unresolved,,
results/stage13/benchmark_integrity/mutated_templates_v6/CM_B_STD_007__cue_leakage_after_assumption_text_removal.yaml,yaml,2761,,diagnostic,False,unresolved,,
results/stage13/benchmark_integrity/mutated_templates_v6/CM_B_STD_007__equivalent_unit_formatting.yaml,yaml,2746,,diagnostic,False,unresolved,,
results/stage13/benchmark_integrity/mutated_templates_v6/CM_B_STD_007__exact_noop_control.yaml,yaml,2719,,diagnostic,False,unresolved,,
results/stage13/benchmark_integrity/mutated_templates_v6/CM_B_STD_007__harmless_serialization_formatting.yaml,yaml,2744,,diagnostic,False,unresolved,,
results/stage13/benchmark_integrity/mutated_templates_v6/CM_B_STD_007__incorrect_canonical_answer.yaml,yaml,2773,,diagnostic,False,unresolved,,
results/stage13/benchmark_integrity/mutated_templates_v6/CM_B_STD_007__negative_parameter_value.yaml,yaml,2730,,diagnostic,False,unresolved,,
results/stage13/benchmark_integrity/mutated_templates_v6/CM_B_STD_007__replace_governing_variable_with_cue.yaml,yaml,2844,,diagnostic,False,unresolved,,
results/stage13/benchmark_integrity/mutated_templates_v6/CM_B_STD_007__semantics_preserving_variable_renaming.yaml,yaml,2752,,diagnostic,False,unresolved,,
results/stage13/benchmark_integrity/mutated_templates_v6/CM_B_STD_007__sign_inversion_governing_expression.yaml,yaml,2742,,diagnostic,False,unresolved,,
results/stage13/benchmark_integrity/mutated_templates_v6/CM_B_STD_008__algebraically_equivalent_expression.yaml,yaml,2653,,diagnostic,False,unresolved,,
results/stage13/benchmark_integrity/mutated_templates_v6/CM_B_STD_008__cue_leakage_after_assumption_text_removal.yaml,yaml,2665,,diagnostic,False,unresolved,,
results/stage13/benchmark_integrity/mutated_templates_v6/CM_B_STD_008__equivalent_unit_formatting.yaml,yaml,2662,,diagnostic,False,unresolved,,
results/stage13/benchmark_integrity/mutated_templates_v6/CM_B_STD_008__exact_noop_control.yaml,yaml,2635,,diagnostic,False,unresolved,,
results/stage13/benchmark_integrity/mutated_templates_v6/CM_B_STD_008__harmless_serialization_formatting.yaml,yaml,2660,,diagnostic,False,unresolved,,
results/stage13/benchmark_integrity/mutated_templates_v6/CM_B_STD_008__incorrect_canonical_answer.yaml,yaml,2689,,diagnostic,False,unresolved,,
results/stage13/benchmark_integrity/mutated_templates_v6/CM_B_STD_008__negative_parameter_value.yaml,yaml,2646,,diagnostic,False,unresolved,,
results/stage13/benchmark_integrity/mutated_templates_v6/CM_B_STD_008__replace_governing_variable_with_cue.yaml,yaml,2749,,diagnostic,False,unresolved,,
results/stage13/benchmark_integrity/mutated_templates_v6/CM_B_STD_008__semantics_preserving_variable_renaming.yaml,yaml,2668,,diagnostic,False,unresolved,,
results/stage13/benchmark_integrity/mutated_templates_v6/CM_B_STD_008__sign_inversion_governing_expression.yaml,yaml,2658,,diagnostic,False,unresolved,,
results/stage13/benchmark_integrity/mutated_templates_v6/CM_B_STD_010__algebraically_equivalent_expression.yaml,yaml,2817,,diagnostic,False,unresolved,,
results/stage13/benchmark_integrity/mutated_templates_v6/CM_B_STD_010__cue_leakage_after_assumption_text_removal.yaml,yaml,2866,,diagnostic,False,unresolved,,
results/stage13/benchmark_integrity/mutated_templates_v6/CM_B_STD_010__equivalent_unit_formatting.yaml,yaml,2834,,diagnostic,False,unresolved,,
results/stage13/benchmark_integrity/mutated_templates_v6/CM_B_STD_010__exact_noop_control.yaml,yaml,2799,,diagnostic,False,unresolved,,
results/stage13/benchmark_integrity/mutated_templates_v6/CM_B_STD_010__harmless_serialization_formatting.yaml,yaml,2824,,diagnostic,False,unresolved,,
results/stage13/benchmark_integrity/mutated_templates_v6/CM_B_STD_010__incorrect_canonical_answer.yaml,yaml,2861,,diagnostic,False,unresolved,,
results/stage13/benchmark_integrity/mutated_templates_v6/CM_B_STD_010__negative_parameter_value.yaml,yaml,2810,,diagnostic,False,unresolved,,
results/stage13/benchmark_integrity/mutated_templates_v6/CM_B_STD_010__replace_governing_variable_with_cue.yaml,yaml,2908,,diagnostic,False,unresolved,,
results/stage13/benchmark_integrity/mutated_templates_v6/CM_B_STD_010__semantics_preserving_variable_renaming.yaml,yaml,2832,,diagnostic,False,unresolved,,
results/stage13/benchmark_integrity/mutated_templates_v6/CM_B_STD_010__sign_inversion_governing_expression.yaml,yaml,2822,,diagnostic,False,unresolved,,
results/stage13/benchmark_integrity/mutated_templates_v6/CM_B_STD_011__algebraically_equivalent_expression.yaml,yaml,2834,,diagnostic,False,unresolved,,
results/stage13/benchmark_integrity/mutated_templates_v6/CM_B_STD_011__cue_leakage_after_assumption_text_removal.yaml,yaml,2852,,diagnostic,False,unresolved,,
results/stage13/benchmark_integrity/mutated_templates_v6/CM_B_STD_011__equivalent_unit_formatting.yaml,yaml,2852,,diagnostic,False,unresolved,,
results/stage13/benchmark_integrity/mutated_templates_v6/CM_B_STD_011__exact_noop_control.yaml,yaml,2816,,diagnostic,False,unresolved,,
results/stage13/benchmark_integrity/mutated_templates_v6/CM_B_STD_011__harmless_serialization_formatting.yaml,yaml,2841,,diagnostic,False,unresolved,,
results/stage13/benchmark_integrity/mutated_templates_v6/CM_B_STD_011__incorrect_canonical_answer.yaml,yaml,2879,,diagnostic,False,unresolved,,
results/stage13/benchmark_integrity/mutated_templates_v6/CM_B_STD_011__negative_parameter_value.yaml,yaml,2827,,diagnostic,False,unresolved,,
results/stage13/benchmark_integrity/mutated_templates_v6/CM_B_STD_011__replace_governing_variable_with_cue.yaml,yaml,2925,,diagnostic,False,unresolved,,
results/stage13/benchmark_integrity/mutated_templates_v6/CM_B_STD_011__semantics_preserving_variable_renaming.yaml,yaml,2849,,diagnostic,False,unresolved,,
results/stage13/benchmark_integrity/mutated_templates_v6/CM_B_STD_011__sign_inversion_governing_expression.yaml,yaml,2839,,diagnostic,False,unresolved,,
results/stage13/benchmark_integrity/mutated_templates_v6/CM_B_UM_061__algebraically_equivalent_expression.yaml,yaml,2388,,diagnostic,False,unresolved,,
results/stage13/benchmark_integrity/mutated_templates_v6/CM_B_UM_061__cue_leakage_after_assumption_text_removal.yaml,yaml,2502,,diagnostic,False,unresolved,,
results/stage13/benchmark_integrity/mutated_templates_v6/CM_B_UM_061__equivalent_unit_formatting.yaml,yaml,2395,,diagnostic,False,unresolved,,
results/stage13/benchmark_integrity/mutated_templates_v6/CM_B_UM_061__exact_noop_control.yaml,yaml,2370,,diagnostic,False,unresolved,,
results/stage13/benchmark_integrity/mutated_templates_v6/CM_B_UM_061__harmless_serialization_formatting.yaml,yaml,2388,,diagnostic,False,unresolved,,
results/stage13/benchmark_integrity/mutated_templates_v6/CM_B_UM_061__incorrect_canonical_answer.yaml,yaml,2422,,diagnostic,False,unresolved,,
results/stage13/benchmark_integrity/mutated_templates_v6/CM_B_UM_061__negative_parameter_value.yaml,yaml,2381,,diagnostic,False,unresolved,,
results/stage13/benchmark_integrity/mutated_templates_v6/CM_B_UM_061__replace_governing_variable_with_cue.yaml,yaml,2513,,diagnostic,False,unresolved,,
results/stage13/benchmark_integrity/mutated_templates_v6/CM_B_UM_061__semantics_preserving_variable_renaming.yaml,yaml,2403,,diagnostic,False,unresolved,,
results/stage13/benchmark_integrity/mutated_templates_v6/CM_B_UM_061__sign_inversion_governing_expression.yaml,yaml,2393,,diagnostic,False,unresolved,,
results/stage13/benchmark_integrity/mutated_templates_v6/CM_B_UM_062__algebraically_equivalent_expression.yaml,yaml,2277,,diagnostic,False,unresolved,,
results/stage13/benchmark_integrity/mutated_templates_v6/CM_B_UM_062__cue_leakage_after_assumption_text_removal.yaml,yaml,2393,,diagnostic,False,unresolved,,
results/stage13/benchmark_integrity/mutated_templates_v6/CM_B_UM_062__equivalent_unit_formatting.yaml,yaml,2284,,diagnostic,False,unresolved,,
results/stage13/benchmark_integrity/mutated_templates_v6/CM_B_UM_062__exact_noop_control.yaml,yaml,2259,,diagnostic,False,unresolved,,
results/stage13/benchmark_integrity/mutated_templates_v6/CM_B_UM_062__harmless_serialization_formatting.yaml,yaml,2280,,diagnostic,False,unresolved,,
results/stage13/benchmark_integrity/mutated_templates_v6/CM_B_UM_062__incorrect_canonical_answer.yaml,yaml,2311,,diagnostic,False,unresolved,,
results/stage13/benchmark_integrity/mutated_templates_v6/CM_B_UM_062__negative_parameter_value.yaml,yaml,2270,,diagnostic,False,unresolved,,
results/stage13/benchmark_integrity/mutated_templates_v6/CM_B_UM_062__replace_governing_variable_with_cue.yaml,yaml,2394,,diagnostic,False,unresolved,,
results/stage13/benchmark_integrity/mutated_templates_v6/CM_B_UM_062__semantics_preserving_variable_renaming.yaml,yaml,2292,,diagnostic,False,unresolved,,
results/stage13/benchmark_integrity/mutated_templates_v6/CM_B_UM_062__sign_inversion_governing_expression.yaml,yaml,2282,,diagnostic,False,unresolved,,
results/stage13/benchmark_integrity/mutated_templates_v6/CM_C_001__algebraically_equivalent_expression.yaml,yaml,2078,,diagnostic,False,unresolved,,
results/stage13/benchmark_integrity/mutated_templates_v6/CM_C_001__cue_leakage_after_assumption_text_removal.yaml,yaml,2184,,diagnostic,False,unresolved,,
results/stage13/benchmark_integrity/mutated_templates_v6/CM_C_001__equivalent_unit_formatting.yaml,yaml,2085,,diagnostic,False,unresolved,,
results/stage13/benchmark_integrity/mutated_templates_v6/CM_C_001__exact_noop_control.yaml,yaml,2060,,diagnostic,False,unresolved,,
results/stage13/benchmark_integrity/mutated_templates_v6/CM_C_001__harmless_serialization_formatting.yaml,yaml,2077,,diagnostic,False,unresolved,,
results/stage13/benchmark_integrity/mutated_templates_v6/CM_C_001__incorrect_canonical_answer.yaml,yaml,2112,,diagnostic,False,unresolved,,
results/stage13/benchmark_integrity/mutated_templates_v6/CM_C_001__negative_parameter_value.yaml,yaml,2071,,diagnostic,False,unresolved,,
results/stage13/benchmark_integrity/mutated_templates_v6/CM_C_001__replace_governing_variable_with_cue.yaml,yaml,2191,,diagnostic,False,unresolved,,
results/stage13/benchmark_integrity/mutated_templates_v6/CM_C_001__semantics_preserving_variable_renaming.yaml,yaml,2093,,diagnostic,False,unresolved,,
results/stage13/benchmark_integrity/mutated_templates_v6/CM_C_001__sign_inversion_governing_expression.yaml,yaml,2083,,diagnostic,False,unresolved,,
results/stage13/benchmark_integrity/mutated_templates_v6/CM_C_002__algebraically_equivalent_expression.yaml,yaml,2050,,diagnostic,False,unresolved,,
results/stage13/benchmark_integrity/mutated_templates_v6/CM_C_002__cue_leakage_after_assumption_text_removal.yaml,yaml,2156,,diagnostic,False,unresolved,,
results/stage13/benchmark_integrity/mutated_templates_v6/CM_C_002__equivalent_unit_formatting.yaml,yaml,2057,,diagnostic,False,unresolved,,
results/stage13/benchmark_integrity/mutated_templates_v6/CM_C_002__exact_noop_control.yaml,yaml,2032,,diagnostic,False,unresolved,,
results/stage13/benchmark_integrity/mutated_templates_v6/CM_C_002__harmless_serialization_formatting.yaml,yaml,2051,,diagnostic,False,unresolved,,
results/stage13/benchmark_integrity/mutated_templates_v6/CM_C_002__incorrect_canonical_answer.yaml,yaml,2084,,diagnostic,False,unresolved,,
results/stage13/benchmark_integrity/mutated_templates_v6/CM_C_002__negative_parameter_value.yaml,yaml,2043,,diagnostic,False,unresolved,,
results/stage13/benchmark_integrity/mutated_templates_v6/CM_C_002__replace_governing_variable_with_cue.yaml,yaml,2163,,diagnostic,False,unresolved,,
results/stage13/benchmark_integrity/mutated_templates_v6/CM_C_002__semantics_preserving_variable_renaming.yaml,yaml,2065,,diagnostic,False,unresolved,,
results/stage13/benchmark_integrity/mutated_templates_v6/CM_C_002__sign_inversion_governing_expression.yaml,yaml,2055,,diagnostic,False,unresolved,,
results/stage13/benchmark_integrity/mutated_templates_v6/CM_C_004__algebraically_equivalent_expression.yaml,yaml,2019,,diagnostic,False,unresolved,,
results/stage13/benchmark_integrity/mutated_templates_v6/CM_C_004__cue_leakage_after_assumption_text_removal.yaml,yaml,2125,,diagnostic,False,unresolved,,
results/stage13/benchmark_integrity/mutated_templates_v6/CM_C_004__equivalent_unit_formatting.yaml,yaml,2028,,diagnostic,False,unresolved,,
results/stage13/benchmark_integrity/mutated_templates_v6/CM_C_004__exact_noop_control.yaml,yaml,2001,,diagnostic,False,unresolved,,
results/stage13/benchmark_integrity/mutated_templates_v6/CM_C_004__harmless_serialization_formatting.yaml,yaml,2020,,diagnostic,False,unresolved,,
results/stage13/benchmark_integrity/mutated_templates_v6/CM_C_004__incorrect_canonical_answer.yaml,yaml,2055,,diagnostic,False,unresolved,,
results/stage13/benchmark_integrity/mutated_templates_v6/CM_C_004__negative_parameter_value.yaml,yaml,2012,,diagnostic,False,unresolved,,
results/stage13/benchmark_integrity/mutated_templates_v6/CM_C_004__replace_governing_variable_with_cue.yaml,yaml,2132,,diagnostic,False,unresolved,,
results/stage13/benchmark_integrity/mutated_templates_v6/CM_C_004__semantics_preserving_variable_renaming.yaml,yaml,2034,,diagnostic,False,unresolved,,
results/stage13/benchmark_integrity/mutated_templates_v6/CM_C_004__sign_inversion_governing_expression.yaml,yaml,2024,,diagnostic,False,unresolved,,
results/stage13/benchmark_integrity/mutated_templates_v6/CM_C_006__algebraically_equivalent_expression.yaml,yaml,1991,,diagnostic,False,unresolved,,
results/stage13/benchmark_integrity/mutated_templates_v6/CM_C_006__cue_leakage_after_assumption_text_removal.yaml,yaml,2108,,diagnostic,False,unresolved,,
results/stage13/benchmark_integrity/mutated_templates_v6/CM_C_006__equivalent_unit_formatting.yaml,yaml,1998,,diagnostic,False,unresolved,,
results/stage13/benchmark_integrity/mutated_templates_v6/CM_C_006__exact_noop_control.yaml,yaml,1973,,diagnostic,False,unresolved,,
results/stage13/benchmark_integrity/mutated_templates_v6/CM_C_006__harmless_serialization_formatting.yaml,yaml,1992,,diagnostic,False,unresolved,,
results/stage13/benchmark_integrity/mutated_templates_v6/CM_C_006__incorrect_canonical_answer.yaml,yaml,2025,,diagnostic,False,unresolved,,
results/stage13/benchmark_integrity/mutated_templates_v6/CM_C_006__negative_parameter_value.yaml,yaml,1984,,diagnostic,False,unresolved,,
results/stage13/benchmark_integrity/mutated_templates_v6/CM_C_006__replace_governing_variable_with_cue.yaml,yaml,2106,,diagnostic,False,unresolved,,
results/stage13/benchmark_integrity/mutated_templates_v6/CM_C_006__semantics_preserving_variable_renaming.yaml,yaml,2006,,diagnostic,False,unresolved,,
results/stage13/benchmark_integrity/mutated_templates_v6/CM_C_006__sign_inversion_governing_expression.yaml,yaml,1996,,diagnostic,False,unresolved,,
results/stage13/benchmark_integrity/mutated_templates_v6/CM_C_007__algebraically_equivalent_expression.yaml,yaml,2137,,diagnostic,False,unresolved,,
results/stage13/benchmark_integrity/mutated_templates_v6/CM_C_007__cue_leakage_after_assumption_text_removal.yaml,yaml,2256,,diagnostic,False,unresolved,,
results/stage13/benchmark_integrity/mutated_templates_v6/CM_C_007__equivalent_unit_formatting.yaml,yaml,2146,,diagnostic,False,unresolved,,
results/stage13/benchmark_integrity/mutated_templates_v6/CM_C_007__exact_noop_control.yaml,yaml,2119,,diagnostic,False,unresolved,,
results/stage13/benchmark_integrity/mutated_templates_v6/CM_C_007__harmless_serialization_formatting.yaml,yaml,2138,,diagnostic,False,unresolved,,
results/stage13/benchmark_integrity/mutated_templates_v6/CM_C_007__incorrect_canonical_answer.yaml,yaml,2173,,diagnostic,False,unresolved,,
results/stage13/benchmark_integrity/mutated_templates_v6/CM_C_007__negative_parameter_value.yaml,yaml,2130,,diagnostic,False,unresolved,,
results/stage13/benchmark_integrity/mutated_templates_v6/CM_C_007__replace_governing_variable_with_cue.yaml,yaml,2256,,diagnostic,False,unresolved,,
results/stage13/benchmark_integrity/mutated_templates_v6/CM_C_007__semantics_preserving_variable_renaming.yaml,yaml,2152,,diagnostic,False,unresolved,,
results/stage13/benchmark_integrity/mutated_templates_v6/CM_C_007__sign_inversion_governing_expression.yaml,yaml,2142,,diagnostic,False,unresolved,,
results/stage13/benchmark_integrity/mutated_templates_v6/CM_C_008__algebraically_equivalent_expression.yaml,yaml,2025,,diagnostic,False,unresolved,,
results/stage13/benchmark_integrity/mutated_templates_v6/CM_C_008__cue_leakage_after_assumption_text_removal.yaml,yaml,2143,,diagnostic,False,unresolved,,
results/stage13/benchmark_integrity/mutated_templates_v6/CM_C_008__equivalent_unit_formatting.yaml,yaml,2032,,diagnostic,False,unresolved,,
results/stage13/benchmark_integrity/mutated_templates_v6/CM_C_008__exact_noop_control.yaml,yaml,2007,,diagnostic,False,unresolved,,
results/stage13/benchmark_integrity/mutated_templates_v6/CM_C_008__harmless_serialization_formatting.yaml,yaml,2026,,diagnostic,False,unresolved,,
results/stage13/benchmark_integrity/mutated_templates_v6/CM_C_008__incorrect_canonical_answer.yaml,yaml,2059,,diagnostic,False,unresolved,,
results/stage13/benchmark_integrity/mutated_templates_v6/CM_C_008__negative_parameter_value.yaml,yaml,2018,,diagnostic,False,unresolved,,
results/stage13/benchmark_integrity/mutated_templates_v6/CM_C_008__replace_governing_variable_with_cue.yaml,yaml,2142,,diagnostic,False,unresolved,,
results/stage13/benchmark_integrity/mutated_templates_v6/CM_C_008__semantics_preserving_variable_renaming.yaml,yaml,2040,,diagnostic,False,unresolved,,
results/stage13/benchmark_integrity/mutated_templates_v6/CM_C_008__sign_inversion_governing_expression.yaml,yaml,2030,,diagnostic,False,unresolved,,
results/stage13/benchmark_integrity/mutated_templates_v6/CM_C_012__algebraically_equivalent_expression.yaml,yaml,2070,,diagnostic,False,unresolved,,
results/stage13/benchmark_integrity/mutated_templates_v6/CM_C_012__cue_leakage_after_assumption_text_removal.yaml,yaml,2189,,diagnostic,False,unresolved,,
results/stage13/benchmark_integrity/mutated_templates_v6/CM_C_012__equivalent_unit_formatting.yaml,yaml,2077,,diagnostic,False,unresolved,,
results/stage13/benchmark_integrity/mutated_templates_v6/CM_C_012__exact_noop_control.yaml,yaml,2052,,diagnostic,False,unresolved,,
results/stage13/benchmark_integrity/mutated_templates_v6/CM_C_012__harmless_serialization_formatting.yaml,yaml,2071,,diagnostic,False,unresolved,,
results/stage13/benchmark_integrity/mutated_templates_v6/CM_C_012__incorrect_canonical_answer.yaml,yaml,2104,,diagnostic,False,unresolved,,
results/stage13/benchmark_integrity/mutated_templates_v6/CM_C_012__negative_parameter_value.yaml,yaml,2063,,diagnostic,False,unresolved,,
results/stage13/benchmark_integrity/mutated_templates_v6/CM_C_012__replace_governing_variable_with_cue.yaml,yaml,2189,,diagnostic,False,unresolved,,
results/stage13/benchmark_integrity/mutated_templates_v6/CM_C_012__semantics_preserving_variable_renaming.yaml,yaml,2085,,diagnostic,False,unresolved,,
results/stage13/benchmark_integrity/mutated_templates_v6/CM_C_012__sign_inversion_governing_expression.yaml,yaml,2075,,diagnostic,False,unresolved,,
results/stage13/benchmark_integrity/mutated_templates_v6/CM_C_013__algebraically_equivalent_expression.yaml,yaml,2177,,diagnostic,False,unresolved,,
results/stage13/benchmark_integrity/mutated_templates_v6/CM_C_013__cue_leakage_after_assumption_text_removal.yaml,yaml,2300,,diagnostic,False,unresolved,,
results/stage13/benchmark_integrity/mutated_templates_v6/CM_C_013__equivalent_unit_formatting.yaml,yaml,2184,,diagnostic,False,unresolved,,
results/stage13/benchmark_integrity/mutated_templates_v6/CM_C_013__exact_noop_control.yaml,yaml,2159,,diagnostic,False,unresolved,,
results/stage13/benchmark_integrity/mutated_templates_v6/CM_C_013__harmless_serialization_formatting.yaml,yaml,2178,,diagnostic,False,unresolved,,
results/stage13/benchmark_integrity/mutated_templates_v6/CM_C_013__incorrect_canonical_answer.yaml,yaml,2213,,diagnostic,False,unresolved,,
results/stage13/benchmark_integrity/mutated_templates_v6/CM_C_013__negative_parameter_value.yaml,yaml,2170,,diagnostic,False,unresolved,,
results/stage13/benchmark_integrity/mutated_templates_v6/CM_C_013__replace_governing_variable_with_cue.yaml,yaml,2304,,diagnostic,False,unresolved,,
results/stage13/benchmark_integrity/mutated_templates_v6/CM_C_013__semantics_preserving_variable_renaming.yaml,yaml,2192,,diagnostic,False,unresolved,,
results/stage13/benchmark_integrity/mutated_templates_v6/CM_C_013__sign_inversion_governing_expression.yaml,yaml,2182,,diagnostic,False,unresolved,,
results/stage13/benchmark_integrity/mutated_templates_v6/CM_C_015__algebraically_equivalent_expression.yaml,yaml,2177,,diagnostic,False,unresolved,,
results/stage13/benchmark_integrity/mutated_templates_v6/CM_C_015__cue_leakage_after_assumption_text_removal.yaml,yaml,2283,,diagnostic,False,unresolved,,
results/stage13/benchmark_integrity/mutated_templates_v6/CM_C_015__equivalent_unit_formatting.yaml,yaml,2186,,diagnostic,False,unresolved,,
results/stage13/benchmark_integrity/mutated_templates_v6/CM_C_015__exact_noop_control.yaml,yaml,2159,,diagnostic,False,unresolved,,
results/stage13/benchmark_integrity/mutated_templates_v6/CM_C_015__harmless_serialization_formatting.yaml,yaml,2178,,diagnostic,False,unresolved,,
results/stage13/benchmark_integrity/mutated_templates_v6/CM_C_015__incorrect_canonical_answer.yaml,yaml,2213,,diagnostic,False,unresolved,,
results/stage13/benchmark_integrity/mutated_templates_v6/CM_C_015__negative_parameter_value.yaml,yaml,2170,,diagnostic,False,unresolved,,
results/stage13/benchmark_integrity/mutated_templates_v6/CM_C_015__replace_governing_variable_with_cue.yaml,yaml,2287,,diagnostic,False,unresolved,,
results/stage13/benchmark_integrity/mutated_templates_v6/CM_C_015__semantics_preserving_variable_renaming.yaml,yaml,2192,,diagnostic,False,unresolved,,
results/stage13/benchmark_integrity/mutated_templates_v6/CM_C_015__sign_inversion_governing_expression.yaml,yaml,2182,,diagnostic,False,unresolved,,
results/stage13/benchmark_integrity/mutated_templates_v6/TH_B_UM_011__algebraically_equivalent_expression.yaml,yaml,2368,,diagnostic,False,unresolved,,
results/stage13/benchmark_integrity/mutated_templates_v6/TH_B_UM_011__cue_leakage_after_assumption_text_removal.yaml,yaml,2488,,diagnostic,False,unresolved,,
results/stage13/benchmark_integrity/mutated_templates_v6/TH_B_UM_011__equivalent_unit_formatting.yaml,yaml,2375,,diagnostic,False,unresolved,,
results/stage13/benchmark_integrity/mutated_templates_v6/TH_B_UM_011__exact_noop_control.yaml,yaml,2350,,diagnostic,False,unresolved,,
results/stage13/benchmark_integrity/mutated_templates_v6/TH_B_UM_011__harmless_serialization_formatting.yaml,yaml,2368,,diagnostic,False,unresolved,,
results/stage13/benchmark_integrity/mutated_templates_v6/TH_B_UM_011__incorrect_canonical_answer.yaml,yaml,2402,,diagnostic,False,unresolved,,
results/stage13/benchmark_integrity/mutated_templates_v6/TH_B_UM_011__negative_parameter_value.yaml,yaml,2361,,diagnostic,False,unresolved,,
results/stage13/benchmark_integrity/mutated_templates_v6/TH_B_UM_011__replace_governing_variable_with_cue.yaml,yaml,2475,,diagnostic,False,unresolved,,
results/stage13/benchmark_integrity/mutated_templates_v6/TH_B_UM_011__semantics_preserving_variable_renaming.yaml,yaml,2383,,diagnostic,False,unresolved,,
results/stage13/benchmark_integrity/mutated_templates_v6/TH_B_UM_011__sign_inversion_governing_expression.yaml,yaml,2373,,diagnostic,False,unresolved,,
results/stage13/benchmark_integrity/mutated_templates_v6/TH_B_UM_012__algebraically_equivalent_expression.yaml,yaml,2379,,diagnostic,False,unresolved,,
results/stage13/benchmark_integrity/mutated_templates_v6/TH_B_UM_012__cue_leakage_after_assumption_text_removal.yaml,yaml,2507,,diagnostic,False,unresolved,,
results/stage13/benchmark_integrity/mutated_templates_v6/TH_B_UM_012__equivalent_unit_formatting.yaml,yaml,2388,,diagnostic,False,unresolved,,
results/stage13/benchmark_integrity/mutated_templates_v6/TH_B_UM_012__exact_noop_control.yaml,yaml,2361,,diagnostic,False,unresolved,,
results/stage13/benchmark_integrity/mutated_templates_v6/TH_B_UM_012__harmless_serialization_formatting.yaml,yaml,2383,,diagnostic,False,unresolved,,
results/stage13/benchmark_integrity/mutated_templates_v6/TH_B_UM_012__incorrect_canonical_answer.yaml,yaml,2415,,diagnostic,False,unresolved,,
results/stage13/benchmark_integrity/mutated_templates_v6/TH_B_UM_012__negative_parameter_value.yaml,yaml,2372,,diagnostic,False,unresolved,,
results/stage13/benchmark_integrity/mutated_templates_v6/TH_B_UM_012__replace_governing_variable_with_cue.yaml,yaml,2503,,diagnostic,False,unresolved,,
results/stage13/benchmark_integrity/mutated_templates_v6/TH_B_UM_012__semantics_preserving_variable_renaming.yaml,yaml,2394,,diagnostic,False,unresolved,,
results/stage13/benchmark_integrity/mutated_templates_v6/TH_B_UM_012__sign_inversion_governing_expression.yaml,yaml,2384,,diagnostic,False,unresolved,,
results/stage13/benchmark_integrity/mutation_test_records.csv,csv,15618,100,diagnostic,False,unresolved,,
results/stage13/benchmark_integrity/mutation_test_records_v2.jsonl,jsonl,114240,440,diagnostic,False,unresolved,,
results/stage13/benchmark_integrity/mutation_test_records_v3.jsonl,jsonl,97890,225,diagnostic,False,unresolved,,
results/stage13/benchmark_integrity/mutation_test_records_v5.jsonl,jsonl,445906,360,diagnostic,False,unresolved,,
results/stage13/benchmark_integrity/mutation_test_records_v6.jsonl,jsonl,505029,330,diagnostic,False,unresolved,,
results/stage13/benchmark_integrity/mutation_test_summary.json,json,215,,diagnostic,False,unresolved,,
results/stage13/benchmark_integrity/mutation_test_summary_v2.json,json,917,,diagnostic,False,unresolved,,
results/stage13/benchmark_integrity/mutation_test_summary_v3.json,json,877,,diagnostic,False,unresolved,,
results/stage13/benchmark_integrity/mutation_test_summary_v5.json,json,4781,,diagnostic,False,unresolved,,
results/stage13/benchmark_integrity/mutation_test_summary_v6.json,json,6973,,diagnostic,False,unresolved,,
results/stage13/benchmark_integrity/parser_audit_status.json,json,192,,diagnostic,False,unresolved,,
results/stage13/benchmark_integrity/parser_audit_status_v2.json,json,877,,diagnostic,False,unresolved,,
results/stage13/benchmark_integrity/parser_audit_status_v3.json,json,793,,diagnostic,False,unresolved,,
results/stage13/benchmark_integrity/validation_agreement.json,json,142,,diagnostic,False,unresolved,,
results/stage13/benchmark_integrity/validation_agreement_v2.json,json,394,,diagnostic,False,unresolved,,
results/stage13/benchmark_integrity/validation_agreement_v3.json,json,408,,diagnostic,False,unresolved,,
results/stage13/benchmark_integrity/validation_materials_v3_summary.json,json,249,,diagnostic,False,unresolved,,
results/stage13/benchmark_integrity/validation_materials_v5_summary.json,json,424,,diagnostic,False,unresolved,,
results/stage13/benchmark_integrity/validation_materials_v6_summary.json,json,538,,diagnostic,False,unresolved,,
results/stage13/benchmark_integrity/validation_packet_summary.json,json,264,,diagnostic,False,unresolved,,
results/stage13/benchmark_integrity/validation_packet_summary_v2.json,json,136,,diagnostic,False,unresolved,,
results/stage13/benchmark_integrity/wave1a_gate.json,json,1040,,diagnostic,False,unresolved,,
results/stage13/benchmark_integrity/wave1a_gate_v2.json,json,1517,,diagnostic,False,unresolved,,
results/stage13/benchmark_integrity/wave1a_gate_v3.json,json,1922,,diagnostic,False,unresolved,,
results/stage13/benchmark_integrity/wave1a_gate_v4.json,json,2433,,diagnostic,False,unresolved,,
results/stage13/benchmark_integrity/wave1a_gate_v5.json,json,3458,,diagnostic,False,unresolved,,
results/stage13/benchmark_integrity/wave1a_gate_v6.json,json,1736,,diagnostic,False,unresolved,,
results/stage13/wave0/authority_resolutions_v7.jsonl,jsonl,2587,2,diagnostic,False,unresolved,,
results/stage13/wave0/canonical_evidence_build.json,json,459,,diagnostic,False,unresolved,,
results/stage13/wave0/canonical_evidence_verification.json,json,105,,diagnostic,False,unresolved,,
results/stage13/wave0/canonical_evidence_verification_v2.json,json,732,,diagnostic,False,unresolved,,
results/stage13/wave0/canonical_evidence_verification_v4.json,json,1136,,diagnostic,False,unresolved,,
results/stage13/wave0/canonical_evidence_verification_v5.json,json,499,,diagnostic,False,unresolved,,
results/stage13/wave0/canonical_evidence_verification_v6.json,json,331,,diagnostic,False,unresolved,,
results/stage13/wave0/expected_historical_runs_v5.jsonl,jsonl,145204,143,diagnostic,False,unresolved,,
results/stage13/wave0/expected_historical_runs_v6.jsonl,jsonl,353824,621,diagnostic,False,unresolved,,
results/stage13/wave0/experiment_card_validation.json,json,210,,diagnostic,False,unresolved,,
results/stage13/wave0/historical_experiment_candidates.jsonl,jsonl,33794,67,diagnostic,False,unresolved,,
results/stage13/wave0/orphan_artifacts_v5.csv,csv,218851,1334,diagnostic,False,unresolved,,
results/stage13/wave0/orphan_artifacts_v6.csv,csv,314975,2415,diagnostic,False,unresolved,,
results/stage13/wave0/registry_coverage_v4.json,json,4427,,diagnostic,False,unresolved,,
results/stage13/wave0/registry_coverage_v5.json,json,142,,diagnostic,False,unresolved,,
results/stage13/wave0/registry_coverage_v6.json,json,148,,diagnostic,False,unresolved,,
results/stage13/wave0/registry_verification.json,json,159,,diagnostic,False,unresolved,,
results/stage13/wave0/registry_verification_v2.json,json,400,,diagnostic,False,unresolved,,
results/stage13/wave0/renamed_donor_panel_diagnosis_v7.json,json,6706,,diagnostic,False,unresolved,,
results/stage13/wave0/sharanga_run_inventory_v7.jsonl,jsonl,232840,205,diagnostic,False,unresolved,,
results/stage13/wave0/wave0_gate.json,json,1218,,diagnostic,False,unresolved,,
results/stage13/wave0/wave0_gate_v2.json,json,1764,,diagnostic,False,unresolved,,
results/stage13/wave0/wave0_gate_v3.json,json,2475,,diagnostic,False,unresolved,,
results/stage13/wave0/wave0_gate_v4.json,json,1943,,diagnostic,False,unresolved,,
results/stage13/wave0/wave0_gate_v5.json,json,2278,,diagnostic,False,unresolved,,
results/stage13/wave0/wave0_gate_v6.json,json,1435,,diagnostic,False,unresolved,,
results/stage2/compute_estimate.json,json,893,,paper_relevant_noncritical,False,unresolved,,
results/stage2/compute_estimate_events.jsonl,jsonl,1003,1,paper_relevant_noncritical,False,unresolved,,
results/stage2/hook_validation/llama_primary_hook_validation.json,json,408,,paper_relevant_noncritical,False,unresolved,,
results/stage2/hook_validation/qwen_primary_hook_validation.json,json,400,,paper_relevant_noncritical,False,unresolved,,
results/stage2/hook_validation/validate_hooks_events.jsonl,jsonl,1224,2,paper_relevant_noncritical,False,unresolved,,
results/stage2/logprob_validation/deepseek_r1_32b_logprob_validation.json,json,2284,,paper_relevant_noncritical,False,unresolved,,
results/stage2/logprob_validation/llama_primary_logprob_validation.json,json,1911,,paper_relevant_noncritical,False,unresolved,,
results/stage2/logprob_validation/qwen_primary_logprob_validation.json,json,1890,,paper_relevant_noncritical,False,unresolved,,
results/stage2/logprob_validation/validate_logprob_events.jsonl,jsonl,5702,3,paper_relevant_noncritical,False,unresolved,,
results/stage3/artefact_checks/stage3_artefact_checks_events.jsonl,jsonl,127608,8,paper_relevant_noncritical,False,unresolved,,
results/stage3/artefact_checks/stage3_artefact_report.json,json,29972,,paper_relevant_noncritical,False,unresolved,,
results/stage3/artefact_checks/stage3_artefact_report_repair_el_a_003.json,json,29968,,paper_relevant_noncritical,False,unresolved,,
results/stage3/rendering/render_all_templates_events.jsonl,jsonl,60496,219,paper_relevant_noncritical,False,unresolved,,
results/stage3/rendering/render_summary.json,json,138,,paper_relevant_noncritical,False,unresolved,,
results/stage3/rendering/render_summary_repair_el_a_003.json,json,136,,paper_relevant_noncritical,False,unresolved,,
results/stage3/verification/CM_A_001.json,json,667,,paper_relevant_noncritical,False,unresolved,,
results/stage3/verification/CM_A_002.json,json,665,,paper_relevant_noncritical,False,unresolved,,
results/stage3/verification/CM_A_003.json,json,658,,paper_relevant_noncritical,False,unresolved,,
results/stage3/verification/CM_A_004.json,json,678,,paper_relevant_noncritical,False,unresolved,,
results/stage3/verification/CM_A_005.json,json,663,,paper_relevant_noncritical,False,unresolved,,
results/stage3/verification/CM_A_006.json,json,672,,paper_relevant_noncritical,False,unresolved,,
results/stage3/verification/CM_A_007.json,json,658,,paper_relevant_noncritical,False,unresolved,,
results/stage3/verification/CM_A_008.json,json,673,,paper_relevant_noncritical,False,unresolved,,
results/stage3/verification/CM_A_009.json,json,674,,paper_relevant_noncritical,False,unresolved,,
results/stage3/verification/CM_A_010.json,json,673,,paper_relevant_noncritical,False,unresolved,,
results/stage3/verification/CM_B_001.json,json,693,,paper_relevant_noncritical,False,unresolved,,
results/stage3/verification/CM_B_002.json,json,694,,paper_relevant_noncritical,False,unresolved,,
results/stage3/verification/CM_B_003.json,json,686,,paper_relevant_noncritical,False,unresolved,,
results/stage3/verification/CM_B_004.json,json,709,,paper_relevant_noncritical,False,unresolved,,
results/stage3/verification/CM_B_005.json,json,671,,paper_relevant_noncritical,False,unresolved,,
results/stage3/verification/CM_B_006.json,json,676,,paper_relevant_noncritical,False,unresolved,,
results/stage3/verification/CM_B_007.json,json,671,,paper_relevant_noncritical,False,unresolved,,
results/stage3/verification/CM_B_008.json,json,689,,paper_relevant_noncritical,False,unresolved,,
results/stage3/verification/CM_B_009.json,json,682,,paper_relevant_noncritical,False,unresolved,,
results/stage3/verification/CM_B_010.json,json,688,,paper_relevant_noncritical,False,unresolved,,
results/stage3/verification/EL_A_001.json,json,673,,paper_relevant_noncritical,False,unresolved,,
results/stage3/verification/EL_A_002.json,json,673,,paper_relevant_noncritical,False,unresolved,,
results/stage3/verification/EL_A_003.json,json,696,,paper_relevant_noncritical,False,unresolved,,
results/stage3/verification/EL_A_004.json,json,685,,paper_relevant_noncritical,False,unresolved,,
results/stage3/verification/EL_A_005.json,json,679,,paper_relevant_noncritical,False,unresolved,,
results/stage3/verification/EL_B_001.json,json,694,,paper_relevant_noncritical,False,unresolved,,
results/stage3/verification/EL_B_002.json,json,671,,paper_relevant_noncritical,False,unresolved,,
results/stage3/verification/EL_B_003.json,json,712,,paper_relevant_noncritical,False,unresolved,,
results/stage3/verification/EL_B_004.json,json,701,,paper_relevant_noncritical,False,unresolved,,
results/stage3/verification/EL_B_005.json,json,704,,paper_relevant_noncritical,False,unresolved,,
results/stage3/verification/verification_summary.json,json,99,,paper_relevant_noncritical,False,unresolved,,
results/stage4/analysis/analyse_stage4_events.jsonl,jsonl,970,2,paper_relevant_noncritical,False,unresolved,,
results/stage4/analysis/stage4_per_family.csv,csv,4074,30,paper_relevant_noncritical,False,unresolved,,
results/stage4/analysis/stage4_sensitivity_summary.json,json,2812,,paper_relevant_noncritical,False,unresolved,,
results/stage4/behavioural/family_summaries.jsonl,jsonl,77146,180,paper_relevant_noncritical,False,unresolved,,
results/stage4/behavioural/llama_primary_20260613T213548Z.jsonl,jsonl,120371,150,paper_relevant_noncritical,False,unresolved,,
results/stage4/behavioural/prompt_records.jsonl,jsonl,579756,720,paper_relevant_noncritical,False,unresolved,,
results/stage4/behavioural/qwen_primary_20260613T210506Z.jsonl,jsonl,414572,600,paper_relevant_noncritical,False,unresolved,,
results/stage4/behavioural/qwen_primary_20260613T215759Z.jsonl,jsonl,121959,150,paper_relevant_noncritical,False,unresolved,,
results/stage4/behavioural/run_behavioural_events.jsonl,jsonl,401817,912,paper_relevant_noncritical,False,unresolved,,
results/stage4/behavioural_local_dryrun/family_summaries.jsonl,jsonl,12770,30,paper_relevant_noncritical,False,unresolved,,
results/stage4/behavioural_local_dryrun/prompt_records.jsonl,jsonl,90841,120,paper_relevant_noncritical,False,unresolved,,
results/stage4/behavioural_local_dryrun/qwen_primary_20260613T205222Z.jsonl,jsonl,103611,150,paper_relevant_noncritical,False,unresolved,,
results/stage4/behavioural_local_dryrun/run_behavioural_events.jsonl,jsonl,66647,152,paper_relevant_noncritical,False,unresolved,,
results/stage4/behavioural_local_dryrun2/family_summaries.jsonl,jsonl,12770,30,paper_relevant_noncritical,False,unresolved,,
results/stage4/behavioural_local_dryrun2/prompt_records.jsonl,jsonl,90873,120,paper_relevant_noncritical,False,unresolved,,
results/stage4/behavioural_local_dryrun2/qwen_primary_20260613T210417Z.jsonl,jsonl,103643,150,paper_relevant_noncritical,False,unresolved,,
results/stage4/behavioural_local_dryrun2/run_behavioural_events.jsonl,jsonl,66650,152,paper_relevant_noncritical,False,unresolved,,
results/stage4_repair/analysis/analyse_stage4_events.jsonl,jsonl,1274,2,paper_relevant_noncritical,False,unresolved,,
results/stage4_repair/analysis/stage4_per_family.csv,csv,3871,30,paper_relevant_noncritical,False,unresolved,,
results/stage4_repair/analysis/stage4_sensitivity_summary.json,json,2051,,paper_relevant_noncritical,False,unresolved,,
results/stage4_repair/analysis_v2/analyse_stage4_events.jsonl,jsonl,1327,3,paper_relevant_noncritical,False,unresolved,,
results/stage4_repair/analysis_v2/stage4_per_family.csv,csv,4219,30,paper_relevant_noncritical,False,unresolved,,
results/stage4_repair/analysis_v2/stage4_sensitivity_summary.json,json,3118,,paper_relevant_noncritical,False,unresolved,,
results/stage4_repair/behavioural/family_summaries.jsonl,jsonl,26349,60,paper_relevant_noncritical,False,unresolved,,
results/stage4_repair/behavioural/llama_primary_20260614T095723Z.jsonl,jsonl,181854,150,paper_relevant_noncritical,False,unresolved,,
results/stage4_repair/behavioural/prompt_records.jsonl,jsonl,363916,240,paper_relevant_noncritical,False,unresolved,,
results/stage4_repair/behavioural/qwen_primary_20260614T095718Z.jsonl,jsonl,208411,150,paper_relevant_noncritical,False,unresolved,,
results/stage4_repair/behavioural/run_behavioural_events.jsonl,jsonl,136446,304,paper_relevant_noncritical,False,unresolved,,
results/stage4_repair/mini_validation/family_summaries.jsonl,jsonl,5240,12,paper_relevant_noncritical,False,unresolved,,
results/stage4_repair/mini_validation/llama_primary_20260614T090024Z.jsonl,jsonl,15441,15,paper_relevant_noncritical,False,unresolved,,
results/stage4_repair/mini_validation/llama_primary_20260614T093611Z.jsonl,jsonl,15441,15,paper_relevant_noncritical,False,unresolved,,
results/stage4_repair/mini_validation/prompt_records.jsonl,jsonl,62638,48,paper_relevant_noncritical,False,unresolved,,
results/stage4_repair/mini_validation/qwen_primary_20260614T090415Z.jsonl,jsonl,18402,15,paper_relevant_noncritical,False,unresolved,,
results/stage4_repair/mini_validation/qwen_primary_20260614T093606Z.jsonl,jsonl,18594,15,paper_relevant_noncritical,False,unresolved,,
results/stage4_repair/mini_validation/run_behavioural_events.jsonl,jsonl,31518,68,paper_relevant_noncritical,False,unresolved,,
results/stage5/baselines/run_baselines_surface_events.jsonl,jsonl,1220,4,paper_relevant_noncritical,False,unresolved,,
results/stage5/baselines/surface_bag_of_words.json,json,471,,paper_relevant_noncritical,False,unresolved,,
results/stage5/baselines/surface_cue_span_only.json,json,456,,paper_relevant_noncritical,False,unresolved,,
results/stage5/baselines/surface_prompt_statistics.json,json,473,,paper_relevant_noncritical,False,unresolved,,
results/stage5/baselines/surface_tfidf_logistic.json,json,457,,paper_relevant_noncritical,False,unresolved,,
results/stage5/baselines_repair/run_baselines_surface_events.jsonl,jsonl,1220,4,paper_relevant_noncritical,False,unresolved,,
results/stage5/baselines_repair/surface_bag_of_words.json,json,547,,paper_relevant_noncritical,False,unresolved,,
results/stage5/baselines_repair/surface_cue_span_only.json,json,545,,paper_relevant_noncritical,False,unresolved,,
results/stage5/baselines_repair/surface_prompt_statistics.json,json,549,,paper_relevant_noncritical,False,unresolved,,
results/stage5/baselines_repair/surface_tfidf_logistic.json,json,547,,paper_relevant_noncritical,False,unresolved,,
results/stage5/baselines_repair_v2/run_baselines_surface_events.jsonl,jsonl,3136,10,paper_relevant_noncritical,False,unresolved,,
results/stage5/baselines_repair_v2/surface_bag_of_words.json,json,479,,paper_relevant_noncritical,False,unresolved,,
results/stage5/baselines_repair_v2/surface_bag_of_words_slp_binary.json,json,550,,paper_relevant_noncritical,False,unresolved,,
results/stage5/baselines_repair_v2/surface_cue_span_only.json,json,480,,paper_relevant_noncritical,False,unresolved,,
results/stage5/baselines_repair_v2/surface_cue_span_only_slp_binary.json,json,548,,paper_relevant_noncritical,False,unresolved,,
results/stage5/baselines_repair_v2/surface_prompt_statistics.json,json,484,,paper_relevant_noncritical,False,unresolved,,
results/stage5/baselines_repair_v2/surface_prompt_statistics_slp_binary.json,json,540,,paper_relevant_noncritical,False,unresolved,,
results/stage5/baselines_repair_v2/surface_tfidf_continuous.json,json,541,,paper_relevant_noncritical,False,unresolved,,
results/stage5/baselines_repair_v2/surface_tfidf_logistic.json,json,481,,paper_relevant_noncritical,False,unresolved,,
results/stage5/baselines_repair_v2/surface_tfidf_logistic_slp_binary.json,json,549,,paper_relevant_noncritical,False,unresolved,,
results/stage5/diagnostic/cm_b006_analysis.json,json,25670,,paper_relevant_noncritical,False,unresolved,,
results/stage5/followup_comparison.json,json,436,,paper_relevant_noncritical,False,unresolved,,
results/stage5/probing/layer_auroc_contrast.json,json,3669,28,paper_relevant_noncritical,False,unresolved,,
results/stage5/probing/layer_auroc_pca10.json,json,135,1,paper_relevant_noncritical,False,unresolved,,
results/stage5/probing/layer_auroc_pca20.json,json,133,1,paper_relevant_noncritical,False,unresolved,,
results/stage5/probing/layer_auroc_pca50.json,json,134,1,paper_relevant_noncritical,False,unresolved,,
results/stage5/probing/layer_auroc_resid_post_last_prompt.json,json,3672,28,paper_relevant_noncritical,False,unresolved,,
results/stage5/probing/layer_pearson_pca10.json,json,104,1,paper_relevant_noncritical,False,unresolved,,
results/stage5/probing/layer_pearson_pca20.json,json,105,1,paper_relevant_noncritical,False,unresolved,,
results/stage5/probing/layer_pearson_pca50.json,json,106,1,paper_relevant_noncritical,False,unresolved,,
results/stage5/probing/layer_pearson_resid_post_last_prompt.json,json,2841,28,paper_relevant_noncritical,False,unresolved,,
results/stage5/probing/loo_predictions_contrast.json,json,4329,30,paper_relevant_noncritical,False,unresolved,,
results/stage5/probing/loo_predictions_pca10.json,json,4358,30,paper_relevant_noncritical,False,unresolved,,
results/stage5/probing/loo_predictions_pca20.json,json,4345,30,paper_relevant_noncritical,False,unresolved,,
results/stage5/probing/loo_predictions_pca50.json,json,4354,30,paper_relevant_noncritical,False,unresolved,,
results/stage5/probing/loo_predictions_resid_post_last_prompt.json,json,4355,30,paper_relevant_noncritical,False,unresolved,,
results/stage5/probing/run_probing_events.jsonl,jsonl,2017,5,paper_relevant_noncritical,False,unresolved,,
results/stage5/probing/summary_contrast.json,json,996,,paper_relevant_noncritical,False,unresolved,,
results/stage5/probing/summary_pca10.json,json,666,,paper_relevant_noncritical,False,unresolved,,
results/stage5/probing/summary_pca20.json,json,664,,paper_relevant_noncritical,False,unresolved,,
results/stage5/probing/summary_pca50.json,json,665,,paper_relevant_noncritical,False,unresolved,,
results/stage5/probing/summary_resid_post_last_prompt.json,json,808,,paper_relevant_noncritical,False,unresolved,,
results/stage5/probing_tier2/layer_auroc_resid_post_cue_token.json,json,3667,28,paper_relevant_noncritical,False,unresolved,,
results/stage5/probing_tier2/layer_pearson_resid_post_cue_token.json,json,2829,28,paper_relevant_noncritical,False,unresolved,,
results/stage5/probing_tier2/loo_predictions_resid_post_cue_token.json,json,4408,30,paper_relevant_noncritical,False,unresolved,,
results/stage5/probing_tier2/run_probing_events.jsonl,jsonl,411,1,paper_relevant_noncritical,False,unresolved,,
results/stage5/probing_tier2/summary_resid_post_cue_token.json,json,883,,paper_relevant_noncritical,False,unresolved,,
results/stage5/probing_variance/layer_auroc_variance.json,json,3667,28,paper_relevant_noncritical,False,unresolved,,
results/stage5/probing_variance/layer_pearson_variance.json,json,2830,28,paper_relevant_noncritical,False,unresolved,,
results/stage5/probing_variance/loo_predictions_variance.json,json,4352,30,paper_relevant_noncritical,False,unresolved,,
results/stage5/probing_variance/run_probing_events.jsonl,jsonl,419,1,paper_relevant_noncritical,False,unresolved,,
results/stage5/probing_variance/summary_variance.json,json,891,,paper_relevant_noncritical,False,unresolved,,
results/stage5/probing_variance_tier2/layer_auroc_variance.json,json,3669,28,paper_relevant_noncritical,False,unresolved,,
results/stage5/probing_variance_tier2/layer_pearson_variance.json,json,2816,28,paper_relevant_noncritical,False,unresolved,,
results/stage5/probing_variance_tier2/loo_predictions_variance.json,json,4193,30,paper_relevant_noncritical,False,unresolved,,
results/stage5/probing_variance_tier2/run_probing_events.jsonl,jsonl,414,1,paper_relevant_noncritical,False,unresolved,,
results/stage5/probing_variance_tier2/summary_variance.json,json,856,,paper_relevant_noncritical,False,unresolved,,
results/stage6/analysis_d1/analyse_stage4_events.jsonl,jsonl,652,1,paper_relevant_noncritical,False,unresolved,,
results/stage6/analysis_d1/stage6_d1_per_family.csv,csv,5851,40,paper_relevant_noncritical,False,unresolved,,
results/stage6/analysis_d1/stage6_d1_sensitivity_summary.json,json,5253,,paper_relevant_noncritical,False,unresolved,,
results/stage6/analysis_d2/analyse_stage4_events.jsonl,jsonl,367,1,paper_relevant_noncritical,False,unresolved,,
results/stage6/analysis_d2/generate_positive_families_events.jsonl,jsonl,419,1,paper_relevant_noncritical,False,unresolved,,
results/stage6/analysis_d2/stage6_d1_per_family.csv,csv,18854,140,paper_relevant_noncritical,False,unresolved,,
results/stage6/analysis_d2/stage6_d1_sensitivity_summary.json,json,5605,,paper_relevant_noncritical,False,unresolved,,
results/stage6/analysis_d2/stage6_positive_families.json,json,1351,,paper_relevant_noncritical,False,unresolved,,
results/stage6/analysis_d2/stage6_positive_families_llama.json,json,910,,paper_relevant_noncritical,False,unresolved,,
results/stage6/audit/stage6_freeze_gate_summary.json,json,1484,,paper_relevant_noncritical,False,unresolved,,
results/stage6/audit/stage6_full_benchmark_manifest.csv,csv,29914,140,paper_relevant_noncritical,False,unresolved,,
results/stage6/audit/stage6_phase2_bce_audit_summary.json,json,968,,paper_relevant_noncritical,False,unresolved,,
results/stage6/audit/stage6_phase2_bce_priority_review.csv,csv,5609,40,paper_relevant_noncritical,False,unresolved,,
results/stage6/baselines/run_baselines_surface_events.jsonl,jsonl,3280,10,paper_relevant_noncritical,False,unresolved,,
results/stage6/baselines/surface_bag_of_words_slp_binary.json,json,562,,paper_relevant_noncritical,False,unresolved,,
results/stage6/baselines/surface_cue_span_only_slp_binary.json,json,564,,paper_relevant_noncritical,False,unresolved,,
results/stage6/baselines/surface_prompt_statistics_slp_binary.json,json,567,,paper_relevant_noncritical,False,unresolved,,
results/stage6/baselines/surface_tfidf_continuous.json,json,539,,paper_relevant_noncritical,False,unresolved,,
results/stage6/baselines/surface_tfidf_logistic_slp_binary.json,json,568,,paper_relevant_noncritical,False,unresolved,,
results/stage6/baselines_no_cue_c/run_baselines_surface_events.jsonl,jsonl,1640,5,paper_relevant_noncritical,False,unresolved,,
results/stage6/baselines_no_cue_c/surface_bag_of_words_slp_binary.json,json,548,,paper_relevant_noncritical,False,unresolved,,
results/stage6/baselines_no_cue_c/surface_cue_span_only_slp_binary.json,json,548,,paper_relevant_noncritical,False,unresolved,,
results/stage6/baselines_no_cue_c/surface_prompt_statistics_slp_binary.json,json,555,,paper_relevant_noncritical,False,unresolved,,
results/stage6/baselines_no_cue_c/surface_tfidf_continuous.json,json,540,,paper_relevant_noncritical,False,unresolved,,
results/stage6/baselines_no_cue_c/surface_tfidf_logistic_slp_binary.json,json,550,,paper_relevant_noncritical,False,unresolved,,
results/stage6/behavioural/family_summaries.jsonl,jsonl,35792,80,paper_relevant_noncritical,False,unresolved,,
results/stage6/behavioural/llama_primary_20260615T124604Z.jsonl,jsonl,155960,200,paper_relevant_noncritical,False,unresolved,,
results/stage6/behavioural/prompt_records.jsonl,jsonl,274559,320,paper_relevant_noncritical,False,unresolved,,
results/stage6/behavioural/qwen_primary_20260615T103322Z.jsonl,jsonl,154391,200,paper_relevant_noncritical,False,unresolved,,
results/stage6/behavioural/run_behavioural_events.jsonl,jsonl,182125,404,paper_relevant_noncritical,False,unresolved,,
results/stage6/behavioural_deepseek/deepseek_reasoning_20260617T055830Z.jsonl,jsonl,885297,700,paper_relevant_noncritical,False,unresolved,,
results/stage6/behavioural_deepseek/family_summaries.jsonl,jsonl,63814,140,paper_relevant_noncritical,False,unresolved,,
results/stage6/behavioural_deepseek/prompt_records.jsonl,jsonl,821483,560,paper_relevant_noncritical,False,unresolved,,
results/stage6/behavioural_deepseek/run_behavioural_events.jsonl,jsonl,326094,702,paper_relevant_noncritical,False,unresolved,,
results/stage6/behavioural_full_rerun/family_summaries.jsonl,jsonl,125438,280,paper_relevant_noncritical,False,unresolved,,
results/stage6/behavioural_full_rerun/llama_primary_20260616T085448Z.jsonl,jsonl,539254,700,paper_relevant_noncritical,False,unresolved,,
results/stage6/behavioural_full_rerun/prompt_records.jsonl,jsonl,947352,1120,paper_relevant_noncritical,False,unresolved,,
results/stage6/behavioural_full_rerun/qwen_primary_20260616T091228Z.jsonl,jsonl,533536,700,paper_relevant_noncritical,False,unresolved,,
results/stage6/behavioural_full_rerun/run_behavioural_events.jsonl,jsonl,632199,1404,paper_relevant_noncritical,False,unresolved,,
results/stage6/diagnostic/cue_token_variance_correlation.json,json,3935,,paper_relevant_noncritical,False,unresolved,,
results/stage6/generated_full_benchmark/CM_A_001.json,json,1722,,paper_relevant_noncritical,False,unresolved,,
results/stage6/generated_full_benchmark/CM_A_002.json,json,2034,,paper_relevant_noncritical,False,unresolved,,
results/stage6/generated_full_benchmark/CM_A_003.json,json,1243,,paper_relevant_noncritical,False,unresolved,,
results/stage6/generated_full_benchmark/CM_A_004.json,json,1725,,paper_relevant_noncritical,False,unresolved,,
results/stage6/generated_full_benchmark/CM_A_005.json,json,2245,,paper_relevant_noncritical,False,unresolved,,
results/stage6/generated_full_benchmark/CM_A_006.json,json,1574,,paper_relevant_noncritical,False,unresolved,,
results/stage6/generated_full_benchmark/CM_A_007.json,json,1532,,paper_relevant_noncritical,False,unresolved,,
results/stage6/generated_full_benchmark/CM_A_008.json,json,1940,,paper_relevant_noncritical,False,unresolved,,
results/stage6/generated_full_benchmark/CM_A_009.json,json,1552,,paper_relevant_noncritical,False,unresolved,,
results/stage6/generated_full_benchmark/CM_A_010.json,json,1743,,paper_relevant_noncritical,False,unresolved,,
results/stage6/generated_full_benchmark/CM_A_STD_001.json,json,1676,,paper_relevant_noncritical,False,unresolved,,
results/stage6/generated_full_benchmark/CM_A_STD_002.json,json,1755,,paper_relevant_noncritical,False,unresolved,,
results/stage6/generated_full_benchmark/CM_A_STD_003.json,json,1418,,paper_relevant_noncritical,False,unresolved,,
results/stage6/generated_full_benchmark/CM_A_STD_004.json,json,1512,,paper_relevant_noncritical,False,unresolved,,
results/stage6/generated_full_benchmark/CM_A_STD_005.json,json,1663,,paper_relevant_noncritical,False,unresolved,,
results/stage6/generated_full_benchmark/CM_A_STD_006.json,json,1744,,paper_relevant_noncritical,False,unresolved,,
results/stage6/generated_full_benchmark/CM_A_STD_007.json,json,2089,,paper_relevant_noncritical,False,unresolved,,
results/stage6/generated_full_benchmark/CM_A_STD_008.json,json,1397,,paper_relevant_noncritical,False,unresolved,,
results/stage6/generated_full_benchmark/CM_A_STD_009.json,json,1436,,paper_relevant_noncritical,False,unresolved,,
results/stage6/generated_full_benchmark/CM_A_STD_010.json,json,1481,,paper_relevant_noncritical,False,unresolved,,
results/stage6/generated_full_benchmark/CM_A_STD_011.json,json,1494,,paper_relevant_noncritical,False,unresolved,,
results/stage6/generated_full_benchmark/CM_A_STD_012.json,json,1551,,paper_relevant_noncritical,False,unresolved,,
results/stage6/generated_full_benchmark/CM_A_STD_013.json,json,1473,,paper_relevant_noncritical,False,unresolved,,
results/stage6/generated_full_benchmark/CM_A_STD_014.json,json,1466,,paper_relevant_noncritical,False,unresolved,,
results/stage6/generated_full_benchmark/CM_A_STD_015.json,json,1723,,paper_relevant_noncritical,False,unresolved,,
results/stage6/generated_full_benchmark/CM_A_STD_016.json,json,1676,,paper_relevant_noncritical,False,unresolved,,
results/stage6/generated_full_benchmark/CM_A_STD_017.json,json,1568,,paper_relevant_noncritical,False,unresolved,,
results/stage6/generated_full_benchmark/CM_A_STD_018.json,json,1835,,paper_relevant_noncritical,False,unresolved,,
results/stage6/generated_full_benchmark/CM_A_STD_019.json,json,1753,,paper_relevant_noncritical,False,unresolved,,
results/stage6/generated_full_benchmark/CM_A_STD_020.json,json,1544,,paper_relevant_noncritical,False,unresolved,,
results/stage6/generated_full_benchmark/CM_B_001.json,json,2477,,paper_relevant_noncritical,False,unresolved,,
results/stage6/generated_full_benchmark/CM_B_002.json,json,2328,,paper_relevant_noncritical,False,unresolved,,
results/stage6/generated_full_benchmark/CM_B_003.json,json,2003,,paper_relevant_noncritical,False,unresolved,,
results/stage6/generated_full_benchmark/CM_B_004.json,json,2424,,paper_relevant_noncritical,False,unresolved,,
results/stage6/generated_full_benchmark/CM_B_005.json,json,1802,,paper_relevant_noncritical,False,unresolved,,
results/stage6/generated_full_benchmark/CM_B_006.json,json,2121,,paper_relevant_noncritical,False,unresolved,,
results/stage6/generated_full_benchmark/CM_B_007.json,json,2355,,paper_relevant_noncritical,False,unresolved,,
results/stage6/generated_full_benchmark/CM_B_008.json,json,2304,,paper_relevant_noncritical,False,unresolved,,
results/stage6/generated_full_benchmark/CM_B_009.json,json,2393,,paper_relevant_noncritical,False,unresolved,,
results/stage6/generated_full_benchmark/CM_B_010.json,json,2337,,paper_relevant_noncritical,False,unresolved,,
results/stage6/generated_full_benchmark/CM_B_STD_001.json,json,2343,,paper_relevant_noncritical,False,unresolved,,
results/stage6/generated_full_benchmark/CM_B_STD_002.json,json,2204,,paper_relevant_noncritical,False,unresolved,,
results/stage6/generated_full_benchmark/CM_B_STD_003.json,json,2219,,paper_relevant_noncritical,False,unresolved,,
results/stage6/generated_full_benchmark/CM_B_STD_004.json,json,2108,,paper_relevant_noncritical,False,unresolved,,
results/stage6/generated_full_benchmark/CM_B_STD_005.json,json,2267,,paper_relevant_noncritical,False,unresolved,,
results/stage6/generated_full_benchmark/CM_B_STD_006.json,json,2120,,paper_relevant_noncritical,False,unresolved,,
results/stage6/generated_full_benchmark/CM_B_STD_007.json,json,2020,,paper_relevant_noncritical,False,unresolved,,
results/stage6/generated_full_benchmark/CM_B_STD_008.json,json,1972,,paper_relevant_noncritical,False,unresolved,,
results/stage6/generated_full_benchmark/CM_B_STD_009.json,json,2126,,paper_relevant_noncritical,False,unresolved,,
results/stage6/generated_full_benchmark/CM_B_STD_010.json,json,2406,,paper_relevant_noncritical,False,unresolved,,
results/stage6/generated_full_benchmark/CM_B_STD_011.json,json,2316,,paper_relevant_noncritical,False,unresolved,,
results/stage6/generated_full_benchmark/CM_B_STD_012.json,json,2270,,paper_relevant_noncritical,False,unresolved,,
results/stage6/generated_full_benchmark/CM_B_STD_013.json,json,2138,,paper_relevant_noncritical,False,unresolved,,
results/stage6/generated_full_benchmark/CM_B_STD_014.json,json,2237,,paper_relevant_noncritical,False,unresolved,,
results/stage6/generated_full_benchmark/CM_B_STD_015.json,json,2075,,paper_relevant_noncritical,False,unresolved,,
results/stage6/generated_full_benchmark/CM_B_UM_001.json,json,2480,,paper_relevant_noncritical,False,unresolved,,
results/stage6/generated_full_benchmark/CM_B_UM_002.json,json,2232,,paper_relevant_noncritical,False,unresolved,,
results/stage6/generated_full_benchmark/CM_B_UM_003.json,json,2381,,paper_relevant_noncritical,False,unresolved,,
results/stage6/generated_full_benchmark/CM_B_UM_004.json,json,2306,,paper_relevant_noncritical,False,unresolved,,
results/stage6/generated_full_benchmark/CM_B_UM_005.json,json,2218,,paper_relevant_noncritical,False,unresolved,,
results/stage6/generated_full_benchmark/CM_B_UM_006.json,json,2384,,paper_relevant_noncritical,False,unresolved,,
results/stage6/generated_full_benchmark/CM_B_UM_007.json,json,2218,,paper_relevant_noncritical,False,unresolved,,
results/stage6/generated_full_benchmark/CM_B_UM_008.json,json,2402,,paper_relevant_noncritical,False,unresolved,,
results/stage6/generated_full_benchmark/CM_B_UM_009.json,json,1863,,paper_relevant_noncritical,False,unresolved,,
results/stage6/generated_full_benchmark/CM_B_UM_010.json,json,1714,,paper_relevant_noncritical,False,unresolved,,
results/stage6/generated_full_benchmark/CM_B_UM_011.json,json,2004,,paper_relevant_noncritical,False,unresolved,,
results/stage6/generated_full_benchmark/CM_B_UM_012.json,json,1775,,paper_relevant_noncritical,False,unresolved,,
results/stage6/generated_full_benchmark/CM_B_UM_013.json,json,1873,,paper_relevant_noncritical,False,unresolved,,
results/stage6/generated_full_benchmark/CM_B_UM_014.json,json,1966,,paper_relevant_noncritical,False,unresolved,,
results/stage6/generated_full_benchmark/CM_B_UM_015.json,json,2234,,paper_relevant_noncritical,False,unresolved,,
results/stage6/generated_full_benchmark/CM_B_UM_016.json,json,2142,,paper_relevant_noncritical,False,unresolved,,
results/stage6/generated_full_benchmark/CM_B_UM_017.json,json,2334,,paper_relevant_noncritical,False,unresolved,,
results/stage6/generated_full_benchmark/CM_B_UM_018.json,json,2210,,paper_relevant_noncritical,False,unresolved,,
results/stage6/generated_full_benchmark/CM_B_UM_019.json,json,2402,,paper_relevant_noncritical,False,unresolved,,
results/stage6/generated_full_benchmark/CM_B_UM_020.json,json,2418,,paper_relevant_noncritical,False,unresolved,,
results/stage6/generated_full_benchmark/CM_B_UM_021.json,json,2037,,paper_relevant_noncritical,False,unresolved,,
results/stage6/generated_full_benchmark/CM_B_UM_022.json,json,1913,,paper_relevant_noncritical,False,unresolved,,
results/stage6/generated_full_benchmark/CM_B_UM_023.json,json,2189,,paper_relevant_noncritical,False,unresolved,,
results/stage6/generated_full_benchmark/CM_B_UM_024.json,json,2186,,paper_relevant_noncritical,False,unresolved,,
results/stage6/generated_full_benchmark/CM_B_UM_025.json,json,2185,,paper_relevant_noncritical,False,unresolved,,
results/stage6/generated_full_benchmark/CM_B_UM_026.json,json,2206,,paper_relevant_noncritical,False,unresolved,,
results/stage6/generated_full_benchmark/CM_B_UM_027.json,json,2241,,paper_relevant_noncritical,False,unresolved,,
results/stage6/generated_full_benchmark/CM_B_UM_028.json,json,2252,,paper_relevant_noncritical,False,unresolved,,
results/stage6/generated_full_benchmark/CM_B_UM_029.json,json,2249,,paper_relevant_noncritical,False,unresolved,,
results/stage6/generated_full_benchmark/CM_B_UM_030.json,json,2249,,paper_relevant_noncritical,False,unresolved,,
results/stage6/generated_full_benchmark/CM_B_UM_031.json,json,2249,,paper_relevant_noncritical,False,unresolved,,
results/stage6/generated_full_benchmark/CM_B_UM_032.json,json,2127,,paper_relevant_noncritical,False,unresolved,,
results/stage6/generated_full_benchmark/CM_B_UM_033.json,json,2061,,paper_relevant_noncritical,False,unresolved,,
results/stage6/generated_full_benchmark/CM_B_UM_034.json,json,2127,,paper_relevant_noncritical,False,unresolved,,
results/stage6/generated_full_benchmark/CM_B_UM_035.json,json,2059,,paper_relevant_noncritical,False,unresolved,,
results/stage6/generated_full_benchmark/CM_B_UM_036.json,json,1951,,paper_relevant_noncritical,False,unresolved,,
results/stage6/generated_full_benchmark/CM_B_UM_037.json,json,2297,,paper_relevant_noncritical,False,unresolved,,
results/stage6/generated_full_benchmark/CM_B_UM_038.json,json,2303,,paper_relevant_noncritical,False,unresolved,,
results/stage6/generated_full_benchmark/CM_B_UM_039.json,json,2297,,paper_relevant_noncritical,False,unresolved,,
results/stage6/generated_full_benchmark/CM_B_UM_040.json,json,2297,,paper_relevant_noncritical,False,unresolved,,
results/stage6/generated_full_benchmark/CM_B_UM_041.json,json,1985,,paper_relevant_noncritical,False,unresolved,,
results/stage6/generated_full_benchmark/CM_B_UM_042.json,json,2327,,paper_relevant_noncritical,False,unresolved,,
results/stage6/generated_full_benchmark/CM_B_UM_043.json,json,2418,,paper_relevant_noncritical,False,unresolved,,
results/stage6/generated_full_benchmark/CM_B_UM_044.json,json,2269,,paper_relevant_noncritical,False,unresolved,,
results/stage6/generated_full_benchmark/CM_B_UM_045.json,json,2242,,paper_relevant_noncritical,False,unresolved,,
results/stage6/generated_full_benchmark/CM_B_UM_046.json,json,1946,,paper_relevant_noncritical,False,unresolved,,
results/stage6/generated_full_benchmark/CM_B_UM_047.json,json,2227,,paper_relevant_noncritical,False,unresolved,,
results/stage6/generated_full_benchmark/CM_B_UM_048.json,json,2170,,paper_relevant_noncritical,False,unresolved,,
results/stage6/generated_full_benchmark/CM_B_UM_049.json,json,1995,,paper_relevant_noncritical,False,unresolved,,
results/stage6/generated_full_benchmark/CM_B_UM_050.json,json,1919,,paper_relevant_noncritical,False,unresolved,,
results/stage6/generated_full_benchmark/CM_B_UM_051.json,json,2001,,paper_relevant_noncritical,False,unresolved,,
results/stage6/generated_full_benchmark/CM_B_UM_052.json,json,2071,,paper_relevant_noncritical,False,unresolved,,
results/stage6/generated_full_benchmark/CM_B_UM_053.json,json,2043,,paper_relevant_noncritical,False,unresolved,,
results/stage6/generated_full_benchmark/CM_B_UM_054.json,json,2080,,paper_relevant_noncritical,False,unresolved,,
results/stage6/generated_full_benchmark/CM_B_UM_055.json,json,2020,,paper_relevant_noncritical,False,unresolved,,
results/stage6/generated_full_benchmark/CM_B_UM_056.json,json,1893,,paper_relevant_noncritical,False,unresolved,,
results/stage6/generated_full_benchmark/CM_B_UM_057.json,json,2338,,paper_relevant_noncritical,False,unresolved,,
results/stage6/generated_full_benchmark/CM_B_UM_058.json,json,2338,,paper_relevant_noncritical,False,unresolved,,
results/stage6/generated_full_benchmark/CM_B_UM_059.json,json,2350,,paper_relevant_noncritical,False,unresolved,,
results/stage6/generated_full_benchmark/CM_B_UM_060.json,json,2323,,paper_relevant_noncritical,False,unresolved,,
results/stage6/generated_full_benchmark/CM_C_001.json,json,1311,,paper_relevant_noncritical,False,unresolved,,
results/stage6/generated_full_benchmark/CM_C_002.json,json,1298,,paper_relevant_noncritical,False,unresolved,,
results/stage6/generated_full_benchmark/CM_C_003.json,json,1198,,paper_relevant_noncritical,False,unresolved,,
results/stage6/generated_full_benchmark/CM_C_004.json,json,1180,,paper_relevant_noncritical,False,unresolved,,
results/stage6/generated_full_benchmark/CM_C_005.json,json,1353,,paper_relevant_noncritical,False,unresolved,,
results/stage6/generated_full_benchmark/EL_A_001.json,json,1447,,paper_relevant_noncritical,False,unresolved,,
results/stage6/generated_full_benchmark/EL_A_002.json,json,1484,,paper_relevant_noncritical,False,unresolved,,
results/stage6/generated_full_benchmark/EL_A_003.json,json,1828,,paper_relevant_noncritical,False,unresolved,,
results/stage6/generated_full_benchmark/EL_A_004.json,json,1917,,paper_relevant_noncritical,False,unresolved,,
results/stage6/generated_full_benchmark/EL_A_005.json,json,2239,,paper_relevant_noncritical,False,unresolved,,
results/stage6/generated_full_benchmark/EL_B_001.json,json,2046,,paper_relevant_noncritical,False,unresolved,,
results/stage6/generated_full_benchmark/EL_B_002.json,json,2149,,paper_relevant_noncritical,False,unresolved,,
results/stage6/generated_full_benchmark/EL_B_003.json,json,2386,,paper_relevant_noncritical,False,unresolved,,
results/stage6/generated_full_benchmark/EL_B_004.json,json,2890,,paper_relevant_noncritical,False,unresolved,,
results/stage6/generated_full_benchmark/EL_B_005.json,json,3411,,paper_relevant_noncritical,False,unresolved,,
results/stage6/generated_full_benchmark/TH_B_UM_001.json,json,2147,,paper_relevant_noncritical,False,unresolved,,
results/stage6/generated_full_benchmark/TH_B_UM_002.json,json,2103,,paper_relevant_noncritical,False,unresolved,,
results/stage6/generated_full_benchmark/TH_B_UM_003.json,json,2031,,paper_relevant_noncritical,False,unresolved,,
results/stage6/generated_full_benchmark/TH_B_UM_004.json,json,2203,,paper_relevant_noncritical,False,unresolved,,
results/stage6/generated_full_benchmark/TH_B_UM_005.json,json,2031,,paper_relevant_noncritical,False,unresolved,,
results/stage6/generated_full_benchmark/TH_B_UM_006.json,json,2131,,paper_relevant_noncritical,False,unresolved,,
results/stage6/generated_full_benchmark/TH_B_UM_007.json,json,2135,,paper_relevant_noncritical,False,unresolved,,
results/stage6/generated_full_benchmark/TH_B_UM_008.json,json,2135,,paper_relevant_noncritical,False,unresolved,,
results/stage6/generated_full_benchmark/TH_B_UM_009.json,json,2162,,paper_relevant_noncritical,False,unresolved,,
results/stage6/generated_full_benchmark/TH_B_UM_010.json,json,2170,,paper_relevant_noncritical,False,unresolved,,
results/stage6/generated_full_benchmark/assembly_summary.json,json,353,,paper_relevant_noncritical,False,unresolved,,
results/stage6/generated_phase1_full/CM_B_UM_001.json,json,2480,,paper_relevant_noncritical,False,unresolved,,
results/stage6/generated_phase1_full/CM_B_UM_002.json,json,2232,,paper_relevant_noncritical,False,unresolved,,
results/stage6/generated_phase1_full/CM_B_UM_003.json,json,2381,,paper_relevant_noncritical,False,unresolved,,
results/stage6/generated_phase1_full/CM_B_UM_004.json,json,2306,,paper_relevant_noncritical,False,unresolved,,
results/stage6/generated_phase1_full/CM_B_UM_005.json,json,2218,,paper_relevant_noncritical,False,unresolved,,
results/stage6/generated_phase1_full/CM_B_UM_006.json,json,2384,,paper_relevant_noncritical,False,unresolved,,
results/stage6/generated_phase1_full/CM_B_UM_007.json,json,2218,,paper_relevant_noncritical,False,unresolved,,
results/stage6/generated_phase1_full/CM_B_UM_008.json,json,2402,,paper_relevant_noncritical,False,unresolved,,
results/stage6/generated_phase1_full/CM_B_UM_009.json,json,1863,,paper_relevant_noncritical,False,unresolved,,
results/stage6/generated_phase1_full/CM_B_UM_010.json,json,1714,,paper_relevant_noncritical,False,unresolved,,
results/stage6/generated_phase1_full/CM_B_UM_011.json,json,2004,,paper_relevant_noncritical,False,unresolved,,
results/stage6/generated_phase1_full/CM_B_UM_012.json,json,1775,,paper_relevant_noncritical,False,unresolved,,
results/stage6/generated_phase1_full/CM_B_UM_013.json,json,1873,,paper_relevant_noncritical,False,unresolved,,
results/stage6/generated_phase1_full/CM_B_UM_014.json,json,1966,,paper_relevant_noncritical,False,unresolved,,
results/stage6/generated_phase1_full/CM_B_UM_015.json,json,2234,,paper_relevant_noncritical,False,unresolved,,
results/stage6/generated_phase1_full/CM_B_UM_016.json,json,2142,,paper_relevant_noncritical,False,unresolved,,
results/stage6/generated_phase1_full/CM_B_UM_017.json,json,2334,,paper_relevant_noncritical,False,unresolved,,
results/stage6/generated_phase1_full/CM_B_UM_018.json,json,2210,,paper_relevant_noncritical,False,unresolved,,
results/stage6/generated_phase1_full/CM_B_UM_019.json,json,2402,,paper_relevant_noncritical,False,unresolved,,
results/stage6/generated_phase1_full/CM_B_UM_020.json,json,2418,,paper_relevant_noncritical,False,unresolved,,
results/stage6/generated_phase1_full/CM_B_UM_021.json,json,2037,,paper_relevant_noncritical,False,unresolved,,
results/stage6/generated_phase1_full/CM_B_UM_022.json,json,1913,,paper_relevant_noncritical,False,unresolved,,
results/stage6/generated_phase1_full/CM_B_UM_023.json,json,2189,,paper_relevant_noncritical,False,unresolved,,
results/stage6/generated_phase1_full/CM_B_UM_024.json,json,2186,,paper_relevant_noncritical,False,unresolved,,
results/stage6/generated_phase1_full/CM_B_UM_025.json,json,2185,,paper_relevant_noncritical,False,unresolved,,
results/stage6/generated_phase1_full/CM_B_UM_026.json,json,2206,,paper_relevant_noncritical,False,unresolved,,
results/stage6/generated_phase1_full/CM_B_UM_027.json,json,2241,,paper_relevant_noncritical,False,unresolved,,
results/stage6/generated_phase1_full/CM_B_UM_028.json,json,2252,,paper_relevant_noncritical,False,unresolved,,
results/stage6/generated_phase1_full/CM_B_UM_029.json,json,2249,,paper_relevant_noncritical,False,unresolved,,
results/stage6/generated_phase1_full/CM_B_UM_030.json,json,2249,,paper_relevant_noncritical,False,unresolved,,
results/stage6/generated_phase1_full/CM_B_UM_031.json,json,2249,,paper_relevant_noncritical,False,unresolved,,
results/stage6/generated_phase1_full/CM_B_UM_032.json,json,2127,,paper_relevant_noncritical,False,unresolved,,
results/stage6/generated_phase1_full/CM_B_UM_033.json,json,2061,,paper_relevant_noncritical,False,unresolved,,
results/stage6/generated_phase1_full/CM_B_UM_034.json,json,2127,,paper_relevant_noncritical,False,unresolved,,
results/stage6/generated_phase1_full/CM_B_UM_035.json,json,2059,,paper_relevant_noncritical,False,unresolved,,
results/stage6/generated_phase1_full/CM_B_UM_036.json,json,1951,,paper_relevant_noncritical,False,unresolved,,
results/stage6/generated_phase1_full/CM_B_UM_037.json,json,2297,,paper_relevant_noncritical,False,unresolved,,
results/stage6/generated_phase1_full/CM_B_UM_038.json,json,2303,,paper_relevant_noncritical,False,unresolved,,
results/stage6/generated_phase1_full/CM_B_UM_039.json,json,2297,,paper_relevant_noncritical,False,unresolved,,
results/stage6/generated_phase1_full/CM_B_UM_040.json,json,2297,,paper_relevant_noncritical,False,unresolved,,
results/stage6/generated_phase1_partial/CM_B_UM_001.json,json,2480,,paper_relevant_noncritical,False,unresolved,,
results/stage6/generated_phase1_partial/CM_B_UM_002.json,json,2232,,paper_relevant_noncritical,False,unresolved,,
results/stage6/generated_phase1_partial/CM_B_UM_003.json,json,2381,,paper_relevant_noncritical,False,unresolved,,
results/stage6/generated_phase1_partial/CM_B_UM_004.json,json,2306,,paper_relevant_noncritical,False,unresolved,,
results/stage6/generated_phase1_partial/CM_B_UM_005.json,json,2218,,paper_relevant_noncritical,False,unresolved,,
results/stage6/generated_phase1_partial/CM_B_UM_006.json,json,2384,,paper_relevant_noncritical,False,unresolved,,
results/stage6/generated_phase1_partial/CM_B_UM_007.json,json,2218,,paper_relevant_noncritical,False,unresolved,,
results/stage6/generated_phase1_partial/CM_B_UM_008.json,json,2402,,paper_relevant_noncritical,False,unresolved,,
results/stage6/generated_phase1_partial/CM_B_UM_009.json,json,1863,,paper_relevant_noncritical,False,unresolved,,
results/stage6/generated_phase1_partial/CM_B_UM_010.json,json,1714,,paper_relevant_noncritical,False,unresolved,,
results/stage6/generated_phase1_partial/CM_B_UM_011.json,json,2004,,paper_relevant_noncritical,False,unresolved,,
results/stage6/generated_phase1_partial/CM_B_UM_012.json,json,1775,,paper_relevant_noncritical,False,unresolved,,
results/stage6/generated_phase1_partial/CM_B_UM_013.json,json,1873,,paper_relevant_noncritical,False,unresolved,,
results/stage6/generated_phase1_partial/CM_B_UM_014.json,json,1966,,paper_relevant_noncritical,False,unresolved,,
results/stage6/generated_phase2_ad/CM_B_UM_041.json,json,1985,,paper_relevant_noncritical,False,unresolved,,
results/stage6/generated_phase2_ad/CM_B_UM_042.json,json,2327,,paper_relevant_noncritical,False,unresolved,,
results/stage6/generated_phase2_ad/CM_B_UM_043.json,json,2418,,paper_relevant_noncritical,False,unresolved,,
results/stage6/generated_phase2_ad/CM_B_UM_044.json,json,2269,,paper_relevant_noncritical,False,unresolved,,
results/stage6/generated_phase2_ad/CM_B_UM_045.json,json,2242,,paper_relevant_noncritical,False,unresolved,,
results/stage6/generated_phase2_ad/CM_B_UM_046.json,json,1946,,paper_relevant_noncritical,False,unresolved,,
results/stage6/generated_phase2_ad/CM_B_UM_047.json,json,2227,,paper_relevant_noncritical,False,unresolved,,
results/stage6/generated_phase2_ad/CM_B_UM_048.json,json,2170,,paper_relevant_noncritical,False,unresolved,,
results/stage6/generated_phase2_ad/CM_B_UM_049.json,json,1995,,paper_relevant_noncritical,False,unresolved,,
results/stage6/generated_phase2_ad/CM_B_UM_050.json,json,1919,,paper_relevant_noncritical,False,unresolved,,
results/stage6/generated_phase2_ad/CM_B_UM_051.json,json,2001,,paper_relevant_noncritical,False,unresolved,,
results/stage6/generated_phase2_ad/CM_B_UM_052.json,json,2071,,paper_relevant_noncritical,False,unresolved,,
results/stage6/generated_phase2_ad/CM_B_UM_053.json,json,2043,,paper_relevant_noncritical,False,unresolved,,
results/stage6/generated_phase2_ad/CM_B_UM_054.json,json,2080,,paper_relevant_noncritical,False,unresolved,,
results/stage6/generated_phase2_ad/CM_B_UM_055.json,json,2020,,paper_relevant_noncritical,False,unresolved,,
results/stage6/generated_phase2_ad/CM_B_UM_056.json,json,1893,,paper_relevant_noncritical,False,unresolved,,
results/stage6/generated_phase2_ad/CM_B_UM_057.json,json,2338,,paper_relevant_noncritical,False,unresolved,,
results/stage6/generated_phase2_ad/CM_B_UM_058.json,json,2338,,paper_relevant_noncritical,False,unresolved,,
results/stage6/generated_phase2_ad/CM_B_UM_059.json,json,2350,,paper_relevant_noncritical,False,unresolved,,
results/stage6/generated_phase2_ad/CM_B_UM_060.json,json,2323,,paper_relevant_noncritical,False,unresolved,,
results/stage6/generated_phase2_ad/TH_B_UM_001.json,json,2147,,paper_relevant_noncritical,False,unresolved,,
results/stage6/generated_phase2_ad/TH_B_UM_002.json,json,2103,,paper_relevant_noncritical,False,unresolved,,
results/stage6/generated_phase2_ad/TH_B_UM_003.json,json,2031,,paper_relevant_noncritical,False,unresolved,,
results/stage6/generated_phase2_ad/TH_B_UM_004.json,json,2203,,paper_relevant_noncritical,False,unresolved,,
results/stage6/generated_phase2_ad/TH_B_UM_005.json,json,2031,,paper_relevant_noncritical,False,unresolved,,
results/stage6/generated_phase2_ad/TH_B_UM_006.json,json,2131,,paper_relevant_noncritical,False,unresolved,,
results/stage6/generated_phase2_ad/TH_B_UM_007.json,json,2135,,paper_relevant_noncritical,False,unresolved,,
results/stage6/generated_phase2_ad/TH_B_UM_008.json,json,2135,,paper_relevant_noncritical,False,unresolved,,
results/stage6/generated_phase2_ad/TH_B_UM_009.json,json,2162,,paper_relevant_noncritical,False,unresolved,,
results/stage6/generated_phase2_ad/TH_B_UM_010.json,json,2170,,paper_relevant_noncritical,False,unresolved,,
results/stage6/generated_phase2_bce/CM_A_STD_001.json,json,1676,,paper_relevant_noncritical,False,unresolved,,
results/stage6/generated_phase2_bce/CM_A_STD_002.json,json,1755,,paper_relevant_noncritical,False,unresolved,,
results/stage6/generated_phase2_bce/CM_A_STD_003.json,json,1418,,paper_relevant_noncritical,False,unresolved,,
results/stage6/generated_phase2_bce/CM_A_STD_004.json,json,1512,,paper_relevant_noncritical,False,unresolved,,
results/stage6/generated_phase2_bce/CM_A_STD_005.json,json,1663,,paper_relevant_noncritical,False,unresolved,,
results/stage6/generated_phase2_bce/CM_A_STD_006.json,json,1744,,paper_relevant_noncritical,False,unresolved,,
results/stage6/generated_phase2_bce/CM_A_STD_007.json,json,2089,,paper_relevant_noncritical,False,unresolved,,
results/stage6/generated_phase2_bce/CM_A_STD_008.json,json,1397,,paper_relevant_noncritical,False,unresolved,,
results/stage6/generated_phase2_bce/CM_A_STD_009.json,json,1436,,paper_relevant_noncritical,False,unresolved,,
results/stage6/generated_phase2_bce/CM_A_STD_010.json,json,1481,,paper_relevant_noncritical,False,unresolved,,
results/stage6/generated_phase2_bce/CM_A_STD_011.json,json,1494,,paper_relevant_noncritical,False,unresolved,,
results/stage6/generated_phase2_bce/CM_A_STD_012.json,json,1551,,paper_relevant_noncritical,False,unresolved,,
results/stage6/generated_phase2_bce/CM_A_STD_013.json,json,1473,,paper_relevant_noncritical,False,unresolved,,
results/stage6/generated_phase2_bce/CM_A_STD_014.json,json,1466,,paper_relevant_noncritical,False,unresolved,,
results/stage6/generated_phase2_bce/CM_A_STD_015.json,json,1723,,paper_relevant_noncritical,False,unresolved,,
results/stage6/generated_phase2_bce/CM_A_STD_016.json,json,1676,,paper_relevant_noncritical,False,unresolved,,
results/stage6/generated_phase2_bce/CM_A_STD_017.json,json,1568,,paper_relevant_noncritical,False,unresolved,,
results/stage6/generated_phase2_bce/CM_A_STD_018.json,json,1835,,paper_relevant_noncritical,False,unresolved,,
results/stage6/generated_phase2_bce/CM_A_STD_019.json,json,1753,,paper_relevant_noncritical,False,unresolved,,
results/stage6/generated_phase2_bce/CM_A_STD_020.json,json,1544,,paper_relevant_noncritical,False,unresolved,,
results/stage6/generated_phase2_bce/CM_B_STD_001.json,json,2343,,paper_relevant_noncritical,False,unresolved,,
results/stage6/generated_phase2_bce/CM_B_STD_002.json,json,2204,,paper_relevant_noncritical,False,unresolved,,
results/stage6/generated_phase2_bce/CM_B_STD_003.json,json,2219,,paper_relevant_noncritical,False,unresolved,,
results/stage6/generated_phase2_bce/CM_B_STD_004.json,json,2108,,paper_relevant_noncritical,False,unresolved,,
results/stage6/generated_phase2_bce/CM_B_STD_005.json,json,2267,,paper_relevant_noncritical,False,unresolved,,
results/stage6/generated_phase2_bce/CM_B_STD_006.json,json,2120,,paper_relevant_noncritical,False,unresolved,,
results/stage6/generated_phase2_bce/CM_B_STD_007.json,json,2020,,paper_relevant_noncritical,False,unresolved,,
results/stage6/generated_phase2_bce/CM_B_STD_008.json,json,1972,,paper_relevant_noncritical,False,unresolved,,
results/stage6/generated_phase2_bce/CM_B_STD_009.json,json,2126,,paper_relevant_noncritical,False,unresolved,,
results/stage6/generated_phase2_bce/CM_B_STD_010.json,json,2406,,paper_relevant_noncritical,False,unresolved,,
results/stage6/generated_phase2_bce/CM_B_STD_011.json,json,2316,,paper_relevant_noncritical,False,unresolved,,
results/stage6/generated_phase2_bce/CM_B_STD_012.json,json,2270,,paper_relevant_noncritical,False,unresolved,,
results/stage6/generated_phase2_bce/CM_B_STD_013.json,json,2138,,paper_relevant_noncritical,False,unresolved,,
results/stage6/generated_phase2_bce/CM_B_STD_014.json,json,2237,,paper_relevant_noncritical,False,unresolved,,
results/stage6/generated_phase2_bce/CM_B_STD_015.json,json,2075,,paper_relevant_noncritical,False,unresolved,,
results/stage6/generated_phase2_bce/CM_C_001.json,json,1311,,paper_relevant_noncritical,False,unresolved,,
results/stage6/generated_phase2_bce/CM_C_002.json,json,1298,,paper_relevant_noncritical,False,unresolved,,
results/stage6/generated_phase2_bce/CM_C_003.json,json,1198,,paper_relevant_noncritical,False,unresolved,,
results/stage6/generated_phase2_bce/CM_C_004.json,json,1180,,paper_relevant_noncritical,False,unresolved,,
results/stage6/generated_phase2_bce/CM_C_005.json,json,1353,,paper_relevant_noncritical,False,unresolved,,
results/stage6/probing/domain_generalisation/layer_auroc_variance.json,json,3653,28,paper_relevant_noncritical,False,unresolved,,
results/stage6/probing/domain_generalisation/layer_pearson_variance.json,json,2778,28,paper_relevant_noncritical,False,unresolved,,
results/stage6/probing/domain_generalisation/loo_predictions_variance.json,json,25379,135,paper_relevant_noncritical,False,unresolved,,
results/stage6/probing/domain_generalisation/run_probing_events.jsonl,jsonl,417,1,paper_relevant_noncritical,False,unresolved,,
results/stage6/probing/domain_generalisation/summary_variance.json,json,1601,,paper_relevant_noncritical,False,unresolved,,
results/stage6/probing/llama_variance/layer_auroc_variance.json,json,4183,32,paper_relevant_noncritical,False,unresolved,,
results/stage6/probing/llama_variance/layer_pearson_variance.json,json,3211,32,paper_relevant_noncritical,False,unresolved,,
results/stage6/probing/llama_variance/loo_predictions_variance.json,json,19895,135,paper_relevant_noncritical,False,unresolved,,
results/stage6/probing/llama_variance/run_probing_events.jsonl,jsonl,418,1,paper_relevant_noncritical,False,unresolved,,
results/stage6/probing/llama_variance/summary_variance.json,json,919,,paper_relevant_noncritical,False,unresolved,,
results/stage6/probing/mean_cue_token/layer_auroc_resid_post_cue_token.json,json,394,3,paper_relevant_noncritical,False,unresolved,,
results/stage6/probing/mean_cue_token/layer_pearson_resid_post_cue_token.json,json,301,3,paper_relevant_noncritical,False,unresolved,,
results/stage6/probing/mean_cue_token/loo_predictions_resid_post_cue_token.json,json,20026,135,paper_relevant_noncritical,False,unresolved,,
results/stage6/probing/mean_cue_token/run_probing_events.jsonl,jsonl,412,1,paper_relevant_noncritical,False,unresolved,,
results/stage6/probing/mean_cue_token/summary_resid_post_cue_token.json,json,677,,paper_relevant_noncritical,False,unresolved,,
results/stage6/probing/primary_variance/layer_auroc_variance.json,json,3650,28,paper_relevant_noncritical,False,unresolved,,
results/stage6/probing/primary_variance/layer_pearson_variance.json,json,2785,28,paper_relevant_noncritical,False,unresolved,,
results/stage6/probing/primary_variance/loo_predictions_variance.json,json,19939,135,paper_relevant_noncritical,False,unresolved,,
results/stage6/probing/primary_variance/run_probing_events.jsonl,jsonl,417,1,paper_relevant_noncritical,False,unresolved,,
results/stage6/probing/primary_variance/summary_variance.json,json,888,,paper_relevant_noncritical,False,unresolved,,
results/stage6/probing/variance_ensemble/loo_predictions_variance_ensemble.json,json,16699,135,paper_relevant_noncritical,False,unresolved,,
results/stage6/probing/variance_ensemble/run_probing_events.jsonl,jsonl,412,1,paper_relevant_noncritical,False,unresolved,,
results/stage6/probing/variance_ensemble/summary_variance_ensemble.json,json,752,,paper_relevant_noncritical,False,unresolved,,
results/stage6/probing/variance_ensemble_no_cue_c/loo_predictions_variance_ensemble.json,json,16083,130,paper_relevant_noncritical,False,unresolved,,
results/stage6/probing/variance_ensemble_no_cue_c/run_probing_events.jsonl,jsonl,412,1,paper_relevant_noncritical,False,unresolved,,
results/stage6/probing/variance_ensemble_no_cue_c/summary_variance_ensemble.json,json,754,,paper_relevant_noncritical,False,unresolved,,
results/stage6/probing/variance_mlp/layer_auroc_variance_mlp.json,json,133,1,paper_relevant_noncritical,False,unresolved,,
results/stage6/probing/variance_mlp/loo_predictions_variance_mlp.json,json,20542,135,paper_relevant_noncritical,False,unresolved,,
results/stage6/probing/variance_mlp/run_probing_events.jsonl,jsonl,407,1,paper_relevant_noncritical,False,unresolved,,
results/stage6/probing/variance_mlp/summary_variance_mlp.json,json,657,,paper_relevant_noncritical,False,unresolved,,
results/stage6/probing/variance_no_cue_c/layer_auroc_variance.json,json,3643,28,paper_relevant_noncritical,False,unresolved,,
results/stage6/probing/variance_no_cue_c/layer_pearson_variance.json,json,2811,28,paper_relevant_noncritical,False,unresolved,,
results/stage6/probing/variance_no_cue_c/loo_predictions_variance.json,json,19209,130,paper_relevant_noncritical,False,unresolved,,
results/stage6/probing/variance_no_cue_c/run_probing_events.jsonl,jsonl,417,1,paper_relevant_noncritical,False,unresolved,,
results/stage6/probing/variance_no_cue_c/summary_variance.json,json,888,,paper_relevant_noncritical,False,unresolved,,
results/stage6/render_all_templates_events.jsonl,jsonl,15550,56,paper_relevant_noncritical,False,unresolved,,
results/stage6/render_phase1_full_summary.json,json,138,,paper_relevant_noncritical,False,unresolved,,
results/stage6/render_phase1_partial_summary.json,json,138,,paper_relevant_noncritical,False,unresolved,,
results/stage6/render_phase2_ad/CM_B_UM_041.json,json,136,,paper_relevant_noncritical,False,unresolved,,
results/stage6/render_phase2_ad/CM_B_UM_042.json,json,136,,paper_relevant_noncritical,False,unresolved,,
results/stage6/render_phase2_ad/CM_B_UM_043.json,json,136,,paper_relevant_noncritical,False,unresolved,,
results/stage6/render_phase2_ad/CM_B_UM_044.json,json,136,,paper_relevant_noncritical,False,unresolved,,
results/stage6/render_phase2_ad/CM_B_UM_045.json,json,136,,paper_relevant_noncritical,False,unresolved,,
results/stage6/render_phase2_ad/CM_B_UM_046.json,json,136,,paper_relevant_noncritical,False,unresolved,,
results/stage6/render_phase2_ad/CM_B_UM_047.json,json,136,,paper_relevant_noncritical,False,unresolved,,
results/stage6/render_phase2_ad/CM_B_UM_048.json,json,136,,paper_relevant_noncritical,False,unresolved,,
results/stage6/render_phase2_ad/CM_B_UM_049.json,json,136,,paper_relevant_noncritical,False,unresolved,,
results/stage6/render_phase2_ad/CM_B_UM_050.json,json,136,,paper_relevant_noncritical,False,unresolved,,
results/stage6/render_phase2_ad/CM_B_UM_051.json,json,136,,paper_relevant_noncritical,False,unresolved,,
results/stage6/render_phase2_ad/CM_B_UM_052.json,json,136,,paper_relevant_noncritical,False,unresolved,,
results/stage6/render_phase2_ad/CM_B_UM_053.json,json,136,,paper_relevant_noncritical,False,unresolved,,
results/stage6/render_phase2_ad/CM_B_UM_054.json,json,136,,paper_relevant_noncritical,False,unresolved,,
results/stage6/render_phase2_ad/CM_B_UM_055.json,json,136,,paper_relevant_noncritical,False,unresolved,,
results/stage6/render_phase2_ad/CM_B_UM_056.json,json,136,,paper_relevant_noncritical,False,unresolved,,
results/stage6/render_phase2_ad/CM_B_UM_057.json,json,136,,paper_relevant_noncritical,False,unresolved,,
results/stage6/render_phase2_ad/CM_B_UM_058.json,json,136,,paper_relevant_noncritical,False,unresolved,,
results/stage6/render_phase2_ad/CM_B_UM_059.json,json,136,,paper_relevant_noncritical,False,unresolved,,
results/stage6/render_phase2_ad/CM_B_UM_060.json,json,136,,paper_relevant_noncritical,False,unresolved,,
results/stage6/render_phase2_ad/TH_B_UM_001.json,json,136,,paper_relevant_noncritical,False,unresolved,,
results/stage6/render_phase2_ad/TH_B_UM_002.json,json,136,,paper_relevant_noncritical,False,unresolved,,
results/stage6/render_phase2_ad/TH_B_UM_003.json,json,136,,paper_relevant_noncritical,False,unresolved,,
results/stage6/render_phase2_ad/TH_B_UM_004.json,json,136,,paper_relevant_noncritical,False,unresolved,,
results/stage6/render_phase2_ad/TH_B_UM_005.json,json,136,,paper_relevant_noncritical,False,unresolved,,
results/stage6/render_phase2_ad/TH_B_UM_006.json,json,136,,paper_relevant_noncritical,False,unresolved,,
results/stage6/render_phase2_ad/TH_B_UM_007.json,json,136,,paper_relevant_noncritical,False,unresolved,,
results/stage6/render_phase2_ad/TH_B_UM_008.json,json,136,,paper_relevant_noncritical,False,unresolved,,
results/stage6/render_phase2_ad/TH_B_UM_009.json,json,136,,paper_relevant_noncritical,False,unresolved,,
results/stage6/render_phase2_ad/TH_B_UM_010.json,json,136,,paper_relevant_noncritical,False,unresolved,,
results/stage6/render_phase2_ad/phase2_ad_render_summary.json,json,1737,,paper_relevant_noncritical,False,unresolved,,
results/stage6/render_phase2_ad/render_all_templates_events.jsonl,jsonl,19936,64,paper_relevant_noncritical,False,unresolved,,
results/stage6/render_phase2_bce/CM_A_STD_001.json,json,136,,paper_relevant_noncritical,False,unresolved,,
results/stage6/render_phase2_bce/CM_A_STD_002.json,json,136,,paper_relevant_noncritical,False,unresolved,,
results/stage6/render_phase2_bce/CM_A_STD_003.json,json,136,,paper_relevant_noncritical,False,unresolved,,
results/stage6/render_phase2_bce/CM_A_STD_004.json,json,136,,paper_relevant_noncritical,False,unresolved,,
results/stage6/render_phase2_bce/CM_A_STD_005.json,json,136,,paper_relevant_noncritical,False,unresolved,,
results/stage6/render_phase2_bce/CM_A_STD_006.json,json,136,,paper_relevant_noncritical,False,unresolved,,
results/stage6/render_phase2_bce/CM_A_STD_007.json,json,136,,paper_relevant_noncritical,False,unresolved,,
results/stage6/render_phase2_bce/CM_A_STD_008.json,json,136,,paper_relevant_noncritical,False,unresolved,,
results/stage6/render_phase2_bce/CM_A_STD_009.json,json,136,,paper_relevant_noncritical,False,unresolved,,
results/stage6/render_phase2_bce/CM_A_STD_010.json,json,136,,paper_relevant_noncritical,False,unresolved,,
results/stage6/render_phase2_bce/CM_A_STD_011.json,json,136,,paper_relevant_noncritical,False,unresolved,,
results/stage6/render_phase2_bce/CM_A_STD_012.json,json,136,,paper_relevant_noncritical,False,unresolved,,
results/stage6/render_phase2_bce/CM_A_STD_013.json,json,136,,paper_relevant_noncritical,False,unresolved,,
results/stage6/render_phase2_bce/CM_A_STD_014.json,json,136,,paper_relevant_noncritical,False,unresolved,,
results/stage6/render_phase2_bce/CM_A_STD_015.json,json,136,,paper_relevant_noncritical,False,unresolved,,
results/stage6/render_phase2_bce/CM_A_STD_016.json,json,136,,paper_relevant_noncritical,False,unresolved,,
results/stage6/render_phase2_bce/CM_A_STD_017.json,json,136,,paper_relevant_noncritical,False,unresolved,,
results/stage6/render_phase2_bce/CM_A_STD_018.json,json,136,,paper_relevant_noncritical,False,unresolved,,
results/stage6/render_phase2_bce/CM_A_STD_019.json,json,136,,paper_relevant_noncritical,False,unresolved,,
results/stage6/render_phase2_bce/CM_A_STD_020.json,json,136,,paper_relevant_noncritical,False,unresolved,,
results/stage6/render_phase2_bce/CM_B_STD_001.json,json,136,,paper_relevant_noncritical,False,unresolved,,
results/stage6/render_phase2_bce/CM_B_STD_002.json,json,136,,paper_relevant_noncritical,False,unresolved,,
results/stage6/render_phase2_bce/CM_B_STD_003.json,json,136,,paper_relevant_noncritical,False,unresolved,,
results/stage6/render_phase2_bce/CM_B_STD_004.json,json,136,,paper_relevant_noncritical,False,unresolved,,
results/stage6/render_phase2_bce/CM_B_STD_005.json,json,136,,paper_relevant_noncritical,False,unresolved,,
results/stage6/render_phase2_bce/CM_B_STD_006.json,json,136,,paper_relevant_noncritical,False,unresolved,,
results/stage6/render_phase2_bce/CM_B_STD_007.json,json,136,,paper_relevant_noncritical,False,unresolved,,
results/stage6/render_phase2_bce/CM_B_STD_008.json,json,136,,paper_relevant_noncritical,False,unresolved,,
results/stage6/render_phase2_bce/CM_B_STD_009.json,json,136,,paper_relevant_noncritical,False,unresolved,,
results/stage6/render_phase2_bce/CM_B_STD_010.json,json,136,,paper_relevant_noncritical,False,unresolved,,
results/stage6/render_phase2_bce/CM_B_STD_011.json,json,136,,paper_relevant_noncritical,False,unresolved,,
results/stage6/render_phase2_bce/CM_B_STD_012.json,json,136,,paper_relevant_noncritical,False,unresolved,,
results/stage6/render_phase2_bce/CM_B_STD_013.json,json,136,,paper_relevant_noncritical,False,unresolved,,
results/stage6/render_phase2_bce/CM_B_STD_014.json,json,136,,paper_relevant_noncritical,False,unresolved,,
results/stage6/render_phase2_bce/CM_B_STD_015.json,json,136,,paper_relevant_noncritical,False,unresolved,,
results/stage6/render_phase2_bce/CM_C_001.json,json,136,,paper_relevant_noncritical,False,unresolved,,
results/stage6/render_phase2_bce/CM_C_002.json,json,136,,paper_relevant_noncritical,False,unresolved,,
results/stage6/render_phase2_bce/CM_C_003.json,json,136,,paper_relevant_noncritical,False,unresolved,,
results/stage6/render_phase2_bce/CM_C_004.json,json,136,,paper_relevant_noncritical,False,unresolved,,
results/stage6/render_phase2_bce/CM_C_005.json,json,136,,paper_relevant_noncritical,False,unresolved,,
results/stage6/render_phase2_bce/phase2_bce_render_summary.json,json,1835,,paper_relevant_noncritical,False,unresolved,,
results/stage6/render_phase2_bce/render_all_templates_events.jsonl,jsonl,37008,123,paper_relevant_noncritical,False,unresolved,,
results/stage6/render_phase2_bce/render_summary_bce_frame_refresh.json,json,136,,paper_relevant_noncritical,False,unresolved,,
results/stage6/render_phase2_bce/render_summary_bce_standard_cuea_refresh.json,json,138,,paper_relevant_noncritical,False,unresolved,,
results/stage6/render_phase2_bce/render_summary_bce_standard_cueb_refresh.json,json,138,,paper_relevant_noncritical,False,unresolved,,
results/stage6/verification/CM_B_UM_001.json,json,678,,paper_relevant_noncritical,False,unresolved,,
results/stage6/verification/CM_B_UM_002.json,json,678,,paper_relevant_noncritical,False,unresolved,,
results/stage6/verification/CM_B_UM_003.json,json,679,,paper_relevant_noncritical,False,unresolved,,
results/stage6/verification/CM_B_UM_004.json,json,715,,paper_relevant_noncritical,False,unresolved,,
results/stage6/verification/CM_B_UM_005.json,json,707,,paper_relevant_noncritical,False,unresolved,,
results/stage6/verification/CM_B_UM_006.json,json,685,,paper_relevant_noncritical,False,unresolved,,
results/stage6/verification/CM_B_UM_007.json,json,712,,paper_relevant_noncritical,False,unresolved,,
results/stage6/verification/CM_B_UM_008.json,json,698,,paper_relevant_noncritical,False,unresolved,,
results/stage6/verification/CM_B_UM_009.json,json,687,,paper_relevant_noncritical,False,unresolved,,
results/stage6/verification/CM_B_UM_010.json,json,675,,paper_relevant_noncritical,False,unresolved,,
results/stage6/verification/CM_B_UM_011.json,json,709,,paper_relevant_noncritical,False,unresolved,,
results/stage6/verification/CM_B_UM_012.json,json,685,,paper_relevant_noncritical,False,unresolved,,
results/stage6/verification/CM_B_UM_013.json,json,723,,paper_relevant_noncritical,False,unresolved,,
results/stage6/verification/CM_B_UM_014.json,json,675,,paper_relevant_noncritical,False,unresolved,,
results/stage6/verification/CM_B_UM_015.json,json,673,,paper_relevant_noncritical,False,unresolved,,
results/stage6/verification/CM_B_UM_016.json,json,690,,paper_relevant_noncritical,False,unresolved,,
results/stage6/verification/CM_B_UM_017.json,json,681,,paper_relevant_noncritical,False,unresolved,,
results/stage6/verification/CM_B_UM_018.json,json,671,,paper_relevant_noncritical,False,unresolved,,
results/stage6/verification/CM_B_UM_019.json,json,675,,paper_relevant_noncritical,False,unresolved,,
results/stage6/verification/CM_B_UM_020.json,json,681,,paper_relevant_noncritical,False,unresolved,,
results/stage6/verification/CM_B_UM_021.json,json,678,,paper_relevant_noncritical,False,unresolved,,
results/stage6/verification/CM_B_UM_022.json,json,673,,paper_relevant_noncritical,False,unresolved,,
results/stage6/verification/CM_B_UM_023.json,json,684,,paper_relevant_noncritical,False,unresolved,,
results/stage6/verification/CM_B_UM_024.json,json,687,,paper_relevant_noncritical,False,unresolved,,
results/stage6/verification/CM_B_UM_025.json,json,676,,paper_relevant_noncritical,False,unresolved,,
results/stage6/verification/CM_B_UM_026.json,json,698,,paper_relevant_noncritical,False,unresolved,,
results/stage6/verification/CM_B_UM_027.json,json,675,,paper_relevant_noncritical,False,unresolved,,
results/stage6/verification/CM_B_UM_028.json,json,695,,paper_relevant_noncritical,False,unresolved,,
results/stage6/verification/CM_B_UM_029.json,json,694,,paper_relevant_noncritical,False,unresolved,,
results/stage6/verification/CM_B_UM_030.json,json,680,,paper_relevant_noncritical,False,unresolved,,
results/stage6/verification/CM_B_UM_031.json,json,694,,paper_relevant_noncritical,False,unresolved,,
results/stage6/verification/CM_B_UM_032.json,json,725,,paper_relevant_noncritical,False,unresolved,,
results/stage6/verification/CM_B_UM_033.json,json,719,,paper_relevant_noncritical,False,unresolved,,
results/stage6/verification/CM_B_UM_034.json,json,725,,paper_relevant_noncritical,False,unresolved,,
results/stage6/verification/CM_B_UM_035.json,json,719,,paper_relevant_noncritical,False,unresolved,,
results/stage6/verification/CM_B_UM_036.json,json,699,,paper_relevant_noncritical,False,unresolved,,
results/stage6/verification/CM_B_UM_037.json,json,717,,paper_relevant_noncritical,False,unresolved,,
results/stage6/verification/CM_B_UM_038.json,json,715,,paper_relevant_noncritical,False,unresolved,,
results/stage6/verification/CM_B_UM_039.json,json,715,,paper_relevant_noncritical,False,unresolved,,
results/stage6/verification/CM_B_UM_040.json,json,680,,paper_relevant_noncritical,False,unresolved,,
results/stage6/verification_phase2_ad/CM_B_UM_041.json,json,694,,paper_relevant_noncritical,False,unresolved,,
results/stage6/verification_phase2_ad/CM_B_UM_042.json,json,698,,paper_relevant_noncritical,False,unresolved,,
results/stage6/verification_phase2_ad/CM_B_UM_043.json,json,698,,paper_relevant_noncritical,False,unresolved,,
results/stage6/verification_phase2_ad/CM_B_UM_044.json,json,700,,paper_relevant_noncritical,False,unresolved,,
results/stage6/verification_phase2_ad/CM_B_UM_045.json,json,682,,paper_relevant_noncritical,False,unresolved,,
results/stage6/verification_phase2_ad/CM_B_UM_046.json,json,681,,paper_relevant_noncritical,False,unresolved,,
results/stage6/verification_phase2_ad/CM_B_UM_047.json,json,724,,paper_relevant_noncritical,False,unresolved,,
results/stage6/verification_phase2_ad/CM_B_UM_048.json,json,693,,paper_relevant_noncritical,False,unresolved,,
results/stage6/verification_phase2_ad/CM_B_UM_049.json,json,725,,paper_relevant_noncritical,False,unresolved,,
results/stage6/verification_phase2_ad/CM_B_UM_050.json,json,724,,paper_relevant_noncritical,False,unresolved,,
results/stage6/verification_phase2_ad/CM_B_UM_051.json,json,722,,paper_relevant_noncritical,False,unresolved,,
results/stage6/verification_phase2_ad/CM_B_UM_052.json,json,724,,paper_relevant_noncritical,False,unresolved,,
results/stage6/verification_phase2_ad/CM_B_UM_053.json,json,725,,paper_relevant_noncritical,False,unresolved,,
results/stage6/verification_phase2_ad/CM_B_UM_054.json,json,725,,paper_relevant_noncritical,False,unresolved,,
results/stage6/verification_phase2_ad/CM_B_UM_055.json,json,719,,paper_relevant_noncritical,False,unresolved,,
results/stage6/verification_phase2_ad/CM_B_UM_056.json,json,693,,paper_relevant_noncritical,False,unresolved,,
results/stage6/verification_phase2_ad/CM_B_UM_057.json,json,680,,paper_relevant_noncritical,False,unresolved,,
results/stage6/verification_phase2_ad/CM_B_UM_058.json,json,695,,paper_relevant_noncritical,False,unresolved,,
results/stage6/verification_phase2_ad/CM_B_UM_059.json,json,736,,paper_relevant_noncritical,False,unresolved,,
results/stage6/verification_phase2_ad/CM_B_UM_060.json,json,675,,paper_relevant_noncritical,False,unresolved,,
results/stage6/verification_phase2_ad/TH_B_UM_001.json,json,702,,paper_relevant_noncritical,False,unresolved,,
results/stage6/verification_phase2_ad/TH_B_UM_002.json,json,702,,paper_relevant_noncritical,False,unresolved,,
results/stage6/verification_phase2_ad/TH_B_UM_003.json,json,702,,paper_relevant_noncritical,False,unresolved,,
results/stage6/verification_phase2_ad/TH_B_UM_004.json,json,706,,paper_relevant_noncritical,False,unresolved,,
results/stage6/verification_phase2_ad/TH_B_UM_005.json,json,706,,paper_relevant_noncritical,False,unresolved,,
results/stage6/verification_phase2_ad/TH_B_UM_006.json,json,736,,paper_relevant_noncritical,False,unresolved,,
results/stage6/verification_phase2_ad/TH_B_UM_007.json,json,716,,paper_relevant_noncritical,False,unresolved,,
results/stage6/verification_phase2_ad/TH_B_UM_008.json,json,716,,paper_relevant_noncritical,False,unresolved,,
results/stage6/verification_phase2_ad/TH_B_UM_009.json,json,695,,paper_relevant_noncritical,False,unresolved,,
results/stage6/verification_phase2_ad/TH_B_UM_010.json,json,700,,paper_relevant_noncritical,False,unresolved,,
results/stage6/verification_phase2_bce/CM_A_STD_001.json,json,671,,paper_relevant_noncritical,False,unresolved,,
results/stage6/verification_phase2_bce/CM_A_STD_002.json,json,669,,paper_relevant_noncritical,False,unresolved,,
results/stage6/verification_phase2_bce/CM_A_STD_003.json,json,662,,paper_relevant_noncritical,False,unresolved,,
results/stage6/verification_phase2_bce/CM_A_STD_004.json,json,662,,paper_relevant_noncritical,False,unresolved,,
results/stage6/verification_phase2_bce/CM_A_STD_005.json,json,667,,paper_relevant_noncritical,False,unresolved,,
results/stage6/verification_phase2_bce/CM_A_STD_006.json,json,667,,paper_relevant_noncritical,False,unresolved,,
results/stage6/verification_phase2_bce/CM_A_STD_007.json,json,667,,paper_relevant_noncritical,False,unresolved,,
results/stage6/verification_phase2_bce/CM_A_STD_008.json,json,662,,paper_relevant_noncritical,False,unresolved,,
results/stage6/verification_phase2_bce/CM_A_STD_009.json,json,664,,paper_relevant_noncritical,False,unresolved,,
results/stage6/verification_phase2_bce/CM_A_STD_010.json,json,674,,paper_relevant_noncritical,False,unresolved,,
results/stage6/verification_phase2_bce/CM_A_STD_011.json,json,662,,paper_relevant_noncritical,False,unresolved,,
results/stage6/verification_phase2_bce/CM_A_STD_012.json,json,662,,paper_relevant_noncritical,False,unresolved,,
results/stage6/verification_phase2_bce/CM_A_STD_013.json,json,701,,paper_relevant_noncritical,False,unresolved,,
results/stage6/verification_phase2_bce/CM_A_STD_014.json,json,657,,paper_relevant_noncritical,False,unresolved,,
results/stage6/verification_phase2_bce/CM_A_STD_015.json,json,712,,paper_relevant_noncritical,False,unresolved,,
results/stage6/verification_phase2_bce/CM_A_STD_016.json,json,686,,paper_relevant_noncritical,False,unresolved,,
results/stage6/verification_phase2_bce/CM_A_STD_017.json,json,684,,paper_relevant_noncritical,False,unresolved,,
results/stage6/verification_phase2_bce/CM_A_STD_018.json,json,710,,paper_relevant_noncritical,False,unresolved,,
results/stage6/verification_phase2_bce/CM_A_STD_019.json,json,677,,paper_relevant_noncritical,False,unresolved,,
results/stage6/verification_phase2_bce/CM_A_STD_020.json,json,672,,paper_relevant_noncritical,False,unresolved,,
results/stage6/verification_phase2_bce/CM_B_STD_001.json,json,682,,paper_relevant_noncritical,False,unresolved,,
results/stage6/verification_phase2_bce/CM_B_STD_002.json,json,687,,paper_relevant_noncritical,False,unresolved,,
results/stage6/verification_phase2_bce/CM_B_STD_003.json,json,682,,paper_relevant_noncritical,False,unresolved,,
results/stage6/verification_phase2_bce/CM_B_STD_004.json,json,696,,paper_relevant_noncritical,False,unresolved,,
results/stage6/verification_phase2_bce/CM_B_STD_005.json,json,696,,paper_relevant_noncritical,False,unresolved,,
results/stage6/verification_phase2_bce/CM_B_STD_006.json,json,710,,paper_relevant_noncritical,False,unresolved,,
results/stage6/verification_phase2_bce/CM_B_STD_007.json,json,714,,paper_relevant_noncritical,False,unresolved,,
results/stage6/verification_phase2_bce/CM_B_STD_008.json,json,699,,paper_relevant_noncritical,False,unresolved,,
results/stage6/verification_phase2_bce/CM_B_STD_009.json,json,696,,paper_relevant_noncritical,False,unresolved,,
results/stage6/verification_phase2_bce/CM_B_STD_010.json,json,723,,paper_relevant_noncritical,False,unresolved,,
results/stage6/verification_phase2_bce/CM_B_STD_011.json,json,722,,paper_relevant_noncritical,False,unresolved,,
results/stage6/verification_phase2_bce/CM_B_STD_012.json,json,723,,paper_relevant_noncritical,False,unresolved,,
results/stage6/verification_phase2_bce/CM_B_STD_013.json,json,719,,paper_relevant_noncritical,False,unresolved,,
results/stage6/verification_phase2_bce/CM_B_STD_014.json,json,704,,paper_relevant_noncritical,False,unresolved,,
results/stage6/verification_phase2_bce/CM_B_STD_015.json,json,728,,paper_relevant_noncritical,False,unresolved,,
results/stage6/verification_phase2_bce/CM_C_001.json,json,672,,paper_relevant_noncritical,False,unresolved,,
results/stage6/verification_phase2_bce/CM_C_002.json,json,670,,paper_relevant_noncritical,False,unresolved,,
results/stage6/verification_phase2_bce/CM_C_003.json,json,659,,paper_relevant_noncritical,False,unresolved,,
results/stage6/verification_phase2_bce/CM_C_004.json,json,673,,paper_relevant_noncritical,False,unresolved,,
results/stage6/verification_phase2_bce/CM_C_005.json,json,671,,paper_relevant_noncritical,False,unresolved,,
results/stage8/analysis_deepseek/deepseek_per_family.csv,csv,11373,140,paper_relevant_noncritical,False,unresolved,,
results/stage8/analysis_deepseek/deepseek_summary.json,json,666,,paper_relevant_noncritical,False,unresolved,,
results/stage8/analysis_deepseek/generate_positive_families_events.jsonl,jsonl,441,1,paper_relevant_noncritical,False,unresolved,,
results/stage8/analysis_deepseek/stage8_positive_families_deepseek.json,json,994,,paper_relevant_noncritical,False,unresolved,,
results/stage8/attention/family_head_contributions.json,json,48881,280,paper_relevant_noncritical,False,unresolved,,
results/stage8/attention/head_sensitivity_scores.json,json,4634,28,paper_relevant_noncritical,False,unresolved,,
results/stage8/attention/probe_weights_layer18.npy,npy,14464,,paper_relevant_noncritical,False,unresolved,,
results/stage8/attention/run_attention_analysis_events.jsonl,jsonl,290,1,paper_relevant_noncritical,False,unresolved,,
results/stage8/baselines_deepseek/run_baselines_surface_events.jsonl,jsonl,1660,5,paper_relevant_noncritical,False,unresolved,,
results/stage8/baselines_deepseek/surface_bag_of_words_slp_binary.json,json,347,,paper_relevant_noncritical,False,unresolved,,
results/stage8/baselines_deepseek/surface_cue_span_only_slp_binary.json,json,349,,paper_relevant_noncritical,False,unresolved,,
results/stage8/baselines_deepseek/surface_prompt_statistics_slp_binary.json,json,351,,paper_relevant_noncritical,False,unresolved,,
results/stage8/baselines_deepseek/surface_tfidf_continuous.json,json,309,,paper_relevant_noncritical,False,unresolved,,
results/stage8/baselines_deepseek/surface_tfidf_logistic_slp_binary.json,json,348,,paper_relevant_noncritical,False,unresolved,,
results/stage8/causal_comparison_table.json,json,5738,,paper_relevant_noncritical,False,unresolved,,
results/stage8/causal_patching/patching_results.csv,csv,18931,240,paper_relevant_noncritical,False,unresolved,,
results/stage8/causal_patching/patching_summary.json,json,2810,,paper_relevant_noncritical,False,unresolved,,
results/stage8/causal_patching/run_causal_patching_events.jsonl,jsonl,8101,22,paper_relevant_noncritical,False,unresolved,,
results/stage8/causal_patching_cue_token/patching_results.csv,csv,18222,240,paper_relevant_noncritical,False,unresolved,,
results/stage8/causal_patching_cue_token/patching_summary.json,json,2874,,paper_relevant_noncritical,False,unresolved,,
results/stage8/causal_patching_cue_token/run_causal_patching_events.jsonl,jsonl,8102,22,paper_relevant_noncritical,False,unresolved,,
results/stage8/cross_model/alignment_quality.json,json,405,,paper_relevant_noncritical,False,unresolved,,
results/stage8/cross_model/run_cross_model_transfer_events.jsonl,jsonl,407,1,paper_relevant_noncritical,False,unresolved,,
results/stage8/cross_model_deepseek/alignment_quality.json,json,565,,paper_relevant_noncritical,False,unresolved,,
results/stage8/cross_model_deepseek/novel_sensitivity_families.json,json,2822,,paper_relevant_noncritical,False,unresolved,,
results/stage8/cross_model_deepseek/run_cross_model_transfer_events.jsonl,jsonl,412,1,paper_relevant_noncritical,False,unresolved,,
results/stage8/head26_knockout/head26_comparison_summary.json,json,9399,,paper_relevant_noncritical,False,unresolved,,
results/stage8/head26_knockout/patching_results.csv,csv,23041,240,paper_relevant_noncritical,False,unresolved,,
results/stage8/head26_knockout/patching_summary.json,json,2605,,paper_relevant_noncritical,False,unresolved,,
results/stage8/head26_knockout/run_causal_patching_events.jsonl,jsonl,8202,22,paper_relevant_noncritical,False,unresolved,,
results/stage8/multi_head_knockout/multi_head_comparison.json,json,34397,,paper_relevant_noncritical,False,unresolved,,
results/stage8/multi_head_knockout/patching_results.csv,csv,15192,140,paper_relevant_noncritical,False,unresolved,,
results/stage8/multi_head_knockout/patching_summary.json,json,2257,,paper_relevant_noncritical,False,unresolved,,
results/stage8/multi_head_knockout/run_causal_patching_events.jsonl,jsonl,8269,22,paper_relevant_noncritical,False,unresolved,,
results/stage8/probing_deepseek/layer_auroc_variance.json,json,8356,64,paper_relevant_noncritical,False,unresolved,,
results/stage8/probing_deepseek/layer_pearson_variance.json,json,6390,64,paper_relevant_noncritical,False,unresolved,,
results/stage8/probing_deepseek/loo_predictions_variance.json,json,20669,140,paper_relevant_noncritical,False,unresolved,,
results/stage8/probing_deepseek/run_probing_events.jsonl,jsonl,429,1,paper_relevant_noncritical,False,unresolved,,
results/stage8/probing_deepseek/summary_variance.json,json,1227,,paper_relevant_noncritical,False,unresolved,,
results/stage8/stage8_complete_summary.json,json,6234,,paper_relevant_noncritical,False,unresolved,,
results/stage9/baselines/answer_rationale/run_baselines_surface_events.jsonl,jsonl,630,2,paper_relevant_noncritical,False,unresolved,,
results/stage9/baselines/answer_rationale/surface_answer_rationale_classifier_slp_binary.json,json,563,,paper_relevant_noncritical,False,unresolved,,
results/stage9/baselines/answer_rationale/surface_tfidf_continuous.json,json,541,,paper_relevant_noncritical,False,unresolved,,
results/stage9/baselines/blackbox_counterfactual/blackbox_counterfactual_summary.json,json,860,,paper_relevant_noncritical,False,unresolved,,
results/stage9/baselines/blackbox_counterfactual/family_scores.json,json,21399,135,paper_relevant_noncritical,False,unresolved,,
results/stage9/baselines/blackbox_counterfactual/pairwise_predictions.json,json,154466,810,paper_relevant_noncritical,False,unresolved,,
results/stage9/baselines/correctness_probe/layer_auroc_variance.json,json,3642,28,paper_relevant_noncritical,False,unresolved,,
results/stage9/baselines/correctness_probe/loo_predictions_variance.json,json,19908,135,paper_relevant_noncritical,False,unresolved,,
results/stage9/baselines/correctness_probe/run_probing_events.jsonl,jsonl,403,1,paper_relevant_noncritical,False,unresolved,,
results/stage9/baselines/correctness_probe/summary_variance.json,json,964,,paper_relevant_noncritical,False,unresolved,,
results/stage9/baselines/cot_text/run_baselines_surface_events.jsonl,jsonl,622,2,paper_relevant_noncritical,False,unresolved,,
results/stage9/baselines/cot_text/surface_cot_text_classifier_slp_binary.json,json,571,,paper_relevant_noncritical,False,unresolved,,
results/stage9/baselines/cot_text/surface_tfidf_continuous.json,json,541,,paper_relevant_noncritical,False,unresolved,,
results/stage9/baselines/entropy/embedding_vs_entropy_summary.json,json,825,,paper_relevant_noncritical,False,unresolved,,
results/stage9/baselines/entropy/entropy_baseline_summary.json,json,169,,paper_relevant_noncritical,False,unresolved,,
results/stage9/baselines/entropy/entropy_per_family_scores.json,json,26376,135,paper_relevant_noncritical,False,unresolved,,
results/stage9/baselines/entropy/entropy_vs_probe_correlation.json,json,10293,,paper_relevant_noncritical,False,unresolved,,
results/stage9/baselines/llm_judge/deepseek_setting_a/judge_auroc.json,json,168,,paper_relevant_noncritical,False,unresolved,,
results/stage9/baselines/llm_judge/deepseek_setting_a/predictions.csv,csv,3110,135,paper_relevant_noncritical,False,unresolved,,
results/stage9/baselines/llm_judge/deepseek_setting_a/run_causal_patching_events.jsonl,jsonl,487,1,paper_relevant_noncritical,False,unresolved,,
results/stage9/baselines/llm_judge/judge_ensemble_summary.json,json,1328,,paper_relevant_noncritical,False,unresolved,,
results/stage9/baselines/llm_judge/llama_setting_a/judge_auroc.json,json,137,,paper_relevant_noncritical,False,unresolved,,
results/stage9/baselines/llm_judge/llama_setting_a/predictions.csv,csv,3110,135,paper_relevant_noncritical,False,unresolved,,
results/stage9/baselines/llm_judge/llama_setting_a/run_causal_patching_events.jsonl,jsonl,441,1,paper_relevant_noncritical,False,unresolved,,
results/stage9/baselines/llm_judge/llama_setting_b/judge_auroc.json,json,122,,paper_relevant_noncritical,False,unresolved,,
results/stage9/baselines/llm_judge/llama_setting_b/predictions.csv,csv,3110,135,paper_relevant_noncritical,False,unresolved,,
results/stage9/baselines/llm_judge/llama_setting_b/run_causal_patching_events.jsonl,jsonl,426,1,paper_relevant_noncritical,False,unresolved,,
results/stage9/calibration/calibration_summary.json,json,1706,,paper_relevant_noncritical,False,unresolved,,
results/stage9/correctness_probe/overlap_analysis.json,json,1592,,paper_relevant_noncritical,False,unresolved,,
results/stage9/correctness_residualisation/family_metadata.json,json,8665,,paper_relevant_noncritical,False,unresolved,,
results/stage9/correctness_residualisation/loo_predictions.json,json,13593,135,paper_relevant_noncritical,False,unresolved,,
results/stage9/correctness_residualisation/residualisation_summary.json,json,607,,paper_relevant_noncritical,False,unresolved,,
results/stage9/correctness_residualisation/run_correctness_residualisation_events.jsonl,jsonl,835,1,paper_relevant_noncritical,False,unresolved,,
results/stage9/damage_control/damage_control_results.csv,csv,3021,160,paper_relevant_noncritical,False,unresolved,,
results/stage9/damage_control/damage_control_summary.json,json,211,,paper_relevant_noncritical,False,unresolved,,
results/stage9/damage_control/run_causal_patching_events.jsonl,jsonl,452,1,paper_relevant_noncritical,False,unresolved,,
results/stage9/direction_injection/injection_results.csv,csv,8175,210,paper_relevant_noncritical,False,unresolved,,
results/stage9/direction_injection/injection_summary.json,json,1137,,paper_relevant_noncritical,False,unresolved,,
results/stage9/direction_injection/run_causal_patching_events.jsonl,jsonl,1182,1,paper_relevant_noncritical,False,unresolved,,
results/stage9/leave_one_cue/leave_one_cue_summary.json,json,390,,paper_relevant_noncritical,False,unresolved,,
results/stage9/mean_probe_stage6/layer_auroc_resid_post_last_prompt.json,json,134,1,paper_relevant_noncritical,False,unresolved,,
results/stage9/mean_probe_stage6/layer_pearson_resid_post_last_prompt.json,json,102,1,paper_relevant_noncritical,False,unresolved,,
results/stage9/mean_probe_stage6/loo_predictions_resid_post_last_prompt.json,json,19956,135,paper_relevant_noncritical,False,unresolved,,
results/stage9/mean_probe_stage6/run_probing_events.jsonl,jsonl,413,1,paper_relevant_noncritical,False,unresolved,,
results/stage9/mean_probe_stage6/summary_resid_post_last_prompt.json,json,697,,paper_relevant_noncritical,False,unresolved,,
results/stage9/mhk_early_layers/patching_results.csv,csv,5300,48,paper_relevant_noncritical,False,unresolved,,
results/stage9/mhk_early_layers/patching_summary.json,json,1430,,paper_relevant_noncritical,False,unresolved,,
results/stage9/mhk_early_layers/run_causal_patching_events.jsonl,jsonl,6780,18,paper_relevant_noncritical,False,unresolved,,
results/stage9/per_cue_type/cue_type_auroc_breakdown.json,json,382,,paper_relevant_noncritical,False,unresolved,,
results/stage9/probe_ablation/n_variants_2/layer_auroc_variance_n2.json,json,3645,28,paper_relevant_noncritical,False,unresolved,,
results/stage9/probe_ablation/n_variants_2/layer_pearson_variance_n2.json,json,2777,28,paper_relevant_noncritical,False,unresolved,,
results/stage9/probe_ablation/n_variants_2/loo_predictions_variance_n2.json,json,19825,135,paper_relevant_noncritical,False,unresolved,,
results/stage9/probe_ablation/n_variants_2/run_probing_events.jsonl,jsonl,417,1,paper_relevant_noncritical,False,unresolved,,
results/stage9/probe_ablation/n_variants_2/summary_variance_n2.json,json,955,,paper_relevant_noncritical,False,unresolved,,
results/stage9/probe_ablation/n_variants_3/layer_auroc_variance_n3.json,json,3642,28,paper_relevant_noncritical,False,unresolved,,
results/stage9/probe_ablation/n_variants_3/layer_pearson_variance_n3.json,json,2787,28,paper_relevant_noncritical,False,unresolved,,
results/stage9/probe_ablation/n_variants_3/loo_predictions_variance_n3.json,json,19950,135,paper_relevant_noncritical,False,unresolved,,
results/stage9/probe_ablation/n_variants_3/run_probing_events.jsonl,jsonl,417,1,paper_relevant_noncritical,False,unresolved,,
results/stage9/probe_ablation/n_variants_3/summary_variance_n3.json,json,955,,paper_relevant_noncritical,False,unresolved,,
results/stage9/probe_ablation/n_variants_4/layer_auroc_variance.json,json,3650,28,paper_relevant_noncritical,False,unresolved,,
results/stage9/probe_ablation/n_variants_4/layer_pearson_variance.json,json,2778,28,paper_relevant_noncritical,False,unresolved,,
results/stage9/probe_ablation/n_variants_4/loo_predictions_variance.json,json,19939,135,paper_relevant_noncritical,False,unresolved,,
results/stage9/probe_ablation/n_variants_4/run_probing_events.jsonl,jsonl,417,1,paper_relevant_noncritical,False,unresolved,,
results/stage9/probe_ablation/n_variants_4/summary_variance.json,json,956,,paper_relevant_noncritical,False,unresolved,,
results/stage9/prompt_condition_probe/per_variant_predictions.json,json,66078,540,paper_relevant_noncritical,False,unresolved,,
results/stage9/prompt_condition_probe/prompt_condition_probe_summary.json,json,471,,paper_relevant_noncritical,False,unresolved,,
results/stage9/prompt_condition_probe/run_prompt_condition_probe_events.jsonl,jsonl,1271,2,paper_relevant_noncritical,False,unresolved,,
results/stage9/random_direction_control/rdc_results.csv,csv,11443,20,paper_relevant_noncritical,False,unresolved,,
results/stage9/random_direction_control/rdc_summary.json,json,362,,paper_relevant_noncritical,False,unresolved,,
results/stage9/random_direction_control/run_causal_patching_events.jsonl,jsonl,597,1,paper_relevant_noncritical,False,unresolved,,
results/stage9/stage9_final_summary.json,json,2142,,paper_relevant_noncritical,False,unresolved,,
results/stage9/statistical_tests/fisher_cue_type_suppression.json,json,283,,paper_relevant_noncritical,False,unresolved,,
results/stage9/statistical_tests/mcnemar_qwen_vs_deepseek.json,json,316,,paper_relevant_noncritical,False,unresolved,,
results/stage9/statistical_tests/permutation_domain_gen.json,json,225,,paper_relevant_noncritical,False,unresolved,,
results/stage9/statistical_tests/statistical_summary.json,json,1349,,paper_relevant_noncritical,False,unresolved,,
results/stage9/statistical_tests/wilcoxon_continuous_slp.json,json,256,,paper_relevant_noncritical,False,unresolved,,
results/stage9/threshold_sensitivity/threshold_sweep.json,json,1396,13,paper_relevant_noncritical,False,unresolved,,
results/stage9/threshold_sensitivity/threshold_sweep_summary.json,json,1911,,paper_relevant_noncritical,False,unresolved,,
results/stage9/unrelated_donor/donor_results.csv,csv,7463,100,paper_relevant_noncritical,False,unresolved,,
results/stage9/unrelated_donor/donor_summary.json,json,175,,paper_relevant_noncritical,False,unresolved,,
results/stage9/unrelated_donor/run_causal_patching_events.jsonl,jsonl,392,1,paper_relevant_noncritical,False,unresolved,,
docs/analysis/failure_case_taxonomy.md,md,5276,,unknown,False,unresolved,,
docs/assumptions/assumption_tracker.md,md,8921,,unknown,False,unresolved,,
docs/cluster_inventory.md,md,11262,,unknown,False,unresolved,,
docs/construct_spec.md,md,14413,,unknown,False,unresolved,,
docs/decisions/agent_status_report_2026-06-14.md,md,12459,,unknown,False,unresolved,,
docs/decisions/decision_log.md,md,118017,,unknown,False,unresolved,,
docs/decisions/stage2_handoff.md,md,49057,,unknown,False,unresolved,,
docs/decisions/stage6_agent_status_report.md,md,4038,,unknown,False,unresolved,,
docs/decisions/stage6_d2_execution_brief.md,md,2227,,unknown,False,unresolved,,
docs/decisions/stage6_next_steps_brief.md,md,7893,,unknown,False,unresolved,,
docs/environment_lock.yml,yml,9395,,unknown,False,unresolved,,
docs/experiment_cards/TEMPLATE.md,md,278,,unknown,False,unresolved,,
docs/experiment_cards/stage13_first_cycle_governance_card.md,md,1329,,diagnostic,False,unresolved,,
docs/model_registry.yml,yml,3742,,unknown,False,unresolved,,
docs/prompt briefs/PhysMon_Stage13_Controlled_Execution_Brief_v2.md,md,41795,,unknown,False,unresolved,,
docs/prompt briefs/PhysMon_Stage13_Evidence_Foundation_Remediation_Brief_v5.md,md,27167,,unknown,False,unresolved,,
docs/prompt briefs/PhysMon_Stage13_Evidence_Foundation_Remediation_Brief_v6.md,md,29527,,unknown,False,unresolved,,
docs/prompt briefs/PhysMon_Stage13_Wave0_Wave1A_Remediation_Brief_v3.md,md,36952,,unknown,False,unresolved,,
docs/prompt briefs/PhysMon_Stage13_Wave0_Wave1A_Remediation_Brief_v4.md,md,25027,,unknown,False,unresolved,,
docs/proposals/PhysMon_Part_II_governing_document_rule.md,md,564,,unknown,False,unresolved,,
docs/proposals/PhysMon_Part_II_v1.2_SUPERSEDED_BY_ERRATUM.md,md,260,,unknown,False,unresolved,,
docs/proposals/PhysMon_Part_II_v1.2_revision_notes.md,md,720,,unknown,False,unresolved,,
docs/registry/artifact_authority_audit.csv,csv,340129,1734,diagnostic,False,unresolved,,
docs/registry/artifact_authority_audit.json,json,616407,,diagnostic,False,unresolved,,
docs/registry/artifact_authority_audit.md,md,676,,diagnostic,False,unresolved,,
docs/registry/artifact_authority_audit_v2.json,json,9886,,diagnostic,False,unresolved,,
docs/registry/artifact_authority_audit_v2.md,md,1524,,diagnostic,False,unresolved,,
docs/registry/artifact_authority_audit_v4.json,json,51028,,diagnostic,False,unresolved,,
docs/registry/artifact_authority_audit_v4.md,md,196,,diagnostic,False,unresolved,,
docs/registry/artifact_authority_audit_v5.json,json,166718,,diagnostic,False,unresolved,,
docs/registry/artifact_authority_audit_v5.md,md,119,,diagnostic,False,unresolved,,
docs/registry/artifact_authority_audit_v6.json,json,61939,,diagnostic,False,unresolved,,
docs/registry/artifact_authority_audit_v6.md,md,132,,diagnostic,False,unresolved,,
docs/registry/claim_evidence_matrix.json,json,2098,,diagnostic,False,unresolved,,
docs/registry/claim_evidence_matrix.md,md,1106,,diagnostic,False,unresolved,,
docs/registry/claim_evidence_matrix_v2.json,json,29591,,diagnostic,False,unresolved,,
docs/registry/claim_evidence_matrix_v2.md,md,5524,,diagnostic,False,unresolved,,
docs/registry/claim_evidence_matrix_v4.json,json,32693,,diagnostic,False,unresolved,,
docs/registry/claim_evidence_matrix_v4.md,md,1579,,diagnostic,False,unresolved,,
docs/registry/claim_evidence_matrix_v5.json,json,35623,,diagnostic,False,unresolved,,
docs/registry/claim_evidence_matrix_v5.md,md,552,,diagnostic,False,unresolved,,
docs/registry/claim_evidence_matrix_v6.json,json,9062,,diagnostic,False,unresolved,,
docs/registry/claim_evidence_matrix_v6.md,md,772,,diagnostic,False,unresolved,,
docs/registry/expected_historical_runs_v5.md,md,75,,diagnostic,False,unresolved,,
docs/registry/experiment_registry.csv,csv,52732,67,diagnostic,False,unresolved,,
docs/registry/experiment_registry.jsonl,jsonl,125677,67,diagnostic,False,unresolved,,
docs/registry/historical_experiment_discovery.md,md,7285,,diagnostic,False,unresolved,,
docs/registry/historical_run_crosswalk_v6.csv,csv,196397,621,diagnostic,False,unresolved,,
docs/registry/partition_freeze.json,json,819,,diagnostic,False,unresolved,,
docs/registry/partition_freeze.md,md,658,,diagnostic,False,unresolved,,
docs/registry/partition_freeze_v2.json,json,54638,,diagnostic,False,unresolved,,
docs/registry/partition_freeze_v2.md,md,2288,,diagnostic,False,unresolved,,
docs/registry/partition_freeze_v4.json,json,7362,,diagnostic,False,unresolved,,
docs/registry/partition_freeze_v4.md,md,179,,diagnostic,False,unresolved,,
docs/stage13/donor_control_statement_audit_v6.md,md,82317,,diagnostic,False,unresolved,,
docs/stage13/mutation_semantics_audit_v6.md,md,6166,,diagnostic,False,unresolved,,
docs/stage13/mutation_verifier_integration.md,md,703,,diagnostic,False,unresolved,,
docs/stage13/stage13_preflight_report.md,md,2305,,diagnostic,False,unresolved,,
docs/stage13/stage13_remediation_preflight.md,md,5917,,diagnostic,False,unresolved,,
docs/stage13/stage13_remediation_v4_preflight.md,md,6863,,diagnostic,False,unresolved,,
docs/stage13/stage13_v5_preflight.md,md,7932,,diagnostic,False,unresolved,,
docs/stage13/stage13_v6_preflight.md,md,7911,,diagnostic,False,unresolved,,
docs/stage13/wave0_gate_report.md,md,428,,diagnostic,False,unresolved,,
docs/stage13/wave0_gate_v2_report.md,md,757,,diagnostic,False,unresolved,,
docs/stage13/wave0_gate_v3_report.md,md,628,,diagnostic,False,unresolved,,
docs/stage13/wave0_gate_v4_report.md,md,114,,diagnostic,False,unresolved,,
docs/stage13/wave0_gate_v5_report.md,md,114,,diagnostic,False,unresolved,,
docs/stage13/wave0_gate_v6_report.md,md,113,,diagnostic,False,unresolved,,
docs/stage13/wave1a_gate_report.md,md,483,,diagnostic,False,unresolved,,
docs/stage13/wave1a_gate_v2_report.md,md,697,,diagnostic,False,unresolved,,
docs/stage13/wave1a_gate_v3_report.md,md,236,,diagnostic,False,unresolved,,
docs/stage13/wave1a_gate_v4_report.md,md,92,,diagnostic,False,unresolved,,
docs/stage13/wave1a_gate_v5_report.md,md,113,,diagnostic,False,unresolved,,
docs/stage13/wave1a_gate_v6_report.md,md,138,,diagnostic,False,unresolved,,
docs/validation/annotation_form_pass1_v5.md,md,98,,diagnostic,False,unresolved,,
docs/validation/annotation_form_pass1_v6.md,md,359,,diagnostic,False,unresolved,,
docs/validation/annotation_form_pass2_v5.md,md,98,,diagnostic,False,unresolved,,
docs/validation/annotation_form_pass2_v6.md,md,258,,diagnostic,False,unresolved,,
docs/validation/annotation_schema.json,json,723,,diagnostic,False,unresolved,,
docs/validation/annotation_schema_v2.json,json,737,,diagnostic,False,unresolved,,
docs/validation/annotation_schema_v3.json,json,2041,,diagnostic,False,unresolved,,
docs/validation/annotation_schema_v5.json,json,733,,diagnostic,False,unresolved,,
docs/validation/annotation_schema_v6.json,json,968,,diagnostic,False,unresolved,,
docs/validation/calibration_bank_v5.jsonl,jsonl,7986,15,diagnostic,False,unresolved,,
docs/validation/calibration_bank_v5.md,md,3658,,diagnostic,False,unresolved,,
docs/validation/calibration_bank_v6.jsonl,jsonl,25018,16,diagnostic,False,unresolved,,
docs/validation/calibration_bank_v6.md,md,6243,,diagnostic,False,unresolved,,
docs/validation/certificates/CM_A_001.json,json,2030,,diagnostic,False,unresolved,,
docs/validation/certificates/CM_A_002.json,json,2022,,diagnostic,False,unresolved,,
docs/validation/certificates/CM_A_003.json,json,1958,,diagnostic,False,unresolved,,
docs/validation/certificates/CM_A_004.json,json,2021,,diagnostic,False,unresolved,,
docs/validation/certificates/CM_A_005.json,json,2133,,diagnostic,False,unresolved,,
docs/validation/certificates/CM_A_006.json,json,2133,,diagnostic,False,unresolved,,
docs/validation/certificates/CM_A_007.json,json,1997,,diagnostic,False,unresolved,,
docs/validation/certificates/CM_A_008.json,json,2050,,diagnostic,False,unresolved,,
docs/validation/certificates/CM_A_009.json,json,2152,,diagnostic,False,unresolved,,
docs/validation/certificates/CM_A_010.json,json,2150,,diagnostic,False,unresolved,,
docs/validation/certificates/CM_A_STD_001.json,json,2015,,diagnostic,False,unresolved,,
docs/validation/certificates/CM_A_STD_002.json,json,2151,,diagnostic,False,unresolved,,
docs/validation/certificates/CM_A_STD_003.json,json,2001,,diagnostic,False,unresolved,,
docs/validation/certificates/CM_A_STD_004.json,json,2125,,diagnostic,False,unresolved,,
docs/validation/certificates/CM_A_STD_005.json,json,1991,,diagnostic,False,unresolved,,
docs/validation/certificates/CM_A_STD_006.json,json,2177,,diagnostic,False,unresolved,,
docs/validation/certificates/CM_A_STD_007.json,json,2126,,diagnostic,False,unresolved,,
docs/validation/certificates/CM_A_STD_008.json,json,2128,,diagnostic,False,unresolved,,
docs/validation/certificates/CM_A_STD_009.json,json,2150,,diagnostic,False,unresolved,,
docs/validation/certificates/CM_A_STD_010.json,json,2137,,diagnostic,False,unresolved,,
docs/validation/certificates/CM_A_STD_011.json,json,2157,,diagnostic,False,unresolved,,
docs/validation/certificates/CM_A_STD_012.json,json,2158,,diagnostic,False,unresolved,,
docs/validation/certificates/CM_A_STD_013.json,json,2075,,diagnostic,False,unresolved,,
docs/validation/certificates/CM_A_STD_014.json,json,2147,,diagnostic,False,unresolved,,
docs/validation/certificates/CM_A_STD_015.json,json,2064,,diagnostic,False,unresolved,,
docs/validation/certificates_v5/CM_A_001.json,json,5610,,diagnostic,False,unresolved,,
docs/validation/certificates_v5/CM_A_002.json,json,5690,,diagnostic,False,unresolved,,
docs/validation/certificates_v5/CM_A_003.json,json,5244,,diagnostic,False,unresolved,,
docs/validation/certificates_v5/CM_A_004.json,json,5226,,diagnostic,False,unresolved,,
docs/validation/certificates_v5/CM_A_005.json,json,5456,,diagnostic,False,unresolved,,
docs/validation/certificates_v5/CM_A_006.json,json,5098,,diagnostic,False,unresolved,,
docs/validation/certificates_v5/CM_A_007.json,json,5424,,diagnostic,False,unresolved,,
docs/validation/certificates_v5/CM_A_STD_011.json,json,5062,,diagnostic,False,unresolved,,
docs/validation/certificates_v5/CM_A_STD_012.json,json,5134,,diagnostic,False,unresolved,,
docs/validation/certificates_v5/CM_A_STD_017.json,json,5474,,diagnostic,False,unresolved,,
docs/validation/certificates_v5/CM_A_STD_018.json,json,5782,,diagnostic,False,unresolved,,
docs/validation/certificates_v5/CM_B_001.json,json,5380,,diagnostic,False,unresolved,,
docs/validation/certificates_v5/CM_B_002.json,json,5576,,diagnostic,False,unresolved,,
docs/validation/certificates_v5/CM_B_STD_007.json,json,5749,,diagnostic,False,unresolved,,
docs/validation/certificates_v5/CM_B_STD_008.json,json,5723,,diagnostic,False,unresolved,,
docs/validation/certificates_v5/CM_B_STD_010.json,json,5924,,diagnostic,False,unresolved,,
docs/validation/certificates_v5/CM_B_STD_011.json,json,5909,,diagnostic,False,unresolved,,
docs/validation/certificates_v5/CM_B_UM_061.json,json,5323,,diagnostic,False,unresolved,,
docs/validation/certificates_v5/CM_B_UM_062.json,json,5274,,diagnostic,False,unresolved,,
docs/validation/certificates_v5/CM_C_001.json,json,5221,,diagnostic,False,unresolved,,
docs/validation/certificates_v5/CM_C_002.json,json,5183,,diagnostic,False,unresolved,,
docs/validation/certificates_v5/CM_C_004.json,json,5181,,diagnostic,False,unresolved,,
docs/validation/certificates_v5/CM_C_006.json,json,5187,,diagnostic,False,unresolved,,
docs/validation/certificates_v5/CM_C_007.json,json,5374,,diagnostic,False,unresolved,,
docs/validation/certificates_v5/CM_C_008.json,json,5256,,diagnostic,False,unresolved,,
docs/validation/certificates_v5/CM_C_012.json,json,5291,,diagnostic,False,unresolved,,
docs/validation/certificates_v5/CM_C_013.json,json,5344,,diagnostic,False,unresolved,,
docs/validation/certificates_v5/CM_C_015.json,json,5373,,diagnostic,False,unresolved,,
docs/validation/certificates_v5/TH_B_UM_011.json,json,5596,,diagnostic,False,unresolved,,
docs/validation/certificates_v5/TH_B_UM_012.json,json,5611,,diagnostic,False,unresolved,,
docs/validation/certificates_v6/CM_A_001.json,json,8877,,diagnostic,False,unresolved,,
docs/validation/certificates_v6/CM_A_002.json,json,8993,,diagnostic,False,unresolved,,
docs/validation/certificates_v6/CM_A_003.json,json,8271,,diagnostic,False,unresolved,,
docs/validation/certificates_v6/CM_A_004.json,json,8239,,diagnostic,False,unresolved,,
docs/validation/certificates_v6/CM_A_005.json,json,8674,,diagnostic,False,unresolved,,
docs/validation/certificates_v6/CM_A_006.json,json,8083,,diagnostic,False,unresolved,,
docs/validation/certificates_v6/CM_A_007.json,json,8655,,diagnostic,False,unresolved,,
docs/validation/certificates_v6/CM_A_STD_011.json,json,8042,,diagnostic,False,unresolved,,
docs/validation/certificates_v6/CM_A_STD_012.json,json,8129,,diagnostic,False,unresolved,,
docs/validation/certificates_v6/CM_A_STD_017.json,json,8803,,diagnostic,False,unresolved,,
docs/validation/certificates_v6/CM_A_STD_018.json,json,9414,,diagnostic,False,unresolved,,
docs/validation/certificates_v6/CM_B_001.json,json,8419,,diagnostic,False,unresolved,,
docs/validation/certificates_v6/CM_B_002.json,json,8831,,diagnostic,False,unresolved,,
docs/validation/certificates_v6/CM_B_STD_007.json,json,9140,,diagnostic,False,unresolved,,
docs/validation/certificates_v6/CM_B_STD_008.json,json,9114,,diagnostic,False,unresolved,,
docs/validation/certificates_v6/CM_B_STD_010.json,json,9577,,diagnostic,False,unresolved,,
docs/validation/certificates_v6/CM_B_STD_011.json,json,9406,,diagnostic,False,unresolved,,
docs/validation/certificates_v6/CM_B_UM_061.json,json,8345,,diagnostic,False,unresolved,,
docs/validation/certificates_v6/CM_B_UM_062.json,json,8308,,diagnostic,False,unresolved,,
docs/validation/certificates_v6/CM_C_001.json,json,8732,,diagnostic,False,unresolved,,
docs/validation/certificates_v6/CM_C_002.json,json,8640,,diagnostic,False,unresolved,,
docs/validation/certificates_v6/CM_C_004.json,json,8144,,diagnostic,False,unresolved,,
docs/validation/certificates_v6/CM_C_006.json,json,8215,,diagnostic,False,unresolved,,
docs/validation/certificates_v6/CM_C_007.json,json,8846,,diagnostic,False,unresolved,,
docs/validation/certificates_v6/CM_C_008.json,json,8320,,diagnostic,False,unresolved,,
docs/validation/certificates_v6/CM_C_012.json,json,8288,,diagnostic,False,unresolved,,
docs/validation/certificates_v6/CM_C_013.json,json,8337,,diagnostic,False,unresolved,,
docs/validation/certificates_v6/CM_C_015.json,json,8378,,diagnostic,False,unresolved,,
docs/validation/certificates_v6/TH_B_UM_011.json,json,8936,,diagnostic,False,unresolved,,
docs/validation/certificates_v6/TH_B_UM_012.json,json,8916,,diagnostic,False,unresolved,,
docs/validation/parser_audit_candidates.jsonl,jsonl,15886,40,diagnostic,False,unresolved,,
docs/validation/parser_audit_candidates_v2.jsonl,jsonl,41239,103,diagnostic,False,unresolved,,
docs/validation/parser_audit_candidates_v3.jsonl,jsonl,75296,126,diagnostic,False,unresolved,,
docs/validation/parser_audit_candidates_v5.jsonl,jsonl,148536,225,diagnostic,False,unresolved,,
docs/validation/parser_audit_candidates_v6.jsonl,jsonl,182860,261,diagnostic,False,unresolved,,
docs/validation/parser_candidate_coverage_v5.json,json,812,,diagnostic,False,unresolved,,
docs/validation/parser_candidate_coverage_v6.json,json,1234,,diagnostic,False,unresolved,,
docs/validation/parser_labeling_instructions.md,md,324,,diagnostic,False,unresolved,,
docs/validation/parser_labeling_instructions_v3.md,md,283,,diagnostic,False,unresolved,,
docs/validation/parser_labeling_instructions_v5.md,md,152,,diagnostic,False,unresolved,,
docs/validation/parser_labeling_instructions_v6.md,md,193,,diagnostic,False,unresolved,,
docs/validation/pilot_selection_v5.csv,csv,4069,30,diagnostic,False,unresolved,,
docs/validation/pilot_selection_v6.csv,csv,4815,30,diagnostic,False,unresolved,,
docs/validation/pilot_validation_form.csv,csv,12019,120,diagnostic,False,unresolved,,
docs/validation/pilot_validation_form.md,md,48953,,diagnostic,False,unresolved,,
docs/validation/qualification_answer_key_DRAFT_REQUIRES_PI_REVIEW.md,md,275,,diagnostic,False,unresolved,,
docs/validation/qualification_answer_key_DRAFT_REQUIRES_PI_REVIEW_v3.md,md,1287,,diagnostic,False,unresolved,,
docs/validation/qualification_answer_key_DRAFT_REQUIRES_PI_REVIEW_v5.md,md,1258,,diagnostic,False,unresolved,,
docs/validation/qualification_answer_key_DRAFT_REQUIRES_PI_REVIEW_v6.md,md,10970,,diagnostic,False,unresolved,,
docs/validation/qualification_answer_key_PRIVATE.md,md,587,,diagnostic,False,unresolved,,
docs/validation/qualification_test.md,md,809,,diagnostic,False,unresolved,,
docs/validation/qualification_test_v2.md,md,772,,diagnostic,False,unresolved,,
docs/validation/qualification_test_v3.md,md,3170,,diagnostic,False,unresolved,,
docs/validation/qualification_test_v5.md,md,2047,,diagnostic,False,unresolved,,
docs/validation/qualification_test_v6.md,md,8684,,diagnostic,False,unresolved,,
docs/validation/second_validator_instructions.md,md,2719,,diagnostic,False,unresolved,,
docs/validation/stage13_validation_packet_pass1.jsonl,jsonl,8892,25,diagnostic,False,unresolved,,
docs/validation/stage13_validation_packet_pass1_v2.jsonl,jsonl,55297,25,diagnostic,False,unresolved,,
docs/validation/stage13_validation_packet_pass1_v5.jsonl,jsonl,57264,30,diagnostic,False,unresolved,,
docs/validation/stage13_validation_packet_pass1_v6.jsonl,jsonl,38536,30,diagnostic,False,unresolved,,
docs/validation/stage13_validation_packet_pass2.jsonl,jsonl,4991,25,diagnostic,False,unresolved,,
docs/validation/stage13_validation_packet_pass2_v2.jsonl,jsonl,18626,25,diagnostic,False,unresolved,,
docs/validation/stage13_validation_packet_pass2_v3.jsonl,jsonl,54705,25,diagnostic,False,unresolved,,
docs/validation/stage13_validation_packet_pass2_v5.jsonl,jsonl,141961,30,diagnostic,False,unresolved,,
docs/validation/stage13_validation_packet_pass2_v6.jsonl,jsonl,217862,30,diagnostic,False,unresolved,,
docs/validation/stage6_phase1_full_validation_form.csv,csv,16489,160,diagnostic,False,unresolved,,
docs/validation/stage6_phase1_full_validation_form.md,md,65453,,diagnostic,False,unresolved,,
docs/validation/stage6_phase1_partial_validation_form.csv,csv,5803,56,diagnostic,False,unresolved,,
docs/validation/stage6_phase1_partial_validation_form.md,md,22834,,diagnostic,False,unresolved,,
docs/validation/stage6_phase2_ad_validation_form.csv,csv,12379,120,diagnostic,False,unresolved,,
docs/validation/stage6_phase2_ad_validation_form.md,md,49068,,diagnostic,False,unresolved,,
docs/validation/stage6_phase2_bce_agent_review.md,md,2331,,diagnostic,False,unresolved,,
docs/validation/stage6_phase2_bce_review_guide.md,md,1776,,diagnostic,False,unresolved,,
docs/validation/stage6_phase2_bce_validation_form.csv,csv,16569,160,diagnostic,False,unresolved,,
docs/validation/stage6_phase2_bce_validation_form.md,md,57582,,diagnostic,False,unresolved,,
docs/validation/stage9_human_audit_form.md,md,1935,,diagnostic,False,unresolved,,
docs/validation/validation_status.csv,csv,115,0,diagnostic,True,unresolved,,
docs/validation/validation_status_v2.csv,csv,122,0,diagnostic,True,unresolved,,
docs/validation/validator_handbook.md,md,1029,,diagnostic,False,unresolved,,
docs/validation/validator_handbook_v2.md,md,1183,,diagnostic,False,unresolved,,
docs/validation/validator_handbook_v3.md,md,4284,,diagnostic,False,unresolved,,
docs/validation/validator_handbook_v5.md,md,436,,diagnostic,False,unresolved,,
docs/validation/validator_handbook_v6.md,md,1492,,diagnostic,False,unresolved,,
