path,sha256,artifact_class,raw_data_rows,registry_linked,authority_status
results/appendix/formula_leakage/analysis/per_family_summary.csv,190827de811d3001521f44a41ee27d500062b9a96c9e3028ec768e6d82391289,summary,5,False,orphan_unresolved
results/appendix/formula_leakage/behavioural/family_summaries.jsonl,be1d7c560557b31c93a4e73602dd6f7dd167da56028bf8600f72480c82f2ef1f,raw_or_record,15,False,orphan_unresolved
results/appendix/formula_leakage/behavioural/llama_primary_formula_stub.jsonl,37b9d200cb104018bcb5c738bf28196e0fcdc53ed884ec1a722e4f91e087e2b5,raw_or_record,15,False,orphan_unresolved
results/appendix/formula_leakage/behavioural/prompt_records.jsonl,8408460f3b957b35827c0c6507c8fbbddf26f0083e55e59ab4277e35b6453038,raw_or_record,30,False,orphan_unresolved
results/appendix/formula_leakage/behavioural/qwen_primary_20260620T063936Z.jsonl,37b9d200cb104018bcb5c738bf28196e0fcdc53ed884ec1a722e4f91e087e2b5,raw_or_record,15,False,orphan_unresolved
results/appendix/formula_leakage/behavioural/qwen_primary_20260620T074602Z.jsonl,37b9d200cb104018bcb5c738bf28196e0fcdc53ed884ec1a722e4f91e087e2b5,raw_or_record,15,False,orphan_unresolved
results/appendix/formula_leakage/behavioural/run_behavioural_events.jsonl,fa857893d0bd16ce826331de531f33d6286289f3bd7a2961b8978a4d5c89b94b,event_log,51,False,orphan_unresolved
results/appendix/formula_leakage/formula_leakage_analysis_summary.json,6eb17c51df35c6d55b096850b396da979d94188934f5f19ec484ae3711afa066,summary,,False,orphan_unresolved
results/appendix/formula_leakage/formula_leakage_prompt_pairs.json,141a5c636a5bcc2655ba438b40fd25e7dafa4495c6cb32260c0bd12557552d40,derived,,False,orphan_unresolved
results/appendix/formula_leakage/formula_leakage_summary.json,6eb17c51df35c6d55b096850b396da979d94188934f5f19ec484ae3711afa066,summary,,False,orphan_unresolved
results/appendix/formula_leakage/generated_families/CM_A_STD_009_FORMULA.json,abba27da27e17dae6491fe7b733f9e84fa1df45bf6e9c32792af0f95481442cc,derived,,False,orphan_unresolved
results/appendix/formula_leakage/generated_families/CM_B_010_FORMULA.json,191e840109d7800e539fd71b7bde936a98058e0b71abad59095f82fe4708da8e,derived,,False,orphan_unresolved
results/appendix/formula_leakage/generated_families/CM_B_UM_028_FORMULA.json,5560bd9dd148eee7b5ca7684697622519d65b56591b095996ebf3c84772a6585,derived,,False,orphan_unresolved
results/appendix/formula_leakage/generated_families/TH_B_UM_001_FORMULA.json,c5a380b41df05596c475dc0f4610945fbaeb4e83dcd77410182df7b050ba1882,derived,,False,orphan_unresolved
results/appendix/formula_leakage/generated_families/TH_B_UM_003_FORMULA.json,c9f8be22f5b0a43bb45bb83e62416ed02213184d897463aeb0337ccdfa654cce,derived,,False,orphan_unresolved
results/appendix/formula_leakage/generated_families_manifest.json,22513beab5d95530ca3583858d94f5dca703e9b9cca995a6eaa3398ba26fe773,derived,,False,orphan_unresolved
results/behavioural/dry_run_qwen/family_summaries.jsonl,ec67745ce095c0a6d08c5ffe721a26c5182d45997ab4f8905ab1ca3c5c1391bd,raw_or_record,30,False,orphan_unresolved
results/behavioural/dry_run_qwen/prompt_records.jsonl,6988a3d525cd5f8537250811af80f6816dba66cbd884a862624f0b82a4903a86,raw_or_record,120,False,orphan_unresolved
results/behavioural/dry_run_qwen/run_behavioural_events.jsonl,12ddd78ca09ed5285149a2953654adcbb278c9a4fd28708ca1aa039bce737196,event_log,152,False,orphan_unresolved
results/canonical/model_family_evidence.csv,4fccca4ccd29292af496296550628c8ad58a482a6a2c3587dd18898a3e002073,table,295,False,orphan_unresolved
results/canonical/model_family_evidence_v4.csv,b3d585fb9959c561162cc61df814cb84505c340cb0f8680583c2ce9d9b86fa4e,table,295,False,orphan_unresolved
results/canonical/model_family_evidence_v5.csv,85dbe8a90fc06a9a22d17ff4885b315758f1408f4056f8445c69e1de09a7d8e6,table,155,False,orphan_unresolved
results/canonical/model_variant_evidence.csv,7158e2b2d8868d8fde71c8282e93a7607f0541d4e384b2b8a8d458efe8a7e588,table,1180,False,orphan_unresolved
results/stage10/answer_bias/run_causal_patching_events.jsonl,eed01d829e75b3f327859097ea316afb1c0e7c1ea256719e3975e2cd927f4c82,event_log,1,False,orphan_unresolved
results/stage10/attention_llama/family_head_contributions.json,4327956543eed3245cbee0695c6a7f78b4e56f0a225bf92bf09efdbc7d575e69,derived,,False,orphan_unresolved
results/stage10/attention_llama/head_sensitivity_scores.json,cb23ce8a9ec87755d411c9db0c4c02a4f54da6c41f60d31e0209505605eac20c,derived,,False,orphan_unresolved
results/stage10/attention_llama/run_attention_analysis_events.jsonl,092c024b7438a7c5da21731b77a925ae00a10dbbc58b5e30b576123c20d87c93,event_log,1,False,orphan_unresolved
results/stage10/attention_patterns/attention_pattern_per_family.json,22204bd541f55df7b32371f0115a3e4792489ee8a842b0cd7c98ef0bef300865,derived,,False,orphan_unresolved
results/stage10/attention_patterns/attention_pattern_summary.json,16926675f025ed75270b0567139c690b962a8cf17b6dcf821b4e524c000c49b0,summary,,False,orphan_unresolved
results/stage10/attention_patterns/run_causal_patching_events.jsonl,db52302ab3ab80080392c1eed829e2303f24011d39075ef96f5c2c2410bd79dc,event_log,1,False,orphan_unresolved
results/stage10/baselines/token_entropy/run_token_entropy_baseline_events.jsonl,0de49f850101868835c0e8e0485d2e3abfb9329045d7ffcebd255193a695a1c1,event_log,2,False,orphan_unresolved
results/stage10/baselines/token_entropy/token_entropy_per_family.json,03cb886f654126e148fcc6cda80cad072547b7454300bf77d4135358c6ab0c23,derived,,False,orphan_unresolved
results/stage10/baselines/token_entropy/token_entropy_summary.json,84283c8bfe605b90836f2f9d1c592bbf3ca50e12a512c9ddeb763f697701af37,summary,,False,orphan_unresolved
results/stage10/benchmark_expansion/render_all_templates_events.jsonl,e1a275b6cc062424a226908ef89e6a26f374efaf62cab3ffccdc961134865e7c,event_log,20,False,orphan_unresolved
results/stage10/benchmark_expansion/render_frame_rendering_electrostatics.json,6e1f3711c4ebffcdfcb20ab136c78d1ebb4a5b4346ea92731e21375ead755a9d,derived,,False,orphan_unresolved
results/stage10/benchmark_expansion/render_frame_rendering_mechanics.json,5ebaad6a22d06e5dd58d36e0b7a5eaaeef4e112aaccb614b95f6e94e65cf0b8e,derived,,False,orphan_unresolved
results/stage10/benchmark_expansion/render_frame_rendering_thermodynamics.json,5ebaad6a22d06e5dd58d36e0b7a5eaaeef4e112aaccb614b95f6e94e65cf0b8e,derived,,False,orphan_unresolved
results/stage10/benchmark_expansion/render_nongoverning_mechanics.json,22bc59396410417cdf86f4fdfdbd21a703c7d40ee8301134edce7161ea462a14,derived,,False,orphan_unresolved
results/stage10/benchmark_expansion/render_nongoverning_thermodynamics.json,5ebaad6a22d06e5dd58d36e0b7a5eaaeef4e112aaccb614b95f6e94e65cf0b8e,derived,,False,orphan_unresolved
results/stage10/benchmark_expansion/rendered/frame_rendering/electrostatics_circuits/CM_C_006.json,bd46078b12c911dcd1cee63b325df886e2342615d1227b5d60bb115a147622cf,derived,,False,orphan_unresolved
results/stage10/benchmark_expansion/rendered/frame_rendering/electrostatics_circuits/CM_C_008.json,694a0d786bc6bc99cb7838cbedaf45f58dfddac4b3bc7cc70252ef7598ef67d6,derived,,False,orphan_unresolved
results/stage10/benchmark_expansion/rendered/frame_rendering/electrostatics_circuits/CM_C_009.json,fcf355c40ecf75dbf928c7cf31b521fa7ddc322424f6052faed4e677897e83c7,derived,,False,orphan_unresolved
results/stage10/benchmark_expansion/rendered/frame_rendering/electrostatics_circuits/CM_C_010.json,8af83c2e1d6a86b4c49cf77409c6b736e11898ca5202a835518eadbf2382f073,derived,,False,orphan_unresolved
results/stage10/benchmark_expansion/rendered/frame_rendering/electrostatics_circuits/CM_C_011.json,d246f92cd6ab4b1fac2519dacee97f02b514d78f223c9ae7d962ad1f761fd58f,derived,,False,orphan_unresolved
results/stage10/benchmark_expansion/rendered/frame_rendering/electrostatics_circuits/CM_C_014.json,a1e87d82545c4ebfaad4a25a581f6810482625cdbcd98bdea055a66100d60786,derived,,False,orphan_unresolved
results/stage10/benchmark_expansion/rendered/frame_rendering/mechanics/CM_C_012.json,1650383fabbcaaaec4c74e7ae15a005b1298724201a372a8a78970f6e9dfc172,derived,,False,orphan_unresolved
results/stage10/benchmark_expansion/rendered/frame_rendering/mechanics/CM_C_013.json,16aee6fdba552944b448a79cb8f4ff59cfd152949282085a8e117a5296f85932,derived,,False,orphan_unresolved
results/stage10/benchmark_expansion/rendered/frame_rendering/thermodynamics/CM_C_007.json,63382396f6c58023c84f899dbf2e9a0d938f077535fc08eba494008fd9a2e690,derived,,False,orphan_unresolved
results/stage10/benchmark_expansion/rendered/frame_rendering/thermodynamics/CM_C_015.json,6ce098d5922e17dfdebb0b28e2f09ccc670784381566f0b446a5a59657412cf9,derived,,False,orphan_unresolved
results/stage10/benchmark_expansion/rendered/nongoverning_distractor/mechanics/CM_B_UM_061.json,4111a906dc4b958d6b05f577d9a51524ae43b2648798dc6024de8518ce669da6,derived,,False,orphan_unresolved
results/stage10/benchmark_expansion/rendered/nongoverning_distractor/mechanics/CM_B_UM_062.json,a443d1973ef11835ca7091200379c01b0cb97d44d7dc5d3d9589b8968e4cc265,derived,,False,orphan_unresolved
results/stage10/benchmark_expansion/rendered/nongoverning_distractor/mechanics/CM_B_UM_063.json,94abdcc1c4fe2dd9d309419a1e458e184d15660033d84ed098b06ea00a9b87f9,derived,,False,orphan_unresolved
results/stage10/benchmark_expansion/rendered/nongoverning_distractor/thermodynamics/TH_B_UM_011.json,877af6b263fc7c284a7912af4f099af862025bc9b217ac0c96c70bc46e3ab504,derived,,False,orphan_unresolved
results/stage10/benchmark_expansion/rendered/nongoverning_distractor/thermodynamics/TH_B_UM_012.json,b387e6759c130037d03b5bef1bf2e844c227241fa841967cdb923859e5dd8713,derived,,False,orphan_unresolved
results/stage10/benchmark_expansion/verification/CM_B_UM_061.json,7625be4d458a5cb717f5ab3bd11a394c3a676f36196716b6eb806a238dd6085c,derived,,False,orphan_unresolved
results/stage10/benchmark_expansion/verification/CM_B_UM_062.json,021026ce945e4cda685ca45bd31df0f8803df1b2c2233687bcda19e432aa4e01,derived,,False,orphan_unresolved
results/stage10/benchmark_expansion/verification/CM_B_UM_063.json,9e1ff4dc6c2412ada04f5a2e06456b4ce8141a2d311fb3f518b7777bb16bcd20,derived,,False,orphan_unresolved
results/stage10/benchmark_expansion/verification/CM_C_007.json,c30f95ed1efd3c08badce6c76c12589b4d743b6294fdbf584f8298a51d0e5d6c,derived,,False,orphan_unresolved
results/stage10/benchmark_expansion/verification/CM_C_008.json,dca59fdb97feaab717ee80ffa420a3e8e28ccad757948f955ad992d2ba2e4a57,derived,,False,orphan_unresolved
results/stage10/benchmark_expansion/verification/CM_C_009.json,a2e535f3d8b519ce39ddae9d9010978c6676133c79ff01951b3f3076cfc379ad,derived,,False,orphan_unresolved
results/stage10/benchmark_expansion/verification/CM_C_010.json,63637669777a9c9971c3f9b6e0c66ca65bfffbcdc57a278ff37335828402e5ad,derived,,False,orphan_unresolved
results/stage10/benchmark_expansion/verification/CM_C_011.json,c8e7feea00a0cd896a6a57eb273a8b033d2a0cca1caaffe99c3c6883adfa9793,derived,,False,orphan_unresolved
results/stage10/benchmark_expansion/verification/CM_C_012.json,f556611751db925e20ed01a2dfaa79c0553b8ffbdb939419771ba0bc72fc75b1,derived,,False,orphan_unresolved
results/stage10/benchmark_expansion/verification/CM_C_013.json,0b646d857fba84cf27b6e3a6785fdb78d94b207fb27742fccf62337569d27e92,derived,,False,orphan_unresolved
results/stage10/benchmark_expansion/verification/CM_C_014.json,e9ed126e3c2d34a606aeb1df6f6ee019247c10e0ce65dcb12ad1ff4dd6a06f2e,derived,,False,orphan_unresolved
results/stage10/benchmark_expansion/verification/CM_C_015.json,95f8a34ccc3019c2a9c5e8eb7aa1571bca3052f1a95b636a9c51e6a49b4e8dff,derived,,False,orphan_unresolved
results/stage10/benchmark_expansion/verification/TH_B_UM_011.json,b03afb958330e31e59c70d03c0d1350385bad7119884da30bee890410d9e9134,derived,,False,orphan_unresolved
results/stage10/benchmark_expansion/verification/TH_B_UM_012.json,bb149b024de66f360a76c01e470257e0aab68b5ce8635b706b75acd80669c53a,derived,,False,orphan_unresolved
results/stage10/cot_distractor_mention/cot_mention_summary.json,42549a49c5a7f2c190bc0043997bba79f0d2e87b90b63ff4521a4f84b7aceb22,summary,,False,orphan_unresolved
results/stage10/cross_family_sufficiency/cross_family_sufficiency_results.csv,4c5226d14decd59f09040356c3ff351935a0642ca023af2651a2085515163763,raw_or_record,100,False,orphan_unresolved
results/stage10/cross_family_sufficiency/cross_family_sufficiency_summary.json,2441f0b4ab875634c7ffa3584417c1442d536323d7086bf280769046b2df4031,summary,,False,orphan_unresolved
results/stage10/cross_family_sufficiency/run_causal_patching_events.jsonl,d4943aac6078b59119fcb427be2b99b6eecbc7c6f983325279167777b5cbfe10,event_log,1,False,orphan_unresolved
results/stage10/cue_a_coincidence/coincidence_analysis.json,847e74069ad466742d7e1e43c7ff26e2e45dccc1bdd4363b1b6e8e32bc5e12f3,derived,,False,orphan_unresolved
results/stage10/cue_b_only_probe/layer_auroc_resid_post_last_prompt.json,0bc71cf104148996c6f44c66552eba7ef67d41920dd7584aaa28b97fc34a2a29,derived,,False,orphan_unresolved
results/stage10/cue_b_only_probe/layer_pearson_resid_post_last_prompt.json,84137cbbb209ebff8eee38e172a472a04e72928ca92b3f4c424462495bbefad0,derived,,False,orphan_unresolved
results/stage10/cue_b_only_probe/loo_predictions_resid_post_last_prompt.json,9be114051cb94eedade77394f5d10f7d8574b809bac0a9841333a3923d5d47c4,raw_or_record,,False,orphan_unresolved
results/stage10/cue_b_only_probe/run_probing_events.jsonl,1dfcadd2a0c9239196d5c88cd1c4c7fcf292bb69e0901853c6edf4ba9339bac1,event_log,1,False,orphan_unresolved
results/stage10/cue_b_only_probe/summary_resid_post_last_prompt.json,c25466ce16fc23e66f98ad53a990398a5cde55e71b33ee655deff7baf89f6b18,summary,,False,orphan_unresolved
results/stage10/deepseek_attention/layer_42/family_head_contributions.json,d8711ca3adf9c5042fb79c318b87c56d8ead8aa9ba25ee8f927e5bf2f5ce4130,derived,,False,orphan_unresolved
results/stage10/deepseek_attention/layer_42/head_sensitivity_scores.json,ffb6270c51610f47b49f4280e0184a43d869a72b9727a689b171dd548cf9bfd0,derived,,False,orphan_unresolved
results/stage10/deepseek_attention/layer_42/run_attention_analysis_events.jsonl,f44bfeec3c7c1671cb601912f8b1eca301b288b26bb0f7281eafac5bee36be0c,event_log,1,False,orphan_unresolved
results/stage10/deepseek_attention/layer_43/family_head_contributions.json,a25a32509c4505b392deba7f0af42700c38488ff84df19a71ac45e0bd7b81a64,derived,,False,orphan_unresolved
results/stage10/deepseek_attention/layer_43/head_sensitivity_scores.json,ea5b8a1af4578e85dce8bce3771c3401f751aff069e88bfaf0b5738b31d2e150,derived,,False,orphan_unresolved
results/stage10/deepseek_attention/layer_43/run_attention_analysis_events.jsonl,9336821f438eb7be5dce630a04cab2419703fccd6f534053b66a28a98428cf79,event_log,1,False,orphan_unresolved
results/stage10/deepseek_attention/layer_44/family_head_contributions.json,6a2f5c525d9f1bad14e523c963937614d472e3f6ecff37648b47c832ea3cd585,derived,,False,orphan_unresolved
results/stage10/deepseek_attention/layer_44/head_sensitivity_scores.json,b3494740474d74c3c8a0fc924db2b6349965b93d7eec51778bcc80a033365ebf,derived,,False,orphan_unresolved
results/stage10/deepseek_attention/layer_44/run_attention_analysis_events.jsonl,07e9d192a96ce43434c54750fec09847569f5dc2ca2bbf5aa026d542d0bc12e6,event_log,1,False,orphan_unresolved
results/stage10/deepseek_attention/layer_45/family_head_contributions.json,f34930c0fb891e3d02026150336bc8675c3ab64521c29b42dc0d2d0420ba3a21,derived,,False,orphan_unresolved
results/stage10/deepseek_attention/layer_45/head_sensitivity_scores.json,ef158fca6a43380bfcbfb49e062daa04f1602e840d75fdb4a9aa708d379b66b8,derived,,False,orphan_unresolved
results/stage10/deepseek_attention/layer_45/run_attention_analysis_events.jsonl,5a99c88a056289849a12139a2a6f59bc2a39b25517a599070058ee83c589d7e5,event_log,1,False,orphan_unresolved
results/stage10/deepseek_mhk/run_causal_patching_events.jsonl,2357b8d6ef6affdd0634c7accf51737343e4ef0450976173573bc365f58872f6,event_log,22,False,orphan_unresolved
results/stage10/direct_logit_attribution/run_causal_patching_events.jsonl,6ee17ce6dab1824e28a60c52c9458de255b7740a4a2cf94c1bf134506154682a,event_log,1,False,orphan_unresolved
results/stage10/distractor_proximity/proximity_vs_slp.json,d3beaedfd4ad0d224b451e7efa05f714c693565d031f7e9fa599da916722f6ed,derived,,False,orphan_unresolved
results/stage10/domain_transfer_probe/layer_auroc_resid_post_last_prompt.json,72248f70b2a775cefeb30872a2baad89f6de77818fa1071342c80a4a208569bc,derived,,False,orphan_unresolved
results/stage10/domain_transfer_probe/layer_pearson_resid_post_last_prompt.json,465f407a1806ce99119afe692271d216b3a1629af3da53b7ad618b8add4440d7,derived,,False,orphan_unresolved
results/stage10/domain_transfer_probe/loo_predictions_resid_post_last_prompt.json,1004737b6328b6d3258f113c5d67bd6a62711822833571c6803fa66dc2d6c240,raw_or_record,,False,orphan_unresolved
results/stage10/domain_transfer_probe/run_probing_events.jsonl,19f1af9fd916ab072e325bee234d536aee0ae6e44251ea6f33eaea0a730d24c1,event_log,1,False,orphan_unresolved
results/stage10/domain_transfer_probe/summary_resid_post_last_prompt.json,0ea775a87dbb6bce08c95fac74b3ded10cbcf9f1a1aac3ddd5a00984b32c39c6,summary,,False,orphan_unresolved
results/stage10/full_head_sweep_l16/head_0/patching_results.csv,fd5d5318c064f59009b76da3d2dd41eca8bf9313f6961c11bd7683e48dc0706b,raw_or_record,20,False,orphan_unresolved
results/stage10/full_head_sweep_l16/head_0/patching_summary.json,545e3f9c1cc38e85eafa8813fe2f075b8d0e793a0e220e42666b5675d8546386,summary,,False,orphan_unresolved
results/stage10/full_head_sweep_l16/head_0/run_causal_patching_events.jsonl,3deb3255a1d68c49095745c95b0f9e1cf166290ec801e1f01df5f49e27696a04,event_log,22,False,orphan_unresolved
results/stage10/full_head_sweep_l16/head_1/patching_results.csv,e7da77308a914dcc0ba215f2c99bfe55a8bf081f93027299dc52b55f5fa9c5a1,raw_or_record,20,False,orphan_unresolved
results/stage10/full_head_sweep_l16/head_1/patching_summary.json,25a0d7d501836cc5d85db2f6e5ceb62285df5c8ab0b45b0c2d68d481c021c82a,summary,,False,orphan_unresolved
results/stage10/full_head_sweep_l16/head_1/run_causal_patching_events.jsonl,4cd02cf4144af28ac14c54b991b1cca9c9564cbac47dfa66cbc3b048c4a1db82,event_log,22,False,orphan_unresolved
results/stage10/full_head_sweep_l16/head_10/patching_results.csv,0d49cab9c980ee7c40c175c60ca466b35c39e39a74e2dafb2ff95f841e2db8e6,raw_or_record,20,False,orphan_unresolved
results/stage10/full_head_sweep_l16/head_10/patching_summary.json,90036b1bd70e2c732d4de7f2a2ffd502fc54d3ebfe12bbc0088f4286ec9df4f9,summary,,False,orphan_unresolved
results/stage10/full_head_sweep_l16/head_10/run_causal_patching_events.jsonl,91fe211f66927477a7e1cf4b268981fb9d3fef89b3bd0b9ce47ca6d75c8ba3a1,event_log,22,False,orphan_unresolved
results/stage10/full_head_sweep_l16/head_11/patching_summary.json,71efe599e17fbceb2a0484d133f6eb983a8b6c5147bf61fee65104060c92375a,summary,,False,orphan_unresolved
results/stage10/full_head_sweep_l16/head_11/run_causal_patching_events.jsonl,14fd6573a474337a6da80720977a0df17a8c5bda3e11d2356ac7484472fe41e9,event_log,22,False,orphan_unresolved
results/stage10/full_head_sweep_l16/head_12/patching_results.csv,bc239214a49f28d01b1045da7573c322120ab9a1e08ec3267fcbd5e22db763a4,raw_or_record,20,False,orphan_unresolved
results/stage10/full_head_sweep_l16/head_12/patching_summary.json,14151508c6ed6f79f79e05df9f62a57c8e9c0aa853f636c763ea45ff7343eda6,summary,,False,orphan_unresolved
results/stage10/full_head_sweep_l16/head_12/run_causal_patching_events.jsonl,9a25445835e41cd8307f98bb97f707ca721797beebcc4c848fe0e83e3397eedd,event_log,22,False,orphan_unresolved
results/stage10/full_head_sweep_l16/head_13/patching_results.csv,8cfd2c6bc2493b768602b15b2dd13f163c4f71eb270022f506a55bc42bfd57d3,raw_or_record,20,False,orphan_unresolved
results/stage10/full_head_sweep_l16/head_13/patching_summary.json,49bf062cff85000a29099bbbdb19820657a05b40098e29b2116ed73dbdd5a3ff,summary,,False,orphan_unresolved
results/stage10/full_head_sweep_l16/head_13/run_causal_patching_events.jsonl,f58b3decc517b00fd79a1ff0173171fa6969458ff5c99ea1b7682c376ba393d4,event_log,22,False,orphan_unresolved
results/stage10/full_head_sweep_l16/head_14/patching_results.csv,4f52a9a4061cfdc3f66a7c27ffbd0c77e5e636bd54458671f394a8cf3f4b3b49,raw_or_record,20,False,orphan_unresolved
results/stage10/full_head_sweep_l16/head_14/patching_summary.json,fe31287205b1b75540c0ab020c8bbfe3e56fe5ceb2d1ceaa00465f6c3b640539,summary,,False,orphan_unresolved
results/stage10/full_head_sweep_l16/head_14/run_causal_patching_events.jsonl,26b401a0ce3878c6810944c7199e7c1f018984596eaf1a8254872deda486b3ee,event_log,22,False,orphan_unresolved
results/stage10/full_head_sweep_l16/head_15/patching_results.csv,2c8063b784b80ce954395968c9c5f34e8bcb9a44a620098945ffe67225864434,raw_or_record,20,False,orphan_unresolved
results/stage10/full_head_sweep_l16/head_15/patching_summary.json,fec2f090c42a1ce3e10e9b9f04d0eee2d95d1a71c3daa8246e714427c5d61909,summary,,False,orphan_unresolved
results/stage10/full_head_sweep_l16/head_15/run_causal_patching_events.jsonl,b16cb4b44982e3c4ae4ec474344882c3583d18574cbcb22be215156d5be6cccb,event_log,22,False,orphan_unresolved
results/stage10/full_head_sweep_l16/head_16/patching_results.csv,995af2910b0b20931fca6aa8a7d07943c9584a7721860b3108099e7c3327da3f,raw_or_record,20,False,orphan_unresolved
results/stage10/full_head_sweep_l16/head_16/patching_summary.json,13147b74d3f93b2a10c39026c454a27233866b29625444ba3d7421fd79d09560,summary,,False,orphan_unresolved
results/stage10/full_head_sweep_l16/head_16/run_causal_patching_events.jsonl,aeb1c331a127331cf42cb855692ee7102457b72600f46898ca77c18ac4f48ce0,event_log,22,False,orphan_unresolved
results/stage10/full_head_sweep_l16/head_17/patching_results.csv,9e540184fb2f961214ce2eb60ba4046c5abc811bf3a3507d298bb2c774bf7e51,raw_or_record,20,False,orphan_unresolved
results/stage10/full_head_sweep_l16/head_17/patching_summary.json,922a0c1233d18533c65ea0f584c15f7c99682899fa3e81bf83de9c8f46133c32,summary,,False,orphan_unresolved
results/stage10/full_head_sweep_l16/head_17/run_causal_patching_events.jsonl,a45128e99720ce2094c5ab780e4326c1ee003711ca6f778684abe78479f83d3c,event_log,22,False,orphan_unresolved
results/stage10/full_head_sweep_l16/head_18/patching_results.csv,fe0955e01572cf6731d6a0ea9c3c8febc6f8c284aedd513de794b4ab5ab65dca,raw_or_record,20,False,orphan_unresolved
results/stage10/full_head_sweep_l16/head_18/patching_summary.json,7a498de6069b89c4e35727c5368f63d5ca8d42e744cf590fde848a4190f200e4,summary,,False,orphan_unresolved
results/stage10/full_head_sweep_l16/head_18/run_causal_patching_events.jsonl,9e56c85341b6d3c49c7143bac1a001abd9d878d4bcd81ce5fb32de4caa1c790f,event_log,22,False,orphan_unresolved
results/stage10/full_head_sweep_l16/head_19/patching_results.csv,e18793737416c05838af480467e9d2b368f5bc6a63842f4a5a2e86e7b8b0370d,raw_or_record,20,False,orphan_unresolved
results/stage10/full_head_sweep_l16/head_19/patching_summary.json,e4d60aeaf504e5593382eafe581124b478768b1694a1b8271941aab5f67d00bf,summary,,False,orphan_unresolved
results/stage10/full_head_sweep_l16/head_19/run_causal_patching_events.jsonl,b75dba2b891aa484ca831f3ea8714d31b6455a6619c6c8c51664e7cf82adb325,event_log,22,False,orphan_unresolved
results/stage10/full_head_sweep_l16/head_2/patching_results.csv,59d21d89df4a4107a4e295cfe291a88666da77982f445c86da6b671dbd023cc9,raw_or_record,20,False,orphan_unresolved
results/stage10/full_head_sweep_l16/head_2/patching_summary.json,17a53652169997d8d26a614f70138489d3b5a53136bfccd4ad7d3fb4b1339547,summary,,False,orphan_unresolved
results/stage10/full_head_sweep_l16/head_2/run_causal_patching_events.jsonl,bcc601eb62b86c9b78cf664c1693dd22f83c6476c1d94ffd43cc03967e49771f,event_log,22,False,orphan_unresolved
results/stage10/full_head_sweep_l16/head_20/patching_results.csv,043af2c08a6da038cfed553bb478a59029cdf6addba7395b070a59aa4164e6c9,raw_or_record,20,False,orphan_unresolved
results/stage10/full_head_sweep_l16/head_20/patching_summary.json,bb981e1ef36c17007f00a8c2913e65775e53001ba4c85f0b816c44517907d089,summary,,False,orphan_unresolved
results/stage10/full_head_sweep_l16/head_20/run_causal_patching_events.jsonl,5226c527e533d809db2bf64352e4f9eab12a789e5fe5df6ddc188693677c01b0,event_log,22,False,orphan_unresolved
results/stage10/full_head_sweep_l16/head_21/patching_results.csv,9c5175bc3e5448e607d63a713596d990c052f3fd51f9a3b532d5a2314c0ab5bd,raw_or_record,20,False,orphan_unresolved
results/stage10/full_head_sweep_l16/head_21/patching_summary.json,43aa7150918f686792fd642e72530845c3639aaf4e3fc58e9b8ddb0ae68c48a3,summary,,False,orphan_unresolved
results/stage10/full_head_sweep_l16/head_21/run_causal_patching_events.jsonl,7f461f988564c6be611573ffdb110b97bd17d5cd99f62ee7c09cecdc84339b4e,event_log,22,False,orphan_unresolved
results/stage10/full_head_sweep_l16/head_22/patching_results.csv,9488e75b82fefa757f87be8a389cf7a32578ecf69b0ef47bc51e259041899952,raw_or_record,20,False,orphan_unresolved
results/stage10/full_head_sweep_l16/head_22/patching_summary.json,72759b1849fe798bd47ca73936ed6d326277180299a1e21b5c5cea40335faaef,summary,,False,orphan_unresolved
results/stage10/full_head_sweep_l16/head_22/run_causal_patching_events.jsonl,0873fe46f9bcc33b5d97dfe4a7ebba94079d19be015497cb4a543327e79ddc4f,event_log,22,False,orphan_unresolved
results/stage10/full_head_sweep_l16/head_23/patching_results.csv,54891880dd5949ea6b05004154aa6572197df616a74069438b17e097c2645809,raw_or_record,20,False,orphan_unresolved
results/stage10/full_head_sweep_l16/head_23/patching_summary.json,26c2701e4a853ec47e8c20dcbb6e4541bd6dce52d3a89f9776f092be717262ad,summary,,False,orphan_unresolved
results/stage10/full_head_sweep_l16/head_23/run_causal_patching_events.jsonl,0db29560aeea8956eed4cdedff9345b7683ce9ffc2979501b043d3b6dcac132e,event_log,22,False,orphan_unresolved
results/stage10/full_head_sweep_l16/head_24/patching_results.csv,a6dd81d90e87c02c6f8df9208c4f35a8624091cf4ed7c706510ae70ec1197bdd,raw_or_record,20,False,orphan_unresolved
results/stage10/full_head_sweep_l16/head_24/patching_summary.json,40adbdd6903a8c5a4720d091b78454928b3f6a3ac3031cdc026741de196bf1ef,summary,,False,orphan_unresolved
results/stage10/full_head_sweep_l16/head_24/run_causal_patching_events.jsonl,4958fad3e6efe8c075b6579e35bbf33071af407f866851ecc0f17970db7e58f5,event_log,22,False,orphan_unresolved
results/stage10/full_head_sweep_l16/head_25/patching_results.csv,b57e33dc115ee2b8b05c81da0762a20c00250f14f73d34f8a6fd154a46e7a4e3,raw_or_record,20,False,orphan_unresolved
results/stage10/full_head_sweep_l16/head_25/patching_summary.json,9d605458389532cc43cf6eb2099f18ae3bf201c498d5140b45610039ebcc3718,summary,,False,orphan_unresolved
results/stage10/full_head_sweep_l16/head_25/run_causal_patching_events.jsonl,d4d967555a19a178b0c35709e4e35a8602480374390070e8ef5f50de35010aeb,event_log,22,False,orphan_unresolved
results/stage10/full_head_sweep_l16/head_26/patching_results.csv,50413df17c2e5b380027e539d415a5707bdc053673a1ce6b10eb73e44bba07f1,raw_or_record,20,False,orphan_unresolved
results/stage10/full_head_sweep_l16/head_26/patching_summary.json,935be5d5941f150c56cea685893c04b65d713178f01d95630565f9d4c755590c,summary,,False,orphan_unresolved
results/stage10/full_head_sweep_l16/head_26/run_causal_patching_events.jsonl,1d0beedf5941021b8309e1dec793baa6fd710ddb32015b7ef44b22f021b32fa2,event_log,22,False,orphan_unresolved
results/stage10/full_head_sweep_l16/head_27/patching_results.csv,045377c75183400901fe48962cd6905bf5d1b7196dc2725f7cba18b0eff2dae4,raw_or_record,20,False,orphan_unresolved
results/stage10/full_head_sweep_l16/head_27/patching_summary.json,4a68a7604a71b2f659195eced72c6d26297b2ebbf77d8d734c64eb4152797bf9,summary,,False,orphan_unresolved
results/stage10/full_head_sweep_l16/head_27/run_causal_patching_events.jsonl,84988488fbc18f17fe1937e85bd22113b830b3328fc2f8450cad0b803c21fda6,event_log,22,False,orphan_unresolved
results/stage10/full_head_sweep_l16/head_3/patching_results.csv,7807661eceaa1b7e22cc0232155612173476538acd56a0a600130c840fd2dfb6,raw_or_record,20,False,orphan_unresolved
results/stage10/full_head_sweep_l16/head_3/patching_summary.json,804168b6073483bde8fea44aed549963612736b4b06c18a4d28929875e688fcf,summary,,False,orphan_unresolved
results/stage10/full_head_sweep_l16/head_3/run_causal_patching_events.jsonl,ea97177b563f89e0cac072df1daee2934aa79f6d028a55b2f92d9460164fefd5,event_log,22,False,orphan_unresolved
results/stage10/full_head_sweep_l16/head_4/patching_results.csv,05ebb951d27abad42d9844c0547cbc418a1d9576cf1863d7f8054c78e42fb7e3,raw_or_record,20,False,orphan_unresolved
results/stage10/full_head_sweep_l16/head_4/patching_summary.json,3ce75195daa582ce2e5fb0d8ccb9487c1cab5b76533271a85c339534bfeff42a,summary,,False,orphan_unresolved
results/stage10/full_head_sweep_l16/head_4/run_causal_patching_events.jsonl,7ffa6d104b495a1bc665dc74695845e1b1dc2ac495bee8562b20e011b732e3dc,event_log,22,False,orphan_unresolved
results/stage10/full_head_sweep_l16/head_5/patching_results.csv,c4905e1e8c478fe7ebbab0f10d0bd623811879eb36a955ba3cb68ab045a229e4,raw_or_record,20,False,orphan_unresolved
results/stage10/full_head_sweep_l16/head_5/patching_summary.json,c670b00a3e8bbc80beaa829b7d922929dd10aa8909a39bc22bfe109896ed83b2,summary,,False,orphan_unresolved
results/stage10/full_head_sweep_l16/head_5/run_causal_patching_events.jsonl,ab8018bb967e48fd59b4519852d52a23e60ae3a6e5750bb2801c3c69affc2289,event_log,22,False,orphan_unresolved
results/stage10/full_head_sweep_l16/head_6/patching_results.csv,c58fe2b24ca81c5bc970d47a1e2de2ceb8d163d1ab348c03f9e7512c29f1cc2e,raw_or_record,20,False,orphan_unresolved
results/stage10/full_head_sweep_l16/head_6/patching_summary.json,ed61915ff63a108e55b18be5dc5d83c52236520d67c3def6ecb976487f42faee,summary,,False,orphan_unresolved
results/stage10/full_head_sweep_l16/head_6/run_causal_patching_events.jsonl,f52690ff5264d7495bfab783d3c1489606a2f1a62be40e536e9ba6aa1b3db6e9,event_log,22,False,orphan_unresolved
results/stage10/full_head_sweep_l16/head_7/patching_results.csv,e87d81742179d37f6ff896f2cef763013c1466a750d067e57700ce8e8eb5945e,raw_or_record,20,False,orphan_unresolved
results/stage10/full_head_sweep_l16/head_7/patching_summary.json,c0610fa9871ed17100d9c110ecf5d02735fb696e6243ba9c396c28b9f0c70735,summary,,False,orphan_unresolved
results/stage10/full_head_sweep_l16/head_7/run_causal_patching_events.jsonl,4756b514d8616178ff6bd5434f701d7fd787a21905e06743774004cf6b72d0e5,event_log,22,False,orphan_unresolved
results/stage10/full_head_sweep_l16/head_8/patching_results.csv,2a771fe3ee24721badcbb948ef2481dfff952a3219eb2d01a5afcd7fcba8a51f,raw_or_record,20,False,orphan_unresolved
results/stage10/full_head_sweep_l16/head_8/patching_summary.json,4338614dc0efcb16c59e2f39c3023305676527a49c099cdee6069dd4a04494af,summary,,False,orphan_unresolved
results/stage10/full_head_sweep_l16/head_8/run_causal_patching_events.jsonl,043a85838f6ab48ceeea0e720312f10babacb1a760428e6d33df205cc9e2a2bc,event_log,22,False,orphan_unresolved
results/stage10/full_head_sweep_l16/head_9/patching_results.csv,d4d51fb84ada320b93da87ab6bef8ee06142d83df8844cb90ce6934b781c8b12,raw_or_record,20,False,orphan_unresolved
results/stage10/full_head_sweep_l16/head_9/patching_summary.json,887a85bdeef965252d64a43f59206c56d6e8227e8d2f9eca9345ef9103908deb,summary,,False,orphan_unresolved
results/stage10/full_head_sweep_l16/head_9/run_causal_patching_events.jsonl,535707716ced1b5b7e512bea5b85c9a9107782cd9075d3a48a37d5fcdf71fe57,event_log,22,False,orphan_unresolved
results/stage10/head_sweep_l16/family_head_contributions.json,fc7d0efdb10deb6efbab9aeea6dbcf200680dc7a6221336147b1fab05206bba8,derived,,False,orphan_unresolved
results/stage10/head_sweep_l16/head_sensitivity_scores.json,93a94e101d406bc022830f23c5dfa9c84b4f5b5780c1fda6f5c9430f9e214c49,derived,,False,orphan_unresolved
results/stage10/head_sweep_l16/run_attention_analysis_events.jsonl,7766693f04e7d6e329426843663bb1acdbba4bb5fd86cb6b0115dc22419c0053,event_log,1,False,orphan_unresolved
results/stage10/llama_attention/layer_19/family_head_contributions.json,ecf83d00944f2388b254a6bb3742094b9063d5c07c734b9fe6206464e1ba687b,derived,,False,orphan_unresolved
results/stage10/llama_attention/layer_19/head_sensitivity_scores.json,e250d9f3566da3cc0acaf5624fa91a8ed542ff4bd4ec8934047f83641151db48,derived,,False,orphan_unresolved
results/stage10/llama_attention/layer_19/run_attention_analysis_events.jsonl,97b75fe6d6010980c9416f0cc9aecaa3adf89258a44b534fc8cc0b690ff5e92b,event_log,1,False,orphan_unresolved
results/stage10/llama_attention/layer_20/family_head_contributions.json,24bab2f6c893f110dc4401c22de4ed229de772a2f894c1295a37afb71a647b1e,derived,,False,orphan_unresolved
results/stage10/llama_attention/layer_20/head_sensitivity_scores.json,d8dd6e617e683df58db950015ca0c10d5bce66d6cc42f01d99fea58024c4d819,derived,,False,orphan_unresolved
results/stage10/llama_attention/layer_20/run_attention_analysis_events.jsonl,fe839e864043abaa2c304b6ed73839c27c7d57adbfc49fbf3cd7ca3a3aab920c,event_log,1,False,orphan_unresolved
results/stage10/llama_attention/layer_21/family_head_contributions.json,88eb27f88218431de333963fcecb7d91f10c863ea8eb32584ef22a9c4abddb3b,derived,,False,orphan_unresolved
results/stage10/llama_attention/layer_21/head_sensitivity_scores.json,331cc51b1a6098b647361b13e11f78ad59f310675c81d64d3f547d704053dfde,derived,,False,orphan_unresolved
results/stage10/llama_attention/layer_21/run_attention_analysis_events.jsonl,03df9b30792f6613b6d2d2dd5c0dc8553a2a23f05e23e0b2bf3c95c445b83f1e,event_log,1,False,orphan_unresolved
results/stage10/llama_head_knockout/patching_results.csv,00f4b05bfe341082b9e384bc2e20ffa709b60b098329cb6841c515da7ded1002,raw_or_record,100,False,orphan_unresolved
results/stage10/llama_head_knockout/patching_summary.json,37ca4ff16a389ca14f298505b36d6e377af6d814c6074040a787c2a5db5eabec,summary,,False,orphan_unresolved
results/stage10/llama_head_knockout/run_causal_patching_events.jsonl,341eeaf74e1b12743a69bfd5d989128512711a22ce5a3068e1f40ee6c3d746c7,event_log,22,False,orphan_unresolved
results/stage10/llama_head_selection_sweep/head_selection_summary.json,5358e81ad162a7cd202d14fbb53728c8b91b62a2883a01a845de8cf457334ed4,summary,,False,orphan_unresolved
results/stage10/llama_head_selection_sweep/layer_19/head_0/patching_results.csv,026fa8dd3110bbc41cd50c6cf1233c537e0a075832ea73749131435df1ede691,raw_or_record,20,False,orphan_unresolved
results/stage10/llama_head_selection_sweep/layer_19/head_0/patching_summary.json,3727eec9756ca7ee696703466d7e29d4a745879f18b9baf7e86c3af8040253d3,summary,,False,orphan_unresolved
results/stage10/llama_head_selection_sweep/layer_19/head_0/run_causal_patching_events.jsonl,9298f763880252cda21f08847d7e72655974b7aa4b6b85c27e850ab6273e3a1c,event_log,22,False,orphan_unresolved
results/stage10/llama_head_selection_sweep/layer_19/head_12/patching_results.csv,f6c8142cfa9485afcf1f900dfce978e2c51f8413f32bbdf48c6fd3305c44a7f1,raw_or_record,20,False,orphan_unresolved
results/stage10/llama_head_selection_sweep/layer_19/head_12/patching_summary.json,a43beea232d6c72de4d4fc3aa796f7e3d9d2e20d41c7d43e80fead84ed58b546,summary,,False,orphan_unresolved
results/stage10/llama_head_selection_sweep/layer_19/head_12/run_causal_patching_events.jsonl,0e3f52767638d19d8823713ceafa159ab8a79858def103c7c7ab690f09bfeddf,event_log,22,False,orphan_unresolved
results/stage10/llama_head_selection_sweep/layer_19/head_14/patching_results.csv,ffea4a9b5789ea9b21a1e6aaca336e613e9deba1a4a9ef4ab9c0925a93fbd6c6,raw_or_record,20,False,orphan_unresolved
results/stage10/llama_head_selection_sweep/layer_19/head_14/patching_summary.json,4b29658e26608b45f4dcf017a30b6cde3006400ba63c625d6d25de7b63f66589,summary,,False,orphan_unresolved
results/stage10/llama_head_selection_sweep/layer_19/head_14/run_causal_patching_events.jsonl,5b6762614617e30cbe55557b86d1b841fc66894ee0866c4cd35d6f8291248523,event_log,22,False,orphan_unresolved
results/stage10/llama_head_selection_sweep/layer_19/head_26/patching_results.csv,bcb971234d710251dc2be0b44d55785d57c286cab9e6513798809346e3a6903c,raw_or_record,20,False,orphan_unresolved
results/stage10/llama_head_selection_sweep/layer_19/head_26/patching_summary.json,0c47c5f7ccdcfc8810f888e398c4649af9e7c1a96856ccd422401bd5c865480c,summary,,False,orphan_unresolved
results/stage10/llama_head_selection_sweep/layer_19/head_26/run_causal_patching_events.jsonl,61f357b58a1c329794ed5c654666c5d85622926da1bd5a4cec0bb6074f8e358e,event_log,22,False,orphan_unresolved
results/stage10/llama_head_selection_sweep/layer_20/head_18/patching_results.csv,65200c742e58ebc824d28032b1c320e3b6e7fbba42662d35e8bbacdf56ffba19,raw_or_record,20,False,orphan_unresolved
results/stage10/llama_head_selection_sweep/layer_20/head_18/patching_summary.json,6555ab6addca537999274bea6b833336d2ba3ce925f2a924f7bdc33c4007c338,summary,,False,orphan_unresolved
results/stage10/llama_head_selection_sweep/layer_20/head_18/run_causal_patching_events.jsonl,ea39558a4f48243d2dc51cc3baf57184019faf1a138a6224f0f07e3f9d8b1cae,event_log,22,False,orphan_unresolved
results/stage10/llama_head_selection_sweep/layer_20/head_2/patching_results.csv,ebe8aaf8d1e14296caf16912454a709636d8cc8f71dda93b382fe9aca71bd512,raw_or_record,20,False,orphan_unresolved
results/stage10/llama_head_selection_sweep/layer_20/head_2/patching_summary.json,42328be7bdf34057bc6d6c58fd20ad578439fe9d623f0df718e5a321d17d7948,summary,,False,orphan_unresolved
results/stage10/llama_head_selection_sweep/layer_20/head_2/run_causal_patching_events.jsonl,7953f54beb5e2647efe1464283e305ffbbc01cdd8ae8cd11bb54b1b1c0fcb9d1,event_log,22,False,orphan_unresolved
results/stage10/llama_head_selection_sweep/layer_20/head_20/patching_results.csv,7a4f427e81e9f66ac4ae13b7bd78e2f7374c7994115542e55f9434a818a9126a,raw_or_record,20,False,orphan_unresolved
results/stage10/llama_head_selection_sweep/layer_20/head_20/patching_summary.json,d8a89c1bc3c8d3a0c3adf1c806c040df3902d219737b7464d46c899a9c454039,summary,,False,orphan_unresolved
results/stage10/llama_head_selection_sweep/layer_20/head_20/run_causal_patching_events.jsonl,fe19956c56a5035ae0cabf7b2dd820b845eccc63877557f32a6f653e6cc72f56,event_log,22,False,orphan_unresolved
results/stage10/llama_head_selection_sweep/layer_20/head_23/patching_results.csv,508127d556ffef89b62385697ae40cced9696a1469c03645e80ff994d9a40997,raw_or_record,20,False,orphan_unresolved
results/stage10/llama_head_selection_sweep/layer_20/head_23/patching_summary.json,cbaaf0cf657ec9343c4f5e51093d842000c28859b9ebb30738d4076b512c105e,summary,,False,orphan_unresolved
results/stage10/llama_head_selection_sweep/layer_20/head_23/run_causal_patching_events.jsonl,82b71325249abe4ce583a8e601f1c909f0447979e94d70c1cf77704a7f0375eb,event_log,22,False,orphan_unresolved
results/stage10/llama_head_selection_sweep/layer_21/head_19/patching_results.csv,4b737c79335ddf40f19cf7368d0f61152b18fb17cc66aad1c5fdc6af630a2581,raw_or_record,20,False,orphan_unresolved
results/stage10/llama_head_selection_sweep/layer_21/head_19/patching_summary.json,47a6098661a69b510141634def8743d6fbaa5b5f862dc7aaa6f4083c6223cbcb,summary,,False,orphan_unresolved
results/stage10/llama_head_selection_sweep/layer_21/head_19/run_causal_patching_events.jsonl,53a34fa3f9332d0a45e6b526465e7d63384ab6589fa6944e97c815f6519426fb,event_log,22,False,orphan_unresolved
results/stage10/llama_head_selection_sweep/layer_21/head_5/patching_results.csv,4ac1f0935baa66ef636e23ed2b80dc03d6bf5dfc0552055b52913feb6ac42c60,raw_or_record,20,False,orphan_unresolved
results/stage10/llama_head_selection_sweep/layer_21/head_5/patching_summary.json,fc68f1b9a04bf612c55c18d4d23e1e96b1df5b9b4a70dc18bd2394d786dae912,summary,,False,orphan_unresolved
results/stage10/llama_head_selection_sweep/layer_21/head_5/run_causal_patching_events.jsonl,78917e9ede1bf0584e972ba2234bbe594f845f4165d4d2b1630b573e93fa29d9,event_log,22,False,orphan_unresolved
results/stage10/llama_head_selection_sweep/layer_21/head_7/patching_results.csv,fb8f43aadfacf35f3bfb2f427c465da61dc8db213a825919cf88c2bc362af4c5,raw_or_record,20,False,orphan_unresolved
results/stage10/llama_head_selection_sweep/layer_21/head_7/patching_summary.json,575b8ecc7fcb3d6d96b37c6418f0f62fcfe423c3f35c6d324c9e8abab7fc0e4f,summary,,False,orphan_unresolved
results/stage10/llama_head_selection_sweep/layer_21/head_7/run_causal_patching_events.jsonl,f729ada9ed2778127d6faff6127c6d374e910462993dcb7c9bbadbd2b6f91ee8,event_log,22,False,orphan_unresolved
results/stage10/llama_head_selection_sweep/layer_21/head_8/patching_results.csv,61d81f06fd52662cbd426acb0e1d1c677c9672e06017777c00d5c47feee1fca3,raw_or_record,20,False,orphan_unresolved
results/stage10/llama_head_selection_sweep/layer_21/head_8/patching_summary.json,03346a9d687285e9440bdcd1abab33653ce2d107ad8cba88f09743ec140326f5,summary,,False,orphan_unresolved
results/stage10/llama_head_selection_sweep/layer_21/head_8/run_causal_patching_events.jsonl,d413d915d5fe36e2450891160c32251ff74fd77f6028c6eeaaa3d032722897a0,event_log,22,False,orphan_unresolved
results/stage10/llama_mhk/run_causal_patching_events.jsonl,08a3345605056ffe232f1a2d288f228dc49915ee12f3896756065984e5f55d78,event_log,22,False,orphan_unresolved
results/stage10/llama_mhk_v2/attn_layer19/run_causal_patching_events.jsonl,79f0de0af07986bb5c8fb51d4f3d901f98d9000414212f4a8bdaa50aadabb57c,event_log,22,False,orphan_unresolved
results/stage10/llama_mhk_v2/causal_sweep/run_causal_patching_events.jsonl,a32a886ea3a472d20c17cb95312f172dcade627679ae49a86eb052ecb2ed3be0,event_log,22,False,orphan_unresolved
results/stage10/logit_lens/logit_lens_per_family.json,39a12d565c966968c9f138a73c17fead8599ce2a58d7f34ac3a42ecb982cf46b,derived,,False,orphan_unresolved
results/stage10/logit_lens/logit_lens_summary.json,96c35ab7ddca7467128c1a6e9adb94457fb19f6bb62063688b050cd4bcd1fe57,summary,,False,orphan_unresolved
results/stage10/logit_lens/run_causal_patching_events.jsonl,14cc3b6fd3ab90146a0526db49d9ab1114bcd818502261127188f6a251d4bdda,event_log,1,False,orphan_unresolved
results/stage10/mean_probe_entropy_correlation.json,8f6b1e63210f2490c9858f5d9b63a77c4a85a6ecd48b47d8a768c59f72e16575,derived,,False,orphan_unresolved
results/stage10/mean_probe_full_sweep_bigcompute/layer_auroc_resid_post_last_prompt.json,f5ee74943f718bea32a7f19b13a8b479673685b9f2ceecaaa60d5f266d55cb37,derived,,False,orphan_unresolved
results/stage10/mean_probe_full_sweep_bigcompute/layer_pearson_resid_post_last_prompt.json,5098949e4fb9eef3ea2b7b55864c31046ee466982952f5b0152d6759eb937a69,derived,,False,orphan_unresolved
results/stage10/mean_probe_full_sweep_bigcompute/loo_predictions_resid_post_last_prompt.json,e31b8d4ddda086ab6dc1bfe6aadb891414cc5817103ea49ecff8df45ab8b2b46,raw_or_record,,False,orphan_unresolved
results/stage10/mhk_cue_generalization/patching_results.csv,54bfe0ae235882819d64680b5012798eb1b0ac6dfbfbd09383f555684e2c536d,raw_or_record,50,False,orphan_unresolved
results/stage10/mhk_cue_generalization/patching_summary.json,d3185c72f3d29d2a834421d6bbaec0b5d5947f27e9c1784129f53ae5614b3e44,summary,,False,orphan_unresolved
results/stage10/mhk_cue_generalization/run_causal_patching_events.jsonl,9ef2b585f5b48b985ddadcab0b1fea1aee6f9a89b47b02d9b0d2fa4c2aa7a721,event_log,12,False,orphan_unresolved
results/stage10/mhk_dose_response/heads_1/patching_results.csv,0e90e75c6fed8f6d3dfda5a793885af9b905fabca133eb01cee87dc94c451f81,raw_or_record,140,False,orphan_unresolved
results/stage10/mhk_dose_response/heads_1/patching_summary.json,a54da3ef9bafe9ddaaa5d30f05803ff0e36c10761264f3bede237e13d0a32016,summary,,False,orphan_unresolved
results/stage10/mhk_dose_response/heads_1/run_causal_patching_events.jsonl,fd7a79343f9fffe69242ae94993bc4fef97fdcad8f58ac45a56bbafd1e0eaefd,event_log,22,False,orphan_unresolved
results/stage10/mhk_dose_response/heads_2/patching_results.csv,99c7b3be5531a101f457ba97f7db812648d392d3761ba9b912ace0241bba76aa,raw_or_record,140,False,orphan_unresolved
results/stage10/mhk_dose_response/heads_2/patching_summary.json,3f8f759ffc5d5839ab648a278f929bcd93f2ea5ce2de385a4fc53f2da7ffc8f5,summary,,False,orphan_unresolved
results/stage10/mhk_dose_response/heads_2/run_causal_patching_events.jsonl,5d42b4bac46117f28be7909af7b6727d71421a04ddf67d583bb51699aca87207,event_log,22,False,orphan_unresolved
results/stage10/mhk_dose_response/heads_3/patching_results.csv,414f248e592ce55f30156e4052e9bfae65b87cc30bf0f1dc8a9fa36a1f0fc1b9,raw_or_record,140,False,orphan_unresolved
results/stage10/mhk_dose_response/heads_3/patching_summary.json,d03cb86186cb94a22506d6e151b630d8d9f2b3b9c5807b1597f4c9661f07be7c,summary,,False,orphan_unresolved
results/stage10/mhk_dose_response/heads_3/run_causal_patching_events.jsonl,db0aecfb86def628f9ed914a3b0d09a1f4c96f36aa02e083cb00730be7fc87b8,event_log,22,False,orphan_unresolved
results/stage10/mhk_dose_response/heads_4/patching_results.csv,86166d2fba77e5311c4d38b292820766e672174f94d6598044a51ae87384102f,raw_or_record,140,False,orphan_unresolved
results/stage10/mhk_dose_response/heads_4/patching_summary.json,a502b7ddf5c510681b28984885a375bce4c29e9347220d77753f0f68745dd971,summary,,False,orphan_unresolved
results/stage10/mhk_dose_response/heads_4/run_causal_patching_events.jsonl,d5dce49ab8323c6695fbf2b8179de014a69e95eac53b9fbe51c5b272b5eb0fb1,event_log,22,False,orphan_unresolved
results/stage10/pairwise_head_interactions/subset_11/patching_results.csv,f74a5f697081d39d7d31fe09fb1a97a5eabdd6caed91212d821900b29be7be0e,raw_or_record,20,False,orphan_unresolved
results/stage10/pairwise_head_interactions/subset_11/patching_summary.json,7082e4769c46cb64aea37ca90124fb086790d696b6cb9aa06fef65b65be448c7,summary,,False,orphan_unresolved
results/stage10/pairwise_head_interactions/subset_11/run_causal_patching_events.jsonl,3843f8aae58c8d651bbcbf7a73c0f522b5a7885a3aed5637b33272f338bfe13f,event_log,22,False,orphan_unresolved
results/stage10/pairwise_head_interactions/subset_13/patching_results.csv,e6de8b0fd33eae698bdb83c1d5372bb0963f676272512c11b90cc88b80fc4d97,raw_or_record,20,False,orphan_unresolved
results/stage10/pairwise_head_interactions/subset_13/patching_summary.json,92a17a34cf86d29aaee407f72034e73427d22b7e2c99f90e8d2171a81ca65346,summary,,False,orphan_unresolved
results/stage10/pairwise_head_interactions/subset_13/run_causal_patching_events.jsonl,08c43d58a56e3a733a44c66fdf9ed0c4a9feac1347154843e73d4bd88ba4e274,event_log,22,False,orphan_unresolved
results/stage10/pairwise_head_interactions/subset_13_11/patching_summary.json,5500920f4dd271e1ddbadba42742f218ebf5d628e213326e22445466180ad1e9,summary,,False,orphan_unresolved
results/stage10/pairwise_head_interactions/subset_13_11/run_causal_patching_events.jsonl,2548d31bcdf7620465276bc8dfa8e4a8e096bd177465b574a3e7db493aaa27cb,event_log,22,False,orphan_unresolved
results/stage10/pairwise_head_interactions/subset_24/patching_results.csv,808ad0e27b6e2a67dfd6e839101c69cd1d53d5089f3f7a00f29f1184b54d92ee,raw_or_record,20,False,orphan_unresolved
results/stage10/pairwise_head_interactions/subset_24/patching_summary.json,30a4401e17ca6acbfb2fff8cdc3f6a1fee97e6b06656eb254ec05c3b6295b62c,summary,,False,orphan_unresolved
results/stage10/pairwise_head_interactions/subset_24/run_causal_patching_events.jsonl,b9953479bb702af1940b1a0f4b0772495ff68cada0ce0e3780df73125eeebb8a,event_log,22,False,orphan_unresolved
results/stage10/pairwise_head_interactions/subset_24_11/patching_results.csv,e271f91a7b18c84df57ccd4494c900474f3cfddb1f04e26c9f2f805fbe7425b6,raw_or_record,20,False,orphan_unresolved
results/stage10/pairwise_head_interactions/subset_24_11/patching_summary.json,d1545ac6e0c4b949b6adc881f88a0886527f91896ad2522148c29ca64813cea5,summary,,False,orphan_unresolved
results/stage10/pairwise_head_interactions/subset_24_11/run_causal_patching_events.jsonl,418871429ff15973022a7fe542ffbf1d3535b02e156fa02e10d028c32bfbee29,event_log,22,False,orphan_unresolved
results/stage10/pairwise_head_interactions/subset_24_13/patching_results.csv,b15b591b91a4c22ea23fa172628ff391c67cdc4cb5ea48cdc015b81a61cfeff2,raw_or_record,20,False,orphan_unresolved
results/stage10/pairwise_head_interactions/subset_24_13/patching_summary.json,3337232183908eec236bafeb9ab8aac3c0b443adbaaceb737bac0f904254d56f,summary,,False,orphan_unresolved
results/stage10/pairwise_head_interactions/subset_24_13/run_causal_patching_events.jsonl,49a044a81cc4a99518d684bf7bfa95297bef005e2f7156f8949d94214f381ece,event_log,22,False,orphan_unresolved
results/stage10/pairwise_head_interactions/subset_24_13_11/patching_results.csv,c444d5a7a49ffec51aea90fa69f05f6efe94f8eb4aa45c57a89a390e1540f43b,raw_or_record,20,False,orphan_unresolved
results/stage10/pairwise_head_interactions/subset_24_13_11/patching_summary.json,8070b44943e625c88b1119933c39bd329ae87996f1c53000db2c20f248dcd30c,summary,,False,orphan_unresolved
results/stage10/pairwise_head_interactions/subset_24_13_11/run_causal_patching_events.jsonl,ce891a8123fedcd46751d9c0babe0e73deeab49fbb226ab68d979b0fe703b9aa,event_log,22,False,orphan_unresolved
results/stage10/pairwise_head_interactions/subset_26/patching_results.csv,8e6df0d68b01e5f920accf7220e43ef8f7e11eb0a6b5945e9ad26f014551bb33,raw_or_record,20,False,orphan_unresolved
results/stage10/pairwise_head_interactions/subset_26/patching_summary.json,849d3d0804231b63cf374eb8a4788729cc49332878bed1c8f48944c277bf9848,summary,,False,orphan_unresolved
results/stage10/pairwise_head_interactions/subset_26/run_causal_patching_events.jsonl,a3245354e7ba1b7b7b75c1b55db6eb87aecb26e7ae03fa3e5000ecf31d68e281,event_log,22,False,orphan_unresolved
results/stage10/pairwise_head_interactions/subset_26_11/patching_results.csv,05da414d08c82134a35308a989fa6d2ff9de23e4083e10e14c7973025ec9db35,raw_or_record,20,False,orphan_unresolved
results/stage10/pairwise_head_interactions/subset_26_11/patching_summary.json,f1f32e4ea3562c3a6538d2b100027d3a0773d33a42bd1372f72851eb8f2ae589,summary,,False,orphan_unresolved
results/stage10/pairwise_head_interactions/subset_26_11/run_causal_patching_events.jsonl,b3c0641b8d674ad860458ac89c5b2046b8d29645ec0b65751ccf38238b80a64c,event_log,22,False,orphan_unresolved
results/stage10/pairwise_head_interactions/subset_26_13/patching_results.csv,ee594091e1dde50ea266cf211a3abba892becdcb46646fc74a42af1291af8a8d,raw_or_record,20,False,orphan_unresolved
results/stage10/pairwise_head_interactions/subset_26_13/patching_summary.json,2e84fa33e62e7709a5b18439c35f31a2265ace9b5d7979320b98f1413b1800a5,summary,,False,orphan_unresolved
results/stage10/pairwise_head_interactions/subset_26_13/run_causal_patching_events.jsonl,8bbaaa48cf7431a68cb5cb44e1ef6b605f3224e98bc784c7e163e43bee7f5b5d,event_log,22,False,orphan_unresolved
results/stage10/pairwise_head_interactions/subset_26_13_11/patching_results.csv,8cd44dbf08d4f060294c71e3f64ab10aba16a7b6a0878e15b684a609215fb2ac,raw_or_record,20,False,orphan_unresolved
results/stage10/pairwise_head_interactions/subset_26_13_11/patching_summary.json,33200a3fd2c39558e7a58b03be5bc42792d65391fdb3cf08611e9b2afa9b802b,summary,,False,orphan_unresolved
results/stage10/pairwise_head_interactions/subset_26_13_11/run_causal_patching_events.jsonl,1a9cb7df728f914dd8a968807a8e0ff9548b4ad8ed8f000befb7701204f53d25,event_log,22,False,orphan_unresolved
results/stage10/pairwise_head_interactions/subset_26_24/patching_results.csv,12aaaeb01e3a9b7b5310e11bcfdf649e8f8ce14211ffe8e7df5005b5644d517c,raw_or_record,20,False,orphan_unresolved
results/stage10/pairwise_head_interactions/subset_26_24/patching_summary.json,e6eeaf8ec6a86cf136e146c2b095971707eebf681bd9cae054e051e7826c460f,summary,,False,orphan_unresolved
results/stage10/pairwise_head_interactions/subset_26_24/run_causal_patching_events.jsonl,e664c05bda04c8ba03cf45a1bcbce38138fe25e225c9f59475ccdec4ce87a849,event_log,22,False,orphan_unresolved
results/stage10/pairwise_head_interactions/subset_26_24_11/patching_results.csv,1553f6979e59f72cc2939d03f8fe0f60fbc8494da37ca8d370c2851ffef353c5,raw_or_record,20,False,orphan_unresolved
results/stage10/pairwise_head_interactions/subset_26_24_11/patching_summary.json,144caf694cb1b84a81e2b1bc3db9d6b322449c7c7e2cc0391323d9530b3c099c,summary,,False,orphan_unresolved
results/stage10/pairwise_head_interactions/subset_26_24_11/run_causal_patching_events.jsonl,2cf957b7f9f5733fab975ad4015b38494d582b51d58c46a299ea75e80f560fc4,event_log,22,False,orphan_unresolved
results/stage10/pairwise_head_interactions/subset_26_24_13/patching_results.csv,603d6b2e5e0da567a368a85d4b93b6ab3becfd2dbeb13d14d2b158d77468725a,raw_or_record,20,False,orphan_unresolved
results/stage10/pairwise_head_interactions/subset_26_24_13/patching_summary.json,04df2c07686217bd0cc91f3d5f2ffb8a923fea938fda06aff3941236da68d9ed,summary,,False,orphan_unresolved
results/stage10/pairwise_head_interactions/subset_26_24_13/run_causal_patching_events.jsonl,093cbd1914a3289df1cf0295de46e28e42b7a185ae86efb670150b05d26f3783,event_log,22,False,orphan_unresolved
results/stage10/pairwise_head_interactions/subset_26_24_13_11/patching_results.csv,8d182a3889e647cdc7ea645979b41db4d56d2e45e6ed1d0bb0cc6867acee969d,raw_or_record,20,False,orphan_unresolved
results/stage10/pairwise_head_interactions/subset_26_24_13_11/patching_summary.json,c5dd6007ceb0707dc46a6db5174b5156018979d51a861749679fb0d25a25054d,summary,,False,orphan_unresolved
results/stage10/pairwise_head_interactions/subset_26_24_13_11/run_causal_patching_events.jsonl,378ba4c13d4f70f4c73a9508daa595c4fd565e47afcaa525d3ee7e5f941f22bc,event_log,22,False,orphan_unresolved
results/stage10/per_cue_probe_comparison.json,e488f57e53b47034e53524917cb0f58033ce4d602198dcd8a2f415dec9e8eda9,derived,,False,orphan_unresolved
results/stage10/per_variant_probe_sweep/layer_auroc_per_variant.json,3d7a181dc9b2f2930ecedf28122d466975e262dfa59b08cfda3c22123ae82620,derived,,False,orphan_unresolved
results/stage10/per_variant_probe_sweep/loo_predictions_per_variant.json,2a37aebb1c79374474aa9a06073f5a9b1875fe3b3be06d9e3300c50438de4160,raw_or_record,,False,orphan_unresolved
results/stage10/probe_direction_cosine/probe_direction_cosine.json,77fcb47da4b478ce7cce81b6d74ee495576998c1dd89d33cafd61cdd29b42dac,derived,,False,orphan_unresolved
results/stage10/random_site_control/run_causal_patching_events.jsonl,43aaaa65699f062c37fbb2fe060826d581ad6bbb0b6790982af3d257b7c2bc30,event_log,22,False,orphan_unresolved
results/stage10/same_answer_donor/run_causal_patching_events.jsonl,636cc198903206344ac6ac3c86aa97829076c4dd57a39a98bbe2858c2b980e68,event_log,1,False,orphan_unresolved
results/stage10/stable_donor/run_causal_patching_events.jsonl,e96b0d5cb6b349870d8d5127b4590c4f750f11131481ae84dc97926f733f593c,event_log,1,False,orphan_unresolved
results/stage11/behavioural_expansion/family_summaries.jsonl,1091509f360aa10cd2913cd658326277e7b2e1552ed21d983b19b44efaf074f4,raw_or_record,15,False,orphan_unresolved
results/stage11/behavioural_expansion/prompt_records.jsonl,89e84448de79bb54314e5eba4e3ab2373b6317d9849c470a162b7d497030708b,raw_or_record,60,False,orphan_unresolved
results/stage11/behavioural_expansion/run_behavioural_events.jsonl,043f5d04bbe587ab2eb46b20a8fc28ebfe4d6d016ac9dbba367d7680e56287bb,event_log,77,False,orphan_unresolved
results/stage11/behavioural_expansion/summary.json,065113c30af2dcf8b1b41311bba2a2ac04ab10d950617812eca620b7ba17805c,summary,,False,orphan_unresolved
results/stage11/science/cross_cue_transfer/cross_cue_transfer_summary.json,80cb5e030480b59b7b91f25d2b9ed66d84841f1a8f25f37d6f1b864f5f1c177a,summary,,False,orphan_unresolved
results/stage11/science/cue_c_circuit/combined_cuec_manifest.json,c75e04b0e9c929b7215ecfb59a9b8927e2ab11998448176cf1107d4d108ebb15,derived,,False,orphan_unresolved
results/stage11/science/cue_c_circuit/combined_cuec_positive_families.json,a36afb1c381b21280f824e85a0674a7a3b5af2920dea97eb4406de281a19f6d3,derived,,False,orphan_unresolved
results/stage11/science/cue_c_circuit/cuec_behavioural_merged.jsonl,05b4f7bf74debf62f524378dde32a79dee2868cf2ce99809025f36b8b07d2453,raw_or_record,75,False,orphan_unresolved
results/stage11/science/cue_c_circuit/cuec_probe_sweep/layer_auroc_per_variant.json,12ddd20b7c9cb243ff929bbd6a9f5c5c385244b7ad328e2f8a54e22f2c38ea0a,derived,,False,orphan_unresolved
results/stage11/science/cue_c_circuit/cuec_probe_sweep/loo_predictions_per_variant.json,8563c271f0e0eadd405403aeab45731b8a20b875bd3dd3355a1aa6ca52977821,raw_or_record,,False,orphan_unresolved
results/stage11/science/cue_c_circuit/expansion_cuec_manifest.json,d1c1cea88fd13afe88754a9ac0fc608e4964fc7974e4e3a33d7978519e67aae5,derived,,False,orphan_unresolved
results/stage11/science/cue_c_circuit/expansion_cuec_positive_families.json,a6a5c7944abd45e6382123a0485b349c5f069dfd45db7e83dd94f20067c16ab2,derived,,False,orphan_unresolved
results/stage11/science/cue_c_circuit/h11_h13_knockout/run_causal_patching_events.jsonl,93f78e688a2b7e5d96a8025a5e50c8bc2f3b000adc1549315a4224664043f46d,event_log,14,False,orphan_unresolved
results/stage11/science/cue_c_circuit/h11_knockout/run_causal_patching_events.jsonl,e9dc85dbd963464b892094fcf0e1895ea4022a0c291be7e212c89513cf95875e,event_log,14,False,orphan_unresolved
results/stage11/science/cue_c_circuit/heldout_inference/family_mean_predictions.json,dcd3d8612fa62193d30f15caa7d8bf2a805dd21da58e94d8ba61e4ba40d8425f,raw_or_record,,False,orphan_unresolved
results/stage11/science/cue_c_circuit/rendered_merged/CM_C_001.json,d51d8c099a837368f1d224f0a9eca5dc90532dab79e7ccab9556cf0de8cfa405,derived,,False,orphan_unresolved
results/stage11/science/cue_c_circuit/rendered_merged/CM_C_002.json,579b7b90d10ab4c5f40998ef9a55c51d336950023fa74cce7f3b0d15ecbf40ff,derived,,False,orphan_unresolved
results/stage11/science/cue_c_circuit/rendered_merged/CM_C_003.json,84e47b69827b811cf0e5ad9d54d6f5fc15df2760237d3cb6cb55d34eece308fd,derived,,False,orphan_unresolved
results/stage11/science/cue_c_circuit/rendered_merged/CM_C_004.json,3e4d54a1ed7b2a54c8e1b108beb2ca7c34fa90f4f8ecb926a7e85d237e0a9f22,derived,,False,orphan_unresolved
results/stage11/science/cue_c_circuit/rendered_merged/CM_C_005.json,b3759d834a7413e075c4c073aa3e9a6c93a103b66b85593aac5bf6290fc3dd0a,derived,,False,orphan_unresolved
results/stage11/science/cue_c_circuit/rendered_merged/CM_C_006.json,9fb5486c0c320df05397c4444f78495b0aadbeffecdd29afae0c2de458dbd849,derived,,False,orphan_unresolved
results/stage11/science/cue_c_circuit/rendered_merged/CM_C_007.json,55e18f21834f1420aa19a44064ce887718a60fa59d85cb25614e843138ce21d0,derived,,False,orphan_unresolved
results/stage11/science/cue_c_circuit/rendered_merged/CM_C_008.json,c454baf6a306f643d345b9348c236a2748f2af21312b17fc87d4ddcbacd778ae,derived,,False,orphan_unresolved
results/stage11/science/cue_c_circuit/rendered_merged/CM_C_009.json,3d7644561a061951d5bf7dd3f0b8c0c7f843b6a1c654cb7e76429694a33f6416,derived,,False,orphan_unresolved
results/stage11/science/cue_c_circuit/rendered_merged/CM_C_010.json,40810913db4129cd4a9f3a1a1c7de53a5397d6c754d1dc87cb82bcae01ca491a,derived,,False,orphan_unresolved
results/stage11/science/cue_c_circuit/rendered_merged/CM_C_011.json,d6b4e5af48f913486d4b4fd2f2693b07ee2264ec34d01b1d22ffbfa0f32b19c3,derived,,False,orphan_unresolved
results/stage11/science/cue_c_circuit/rendered_merged/CM_C_012.json,c66bcb4746446af4981f7041522e8faa9f84926126d2e9747872ea589c14b0fb,derived,,False,orphan_unresolved
results/stage11/science/cue_c_circuit/rendered_merged/CM_C_013.json,60f4d1cf658382ea65ed86c2ffee16d4a7fd5c42d6e339d3d9cd980043e82c78,derived,,False,orphan_unresolved
results/stage11/science/cue_c_circuit/rendered_merged/CM_C_014.json,3b0773d2edbe7ac9f4d6d0722d5b67d01a5fd77956d226f97fdc51fa88162e99,derived,,False,orphan_unresolved
results/stage11/science/cue_c_circuit/rendered_merged/CM_C_015.json,fc30075ecd877d85817fc2c8d662f6b07d75699d1e098db4bcba71f00dcdf8c3,derived,,False,orphan_unresolved
results/stage11/science/cue_c_circuit/valid_new_cuec_families.json,a47258c05eeb143b55d99e24aee9c6fad6d64f274ef31c881a5c88a72000441e,derived,,False,orphan_unresolved
results/stage11/science/deepseek_single_heads/head_20/run_causal_patching_events.jsonl,820f4ee549214a87ce256c9b3df995f40d436151f8282862ed47ae199e84c3cf,event_log,22,False,orphan_unresolved
results/stage11/science/deepseek_single_heads/head_26/run_causal_patching_events.jsonl,dd5d4b02b6635e8ac663dee45d216b4a496d286600ad7a1de43690adf749375b,event_log,22,False,orphan_unresolved
results/stage11/science/h11_layer_sweep/run_causal_patching_events.jsonl,00df76a0ccf111e1d55f956cc82a08f0a6a245716cf0d30f6564fe641b5e785a,event_log,22,False,orphan_unresolved
results/stage11/science/h11_mechanism/h11_output_cosine_per_family.json,b9055064a02f584dff8f6e1a1f85a898d4947da53344b221876ebb4155207128,derived,,False,orphan_unresolved
results/stage11/science/h11_mechanism/h11_output_cosine_summary.json,fcfece2d4940197fa23c5d0756e543ba31096e0af432e6a38dff59f548f0010a,summary,,False,orphan_unresolved
results/stage11/science/h11_mechanism/head_output_probe_predictions.json,18a01fa996bd058275a33b890a88b01cdb11d8e06e5b108089bf1bb6f5492fd5,raw_or_record,,False,orphan_unresolved
results/stage11/science/h11_mechanism/head_output_probe_summary.json,f1e065bab6b53c462830fbe91c0eeb3b1b70906aeb9763b9d9561ec06b47ad2f,summary,,False,orphan_unresolved
results/stage11/science/h24_inhibitory/h11_h24_combo/patching_results.csv,8f3dfa27f2fa1e632a6628ff3af7ddd7b0526019770ec6db69a34e2555dde699,raw_or_record,20,False,orphan_unresolved
results/stage11/science/h24_inhibitory/h11_h24_combo/patching_summary.json,a0389152882dd6e5f0f9ef48ccab0d1d09fffb991122c807e6197c194d98b919,summary,,False,orphan_unresolved
results/stage11/science/h24_inhibitory/h11_h24_combo/run_causal_patching_events.jsonl,0a5ab8c412ffebfaded6d49cef90741853552f9f32a3f55fbbed970755367f5f,event_log,22,False,orphan_unresolved
results/stage11/science/h24_inhibitory/head24_layer_sweep/patching_results.csv,ed7613cca18ad453d30c13813a33c33c3d38ef4f65da1d8ce8780a141a56412f,raw_or_record,140,False,orphan_unresolved
results/stage11/science/h24_inhibitory/head24_layer_sweep/patching_summary.json,f2a4c998b30f3783f7975872edebee17c9a50177bd2fd6cf9a5e11763b1adb05,summary,,False,orphan_unresolved
results/stage11/science/h24_inhibitory/head24_layer_sweep/run_causal_patching_events.jsonl,b0b75143ae1401c08553997d7e1b7fc42ffa2ec204803425f93927c8533107bd,event_log,22,False,orphan_unresolved
results/stage11/science/precursor_characterisation/prompt_condition_layer_sweep.json,77fc171bfb3ea570395eb02bedb99f0c757d862ab7baf4340c0ed20ed971b59d,derived,,False,orphan_unresolved
results/stage11/science/precursor_characterisation/run_prompt_condition_probe_events.jsonl,11ae8a89d2d0bb57e5a1c1cb1ec4a0ddfb7dd1122930ff36d9ea73c37bab3e80,event_log,1,False,orphan_unresolved
results/stage11/science/proximity_gradient/proximity_gradient_summary.json,aa8a81e3b69356ce4cfce2f8e20e44b0d9a27246ca79e1293ac59c43e98ee57c,summary,,False,orphan_unresolved
results/stage11/science/variable_renaming/h11_knockout/run_causal_patching_events.jsonl,2505171a5c9a29471cd3695e198373792eb94644b1448eba1e12add232da6e7a,event_log,12,False,orphan_unresolved
results/stage11/science/variable_renaming/probe_inference/family_mean_predictions.json,790480f54bbad1b3af827bda652e1bada3ab2fffe3b765dccf5a54d1142a1656,raw_or_record,,False,orphan_unresolved
results/stage11/variable_renaming/behavioural/analysis/per_family_summary.csv,fbbe27743d995b1509c9a64c7dfd7bffcce94551c83d98f6491556a7af65b929,summary,10,False,orphan_unresolved
results/stage11/variable_renaming/behavioural/analysis/summary.json,9dd77256fa9fa4cae25c6bf47cd7c3fe3c49bcc315b55cb303f80f9214bb4034,summary,,False,orphan_unresolved
results/stage11/variable_renaming/behavioural/family_summaries.jsonl,1e1e675fc6a46d46ee2cea221b86b9d57a8ed0417c63852f03ff5e8e47228630,raw_or_record,10,False,orphan_unresolved
results/stage11/variable_renaming/behavioural/prompt_records.jsonl,4d0203b5a1adb072ff2132d1a2f29aa9948aba67fdf80c0bea550e878a6b99de,raw_or_record,40,False,orphan_unresolved
results/stage11/variable_renaming/behavioural/qwen_primary_20260620T105904Z.jsonl,06e195efffac1bf92bb8ebed3bcc3a5e30d95be21fd385797b036d0a5b1fc4b7,raw_or_record,50,False,orphan_unresolved
results/stage11/variable_renaming/behavioural/run_behavioural_events.jsonl,7ab294dd906641d6a1357fe3fddb1671dcbee0f7fb2a4c7366d74bc452a717e8,event_log,52,False,orphan_unresolved
results/stage11/variable_renaming/rendered/CM_B_STD_006_RENAME.json,561a6ceecd43f04592e842644d304bdebec6b7e85391821afe8ef36557d3a477,derived,,False,orphan_unresolved
results/stage11/variable_renaming/rendered/CM_B_STD_010_RENAME.json,07e0cf7f387e45be91105c4c4d79d86d98024aca9aeffefd120690138f552d32,derived,,False,orphan_unresolved
results/stage11/variable_renaming/rendered/CM_B_STD_011_RENAME.json,bdffc7459d504dbee0f97c5ab22dcb46078cce1d6721bbbbe4047f0075eec122,derived,,False,orphan_unresolved
results/stage11/variable_renaming/rendered/CM_B_STD_013_RENAME.json,c1f25e1b7fb2dc5c9b0e5648caeacb66e661f1e5b9a19fc9ebef0bf9b3a08c4a,derived,,False,orphan_unresolved
results/stage11/variable_renaming/rendered/CM_B_UM_009_RENAME.json,add39156f56105a4ac9f62912748bf263c32af2e797ad3fd339e18d98144c8f7,derived,,False,orphan_unresolved
results/stage11/variable_renaming/rendered/CM_B_UM_032_RENAME.json,fec5d8f9ba53e2d374a9fde2b31b6c502f86bfdd6a019e875539a5f71bdae60c,derived,,False,orphan_unresolved
results/stage11/variable_renaming/rendered/CM_B_UM_033_RENAME.json,431bf15709616d9689a35b0433eae8190f2d9792e12fe885fc4e7b077370639d,derived,,False,orphan_unresolved
results/stage11/variable_renaming/rendered/CM_B_UM_052_RENAME.json,f81d4e87b837cb5e300a71b99fe5124138142aab55ec0c4bb3f492d03b0b1f26,derived,,False,orphan_unresolved
results/stage11/variable_renaming/rendered/CM_B_UM_055_RENAME.json,f13f99adad2f1247e569ea935cc49cf549be5e8e01ee0fb99dbb24da64266ef3,derived,,False,orphan_unresolved
results/stage11/variable_renaming/rendered/CM_B_UM_059_RENAME.json,9cbed1ccd529f46cacae30ce0286b8d60b7436248a470897076d30849ce2ee23,derived,,False,orphan_unresolved
results/stage12/expanded_probe_training/combined_manifest.json,e217fcb4c22e23aa5d2b36028e26fe1cf2bfddb335767ec3dba2516dd2f6af69,derived,,False,orphan_unresolved
results/stage12/expanded_probe_training/combined_positive_families.json,cf0f5ebb61a3f9ff159afe0b89e888cba407f5249218d46a67931dfc9521f5a9,derived,,False,orphan_unresolved
results/stage12/expanded_probe_training/per_variant_sweep/layer_auroc_per_variant.json,3ddd417925adfb666ead69f04b3d294a82361fbf332832b419a2c5a9fd68b3d4,derived,,False,orphan_unresolved
results/stage12/expanded_probe_training/per_variant_sweep/run_per_variant_probe_sweep_events.jsonl,c7f416a0545004786d4edc9408ecfa52883cd56048d129dee8c6f5ae7cacb56c,event_log,1,False,orphan_unresolved
results/stage12/expansion_probe_inference/expansion_family_rows_snapshot.json,c89718c2c8e7fbf1e215e2ccc4779feef6214a112a37b63ef0e1cfc6b2638ee5,derived,,False,orphan_unresolved
results/stage12/expansion_probe_inference/expansion_positive_families.json,18caa7c0bb86dc929027b72a448377b3d0ade9add35e1b23a96fe837a8189293,derived,,False,orphan_unresolved
results/stage12/expansion_probe_inference/family_mean_predictions.json,c893923c15046dc2b0d984ae40dcb8f73d73e31eb27a8e5bf0ae13e64d3c23ef,raw_or_record,,False,orphan_unresolved
results/stage12/llama_full_head_sweep/head_0/patching_results.csv,366bc68ad76361ebfbe17aad9f51d104443f90197b12f4d45c7ea17c39d72f82,raw_or_record,60,False,orphan_unresolved
results/stage12/llama_full_head_sweep/head_0/patching_summary.json,903b95c70d53bf4bd6770cbdd5a0c83c4f43b65fdcaab6b9294a9938d0880f3a,summary,,False,orphan_unresolved
results/stage12/llama_full_head_sweep/head_0/run_causal_patching_events.jsonl,3e724767e1d924118a0574edccd77dc20d89713bcee02268548ae20bad750e43,event_log,22,False,orphan_unresolved
results/stage12/llama_full_head_sweep/head_1/patching_results.csv,63141b2b4dda4eb78a7dbcaf83b97bcc8c6238308aee9f34d97969ccac3fb3d6,raw_or_record,60,False,orphan_unresolved
results/stage12/llama_full_head_sweep/head_1/patching_summary.json,a98838a25a5a5f4f88b32ba51df07c8c093c7e72b412b24736de7b6b31a30289,summary,,False,orphan_unresolved
results/stage12/llama_full_head_sweep/head_1/run_causal_patching_events.jsonl,c643c41802c8b66a7924fb773bfcf27ec1e4a95595090be68d6791d097c45831,event_log,22,False,orphan_unresolved
results/stage12/llama_full_head_sweep/head_10/patching_results.csv,71f07081677df83b16b508f7ada86c22f14799a2adf75281d1a5d1202fe9b896,raw_or_record,60,False,orphan_unresolved
results/stage12/llama_full_head_sweep/head_10/patching_summary.json,03c295c97c4fd4224cf3bd48cbdb7f4f8c23b7017c9826873cd41c52b2a2b4dd,summary,,False,orphan_unresolved
results/stage12/llama_full_head_sweep/head_10/run_causal_patching_events.jsonl,0906c30834f73bdeac1c969a187f093516dd49015d54d95210efb544f28e94bc,event_log,22,False,orphan_unresolved
results/stage12/llama_full_head_sweep/head_11/patching_results.csv,ec64e93c6d80cc310416189f232e2f83ba8995ede93c94a56fb18795d2703589,raw_or_record,60,False,orphan_unresolved
results/stage12/llama_full_head_sweep/head_11/patching_summary.json,3d70dddf4e224614ae5df3b0591b4931f8fcf05de7bc2c602da2909329a4c9f1,summary,,False,orphan_unresolved
results/stage12/llama_full_head_sweep/head_11/run_causal_patching_events.jsonl,9c42813918a5541541b3fdef1d0487cd88c71c548496121e1efaaac5cb2e7e1f,event_log,22,False,orphan_unresolved
results/stage12/llama_full_head_sweep/head_12/patching_results.csv,585fefae324a1af036ebc7c8b87210dfa920b24059560dec1f8655a3ae2fdea3,raw_or_record,60,False,orphan_unresolved
results/stage12/llama_full_head_sweep/head_12/patching_summary.json,c209ab13b088ee149aa5271623b11cef1de54f23f19adfaaced197ac38864aa4,summary,,False,orphan_unresolved
results/stage12/llama_full_head_sweep/head_12/run_causal_patching_events.jsonl,c14a1a6f4fd6f816ad60d51fb65f0bcafd6dc9dee7a328d83b83f8114b9b6fc6,event_log,22,False,orphan_unresolved
results/stage12/llama_full_head_sweep/head_13/patching_results.csv,ee95564dfbebdc6207dbcd2c7b37caf32aa149fc79191c3ee8b5ac573b14e7ca,raw_or_record,60,False,orphan_unresolved
results/stage12/llama_full_head_sweep/head_13/patching_summary.json,477ed0aa2deab8bb1a3b2d033b324a12b3de6c04a265d37f7425d134993a1d14,summary,,False,orphan_unresolved
results/stage12/llama_full_head_sweep/head_13/run_causal_patching_events.jsonl,3a8dbc3ca86defb4bdc316d2bec1ae2d2513b014b9d3e5110d892d0f1e782d59,event_log,22,False,orphan_unresolved
results/stage12/llama_full_head_sweep/head_14/patching_results.csv,e39b96725642279ab45235e28b875148da619fe0e04ee34f6ccb73e62e6eca72,raw_or_record,60,False,orphan_unresolved
results/stage12/llama_full_head_sweep/head_14/patching_summary.json,3753c86dc70156546eb98bcb310b6bf11ccfcd60b28fa2931b509ba97541b3e7,summary,,False,orphan_unresolved
results/stage12/llama_full_head_sweep/head_14/run_causal_patching_events.jsonl,8c9ec71e33095e07523f66c3da737ef0a0afe60af7db8a805d66404127c5e60f,event_log,22,False,orphan_unresolved
results/stage12/llama_full_head_sweep/head_15/patching_results.csv,7a05ee3c89e31e89d376ff89a6e44d6407753ee96f05854565a721cbaaa11a62,raw_or_record,60,False,orphan_unresolved
results/stage12/llama_full_head_sweep/head_15/patching_summary.json,7e274d0714daa261872429de5deecbe552aa8b28e1872345c1aeee6a66b1ec16,summary,,False,orphan_unresolved
results/stage12/llama_full_head_sweep/head_15/run_causal_patching_events.jsonl,129a5c3007dac2eb39f44d322cc6d1641a7df2c913d189d3e0f3f65bfdec84c0,event_log,22,False,orphan_unresolved
results/stage12/llama_full_head_sweep/head_16/patching_results.csv,2232086120974ea65aeb14f5279bfa2a527fe3197e52d147df7600492404c871,raw_or_record,60,False,orphan_unresolved
results/stage12/llama_full_head_sweep/head_16/patching_summary.json,2d356fd32a397866c8dbb391505d9c90db8e75ee3220977385675600a67e7d47,summary,,False,orphan_unresolved
results/stage12/llama_full_head_sweep/head_16/run_causal_patching_events.jsonl,b880d5ee5b839f5883c94b0202edcdc77e55c981761b37b9697895a904075e74,event_log,22,False,orphan_unresolved
results/stage12/llama_full_head_sweep/head_17/patching_results.csv,f3270ef8e1a7d50ff1cfeff5f2d90f5a026277e56c397b491527a0df01a33af9,raw_or_record,60,False,orphan_unresolved
results/stage12/llama_full_head_sweep/head_17/patching_summary.json,16da5b7b59d8fb219188ea76b8bfbf7bff9e7b08f0160be5db7842e8dc1ca45b,summary,,False,orphan_unresolved
results/stage12/llama_full_head_sweep/head_17/run_causal_patching_events.jsonl,52b8a7c985bf51bf5db38c7d35abf8ba1f433e5f73e750be132976539576c5a6,event_log,22,False,orphan_unresolved
results/stage12/llama_full_head_sweep/head_18/patching_results.csv,d2a39df38f348dae8d96c785da64d6d10d0c8dbf5f1ff59a602ef85c3d5cde71,raw_or_record,60,False,orphan_unresolved
results/stage12/llama_full_head_sweep/head_18/patching_summary.json,4557ee124e77ed2e2d25a4e061941d46ed447e61cec50de9996b3016880f3102,summary,,False,orphan_unresolved
results/stage12/llama_full_head_sweep/head_18/run_causal_patching_events.jsonl,d9249a4b667f0de087ba22d6619c9b32f9fcc9ee2b51c90aaa259d99825c4361,event_log,22,False,orphan_unresolved
results/stage12/llama_full_head_sweep/head_19/patching_results.csv,82d1d3093634a6d04806682da3c4e151b6a75ed2631677cee4c537b46924cfb0,raw_or_record,60,False,orphan_unresolved
results/stage12/llama_full_head_sweep/head_19/patching_summary.json,0267c445e7aa298ab550455d46e10225acf7c548bbc3d15e1d9823dc58a09dcd,summary,,False,orphan_unresolved
results/stage12/llama_full_head_sweep/head_19/run_causal_patching_events.jsonl,97935fe50f62ebf003e15529031771182aa979375db9ad85cdb01475542dcb28,event_log,22,False,orphan_unresolved
results/stage12/llama_full_head_sweep/head_2/patching_summary.json,4af9d328c9604bb79947fde1f2981cfc9e0b1a7b627a453f4e28aa51ed22adc1,summary,,False,orphan_unresolved
results/stage12/llama_full_head_sweep/head_2/run_causal_patching_events.jsonl,3199d9d3ab39cb79813f743b616288b58d2297263e1f437d91022741de66478d,event_log,22,False,orphan_unresolved
results/stage12/llama_full_head_sweep/head_20/patching_results.csv,b93562130173d890b2891a6f15655cadf29dd5dcdb70237f0740bede68ffe535,raw_or_record,60,False,orphan_unresolved
results/stage12/llama_full_head_sweep/head_20/patching_summary.json,009eb640436dffdd49ad3255c1d8b87efbdffd0547107fea1b3102755c21badf,summary,,False,orphan_unresolved
results/stage12/llama_full_head_sweep/head_20/run_causal_patching_events.jsonl,58b189b24b54b4edd1524840aec83c4e6b83b9780db56c6e13654d2dc9bd4fba,event_log,22,False,orphan_unresolved
results/stage12/llama_full_head_sweep/head_21/patching_results.csv,4a9350447c82cb228b83b3f29e5c0c496b90bc534c19f9fbf63c93ad3e7d3dda,raw_or_record,60,False,orphan_unresolved
results/stage12/llama_full_head_sweep/head_21/patching_summary.json,93f0125e8709fc51a7698c71b8b28229d82ba24853643dc074f5faf944eb937e,summary,,False,orphan_unresolved
results/stage12/llama_full_head_sweep/head_21/run_causal_patching_events.jsonl,d18e099fdf179338baafec1ea70ca8d51f55865a2fbd48ee52842eb3ab27fa08,event_log,22,False,orphan_unresolved
results/stage12/llama_full_head_sweep/head_22/patching_results.csv,265a0b4c0a938cd9269ca500789580c5217363e135760a0560f0904c15144f3c,raw_or_record,60,False,orphan_unresolved
results/stage12/llama_full_head_sweep/head_22/patching_summary.json,ab4b97202983f87b6aae157b4cca16ef917fd08b13d1738d398914ba4939a6dc,summary,,False,orphan_unresolved
results/stage12/llama_full_head_sweep/head_22/run_causal_patching_events.jsonl,97dd56316609414a07693b512f1aa8f1d700839ffc075dd0a1dee8609ae099fa,event_log,22,False,orphan_unresolved
results/stage12/llama_full_head_sweep/head_23/patching_results.csv,a80de1df02edea968aabb7abfb0c6d3495e3ef8abc0ff1e18fd2b248b14bc325,raw_or_record,60,False,orphan_unresolved
results/stage12/llama_full_head_sweep/head_23/patching_summary.json,31c13eb332484e9c351e1b9ae595d033b18bc0bbd79d05d100bccdcca9dc6147,summary,,False,orphan_unresolved
results/stage12/llama_full_head_sweep/head_23/run_causal_patching_events.jsonl,d9fc49b76783eabb48814aa2f332ed71c253d0aeb8a2f42764b175b33b8560d8,event_log,22,False,orphan_unresolved
results/stage12/llama_full_head_sweep/head_24/patching_results.csv,5166872a9f08f5a1a9e862832c3bb7b6f8972bade304f8a3c14bd61f213ef62b,raw_or_record,60,False,orphan_unresolved
results/stage12/llama_full_head_sweep/head_24/patching_summary.json,21b37fdffcc5dfab7735ac9270598238667a8b11cbc21414dfe2e11d6d9c06a6,summary,,False,orphan_unresolved
results/stage12/llama_full_head_sweep/head_24/run_causal_patching_events.jsonl,0a9f0ece2a038467e0878962906b95e3c834868d294f7efe0b48aba14d333a58,event_log,22,False,orphan_unresolved
results/stage12/llama_full_head_sweep/head_25/patching_results.csv,d79e5cf4f7cfcd6b5e993987a6071202025c049444aaf068992034cc957d4972,raw_or_record,60,False,orphan_unresolved
results/stage12/llama_full_head_sweep/head_25/patching_summary.json,cc47b8769154594e38f7b7e53f5a87af0ecbee6140271abdb293281935ae7e9f,summary,,False,orphan_unresolved
results/stage12/llama_full_head_sweep/head_25/run_causal_patching_events.jsonl,e1c176f8a411851152d2d85fc7b87d7d74cbf332429f17bf78dfe8c30377d230,event_log,22,False,orphan_unresolved
results/stage12/llama_full_head_sweep/head_26/patching_results.csv,2443faab038ce0d53669f919fc903d3e75104686b073ecf7bacd0b928d1d8c4c,raw_or_record,60,False,orphan_unresolved
results/stage12/llama_full_head_sweep/head_26/patching_summary.json,1062e29cc630d40036296a25915845274998d47e7cf63d12cc268c9b486580ff,summary,,False,orphan_unresolved
results/stage12/llama_full_head_sweep/head_26/run_causal_patching_events.jsonl,a801824900a99caa688d4f667ed6ff9d64a3341eddc3e9bc11a0eae121f4d8d3,event_log,22,False,orphan_unresolved
results/stage12/llama_full_head_sweep/head_27/patching_results.csv,20e1d328b9cf0d0b3a09eaffb735c28291f87965d7f50a8d904020949220617f,raw_or_record,60,False,orphan_unresolved
results/stage12/llama_full_head_sweep/head_27/patching_summary.json,b7977a2aa117b30b7d6236f4421a31b97eab9375641c95604abe675eebc7aa16,summary,,False,orphan_unresolved
results/stage12/llama_full_head_sweep/head_27/run_causal_patching_events.jsonl,97ca9cc13a5ede55d1c76692de8321024c74c5b0ad5483cb2568fe2a799cd5d0,event_log,22,False,orphan_unresolved
results/stage12/llama_full_head_sweep/head_28/patching_results.csv,1b804c7ac480440a4a4bd707ec842f440b22778069f1010ad0f836adb7cb8a81,raw_or_record,60,False,orphan_unresolved
results/stage12/llama_full_head_sweep/head_28/patching_summary.json,4a3abcd689f6655a3cb107b63ba1726f51dc2f974e2d959599249957758e174b,summary,,False,orphan_unresolved
results/stage12/llama_full_head_sweep/head_28/run_causal_patching_events.jsonl,3102791c03c3f1c94e1c53f029456390b9f5e8b325cc6896f7c88078f8812f57,event_log,22,False,orphan_unresolved
results/stage12/llama_full_head_sweep/head_29/patching_results.csv,f75a9db63e951f40af23acc9446d87216f6482b9c370592590f8b0e38f4a7c04,raw_or_record,60,False,orphan_unresolved
results/stage12/llama_full_head_sweep/head_29/patching_summary.json,09036ee293020e07b474a52d0f5939c3eb23965ddf5ba317b0b96320f89467f7,summary,,False,orphan_unresolved
results/stage12/llama_full_head_sweep/head_29/run_causal_patching_events.jsonl,ab366f19127c01f4a68437c55f08920f3bc09162937329dc860a8fb9c1622389,event_log,22,False,orphan_unresolved
results/stage12/llama_full_head_sweep/head_3/patching_results.csv,1cab099e9e560a7567a86c6cf4546e0c4ef91739a5c37157814f32b301d613a9,raw_or_record,60,False,orphan_unresolved
results/stage12/llama_full_head_sweep/head_3/patching_summary.json,e212179e45d061fd5a56e56f5b3d370f42d1e030b64b41cf21719744c704815c,summary,,False,orphan_unresolved
results/stage12/llama_full_head_sweep/head_3/run_causal_patching_events.jsonl,3fe0caf1aa624696bb77fd0168f142bffbf96be7030afab257abe3a7cd18c4c6,event_log,22,False,orphan_unresolved
results/stage12/llama_full_head_sweep/head_30/patching_results.csv,75a3a3ffa80ed3b61a35070c9dfd9551b51c21d24cdb6477ae87b31a102e7a6c,raw_or_record,60,False,orphan_unresolved
results/stage12/llama_full_head_sweep/head_30/patching_summary.json,d404c66df6bba93855b07d61685be3ad716a1e25c239b0cedc8bc3e0c18dc0eb,summary,,False,orphan_unresolved
results/stage12/llama_full_head_sweep/head_30/run_causal_patching_events.jsonl,b5308e2e7d34afb1889617999e353806d64ff42c1dccad03dbc0c4e1d126dbf3,event_log,22,False,orphan_unresolved
results/stage12/llama_full_head_sweep/head_31/patching_results.csv,53ddfdf38dd0f5646c561de40e27b35f9bdff15c2418043ebdcc5fd82df539c8,raw_or_record,60,False,orphan_unresolved
results/stage12/llama_full_head_sweep/head_31/patching_summary.json,79cf818e9f62815ed957fa0bea6b601f5ed7d1b991a3a25923739200b2ba74bc,summary,,False,orphan_unresolved
results/stage12/llama_full_head_sweep/head_31/run_causal_patching_events.jsonl,de64584d7e74dddf9fdce05853b997964619a8261740fcc3759361a3b2d97621,event_log,22,False,orphan_unresolved
results/stage12/llama_full_head_sweep/head_4/patching_results.csv,f40e0d1b83df828abb827485cb3e265ab3f3e87fac658019bf89b120ed736d51,raw_or_record,60,False,orphan_unresolved
results/stage12/llama_full_head_sweep/head_4/patching_summary.json,2e6e8a8a897946b2b04e1ba9f3ed7638aef5b4852a918a591aeeaab7eb822b67,summary,,False,orphan_unresolved
results/stage12/llama_full_head_sweep/head_4/run_causal_patching_events.jsonl,2e074160fa85153871e59428ac6c2ccbf0cf5fc273c04f9689578e3820eac19b,event_log,22,False,orphan_unresolved
results/stage12/llama_full_head_sweep/head_5/patching_results.csv,f8ca0d947a087cdc5eda565ebc39dbaf53744030555907f4893892dff5f2c3a8,raw_or_record,60,False,orphan_unresolved
results/stage12/llama_full_head_sweep/head_5/patching_summary.json,56c2515a4e4dc924f5efe6b6740cf5348c9ec1362f5ea6a4702283807bbf2169,summary,,False,orphan_unresolved
results/stage12/llama_full_head_sweep/head_5/run_causal_patching_events.jsonl,f0ef04c0843cd78631d6a1e877f083e943c451cbead80c29754f9673838bd324,event_log,22,False,orphan_unresolved
results/stage12/llama_full_head_sweep/head_6/patching_results.csv,52168933ad1b829d402e3fc1db1f349e428bc355fc5a99e256fafc526df192eb,raw_or_record,60,False,orphan_unresolved
results/stage12/llama_full_head_sweep/head_6/patching_summary.json,891b7bfb10694ea8f51fdc1290ccee48800e001e24beb6ed7bf91ca0c8067789,summary,,False,orphan_unresolved
results/stage12/llama_full_head_sweep/head_6/run_causal_patching_events.jsonl,6f5991825c81dcfde869643306e49e51ac7b70393d625ed97124c27fb878a7ed,event_log,22,False,orphan_unresolved
results/stage12/llama_full_head_sweep/head_7/patching_results.csv,0de6fdc82e4973e79e69d3d8a399711f1dc1a74ceee809d9cb7925bf9ece5a41,raw_or_record,60,False,orphan_unresolved
results/stage12/llama_full_head_sweep/head_7/patching_summary.json,be24347dc61486f1b817c0241c7a6e08709c6963ceffacf1f798ffdc3de09be1,summary,,False,orphan_unresolved
results/stage12/llama_full_head_sweep/head_7/run_causal_patching_events.jsonl,15732bd587d005e93b38bd52a4aa4d9c750c79540e2bec7730bc950032a660ee,event_log,22,False,orphan_unresolved
results/stage12/llama_full_head_sweep/head_8/patching_results.csv,589e8627be31e33e0a49a2dbd1566dce7ae690de8f41d0829bafa0e729ebb323,raw_or_record,60,False,orphan_unresolved
results/stage12/llama_full_head_sweep/head_8/patching_summary.json,3ba2d0082ffe864a0f8fcec55e46883de7a0312afcb0cd92608dccc39436cad7,summary,,False,orphan_unresolved
results/stage12/llama_full_head_sweep/head_8/run_causal_patching_events.jsonl,71b07b540fb05bbfb3f3f1b05b1bbf5778a044eac31b8b2c39ddca8eb9f65076,event_log,22,False,orphan_unresolved
results/stage12/llama_full_head_sweep/head_9/patching_results.csv,9a5c14b230d13219ccba5325bae2d7f1e32c154c016eb5627f9f2ff0636a4d30,raw_or_record,60,False,orphan_unresolved
results/stage12/llama_full_head_sweep/head_9/patching_summary.json,5ac43a5e59ca51f30a3a1d18f7d385ea876c69a5cac68700f5e247a3512cc28b,summary,,False,orphan_unresolved
results/stage12/llama_full_head_sweep/head_9/run_causal_patching_events.jsonl,b22b28db095c954d44be96225360d4f2017fb0c24fe35603e0287918a04e4b26,event_log,22,False,orphan_unresolved
results/stage12/llama_head2_combos/subset_2/run_causal_patching_events.jsonl,50770a1cb824674f42e40c308cd863143ae89829cd4e62b810db8f2005d0cf29,event_log,22,False,orphan_unresolved
results/stage12/llama_head2_combos/subset_2_10/patching_results.csv,6f7aa606b2042cc7ff100f585ddab4f7a2de36326e958f1cb949cf887370b7c2,raw_or_record,20,False,orphan_unresolved
results/stage12/llama_head2_combos/subset_2_10/patching_summary.json,723b43c34d7678561fbbb9957f023243cf4f88dea4e9610f97dd7e403ee8edc8,summary,,False,orphan_unresolved
results/stage12/llama_head2_combos/subset_2_10/run_causal_patching_events.jsonl,7a7590da799d88536a77d1e2a2b0c976f9faf3ac2845a692c43fbfbc2ef641a1,event_log,22,False,orphan_unresolved
results/stage12/llama_head2_combos/subset_2_10_23/patching_results.csv,f0597885607b6710f1baa3f12e0ad50aaa390ee9b7cf11ea068b781cdf69a723,raw_or_record,20,False,orphan_unresolved
results/stage12/llama_head2_combos/subset_2_10_23/patching_summary.json,566a2df514a056f27e75006aaeb1da02e3ab196be139842b8c1bee137b752ba0,summary,,False,orphan_unresolved
results/stage12/llama_head2_combos/subset_2_10_23/run_causal_patching_events.jsonl,a165d1c5321da57985bd8b08a3c54c58063b137a81857d11186d1c83d893bae7,event_log,22,False,orphan_unresolved
results/stage12/llama_head2_combos/subset_2_10_23_9/patching_results.csv,cfef06fa65e709ee654944be9de05b1025a4a1759ae74b33bae0d82514d81017,raw_or_record,20,False,orphan_unresolved
results/stage12/llama_head2_combos/subset_2_10_23_9/patching_summary.json,a6f72867eeabd9d28503d38aed9fac06d074cf84d0e43d7cba31b56d20c816e2,summary,,False,orphan_unresolved
results/stage12/llama_head2_combos/subset_2_10_23_9/run_causal_patching_events.jsonl,636ee13727571dc64ca11dca549c0beec55e1006e43ef3048256443f1157079e,event_log,22,False,orphan_unresolved
results/stage12/llama_head2_combos/subset_2_23/patching_results.csv,6441179be7631379908cd72ab8b6888b1222b2b2a86434801705ad23ef0b58dc,raw_or_record,20,False,orphan_unresolved
results/stage12/llama_head2_combos/subset_2_23/patching_summary.json,a813c4a9c7c77168d87c95231aaba8e8a31290763127249a5aacbe875503dd61,summary,,False,orphan_unresolved
results/stage12/llama_head2_combos/subset_2_23/run_causal_patching_events.jsonl,62aad6303f14239d56aac3fdd25ec98915a469c9a39d160dbaed20ecee25d676,event_log,22,False,orphan_unresolved
results/stage12/qwen_3b/behavioural/family_summaries.jsonl,66ef1f6bc6f220406287b6263c0e9f1491b429a06afdd663281dfcd995b71da2,raw_or_record,73,False,orphan_unresolved
results/stage12/qwen_3b/behavioural/prompt_records.jsonl,a354a186b6f1f23a018de5ee195c69d4d785ce938118a74bd5a9be04b833019e,raw_or_record,295,False,orphan_unresolved
results/stage12/qwen_3b/behavioural/run_behavioural_events.jsonl,18f4ec81edfc008d8335ed02c652dcb26a910fd44d36110e9f4c8111a57f08de,event_log,370,False,orphan_unresolved
results/stage12/science/donor_renamed/same_answer/run_causal_patching_events.jsonl,d26477418806f5f5b843fc3f844d96a06dfc9cf25141cdf65dff27a2850ca38b,event_log,1,False,orphan_unresolved
results/stage12/science/donor_renamed/same_answer/same_answer_donor_summary_v4_correction.json,76c33d5fc6f1c085c8fd42fc57684a10cf0a5289484d4ce68991ce9dc657afe8,summary,,False,orphan_unresolved
results/stage12/science/donor_renamed/stable/run_causal_patching_events.jsonl,3dcb1af95333abb96dea2df39c2b077914660c6afef4d887fe1b967d7a3cd042,event_log,1,False,orphan_unresolved
results/stage12/science/donor_renamed/stable/stable_donor_summary_v4_correction.json,c1e996850c1f28c89852867effde6de7c123a195b8c1149b59151cfcf2a3520d,summary,,False,orphan_unresolved
results/stage12/science/donor_specificity/donor_specificity_summary.json,028537d9ad5845faf534129f28e4d06770aab86cce228457bb13cbe7ce865c0c,summary,,False,orphan_unresolved
results/stage12/science/donor_specificity/donor_specificity_summary_v4_correction.json,91f02b7442f0183f3ae84dfc1b30efdd513e7e5756e7b486763849b7e67ff127,summary,,False,orphan_unresolved
results/stage12/science/h11_h15_gating/gating_test_per_family.json,6ba3826f68ec969fdda9012aa2d5731338ad9db4177a43ad14937c730dba149e,derived,,False,orphan_unresolved
results/stage12/science/h11_h15_gating/run_causal_patching_events.jsonl,eb0292f3d19bfe819b2b895b59d1b1e5afeb9f3cceec14404e041816c65d6807,event_log,1,False,orphan_unresolved
results/stage12/science/head_output_probes/head14/head_output_probe_best_by_head.json,1db1ff44a85049fbe8e8b58264a099f9ec6f50904e1761c6863541448a77f6d2,derived,,False,orphan_unresolved
results/stage12/science/head_output_probes/head14/head_output_probe_predictions.json,571c79ecfb230c0bbd01d174b48d8234f94c9e3e654850595ee8fec7d65a559b,raw_or_record,,False,orphan_unresolved
results/stage12/science/head_output_probes/head14/head_output_probe_summary.json,45f46859f61870fcd9bc664c4646ce6b177e2e6d5accc3c0c2833ef42a4b9f6f,summary,,False,orphan_unresolved
results/stage12/science/head_output_probes/head15/head_output_probe_best_by_head.json,1fcf2a316badc5ed11793c51f6a4998f7781c008e454bb2f90f5b4f287910f60,derived,,False,orphan_unresolved
results/stage12/science/head_output_probes/head15/head_output_probe_predictions.json,1f15892c902f808055027f27292f071306b37a6af046837a2886553acbc1f545,raw_or_record,,False,orphan_unresolved
results/stage12/science/head_output_probes/head15/head_output_probe_summary.json,8048cc1d928d58b5ddccc483fb3dd9c1519bb56bb235b85da5160478c462cc22,summary,,False,orphan_unresolved
results/stage12/science/multi_site_probe/multi_site_probe_predictions.json,86212832a0074301b9fc9a683c7840612fa062ce5626d053134c55da2407572f,raw_or_record,,False,orphan_unresolved
results/stage12/science/multi_site_probe/run_multi_site_probe_events.jsonl,097eb0c7f9f30955d59053f113510c00334ca8b6a0d7aabe5a3c5fe58ffbe8de,event_log,1,False,orphan_unresolved
results/stage13/benchmark_integrity/balance_audit.json,4eaa2427b088baff50aa2654aba26d7cb6c88936ca33cf1d9749f7d7e6b02f7f,derived,,False,orphan_unresolved
results/stage13/benchmark_integrity/balance_audit_v2.json,b0fabff991ebac442ddb9388ae4de45b1ae5e4644c1d3927476d962eaa645c7d,derived,,False,orphan_unresolved
results/stage13/benchmark_integrity/balance_audit_v3.json,117215712712e745fd6e6c61d0a9d36a5a6db8c792c246787844ddecec6661c0,derived,,False,orphan_unresolved
results/stage13/benchmark_integrity/balance_audit_v3_folds.csv,cacd918a2f64ca0c7f2cdaf615b9d09858e9af7476edf6b88aeb35a2b2530804,table,775,False,orphan_unresolved
results/stage13/benchmark_integrity/balance_audit_v3_predictions.csv,085f7bdc61b3a28dec80d452a37134108db163313d746e9dbd8f4bd5985a7f93,raw_or_record,155,False,orphan_unresolved
results/stage13/benchmark_integrity/balance_audit_v5.json,b1dd268d6e2abdfe7ec98d635fd058c0413f87f2f6c1888a5f3a05c465b94204,derived,,False,orphan_unresolved
results/stage13/benchmark_integrity/balance_audit_v5_family_folds.csv,752fe17fa7f55e7a1f7990d81e844564bf0d879418299004f5a7553cb4adc007,table,155,False,orphan_unresolved
results/stage13/benchmark_integrity/balance_audit_v5_predictions.csv,bcf54825b8ac2b4901a79d151d58cd98d449930b54cab2c70fe6b09c253da51f,raw_or_record,310,False,orphan_unresolved
results/stage13/benchmark_integrity/balance_audit_v5_template_folds.csv,a9d2dd2c78f3d62bfe05a9ece1067197aee6cb0a70cd719e095e34d5ce5383a0,table,155,False,orphan_unresolved
results/stage13/benchmark_integrity/certificate_generation_summary_v5.json,6d9953931ec59b27e08cf160317ecee0007e2268f60e21a349abdd4d0c29f5ff,summary,,False,orphan_unresolved
results/stage13/benchmark_integrity/donor_renamed_empty_panel_audit_v4.json,ab57fdc446f1daaac898f58bbe7e2f7bff0669fe68345d5c0a461cc897111431,derived,,False,orphan_unresolved
results/stage13/benchmark_integrity/leakage_audit.json,0467e6ba226dd6a2acecb0fefbbdfef1e037b635c9ba3156b4e050e5bb165ee8,derived,,False,orphan_unresolved
results/stage13/benchmark_integrity/leakage_audit_v2.json,d61afc662f94b24727a88a5009e67b543e671cf10326066c417caffecbb16099,derived,,False,orphan_unresolved
results/stage13/benchmark_integrity/leakage_audit_v3.json,3495c94dda1ec359607c34f4ad35fb687aec93003829416d1bb550deac336bbb,derived,,False,orphan_unresolved
results/stage13/benchmark_integrity/leakage_audit_v5.json,5fcdf4a964a04dfe67eac0d78c89b40f8b5d500e8df81ab5de305f3d29aaf369,derived,,False,orphan_unresolved
results/stage13/benchmark_integrity/leakage_review.csv,ab35a2e214f790cb1d4b4fe6958868c8f25a1d01f257801e6f718a5d7ea18175,table,300,False,orphan_unresolved
results/stage13/benchmark_integrity/leakage_review_v2.csv,0074c3a1d66b9f02bf4d381e12e7e61e96e7d1ac04752b18cb17893742f75065,table,25,False,orphan_unresolved
results/stage13/benchmark_integrity/leakage_review_v3.csv,d1529cdff7e40a22e2188f180fbd3ef20a07ff6b85fecf729752b363da643d72,table,1604,False,orphan_unresolved
results/stage13/benchmark_integrity/leakage_review_v5.csv,5d1898097de251d75e4097f23a19a03cc1c2e059c13b50fced78bd0c13caff94,table,456,False,orphan_unresolved
results/stage13/benchmark_integrity/mutation_test_records.csv,68cf76dbe10e7f6588ff9b15484248d98454929e756d10c2c618d38646fff634,table,100,False,orphan_unresolved
results/stage13/benchmark_integrity/mutation_test_records_v2.jsonl,b736ae2b4f1b1221c873aca24f13aae4aca25207416e6b404b2bcba9b80c6648,raw_or_record,440,False,orphan_unresolved
results/stage13/benchmark_integrity/mutation_test_records_v3.jsonl,6b472cd01926ae25cf784e2ad7ad7d3002384b354dfe4baf921f1eb41b582e50,raw_or_record,225,False,orphan_unresolved
results/stage13/benchmark_integrity/mutation_test_records_v5.jsonl,6eca85c72306e52ceaf969a864b7b10c3306fccec26242528e822ee087a524ba,raw_or_record,360,False,orphan_unresolved
results/stage13/benchmark_integrity/mutation_test_summary.json,2c278d8dd6d17931180431e965e41fb4a4fa1450a1faceaa63d08d5f01c4cc0d,summary,,False,orphan_unresolved
results/stage13/benchmark_integrity/mutation_test_summary_v2.json,e9456f9808fac3d29f5e92e947b05c88711d32754caa4a47c55d18b7e79bc2eb,summary,,False,orphan_unresolved
results/stage13/benchmark_integrity/mutation_test_summary_v3.json,43715537061272201e5fccfb3840fee2361b8d6fd22364f0410b120f61558af0,summary,,False,orphan_unresolved
results/stage13/benchmark_integrity/mutation_test_summary_v5.json,68174ff79d6a3219b8ebfa5a2d75addeddddd9a835199428b6b2735f1d12493d,summary,,False,orphan_unresolved
results/stage13/benchmark_integrity/parser_audit_status.json,1f9c7501d899c8a6ea695428a4dd06a3cef6a37d79cca55ee9b5cd5784630dda,derived,,False,orphan_unresolved
results/stage13/benchmark_integrity/parser_audit_status_v2.json,f7dad07e2c130e9deab26c40d2e3b783944a852d068a4292fbae492213553dfc,derived,,False,orphan_unresolved
results/stage13/benchmark_integrity/parser_audit_status_v3.json,0454a02075f8d5153b8935cbe8a0d0f93c62fa1f1492b0d418ca84cac67a31ab,derived,,False,orphan_unresolved
results/stage13/benchmark_integrity/validation_agreement.json,683abb2c4b3638252bba4c284da59d230df16be272a9bb82c4dfa030c3ecb2a1,derived,,False,orphan_unresolved
results/stage13/benchmark_integrity/validation_agreement_v2.json,f4644d57e10aea7105bd2bc73e114835af3c3bbf6db548c64cb6dd14942b1a77,derived,,False,orphan_unresolved
results/stage13/benchmark_integrity/validation_agreement_v3.json,140be9b7a592662ae844c4c5d7c5b59ea1cb4c138b82848de0c75dbd95d5cf87,derived,,False,orphan_unresolved
results/stage13/benchmark_integrity/validation_materials_v3_summary.json,dba85d976a88452750f6071cf3ba0bd6063c5bf129e487605e1cd18c28525038,summary,,False,orphan_unresolved
results/stage13/benchmark_integrity/validation_materials_v5_summary.json,e69df52377ce4da458f8e3ab066ce9eb37b344235044478e2b9bde25562cf399,summary,,False,orphan_unresolved
results/stage13/benchmark_integrity/validation_packet_summary.json,15aa7cd328488b98df997d1e3a43cf6a5289e3bafe292d493e3572577435a43b,summary,,False,orphan_unresolved
results/stage13/benchmark_integrity/validation_packet_summary_v2.json,c26dda98450ba86034c7243a48518e5b76b9721e02b95bea61de46817dc510aa,summary,,False,orphan_unresolved
results/stage13/benchmark_integrity/wave1a_gate.json,1124d24e625c2c0a3d43d26331a23ad9267cc26236763581ca069affa5428a10,derived,,False,orphan_unresolved
results/stage13/benchmark_integrity/wave1a_gate_v2.json,97941de46cc17680ee7972b4886bbb760e77a19892307ebdafb490fef580c086,derived,,False,orphan_unresolved
results/stage13/benchmark_integrity/wave1a_gate_v3.json,92c8b7e78ed33955f15b3060a17c78b7556f4d2364338d80f6bd941d87654ad6,derived,,False,orphan_unresolved
results/stage13/benchmark_integrity/wave1a_gate_v4.json,1206b1e54ab537ff61936f3a0b09f538d5e32f4ea47ee031339cbdfc23b1f03e,derived,,False,orphan_unresolved
results/stage13/benchmark_integrity/wave1a_gate_v5.json,e8514313ca2bb21b6a282306973937bff5ebc4269c60091dbe673ec6271400dc,derived,,False,orphan_unresolved
results/stage13/wave0/canonical_evidence_build.json,084c4ef8e0aace06ddab68570f10a7ab46d89032a45343fa3b86c1418f3a21cb,derived,,False,orphan_unresolved
results/stage13/wave0/canonical_evidence_verification.json,acee31325dc30d95304ef393964a20377b6200999142ea1d235e54f18defd7ec,derived,,False,orphan_unresolved
results/stage13/wave0/canonical_evidence_verification_v2.json,9248d36f6aff338f4b3aafec187ebd76263bdf611da55796d222e16b222e7b26,derived,,False,orphan_unresolved
results/stage13/wave0/canonical_evidence_verification_v4.json,64c1f32c2c1ff4fa7c7a0b8a5745d42df96fdf51e607e6ea99aa878c687b04a2,derived,,False,orphan_unresolved
results/stage13/wave0/canonical_evidence_verification_v5.json,c8d839f0299b49522e62b008477b265faf9189408426337ef2a7ad0160755d3b,derived,,False,orphan_unresolved
results/stage13/wave0/expected_historical_runs_v5.jsonl,048facc49d210e1aac50e4ef8aba9350bef414568784b64e9a7db4333385f6a0,raw_or_record,143,False,orphan_unresolved
results/stage13/wave0/experiment_card_validation.json,570d87c6a027101db29b24467393b20b9c9d50cf2372582791a4865a599d111f,derived,,False,orphan_unresolved
results/stage13/wave0/historical_experiment_candidates.jsonl,6e54080a630a86cf921be66d2f0c78f9079133ace3cf789c0edda4ac3ff10061,raw_or_record,67,False,orphan_unresolved
results/stage13/wave0/orphan_artifacts_v5.csv,49d1a9a83884c2c5ab16d9489e1cc2059a35595aaabc5c9101749e2aafcc45ce,table,1329,False,orphan_unresolved
results/stage13/wave0/registry_coverage_v4.json,968d34fad2d000840290487691f55b35031dab88615f82aeee4fcee1310438ca,derived,,False,orphan_unresolved
results/stage13/wave0/registry_coverage_v5.json,881dc35a66754f83bfa372ddc74d8e0a5b22a2158f6ff54266036ee68af5d475,derived,,False,orphan_unresolved
results/stage13/wave0/registry_verification.json,8e3214290126650fcaf2c24de757a57a13ff314b2b01461f620c33b68c640d3f,derived,,False,orphan_unresolved
results/stage13/wave0/registry_verification_v2.json,43a862f35c58f7fca05ade49b08f80ca0bbbab71e61e877ab9c73795fbb47ee8,derived,,False,orphan_unresolved
results/stage13/wave0/wave0_gate.json,7d51bbe3a97f6c6a675e336dab7aa54849c309ed5e25a98ef61c9d3d7b2a0650,derived,,False,orphan_unresolved
results/stage13/wave0/wave0_gate_v2.json,969ad45eb6412cf8afef89157949ccde66eb5e856771d2e62d4e3edde34f2186,derived,,False,orphan_unresolved
results/stage13/wave0/wave0_gate_v3.json,71b3346803a77bf2c4d367cd23d81d17ac1ea9c4db3a45e307877cd068be2a1b,derived,,False,orphan_unresolved
results/stage13/wave0/wave0_gate_v4.json,b134599f171ce7ac9035ca2d54407a524dbd15d844ed7aae6d8aed7d20e0c41d,derived,,False,orphan_unresolved
results/stage13/wave0/wave0_gate_v5.json,87ff7ff8730d6fdc65f344ecc2795a4da88c4af160d92c76ef2ac1cac4fb2ab9,derived,,False,orphan_unresolved
results/stage2/compute_estimate.json,c6c9db9121af11ef3a74fcf4b66972f33da945f8f3bec4ff0b707f4f625d127d,derived,,False,orphan_unresolved
results/stage2/compute_estimate_events.jsonl,9613afec547f036e13f145f059575630b5703603957098a05223de4763f9afb3,event_log,1,False,orphan_unresolved
results/stage2/hook_validation/llama_primary_hook_validation.json,00f9c427e8c9b04056724c0924cbe85b99ed8f91f6e176feb8449bc70f1ffea7,derived,,False,orphan_unresolved
results/stage2/hook_validation/qwen_primary_hook_validation.json,f9063eeac3c986d60e58baecc17126511d51971538f3c3c042a86e95e725d402,derived,,False,orphan_unresolved
results/stage2/hook_validation/validate_hooks_events.jsonl,890663eed5613e90691aae4c4a66a87e22f433b49e3854b1a277a7ddeb392a69,event_log,2,False,orphan_unresolved
results/stage2/logprob_validation/deepseek_r1_32b_logprob_validation.json,c8ed3137454830cd0f3949ab44df609ca13aa1078c4c16deb07ce595fca84b02,derived,,False,orphan_unresolved
results/stage2/logprob_validation/llama_primary_logprob_validation.json,d8c731617654c82d1d6d09819ac5d691ca02b0e7c5259dcbfa3826d9f07588ed,derived,,False,orphan_unresolved
results/stage2/logprob_validation/qwen_primary_logprob_validation.json,247150625a93a09fc90b9521203c5fddac6db882e9ae5548b4ffa6bd3b92abf7,derived,,False,orphan_unresolved
results/stage2/logprob_validation/validate_logprob_events.jsonl,9ffe40b56a900b499228e341c00b30f67d1b8ec97e410a87a6d0e3ea95f88c22,event_log,3,False,orphan_unresolved
results/stage3/artefact_checks/stage3_artefact_checks_events.jsonl,beded679035a7739e1692a74395ec705ca2174259935ffd3a11b59ea91f95364,event_log,8,False,orphan_unresolved
results/stage3/artefact_checks/stage3_artefact_report.json,9ab738ea3c218459e77ae2dab44d5e02a1ae43e85c584a13e1e9c3ecf7e517b2,derived,,False,orphan_unresolved
results/stage3/artefact_checks/stage3_artefact_report_repair_el_a_003.json,6b801cc656f87806e4f18762fd763cbb912154f941eed39db10996e0353759da,derived,,False,orphan_unresolved
results/stage3/rendering/render_all_templates_events.jsonl,59c94bf6318e5bb9eae4fb5f5a5d7aef0dfd78ae503a8526d531434edb9b5a81,event_log,219,False,orphan_unresolved
results/stage3/rendering/render_summary.json,9ac015fe76120c82495725f0c3c321fccce15fa0c44dffb52545e0999c479be1,summary,,False,orphan_unresolved
results/stage3/rendering/render_summary_repair_el_a_003.json,3e55b7b16cf6ac23379a992253b4b2d1762db2d4ca2cf1c6b3732dcfb64c63da,summary,,False,orphan_unresolved
results/stage3/verification/CM_A_001.json,b59ac9699e75595d7986f4ee54204b1f1a837a58ac46c859352d1eeac601f0c5,derived,,False,orphan_unresolved
results/stage3/verification/CM_A_002.json,dec5e87e6ce49da79f166da90babcd1c50e416866b5459334541013c138beb41,derived,,False,orphan_unresolved
results/stage3/verification/CM_A_003.json,667b78e52111ebfd83ff7d4399e88668b18fb38fb86e1a5747043581ca1a1951,derived,,False,orphan_unresolved
results/stage3/verification/CM_A_004.json,df6e1ea5b1edd7ad5eb2283f468d2a9552545ed7fb34154b4dc9cee9a20a5b90,derived,,False,orphan_unresolved
results/stage3/verification/CM_A_005.json,a4defb7c507696fc575ea361fd06b1259a87e2f3e4269f9cd1987d100463f0a5,derived,,False,orphan_unresolved
results/stage3/verification/CM_A_006.json,3faaee141e23821ac7eabde7eb88fc29d988bafd9e2f2497fd07dc1936e04575,derived,,False,orphan_unresolved
results/stage3/verification/CM_A_007.json,4ce51f3ee927d15f3f98a8f5695fa634c6554a67f45d01a44cabd7f2984d8222,derived,,False,orphan_unresolved
results/stage3/verification/CM_A_008.json,5789a613fd84b075dacd57a3195ed5ec734bd44e6d412732347f439de3e8a227,derived,,False,orphan_unresolved
results/stage3/verification/CM_A_009.json,063054d95c48f7f2b046e70daa9e1ccd16ba841f582a1f9f8db414c231ad9ea3,derived,,False,orphan_unresolved
results/stage3/verification/CM_A_010.json,054cdaed66c471c74bb1054fa1f0ddec97c944e8aff45efd569e342378f621b0,derived,,False,orphan_unresolved
results/stage3/verification/CM_B_001.json,eeba8857ada2fb657bc4924c6938fb8fe04b69e835d4e0a7f1a092d22927f9a1,derived,,False,orphan_unresolved
results/stage3/verification/CM_B_002.json,977d19f61df9d74a31a1bf35df0ce4122d39d70b10d2b8e054a45f727dbb8831,derived,,False,orphan_unresolved
results/stage3/verification/CM_B_003.json,e77e35539d125a2d30854271e9ca55abfc0fbbad8e396c0fac109441100b52ef,derived,,False,orphan_unresolved
results/stage3/verification/CM_B_004.json,dd616b04f812f4f80d00c1953b8838216fc0d498da61c1faf2bef0f2cf57f6cd,derived,,False,orphan_unresolved
results/stage3/verification/CM_B_005.json,4cbef85c5aec45156a8d8dbe675fd625cd5f931803f362a3faef09c7acc960a5,derived,,False,orphan_unresolved
results/stage3/verification/CM_B_006.json,55b6a11001a456e426cdda60aadefb9644ebd15e84d2b50718374fe6bb25b8a5,derived,,False,orphan_unresolved
results/stage3/verification/CM_B_007.json,fe90f2588d830e95cc2db46d60cb2b9f6c747f7fbe7eaf1bf52e101c6a4e49b0,derived,,False,orphan_unresolved
results/stage3/verification/CM_B_008.json,2705cfbded1bf0d20f14be1ba6b7cd440335546be544db3826ab56e6b729eb4b,derived,,False,orphan_unresolved
results/stage3/verification/CM_B_009.json,ae4cb1e0e7bb80d6ca056b6054a662923979ffea189ea8dca7f0d0b71fbe34b2,derived,,False,orphan_unresolved
results/stage3/verification/CM_B_010.json,34e4559e076560973fe5ccbfd7c25624ebcba9064771ce5df99201e9d048cba1,derived,,False,orphan_unresolved
results/stage3/verification/EL_A_001.json,a79a3b43e2cf203eff476961ed8742dd330fcf86343fca64be65b39dad2950c7,derived,,False,orphan_unresolved
results/stage3/verification/EL_A_002.json,38f1b5b796bb21c5adfe10bc5daeec7411be66c073fae3c4ead816ed87bb9cc8,derived,,False,orphan_unresolved
results/stage3/verification/EL_A_003.json,ba9c3964956068917ad46ea0da791bf44f4005aa3e3a12a0406532075ce34625,derived,,False,orphan_unresolved
results/stage3/verification/EL_A_004.json,a45d628e89dbf681a5be413dba5961a3d3a0b44950a9a2e58aaff1cc1c5f4105,derived,,False,orphan_unresolved
results/stage3/verification/EL_A_005.json,08aa4eae4e40c37a8de881d869d2ca2d07d4c52039153599d5629d6a48de2b2d,derived,,False,orphan_unresolved
results/stage3/verification/EL_B_001.json,4b0ea2f4093c76bce24f1c4feb88638374b734fcb6a48b00862a968f9f0b0c6f,derived,,False,orphan_unresolved
results/stage3/verification/EL_B_002.json,0c9e63f71e1f895654e90836c2e66ed21f4463b3812d303267b590de6456c6da,derived,,False,orphan_unresolved
results/stage3/verification/EL_B_003.json,71764bbeefc62f1bafa6ff31c6c18d2e8126e04fc53c86878c7185d140f388c1,derived,,False,orphan_unresolved
results/stage3/verification/EL_B_004.json,783623976241d77e3495f19713e56a3e27ef56aeafd63ae79149aa8267c27036,derived,,False,orphan_unresolved
results/stage3/verification/EL_B_005.json,e8e988036574894ec06a4b3b5c24152f6056a6009c4f19d932b465b5a410e6e8,derived,,False,orphan_unresolved
results/stage3/verification/verification_summary.json,fc27542360bd9286f37b24562c2b9905e6980906f26eb8773fdd1f4bc1dee9ec,summary,,False,orphan_unresolved
results/stage4/analysis/analyse_stage4_events.jsonl,b57e9c957ca106156d35ea7967a4e90295712e01c027f5dd6f06e58d0e84c3fe,event_log,2,False,orphan_unresolved
results/stage4/analysis/stage4_per_family.csv,b59f1efd7cdf3a9ea1c6d9b0b52cb545726861e35c6f4ab28d30017f6acb33e3,table,30,False,orphan_unresolved
results/stage4/analysis/stage4_sensitivity_summary.json,8f9c76652bf79e3d82677f69765de12f0ec7fd8220cf5de811f477d013a2ab3d,summary,,False,orphan_unresolved
results/stage4/behavioural/family_summaries.jsonl,098ccb995a6a17731ad5a4ebe3532d0e4a92008ca855b1c5a64219375dcfe330,raw_or_record,180,False,orphan_unresolved
results/stage4/behavioural/llama_primary_20260613T213548Z.jsonl,0f94c1e8ca571cd83454f56c1deeb4ad4c8c150e91364462fdcb9982bb6e3725,raw_or_record,150,False,orphan_unresolved
results/stage4/behavioural/prompt_records.jsonl,e2f6a892d0af7efefe2c014dbc936083bd3a7a6f9fe886caaa8e4846ec0d7908,raw_or_record,720,False,orphan_unresolved
results/stage4/behavioural/qwen_primary_20260613T210506Z.jsonl,1e4e429aad61c058fcdd0789cf84bc7f366aafa9c39062e2dbb969d4691e6775,raw_or_record,600,False,orphan_unresolved
results/stage4/behavioural/qwen_primary_20260613T215759Z.jsonl,831a23f3328980b9655699333a3670f7ef585d57586c291004bb65a6a26f643e,raw_or_record,150,False,orphan_unresolved
results/stage4/behavioural/run_behavioural_events.jsonl,d6b3c73afb2a7a2f11efc9695abbec52f8fcc8536df11760e4122105e19aa65d,event_log,912,False,orphan_unresolved
results/stage4/behavioural_local_dryrun/family_summaries.jsonl,fca493f91d88faff5584b3823ee507d13a2159b8313c25f18ca3dd8ac5673f90,raw_or_record,30,False,orphan_unresolved
results/stage4/behavioural_local_dryrun/prompt_records.jsonl,fff53648923c63ca7e6d1dc59239b91511f731f0e175110c0e567b39d3845a0f,raw_or_record,120,False,orphan_unresolved
results/stage4/behavioural_local_dryrun/qwen_primary_20260613T205222Z.jsonl,97f0688c3a807b3afef90be773f11224a88d31ecf09a1007fc6c6c88a46bb171,raw_or_record,150,False,orphan_unresolved
results/stage4/behavioural_local_dryrun/run_behavioural_events.jsonl,e0cd74ead3a36eebcead33feaf50eba202938ea92e4514627d2eeb252cf335cf,event_log,152,False,orphan_unresolved
results/stage4/behavioural_local_dryrun2/family_summaries.jsonl,368affb67eccb43576058ad452c568eb86fed71e451d03e59512f23ee9c57588,raw_or_record,30,False,orphan_unresolved
results/stage4/behavioural_local_dryrun2/prompt_records.jsonl,c5855524902c82932b2fabd42ac3e7fb496380a4214fe3cf2506c67f8107551b,raw_or_record,120,False,orphan_unresolved
results/stage4/behavioural_local_dryrun2/qwen_primary_20260613T210417Z.jsonl,8fec5f5109745e995a7d231f1a16bb61bcecade466c842894be92628e4caf2fe,raw_or_record,150,False,orphan_unresolved
results/stage4/behavioural_local_dryrun2/run_behavioural_events.jsonl,536d22d4cfe4f1f2467217fc6db73ff4c211df6b04e86f7fa99c26fccd26146f,event_log,152,False,orphan_unresolved
results/stage4_repair/analysis/analyse_stage4_events.jsonl,db8f7c5db21145386141fa8ce54cc282a1432fab71ab700d47152cc450f3a09d,event_log,2,False,orphan_unresolved
results/stage4_repair/analysis/stage4_per_family.csv,dd31e6487ad08b61a5309f0863db6ca1c80cb88aed5ad472d0adf9d355da55a9,table,30,False,orphan_unresolved
results/stage4_repair/analysis/stage4_sensitivity_summary.json,eb15a7be0e66ea2ec532135ca466adde8377567b6602f83cd36e7cfaecdeea26,summary,,False,orphan_unresolved
results/stage4_repair/analysis_v2/analyse_stage4_events.jsonl,b9864c87ce5380ca488e1646db30f8149575a5bddcba092b3f0facc197259473,event_log,3,False,orphan_unresolved
results/stage4_repair/analysis_v2/stage4_per_family.csv,1b94817b58a87747355aab4088ed164b8bd77217b2b081f359a01ac6a193d88f,table,30,False,orphan_unresolved
results/stage4_repair/analysis_v2/stage4_sensitivity_summary.json,312f69b1a68e1b8adf91838a25534e46110dc404e155e3d04a9a592d6d8ae1f9,summary,,False,orphan_unresolved
results/stage4_repair/behavioural/family_summaries.jsonl,a54cc2071cc467d615c5a3f9a6af7c66a81e437144fb94d5f546be752b355f45,raw_or_record,60,False,orphan_unresolved
results/stage4_repair/behavioural/llama_primary_20260614T095723Z.jsonl,5b5bf5224e97b8ba1e3d70f0e92a6040e2cccd149c9a386bb9e986e643c0ce2b,raw_or_record,150,False,orphan_unresolved
results/stage4_repair/behavioural/prompt_records.jsonl,7bf88ff50f2d27c71aa2efaa10b947bf695f95db97c2170edf72e2d383530b85,raw_or_record,240,False,orphan_unresolved
results/stage4_repair/behavioural/qwen_primary_20260614T095718Z.jsonl,f05cfd2236c3cf6a6fdb489b42e0e17d906851a5a1f9aef02ba37077119cd4b6,raw_or_record,150,False,orphan_unresolved
results/stage4_repair/behavioural/run_behavioural_events.jsonl,a22999653397ae458411f4f564ecc357a6ab932b377f8f73d739b1144ad93046,event_log,304,False,orphan_unresolved
results/stage4_repair/mini_validation/family_summaries.jsonl,38905021b3f8d9973041f18208c6025ed97cceee3714bfb23896871df6ab7119,raw_or_record,12,False,orphan_unresolved
results/stage4_repair/mini_validation/llama_primary_20260614T090024Z.jsonl,84fb47a6c31b9e0b402a6e1b395dd3f6de71019aaf9c1f54bb0ea93d01dd5198,raw_or_record,15,False,orphan_unresolved
results/stage4_repair/mini_validation/llama_primary_20260614T093611Z.jsonl,84fb47a6c31b9e0b402a6e1b395dd3f6de71019aaf9c1f54bb0ea93d01dd5198,raw_or_record,15,False,orphan_unresolved
results/stage4_repair/mini_validation/prompt_records.jsonl,f18b18d3c516eac9e487cf1c819b383f2fe5a47c9a75fd915dcd5ad7aea814c1,raw_or_record,48,False,orphan_unresolved
results/stage4_repair/mini_validation/qwen_primary_20260614T090415Z.jsonl,06770277f2675137dc2a082bf4c20f68dc679fa6000222046c12ec5bab4d581f,raw_or_record,15,False,orphan_unresolved
results/stage4_repair/mini_validation/qwen_primary_20260614T093606Z.jsonl,cb37e5b018dc5e7c92c93e8c3dc53a421f4175fb57986adeee481e0b6e07591f,raw_or_record,15,False,orphan_unresolved
results/stage4_repair/mini_validation/run_behavioural_events.jsonl,ea93b229392689540a29dfba66bf5a7713a8f904a0828903173f9112b9130da6,event_log,68,False,orphan_unresolved
results/stage5/baselines/run_baselines_surface_events.jsonl,508d51f0293af9f5a5ecbf03480edb258e334c7dd74211fcf94e6f90c79dc9a7,event_log,4,False,orphan_unresolved
results/stage5/baselines/surface_bag_of_words.json,a4d10a1c80e5b30e43309fb9961fbb75a643898558b4e4d76f38f06bf854368c,derived,,False,orphan_unresolved
results/stage5/baselines/surface_cue_span_only.json,6f2c20cf3902b8a92c54473a2e907d9d6a3e0e144d6dd92168d11739eb35997f,derived,,False,orphan_unresolved
results/stage5/baselines/surface_prompt_statistics.json,cfdbe1491c6c542bbd10850d90c94c4b2cbfe58be2e2d10681c98894c50e0cdd,derived,,False,orphan_unresolved
results/stage5/baselines/surface_tfidf_logistic.json,728533b26ba50713025c4a476d7c8ec6a3d00bd004e12b1d6500a847301dbddc,derived,,False,orphan_unresolved
results/stage5/baselines_repair/run_baselines_surface_events.jsonl,5ab95a1cfd59a141b0ad9e7611895b65c27d21fc6f3c601ed9df02b3c81487a1,event_log,4,False,orphan_unresolved
results/stage5/baselines_repair/surface_bag_of_words.json,2f6a8c0c574398fa2cd8a646928ed5e8267e6d257909c5c05d427f326b90517a,derived,,False,orphan_unresolved
results/stage5/baselines_repair/surface_cue_span_only.json,b2e1b14a3e5b653fb3d9d44a3f34cf100746d2b15e1fbeac6ffdd61a5c0c4f07,derived,,False,orphan_unresolved
results/stage5/baselines_repair/surface_prompt_statistics.json,b176bb45d2139ec628268059270e7e2c92954e05571e35d681c7388873a44c22,derived,,False,orphan_unresolved
results/stage5/baselines_repair/surface_tfidf_logistic.json,261983575f0860efafa56e9312eb67a9094075117b48d10e35dc2eb9f85e0836,derived,,False,orphan_unresolved
results/stage5/baselines_repair_v2/run_baselines_surface_events.jsonl,39c52639a65c0a0a420cf4384fcd884701d85f4feadb8822bdbebb2a3a8c42d1,event_log,10,False,orphan_unresolved
results/stage5/baselines_repair_v2/surface_bag_of_words.json,d9a0b0d164b1c7f669e7990b9f045f6e541658b47ef4343cc2f4d2cc3a288d73,derived,,False,orphan_unresolved
results/stage5/baselines_repair_v2/surface_bag_of_words_slp_binary.json,9b47f14728ffe3ca7990ace159cde8b5c4960f276aa4e07308232799115eb0dd,derived,,False,orphan_unresolved
results/stage5/baselines_repair_v2/surface_cue_span_only.json,7b895ba40f644c35e429100cd4fa3fc6ca1283f776790a7a6a791b1b98615f16,derived,,False,orphan_unresolved
results/stage5/baselines_repair_v2/surface_cue_span_only_slp_binary.json,3581df439104b797d3ddb18cf905faa280089067a6824e8586ce45c76390beb6,derived,,False,orphan_unresolved
results/stage5/baselines_repair_v2/surface_prompt_statistics.json,5eb58c3894aa16724b04a743c08f6795dc2c0cb4b9ecad80290e854b4904d2fb,derived,,False,orphan_unresolved
results/stage5/baselines_repair_v2/surface_prompt_statistics_slp_binary.json,4fb3e561ff7ed1fb8b12146db6957987f883557a3fb8faf0f58d1430887cd166,derived,,False,orphan_unresolved
results/stage5/baselines_repair_v2/surface_tfidf_continuous.json,1c564d0dd21d86d13bfc275abbc9450f48190cad5133e901d064dadbc4019ac2,derived,,False,orphan_unresolved
results/stage5/baselines_repair_v2/surface_tfidf_logistic.json,90469154671d370023b9d248e37718ab7e017637b7a1a53d3e1a8b792582ba2c,derived,,False,orphan_unresolved
results/stage5/baselines_repair_v2/surface_tfidf_logistic_slp_binary.json,7b1f7f8c1d76dd2b65719974192b62fcdefc09de356eab80bc151d8575642b3b,derived,,False,orphan_unresolved
results/stage5/diagnostic/cm_b006_analysis.json,1a077a8e8be6faa2cbdc1703a91121564443a6e1dfa82262a7787819d54ef6f9,derived,,False,orphan_unresolved
results/stage5/followup_comparison.json,9aac1843f0115304f947fc88d999bbcbb3457b93cd960ba520b9ca15dbd5919f,derived,,False,orphan_unresolved
results/stage5/probing/layer_auroc_contrast.json,ae112707538827c2bfe8b4a01c2252031f77ff5ce0f220e610f488e8017c8f2e,derived,,False,orphan_unresolved
results/stage5/probing/layer_auroc_pca10.json,f5fa783f8ae60e858ca5f2e1d73b4a04ab0f1a0112adab28ce4618fdb811c010,derived,,False,orphan_unresolved
results/stage5/probing/layer_auroc_pca20.json,cb5e4b1c6e269b65a1c9d02858f07690f6c065ab0f2f374ac629383580bde311,derived,,False,orphan_unresolved
results/stage5/probing/layer_auroc_pca50.json,718bc90d3e9aababad45af54c0cd41f4de17ac3e47381a218cf9d065ac5b3ad0,derived,,False,orphan_unresolved
results/stage5/probing/layer_auroc_resid_post_last_prompt.json,c187b47d20a9fb0655ec7fabb994b068f7d980cc2eabb0185b0b36955bdb45fa,derived,,False,orphan_unresolved
results/stage5/probing/layer_pearson_pca10.json,a0c5aa6a7b427710f605a25dbc0571a45c7ea8aa3990ac4cca6970ee784c8f9b,derived,,False,orphan_unresolved
results/stage5/probing/layer_pearson_pca20.json,015d4756bc19bc67f06e863456f91e5a77bec06b1f1fdebc10cce6657c3ced91,derived,,False,orphan_unresolved
results/stage5/probing/layer_pearson_pca50.json,0589240500bdc2fe7d73e3ba4475b340f6ab4c4e44822fc3da005418804e5361,derived,,False,orphan_unresolved
results/stage5/probing/layer_pearson_resid_post_last_prompt.json,41a40c2ee82b3dd49903c66e6a67909d677408550fd2b9061c3aa92de32276cc,derived,,False,orphan_unresolved
results/stage5/probing/loo_predictions_contrast.json,4bd62732340d14f7d070fdee6b40683bcd3fdb0abd0074d68afb9e82ade85659,raw_or_record,,False,orphan_unresolved
results/stage5/probing/loo_predictions_pca10.json,c6c43d32cb6b7831814a24ec8e739c37e08d98037145aa3ad223523016c008e2,raw_or_record,,False,orphan_unresolved
results/stage5/probing/loo_predictions_pca20.json,2c7dd88bcc7ed32d39907db94f7416dd3de513a08a0a3a9792e92815a01d1dd4,raw_or_record,,False,orphan_unresolved
results/stage5/probing/loo_predictions_pca50.json,f4d5ab1b547325d7c9ad8b4c8392d8682a63348963bd10a53d876b2b5420436f,raw_or_record,,False,orphan_unresolved
results/stage5/probing/loo_predictions_resid_post_last_prompt.json,14a5061b48ba3988916040fabaf08edb86b58a31ca46ee30dfa1cfc5586de63d,raw_or_record,,False,orphan_unresolved
results/stage5/probing/run_probing_events.jsonl,492a7047b593b8a915f4246bfb68ea993be56ebcf25d5e82300d12321016b56c,event_log,5,False,orphan_unresolved
results/stage5/probing/summary_contrast.json,1a09d33f4fcf359b96fdf8172a7f330f339ae72565c572da17fbb6260205dd08,summary,,False,orphan_unresolved
results/stage5/probing/summary_pca10.json,bc8da6b2d29cbe827f23bc6a1bc30050396c1de94db290e7f819655bc1b2f423,summary,,False,orphan_unresolved
results/stage5/probing/summary_pca20.json,f21c89655caa1493b79ea3dd6b12c025306ef7dda61e9fb5bffc787b2461fa27,summary,,False,orphan_unresolved
results/stage5/probing/summary_pca50.json,2ae5f8196b62668b56f14d244c528c28c68f4ea3ef2d9d7a45ff1d965f3367ad,summary,,False,orphan_unresolved
results/stage5/probing/summary_resid_post_last_prompt.json,34031cb9375c76f99694bb47ee3ad1bacb83679e1f0e9554853cc934a4f7fb89,summary,,False,orphan_unresolved
results/stage5/probing_tier2/layer_auroc_resid_post_cue_token.json,bdbff4c302a4c55266e77c1a46ce0b3111a7f307dcf9723463d9ecff30dc4e66,derived,,False,orphan_unresolved
results/stage5/probing_tier2/layer_pearson_resid_post_cue_token.json,f17a1350bb9381cbc8f0d1c657d6b581f794999beb6edd7fd9365f84cf750392,derived,,False,orphan_unresolved
results/stage5/probing_tier2/loo_predictions_resid_post_cue_token.json,9150da72e60b49ab8412390cc1554e3d21997540116bd23ac58392209fceb2ba,raw_or_record,,False,orphan_unresolved
results/stage5/probing_tier2/run_probing_events.jsonl,fcbb6b76f68d6472aafcacf050c1eba516bf2623eb443cffeb248f01ab0d5810,event_log,1,False,orphan_unresolved
results/stage5/probing_tier2/summary_resid_post_cue_token.json,0114a7ef3f8a86f721a666d2b7ad18eca41448f4eb271dfd7631edfbcada75f1,summary,,False,orphan_unresolved
results/stage5/probing_variance/layer_auroc_variance.json,20b83f4edbbe79ba25b0a0be8e8c250847676ef1e996cdb5189d74f3774671bc,derived,,False,orphan_unresolved
results/stage5/probing_variance/layer_pearson_variance.json,5abb54c230423177c30d522b3661d56809859ebd2564f3e6d4d06c85d756cb4a,derived,,False,orphan_unresolved
results/stage5/probing_variance/loo_predictions_variance.json,2cfc52e79bd7805f26ea39c4014ae12a414745a3b3129d84fc4428cece2af092,raw_or_record,,False,orphan_unresolved
results/stage5/probing_variance/run_probing_events.jsonl,2c5c28a850ff1b261ffd7986d46fe120e2142c317324f8f45675d584d2e0dae8,event_log,1,False,orphan_unresolved
results/stage5/probing_variance/summary_variance.json,9bdb63b4fa886a3650d07585a100d8b55fbf419b261707f3b312d15f67505930,summary,,False,orphan_unresolved
results/stage5/probing_variance_tier2/layer_auroc_variance.json,42b6e2ac9474aadff2e96330a8c879f215b6b6c37369c9d0b941e7a0350c3d42,derived,,False,orphan_unresolved
results/stage5/probing_variance_tier2/layer_pearson_variance.json,9680d0e63d52fca461bd44e95d4696e779b2c429d40bad5819e938d1838fd43a,derived,,False,orphan_unresolved
results/stage5/probing_variance_tier2/loo_predictions_variance.json,83d7bf778878d0dff154ec3053ba39f144a78f5c5e825cb73c5c8b0b74b99503,raw_or_record,,False,orphan_unresolved
results/stage5/probing_variance_tier2/run_probing_events.jsonl,de9d82703b96af73d1bac551d4441d7a685ef59cb00389a0d00c84e4afb2b6b9,event_log,1,False,orphan_unresolved
results/stage5/probing_variance_tier2/summary_variance.json,44be57b8bb1fe2ed85e485984597a39fb02de9b5e66f030f38cbb81c65078996,summary,,False,orphan_unresolved
results/stage6/analysis_d1/analyse_stage4_events.jsonl,90a1126b38b89b08c2153550b4854d9c990e90e2063e0eed526c33ad8dc8a365,event_log,1,False,orphan_unresolved
results/stage6/analysis_d1/stage6_d1_per_family.csv,9263105285d19c6e32c895bee40637d96dd0b99017b3bf4c6be2762fa6e78943,table,40,False,orphan_unresolved
results/stage6/analysis_d1/stage6_d1_sensitivity_summary.json,12cfa4163faacfaa4ed4c58dac8cafb3b2c82c70e65c9c4c6e99a61c8140d93f,summary,,False,orphan_unresolved
results/stage6/analysis_d2/analyse_stage4_events.jsonl,0e8d5abfd39eef83318a3a2879bfa178487913b31ec8c41c44008aef0a592294,event_log,1,False,orphan_unresolved
results/stage6/analysis_d2/generate_positive_families_events.jsonl,1fd90aee415e22e295bf85f2d6906c46461d59180193985ff6b7d5a5480c63d9,event_log,1,False,orphan_unresolved
results/stage6/analysis_d2/stage6_d1_sensitivity_summary.json,90ea86c296ead5d2aaab7deb2dd7b7301df810f140a621df2d96db5663a35a52,summary,,False,orphan_unresolved
results/stage6/analysis_d2/stage6_positive_families.json,666a87b7e11014115a837de12036011df2afbd2ee306f145523c5895e374826f,derived,,False,orphan_unresolved
results/stage6/audit/stage6_phase2_bce_audit_summary.json,bbe55f8ca16ef8045ce7fb32f9a2230b11afe6d96f8d074402d3ad31fcc92cea,summary,,False,orphan_unresolved
results/stage6/audit/stage6_phase2_bce_priority_review.csv,5832236e864173b746e8e5be924ef1fa0148a1d9975561ce24ee1b11ea185792,table,40,False,orphan_unresolved
results/stage6/baselines/run_baselines_surface_events.jsonl,eccf2805c49c8eabcb939121b3aabc27f54bfec631580f07b7556bc2679b4e35,event_log,10,False,orphan_unresolved
results/stage6/baselines/surface_bag_of_words_slp_binary.json,a1c6f356d40ffdc41074d0e46dfe2dec4933f8a54d7bf0c34c751628407cbf73,derived,,False,orphan_unresolved
results/stage6/baselines/surface_cue_span_only_slp_binary.json,7cbe97f1eaae709e04707e24ddfdc4b1c9513c2eccd374c63cad0ebf854e2387,derived,,False,orphan_unresolved
results/stage6/baselines/surface_prompt_statistics_slp_binary.json,6ee7b42d5dd868a054b5fe2bdec05be0a354781ff94480751d51e7b6d6ac0c60,derived,,False,orphan_unresolved
results/stage6/baselines/surface_tfidf_continuous.json,1dec74abb95a9185f459e6b01ed7956f7dc927c8fdcbd4128681ff0d04d4cf38,derived,,False,orphan_unresolved
results/stage6/baselines/surface_tfidf_logistic_slp_binary.json,6fdc261b801135aadeaed0d81895119560187979945dd6e1a9f615f5059ba9fd,derived,,False,orphan_unresolved
results/stage6/baselines_no_cue_c/run_baselines_surface_events.jsonl,a7a24ee5a85585468b727a6592644ac61cc719b943486815cecfb341911041d3,event_log,5,False,orphan_unresolved
results/stage6/baselines_no_cue_c/surface_bag_of_words_slp_binary.json,e6c682a947153514437d77e8530331c8d68e4c5a8a1272b97ded3278bdfd3336,derived,,False,orphan_unresolved
results/stage6/baselines_no_cue_c/surface_cue_span_only_slp_binary.json,befd701605df502bdb925b482318e0e41ebdd668dbb7cf7edcbe14576334d7d8,derived,,False,orphan_unresolved
results/stage6/baselines_no_cue_c/surface_prompt_statistics_slp_binary.json,5c3f7bf25ae2b8ede3e62bac5b1420e47a6f569fc4b6f9b40ad37527dde620d7,derived,,False,orphan_unresolved
results/stage6/baselines_no_cue_c/surface_tfidf_continuous.json,597b468fc66f02fba50b693b5712d2d6114e511629b9fb8c6ce3bdefff2faa21,derived,,False,orphan_unresolved
results/stage6/baselines_no_cue_c/surface_tfidf_logistic_slp_binary.json,464b7c31494ab4141360b3c940ccddf7a996870e71743b4206f530bced3f30e0,derived,,False,orphan_unresolved
results/stage6/behavioural/family_summaries.jsonl,30a81374c6840423d166655b529caf1e5dcf940294f072770bc65bfb944b31ac,raw_or_record,80,False,orphan_unresolved
results/stage6/behavioural/llama_primary_20260615T124604Z.jsonl,50af8c59c84636fbc6c4d6e222390d5fb5f8a14f409f3315c12590322da356ce,raw_or_record,200,False,orphan_unresolved
results/stage6/behavioural/prompt_records.jsonl,0f2c4a3294b03a994561dd7edaec3530ab5a4cb56b9cdef6203fac3b2cac490d,raw_or_record,320,False,orphan_unresolved
results/stage6/behavioural/qwen_primary_20260615T103322Z.jsonl,e2d107fc398eab56c445bc7a7f80202c213db51ec876d2dbc598d12779f33345,raw_or_record,200,False,orphan_unresolved
results/stage6/behavioural/run_behavioural_events.jsonl,1dc6bdc168000dfa965ed44ce69cef7b513b014939ae32859ad012c193a8b1fe,event_log,404,False,orphan_unresolved
results/stage6/behavioural_deepseek/deepseek_reasoning_20260617T055830Z.jsonl,dcd239350f04838122140e5005e4b4e6855949328d6d34695bc63f4dbe6f456e,raw_or_record,700,False,orphan_unresolved
results/stage6/behavioural_deepseek/family_summaries.jsonl,a3d2940901228ad02ac6e79aab0ede8558696cc670a4c8d939eb7d8d4db0dea6,raw_or_record,140,False,orphan_unresolved
results/stage6/behavioural_deepseek/prompt_records.jsonl,b12fb77e12e6bee1fe7782642c6a1bac42acfe72af5de390fe025a0f61d14acb,raw_or_record,560,False,orphan_unresolved
results/stage6/behavioural_deepseek/run_behavioural_events.jsonl,d3ebd2ebb272824f60a45c7d7334d462db22ce4c60fcbdb1fe5b33cac632557d,event_log,702,False,orphan_unresolved
results/stage6/behavioural_full_rerun/family_summaries.jsonl,8429abde196d5f9bfddb65af138a1de7a4bb2af16e8b4b9a2cf6265321b7eb4b,raw_or_record,280,False,orphan_unresolved
results/stage6/behavioural_full_rerun/prompt_records.jsonl,08a8fa1ca92168b73ccf7fe452d5fa4e16db1747677f87d4cb37c1eda71f815c,raw_or_record,1120,False,orphan_unresolved
results/stage6/behavioural_full_rerun/run_behavioural_events.jsonl,68e1dd69b96f955ddae1c977b29b7a9f98147246f410f913ad0942ee52caf063,event_log,1404,False,orphan_unresolved
results/stage6/diagnostic/cue_token_variance_correlation.json,905f0ad8253f6b48279a59c18602d28874b8d35bed43a941e0d72db8eb9a5058,derived,,False,orphan_unresolved
results/stage6/generated_full_benchmark/CM_A_001.json,1155c9bbadc4e68125dfca9ea2351cc206f166d45212de8e365437a10d626708,derived,,False,orphan_unresolved
results/stage6/generated_full_benchmark/CM_A_002.json,bb66cbd2706f8416f78d44170440d73d2f82d7bbfe22d7a7186c1f6dacb1997d,derived,,False,orphan_unresolved
results/stage6/generated_full_benchmark/CM_A_003.json,fa82a2ff7be8fbacffe6a1e4f533bf8a89f8e6db9f8d0314780a9ef984b5c3eb,derived,,False,orphan_unresolved
results/stage6/generated_full_benchmark/CM_A_004.json,0345213c4ccc79d7d57d28a264343e6749187f840d04a6f47eeb41b1c08e74be,derived,,False,orphan_unresolved
results/stage6/generated_full_benchmark/CM_A_005.json,160abf19695a9c700d232d31abad1dde8ee7273a3f33570c12052966b1f14904,derived,,False,orphan_unresolved
results/stage6/generated_full_benchmark/CM_A_006.json,4e154bc1e9e86fba35f106f6cfb89576f881fda74f2dab8461db5632042285f0,derived,,False,orphan_unresolved
results/stage6/generated_full_benchmark/CM_A_007.json,75eafd694c09ed807e02e0e0381f025aa140abf06c277f90f90004fe016b38a9,derived,,False,orphan_unresolved
results/stage6/generated_full_benchmark/CM_A_008.json,f077d5d2c3a0ba4b440460eea84d3ce5052ee583f93346246315d6822d3baf64,derived,,False,orphan_unresolved
results/stage6/generated_full_benchmark/CM_A_009.json,843ff7f261595041c80ce16b3dbc98a6313d90c9eb20a71fe18d1653c630551b,derived,,False,orphan_unresolved
results/stage6/generated_full_benchmark/CM_A_010.json,e5fc4c87a3158b8bf6ef9ab5db77a1055cbc868615d9cbb33817a53524e8b078,derived,,False,orphan_unresolved
results/stage6/generated_full_benchmark/CM_A_STD_001.json,0cc08ae2b2a95bc3a207ba6c810eb5596e1011f75dae310898181425c1251211,derived,,False,orphan_unresolved
results/stage6/generated_full_benchmark/CM_A_STD_002.json,a94b9ae6d4a92d6013ea5f38f990086403161e2273f905541632eb69d19dd457,derived,,False,orphan_unresolved
results/stage6/generated_full_benchmark/CM_A_STD_003.json,148eadc79e4da17f8f9bfec918fe91ad469039254df891a8b44f484d7df104a1,derived,,False,orphan_unresolved
results/stage6/generated_full_benchmark/CM_A_STD_004.json,bc0b639cb710a8d35aa29743b04c392b938cd21b8a966f11f36d169ba0d0ecd4,derived,,False,orphan_unresolved
results/stage6/generated_full_benchmark/CM_A_STD_005.json,0250754f7b939f40fb43e5cdc9746c56b968833dc1372ecb00418146b9f7687c,derived,,False,orphan_unresolved
results/stage6/generated_full_benchmark/CM_A_STD_006.json,077aa516bbedc6ef0377cd4d934125d591671ee3b92d68b54e9fd55726eb2d49,derived,,False,orphan_unresolved
results/stage6/generated_full_benchmark/CM_A_STD_007.json,31e7873131bad4fcad1ef220259ad10824cc03d9433079630222f77f7e7471ee,derived,,False,orphan_unresolved
results/stage6/generated_full_benchmark/CM_A_STD_008.json,e41b551e0c55b0aafd4e10593899603b2063eea8263c0d848d3f6136ad7c3394,derived,,False,orphan_unresolved
results/stage6/generated_full_benchmark/CM_A_STD_009.json,c0fdf6753d14bca783bd0044903d64903eb2d249fcd81247855a326252e94d72,derived,,False,orphan_unresolved
results/stage6/generated_full_benchmark/CM_A_STD_010.json,3e3434f79bccfa663b0ff383244109cf37b216ccb0e247d5f0ede55f93fdfd11,derived,,False,orphan_unresolved
results/stage6/generated_full_benchmark/CM_A_STD_011.json,fc13bb284b28683c7e9569ec6a9c3cefd8361fc3f3d2f54a91b37171f8077972,derived,,False,orphan_unresolved
results/stage6/generated_full_benchmark/CM_A_STD_012.json,08dd61f1476b7e3033e8acbdc4993474f0a7262e41dd81aaaf786c5fed8ecc52,derived,,False,orphan_unresolved
results/stage6/generated_full_benchmark/CM_A_STD_013.json,18aeb0755fed974a3be3b5b272fed3e6089b65b05533a46acf7c5118481af0db,derived,,False,orphan_unresolved
results/stage6/generated_full_benchmark/CM_A_STD_014.json,79a749f47188c13a3202ebe5282fae70d02aa1fdeabe2cdd9e171347df832123,derived,,False,orphan_unresolved
results/stage6/generated_full_benchmark/CM_A_STD_015.json,4eafea7c13fdabebdc92a58c7b5db2b28cba6b21ab56276abb88e5aba5df3d00,derived,,False,orphan_unresolved
results/stage6/generated_full_benchmark/CM_A_STD_016.json,8ec4a487e572275249cb6625de90eef76152dbca2e098118666ebbfca33adb28,derived,,False,orphan_unresolved
results/stage6/generated_full_benchmark/CM_A_STD_017.json,fe418bbd0ccf5ebecc7f9afc7d5b5a9dac8534015fd306e75c215a325ae127db,derived,,False,orphan_unresolved
results/stage6/generated_full_benchmark/CM_A_STD_018.json,6fadb82589fbc47d41a17c1443e9c42cbaeb40c0e3e2fd7ddf9d5f0da29b45c7,derived,,False,orphan_unresolved
results/stage6/generated_full_benchmark/CM_A_STD_019.json,93238d4dbe681c0b76d3595f609b054958da9e89eee6757de10d6120d37553ff,derived,,False,orphan_unresolved
results/stage6/generated_full_benchmark/CM_A_STD_020.json,4f749cc1637183843bc385c8b194e0db2d5f2cbdc4791c70e4d81d4cbcf48545,derived,,False,orphan_unresolved
results/stage6/generated_full_benchmark/CM_B_001.json,c4e0e86f362090e76ec71ef8b544dc09e4b7aba1681aca85120c86758b6a5e03,derived,,False,orphan_unresolved
results/stage6/generated_full_benchmark/CM_B_002.json,0361c8f743e4544b9b5ed99a909d1d9fb7fdbc58637b834f4d452df08aa522b4,derived,,False,orphan_unresolved
results/stage6/generated_full_benchmark/CM_B_003.json,b374693fb1c165e638972a411430d0cdac9ea6fad6ecdbd987263980ca9a2a89,derived,,False,orphan_unresolved
results/stage6/generated_full_benchmark/CM_B_004.json,ffd009cb505e34a914ce8d6ef46e18abb33b7a0c77a60850711a14f69da18566,derived,,False,orphan_unresolved
results/stage6/generated_full_benchmark/CM_B_005.json,e1fe2391e46a4f4a4dbea0223619dfb99c5e7cb303f25d23dc262b61cad3bdac,derived,,False,orphan_unresolved
results/stage6/generated_full_benchmark/CM_B_006.json,cdcdefd4228b5ddfaba57d0549341a68ee1d1533cc27128c8afdd98f027a80cf,derived,,False,orphan_unresolved
results/stage6/generated_full_benchmark/CM_B_007.json,76910c906d082e2d063295e77c03a6cddb8de1af5fa3539afbf5ace465e10229,derived,,False,orphan_unresolved
results/stage6/generated_full_benchmark/CM_B_008.json,bd8095b8d24d8bd29a3dbb7ac074585712b54a541aea73ba864b9e6e368bd6c9,derived,,False,orphan_unresolved
results/stage6/generated_full_benchmark/CM_B_009.json,551915b1a00c642fb3ecf8dd84c29bdc23da5afa121650d1181b6dd3e2c130ee,derived,,False,orphan_unresolved
results/stage6/generated_full_benchmark/CM_B_010.json,6f3dece309445b1b43928c1aa10f351684029c30f5e04ae220bb94b092520557,derived,,False,orphan_unresolved
results/stage6/generated_full_benchmark/CM_B_STD_001.json,64efbdf4c82cab5e5171b69d4fc5bc5d08ad99057e07ecf44c5a0d2841dbedb6,derived,,False,orphan_unresolved
results/stage6/generated_full_benchmark/CM_B_STD_002.json,4bc1c1412352c069a1668ad3099cbfcff3a7d79b928d549f5545caae960cefed,derived,,False,orphan_unresolved
results/stage6/generated_full_benchmark/CM_B_STD_003.json,e51f1651a1edcf4fd9db0969f35a39a2a0e808a45913b52c3ffecb1786365a3d,derived,,False,orphan_unresolved
results/stage6/generated_full_benchmark/CM_B_STD_004.json,1b466d5c471cae090ab58ad3c9b6e5ddbfbca2933d04a784cf256081cb9ee9c9,derived,,False,orphan_unresolved
results/stage6/generated_full_benchmark/CM_B_STD_005.json,534c3e8707beb40ceb864718ececc28e9a620a1837e59d66f8a37d58fbafcb3b,derived,,False,orphan_unresolved
results/stage6/generated_full_benchmark/CM_B_STD_006.json,2d89b69e960b22bb30c231633ba3de30b82699ce1314826b475faaa40e5fba2f,derived,,False,orphan_unresolved
results/stage6/generated_full_benchmark/CM_B_STD_007.json,2be9ca4701e9596e1506f7ca52f2af4cd469098fef37080eff7b9f4a27bebfbf,derived,,False,orphan_unresolved
results/stage6/generated_full_benchmark/CM_B_STD_008.json,4d5fefaeb9722415cd1b826e6651d0b503e917ff43591980ded736eae8fa0879,derived,,False,orphan_unresolved
results/stage6/generated_full_benchmark/CM_B_STD_009.json,1427c794b95cd52d19407880e4a424863d4635c977f60e41c98062239730c3e8,derived,,False,orphan_unresolved
results/stage6/generated_full_benchmark/CM_B_STD_010.json,a15f269d7d4b240363a815b50cb897d60a7760817921060170e2904f1b2096ed,derived,,False,orphan_unresolved
results/stage6/generated_full_benchmark/CM_B_STD_011.json,3b377e0e425e907f3021ad2e581a4286cc2be427c24f9eca885f9cc75821be2f,derived,,False,orphan_unresolved
results/stage6/generated_full_benchmark/CM_B_STD_012.json,7fc174a07b7cc34df746a9741dbf127ef11d6501a52ecbcc6eee8e16cdc9aac0,derived,,False,orphan_unresolved
results/stage6/generated_full_benchmark/CM_B_STD_013.json,fcd3167c15d3a7e33b450fddb3879d66d62e9aa00d82d82f2ce4f3c6a54228e3,derived,,False,orphan_unresolved
results/stage6/generated_full_benchmark/CM_B_STD_014.json,0e2c55855204fee192a98b96bb98ac5ef836f58c8d0816a003796b65e82d1f10,derived,,False,orphan_unresolved
results/stage6/generated_full_benchmark/CM_B_STD_015.json,213f17aac1eda0ba8c012122770869477932725dbf233d45e7a427c33e5edbe4,derived,,False,orphan_unresolved
results/stage6/generated_full_benchmark/CM_B_UM_001.json,76d032f4285ceee1a9675dd944e0a921a4dae207bb3741a0664fecd9fa29f16b,derived,,False,orphan_unresolved
results/stage6/generated_full_benchmark/CM_B_UM_002.json,800ceccfa682c234133b4736ac2bce071fd2eaccaedb9e851c0eb229d161f4f9,derived,,False,orphan_unresolved
results/stage6/generated_full_benchmark/CM_B_UM_003.json,976abc58c90e11d0450b18e76ad8fce28e74663c1e188e636b1151a4ca6c2b09,derived,,False,orphan_unresolved
results/stage6/generated_full_benchmark/CM_B_UM_004.json,d2fe0fa347f8193906c9e5387bf3e1206e17c9e6d63916f9cd6b24fbce1b010a,derived,,False,orphan_unresolved
results/stage6/generated_full_benchmark/CM_B_UM_005.json,6ddf346f32249d64b57c8cfb0d88714694b74af070ab73837aa1cf612afb2c64,derived,,False,orphan_unresolved
results/stage6/generated_full_benchmark/CM_B_UM_006.json,e173b2aaf5718bdacbbc3a2c55a8d4052502ed84e018a3f2f37b79a8cfa5b9e9,derived,,False,orphan_unresolved
results/stage6/generated_full_benchmark/CM_B_UM_007.json,2d350fc6283785ee2563668b71327b9df6c31dd50b9a9ee121db550a1c99f1f5,derived,,False,orphan_unresolved
results/stage6/generated_full_benchmark/CM_B_UM_008.json,9c22d8cb50606a2feb472ba9614d8bc252699be8e00b1d5eb7b9adadf5a09058,derived,,False,orphan_unresolved
results/stage6/generated_full_benchmark/CM_B_UM_009.json,04c3c8fb6dac470803a1826bc8aa36860eb82289f13ab256d23b40e19236f80c,derived,,False,orphan_unresolved
results/stage6/generated_full_benchmark/CM_B_UM_010.json,95bef59400567817715b7f3fa15621fca5754439fd59d2f16337dfd880c1a7d2,derived,,False,orphan_unresolved
results/stage6/generated_full_benchmark/CM_B_UM_011.json,476fdd27aa2977dc72a0c377813ef7a2eb5eb7fe0fbee7d8a01a23a854916cab,derived,,False,orphan_unresolved
results/stage6/generated_full_benchmark/CM_B_UM_012.json,1f1a7b991da47fed9fa4ef5f6d3fb460e901f9a7a4802986f8de9d68fbb5eba2,derived,,False,orphan_unresolved
results/stage6/generated_full_benchmark/CM_B_UM_013.json,48034897c145250943dfebefaa68800bdff2205fe871b0a49ebaddd267f53643,derived,,False,orphan_unresolved
results/stage6/generated_full_benchmark/CM_B_UM_014.json,91505162ad3b9d7808ad115b0fb0cebc1c3881ebd12ec8796cad7fff9747b2ab,derived,,False,orphan_unresolved
results/stage6/generated_full_benchmark/CM_B_UM_015.json,a780527c0f8fe76d0da12b387d558eb494c81461bf8d0a4217086fb374f3abea,derived,,False,orphan_unresolved
results/stage6/generated_full_benchmark/CM_B_UM_016.json,fb8d3d40ab52cbd8a38e6208272e31c6a66563e5fdeadb8aba4763723c9a2163,derived,,False,orphan_unresolved
results/stage6/generated_full_benchmark/CM_B_UM_017.json,d44b34e3e4362bbb5c7057775398236bd55dc7c1c26923b78c5e0b0076b993f5,derived,,False,orphan_unresolved
results/stage6/generated_full_benchmark/CM_B_UM_018.json,0ccd3d22483d72391f67bcd15d5adf7611f1b098af53e76b7911dfb2019c4c6e,derived,,False,orphan_unresolved
results/stage6/generated_full_benchmark/CM_B_UM_019.json,fe90299bf670e5b1be6876eba3c35e3a311aaea5cd3379ee6d95d9e8b82d4344,derived,,False,orphan_unresolved
results/stage6/generated_full_benchmark/CM_B_UM_020.json,71529a255be409740e3bac765c6d09de55680502d803c281ccd3f9deb83d3e55,derived,,False,orphan_unresolved
results/stage6/generated_full_benchmark/CM_B_UM_021.json,c8e9f45a0074e0892c64e346c814297f1fdd43bb046dd05a14e04dab0191e81f,derived,,False,orphan_unresolved
results/stage6/generated_full_benchmark/CM_B_UM_022.json,b2d26aa14801986cc2434709bcee89d7f39ca2e7a02a0d89edf6554dd35a5361,derived,,False,orphan_unresolved
results/stage6/generated_full_benchmark/CM_B_UM_023.json,413306810828116436901f1c26842fecfd310039d5d4afa43f74499e98bd9365,derived,,False,orphan_unresolved
results/stage6/generated_full_benchmark/CM_B_UM_024.json,13ec4f7db38fdca4072d4d3ce9500b191a694f763153f970b64d8c71e6b740c3,derived,,False,orphan_unresolved
results/stage6/generated_full_benchmark/CM_B_UM_025.json,f45a94b6497a21c1d0a77b0c6dfd13ec98a8d4fd9eb21d1ddbd44e26a7a41c10,derived,,False,orphan_unresolved
results/stage6/generated_full_benchmark/CM_B_UM_026.json,4f40e0f2c7c529c2199139a58f9948ca2f7c66c51c4b058ed7f4f5660653111b,derived,,False,orphan_unresolved
results/stage6/generated_full_benchmark/CM_B_UM_027.json,0f97d5d6be069bf6dd6b12db4eab0a7acacf7ae2d5aae041775a310baa496101,derived,,False,orphan_unresolved
results/stage6/generated_full_benchmark/CM_B_UM_028.json,f2e5f3cbe15fb69656e803ba0579d6e4c63ed6d8002d4f6990ba3f2b4eedd1d0,derived,,False,orphan_unresolved
results/stage6/generated_full_benchmark/CM_B_UM_029.json,a280a5f2c520c3cd686d9ff263d63765f14187e4b3c7b7cd50a430c649a63cc2,derived,,False,orphan_unresolved
results/stage6/generated_full_benchmark/CM_B_UM_030.json,81286b73ae77ce3e3256b5b7eb783f9c16f4949f018780f685dfa719ff5703c4,derived,,False,orphan_unresolved
results/stage6/generated_full_benchmark/CM_B_UM_031.json,70ff9a3262b2ee2ce238eec7f3379d8e210e95668f6ffcc7e9c2f6b03d7f18a7,derived,,False,orphan_unresolved
results/stage6/generated_full_benchmark/CM_B_UM_032.json,62a225b3a133ce80ae8415a6b8fe6d29db62b05ae8214c3c4de96cbfb4cbb7d7,derived,,False,orphan_unresolved
results/stage6/generated_full_benchmark/CM_B_UM_033.json,de2d9e84f63438bbf00f28ce86d7af1c85f58f93f106e9acd4ca79c9d162cdec,derived,,False,orphan_unresolved
results/stage6/generated_full_benchmark/CM_B_UM_034.json,c90ac22c79f91d9bbf43587353370d16042f28eb796da015cbf09144ef1a61ff,derived,,False,orphan_unresolved
results/stage6/generated_full_benchmark/CM_B_UM_035.json,52cb8c48afc4adff582d570c0d0337a9f14da65529570bccac9a5517643b8381,derived,,False,orphan_unresolved
results/stage6/generated_full_benchmark/CM_B_UM_036.json,3e6a48dc8e41f7f20a82a3ca7730f7ac29933e29267c6fd2c5c94e7a18040ac7,derived,,False,orphan_unresolved
results/stage6/generated_full_benchmark/CM_B_UM_037.json,f27a236f4aedae20ac79128165575ebbd8d88ae4f9340a84e3bee2b8a155e5d3,derived,,False,orphan_unresolved
results/stage6/generated_full_benchmark/CM_B_UM_038.json,136d8e384d8188052a3ed7ac97fd65f5edf3ee77789f244106f0be7aab9e8db0,derived,,False,orphan_unresolved
results/stage6/generated_full_benchmark/CM_B_UM_039.json,4b02da622e3b3b8a6bb68150887151c8ee66f1a544751ec8bc56ae29d437ced6,derived,,False,orphan_unresolved
results/stage6/generated_full_benchmark/CM_B_UM_040.json,f9d7c48278d4defc92dcd8f4e87a1d2212e1cef27f6af5e253640e2651fd7ee7,derived,,False,orphan_unresolved
results/stage6/generated_full_benchmark/CM_B_UM_041.json,f72185f67ee05c0847f93b3049f98358c81788856c715f9ac1fe9a8a5bc1f752,derived,,False,orphan_unresolved
results/stage6/generated_full_benchmark/CM_B_UM_042.json,b57f24782303c9ce39f680759a4d0a3dd535d00eebdbaae1273d9b0fc3d2ae8e,derived,,False,orphan_unresolved
results/stage6/generated_full_benchmark/CM_B_UM_043.json,6491919c4cd60a27d374918fd01abe0d91e0447cf7e004d2d07db0b68d7db34f,derived,,False,orphan_unresolved
results/stage6/generated_full_benchmark/CM_B_UM_044.json,b8d8011e43268929a0041624a6e4ab023d256e02698ab560280d6b56768f4ded,derived,,False,orphan_unresolved
results/stage6/generated_full_benchmark/CM_B_UM_045.json,5b5f8b801bc85e3cc57b658c93f2594587c44ec0520effeb84371a48f622bd7c,derived,,False,orphan_unresolved
results/stage6/generated_full_benchmark/CM_B_UM_046.json,4bdc12e4cadc7963e7aff859882f673898366b2d7f02e08524832d9a32115fb0,derived,,False,orphan_unresolved
results/stage6/generated_full_benchmark/CM_B_UM_047.json,367b5afa6d60ac5592248d23f64263459cd7168faa978500da24a14106abf458,derived,,False,orphan_unresolved
results/stage6/generated_full_benchmark/CM_B_UM_048.json,5f8923020616928be29e0c7f860e5f073cfc84179e0a03180cca585074fb5aa4,derived,,False,orphan_unresolved
results/stage6/generated_full_benchmark/CM_B_UM_049.json,2f422974d286da5e0731fd153cecd8ab73c538c9627c66edacf22f524898c115,derived,,False,orphan_unresolved
results/stage6/generated_full_benchmark/CM_B_UM_050.json,912b1c0e4a1938bd676ef2b85cfc4d20eca064017f37421838ef1c342125cf08,derived,,False,orphan_unresolved
results/stage6/generated_full_benchmark/CM_B_UM_051.json,341ba805ab25bfeb934e42f686a16e47d4e5b9fb86b7e1f764e95ce70f743a42,derived,,False,orphan_unresolved
results/stage6/generated_full_benchmark/CM_B_UM_052.json,30ce6ac461a0d8e8bb78b683ec780875c606f48a2321a09101924f294f44d001,derived,,False,orphan_unresolved
results/stage6/generated_full_benchmark/CM_B_UM_053.json,b7469b5b50fa2327ee0123aef6228dcbe2e12e48363b1568109fb35893c122a3,derived,,False,orphan_unresolved
results/stage6/generated_full_benchmark/CM_B_UM_054.json,18edb6a27ee3e1e55868c3feaccbcbbb5c3cbdc8f14addde0c909fbad0d0d53d,derived,,False,orphan_unresolved
results/stage6/generated_full_benchmark/CM_B_UM_055.json,a96eea15cd134ee0b36c00cd7cf35a099cd87c510133f5d727876fed6c4e97b9,derived,,False,orphan_unresolved
results/stage6/generated_full_benchmark/CM_B_UM_056.json,5fa55512c0bba1402b988fd498195bb0ec87cb9a27729b5e0d3d00553d39d664,derived,,False,orphan_unresolved
results/stage6/generated_full_benchmark/CM_B_UM_057.json,55b9fde08ddab538a583ecfecced7fd4844b3956280e95bc885f30585e67e180,derived,,False,orphan_unresolved
results/stage6/generated_full_benchmark/CM_B_UM_058.json,02dce9fbd74334826ad799f6843f49b5e1e5967f1d632132f43738080a42f042,derived,,False,orphan_unresolved
results/stage6/generated_full_benchmark/CM_B_UM_059.json,b3b3bc3f6f44f8ec9cd360fc6a5a51e1f0756f54a0ceb2f557ca720df93e235f,derived,,False,orphan_unresolved
results/stage6/generated_full_benchmark/CM_B_UM_060.json,4f778e9408c221d52317775d18bc6428a5159280a500eb4c216bf3d5396f931a,derived,,False,orphan_unresolved
results/stage6/generated_full_benchmark/CM_C_001.json,f97cd95df66bfb800d0d412ff0261a6b3c1b47f23fe765cd98e7e9aad8d6e5b9,derived,,False,orphan_unresolved
results/stage6/generated_full_benchmark/CM_C_002.json,bcbed4c25008008cc4168c2c957958a0cdffd87d49683087a1add7c0b1438819,derived,,False,orphan_unresolved
results/stage6/generated_full_benchmark/CM_C_003.json,daec94fa418d0228b0b080fa6b14617e3712f0d673a7635a690cf397f3324bf3,derived,,False,orphan_unresolved
results/stage6/generated_full_benchmark/CM_C_004.json,572f9a83c6466b252d4641862745ec311123b391ffd892c4aa1f316ec4c9e03e,derived,,False,orphan_unresolved
results/stage6/generated_full_benchmark/CM_C_005.json,d4848da4ec78186b46a5fc72a0732b91304da8cd0f8ba600b0b36e57b2369902,derived,,False,orphan_unresolved
results/stage6/generated_full_benchmark/EL_A_001.json,f99236a5dc66eed1dd7fc5c5c26283d685d723d0b42c8006393f7dbd548d6520,derived,,False,orphan_unresolved
results/stage6/generated_full_benchmark/EL_A_002.json,7a05158193dbd20a411694ce952c8f4593a230c9dfb2fadd5e385aba2472a2c2,derived,,False,orphan_unresolved
results/stage6/generated_full_benchmark/EL_A_003.json,360c55bb1b21f4b26234f1a0ee8c3d0a6520ba5eaf973c5568566f39aea3f552,derived,,False,orphan_unresolved
results/stage6/generated_full_benchmark/EL_A_004.json,e57e00dfbf53baf0cfeb1654641bcffcf525c3036974fc85f3463f8f101d7602,derived,,False,orphan_unresolved
results/stage6/generated_full_benchmark/EL_A_005.json,c4be551ec97fc3b8aaf1141f84739bbec8575893fa74934fd1a653c03586b7f5,derived,,False,orphan_unresolved
results/stage6/generated_full_benchmark/EL_B_001.json,e52e39504f4ae6abc8e2ac1b65d2f1db3dc1e1e53a293958c8829c5cc85142f8,derived,,False,orphan_unresolved
results/stage6/generated_full_benchmark/EL_B_002.json,ba32f3a7f1c1bd27a5d466184c63c9e18b85abf5fa52e8ddce77e7a873c84721,derived,,False,orphan_unresolved
results/stage6/generated_full_benchmark/EL_B_003.json,63c0daf256b7c84dc256937899f08186e533cc725a396195eccf6a00f045f8c6,derived,,False,orphan_unresolved
results/stage6/generated_full_benchmark/EL_B_004.json,29b06979cfd04378df59553ffdfd14ef6a58e7fdbdd5dc7966b0515a7d6c350f,derived,,False,orphan_unresolved
results/stage6/generated_full_benchmark/EL_B_005.json,ecdb3f165c0ebcd128a34c00557a87b99a03c8b076789313153b3016d9a308ac,derived,,False,orphan_unresolved
results/stage6/generated_full_benchmark/TH_B_UM_001.json,2cc7fb858bae93aa75621e9f9292a18cce6d1fa24a6116aba23d42fdb484f2bd,derived,,False,orphan_unresolved
results/stage6/generated_full_benchmark/TH_B_UM_002.json,73923a865ae1b8c842f8bdc31d17a8de7ec176a76bfc2f7703f4768e69e6f2be,derived,,False,orphan_unresolved
results/stage6/generated_full_benchmark/TH_B_UM_003.json,e6d5b833fdc73f6b4709930d0c85ff3b48a62c503a3c6e085410a6d8e441fbc1,derived,,False,orphan_unresolved
results/stage6/generated_full_benchmark/TH_B_UM_004.json,ebb9a6b980f71eebab849bf5feaef148be82167dc61f058fd2abab0331147e93,derived,,False,orphan_unresolved
results/stage6/generated_full_benchmark/TH_B_UM_005.json,dec31d345757f207ce21bd87eeac6924698814a13451fffa1ba41e22511ba0f3,derived,,False,orphan_unresolved
results/stage6/generated_full_benchmark/TH_B_UM_006.json,9df331376545a49e310ebbd5e3178285c4f46d15e31f4ff0941f6f02cdbf1d67,derived,,False,orphan_unresolved
results/stage6/generated_full_benchmark/TH_B_UM_007.json,9d60233ff490bf8fe902b96f9a7d6c83ecafb8ee465768fa909b3e606c044ba0,derived,,False,orphan_unresolved
results/stage6/generated_full_benchmark/TH_B_UM_008.json,b29ef2b81c2e088028ac9c28e8ac7e317702f99ccc8e79836f115d774f052e61,derived,,False,orphan_unresolved
results/stage6/generated_full_benchmark/TH_B_UM_009.json,08c62bd8bd3619749f1d8aacd018d6f433ecff79aa49b385097cc1b692f4a79d,derived,,False,orphan_unresolved
results/stage6/generated_full_benchmark/TH_B_UM_010.json,851213b29469015884eb3412de97d9633378b8df2d45807663cf4b307c504a95,derived,,False,orphan_unresolved
results/stage6/generated_full_benchmark/assembly_summary.json,fe1c662e64410558071d095b35bef64dba28b65cbc808b6b6fce52da2b943a21,summary,,False,orphan_unresolved
results/stage6/generated_phase1_full/CM_B_UM_001.json,76d032f4285ceee1a9675dd944e0a921a4dae207bb3741a0664fecd9fa29f16b,derived,,False,orphan_unresolved
results/stage6/generated_phase1_full/CM_B_UM_002.json,800ceccfa682c234133b4736ac2bce071fd2eaccaedb9e851c0eb229d161f4f9,derived,,False,orphan_unresolved
results/stage6/generated_phase1_full/CM_B_UM_003.json,976abc58c90e11d0450b18e76ad8fce28e74663c1e188e636b1151a4ca6c2b09,derived,,False,orphan_unresolved
results/stage6/generated_phase1_full/CM_B_UM_004.json,d2fe0fa347f8193906c9e5387bf3e1206e17c9e6d63916f9cd6b24fbce1b010a,derived,,False,orphan_unresolved
results/stage6/generated_phase1_full/CM_B_UM_005.json,6ddf346f32249d64b57c8cfb0d88714694b74af070ab73837aa1cf612afb2c64,derived,,False,orphan_unresolved
results/stage6/generated_phase1_full/CM_B_UM_006.json,e173b2aaf5718bdacbbc3a2c55a8d4052502ed84e018a3f2f37b79a8cfa5b9e9,derived,,False,orphan_unresolved
results/stage6/generated_phase1_full/CM_B_UM_007.json,2d350fc6283785ee2563668b71327b9df6c31dd50b9a9ee121db550a1c99f1f5,derived,,False,orphan_unresolved
results/stage6/generated_phase1_full/CM_B_UM_008.json,9c22d8cb50606a2feb472ba9614d8bc252699be8e00b1d5eb7b9adadf5a09058,derived,,False,orphan_unresolved
results/stage6/generated_phase1_full/CM_B_UM_009.json,04c3c8fb6dac470803a1826bc8aa36860eb82289f13ab256d23b40e19236f80c,derived,,False,orphan_unresolved
results/stage6/generated_phase1_full/CM_B_UM_010.json,95bef59400567817715b7f3fa15621fca5754439fd59d2f16337dfd880c1a7d2,derived,,False,orphan_unresolved
results/stage6/generated_phase1_full/CM_B_UM_011.json,476fdd27aa2977dc72a0c377813ef7a2eb5eb7fe0fbee7d8a01a23a854916cab,derived,,False,orphan_unresolved
results/stage6/generated_phase1_full/CM_B_UM_012.json,1f1a7b991da47fed9fa4ef5f6d3fb460e901f9a7a4802986f8de9d68fbb5eba2,derived,,False,orphan_unresolved
results/stage6/generated_phase1_full/CM_B_UM_013.json,48034897c145250943dfebefaa68800bdff2205fe871b0a49ebaddd267f53643,derived,,False,orphan_unresolved
results/stage6/generated_phase1_full/CM_B_UM_014.json,91505162ad3b9d7808ad115b0fb0cebc1c3881ebd12ec8796cad7fff9747b2ab,derived,,False,orphan_unresolved
results/stage6/generated_phase1_full/CM_B_UM_015.json,a780527c0f8fe76d0da12b387d558eb494c81461bf8d0a4217086fb374f3abea,derived,,False,orphan_unresolved
results/stage6/generated_phase1_full/CM_B_UM_016.json,fb8d3d40ab52cbd8a38e6208272e31c6a66563e5fdeadb8aba4763723c9a2163,derived,,False,orphan_unresolved
results/stage6/generated_phase1_full/CM_B_UM_017.json,d44b34e3e4362bbb5c7057775398236bd55dc7c1c26923b78c5e0b0076b993f5,derived,,False,orphan_unresolved
results/stage6/generated_phase1_full/CM_B_UM_018.json,0ccd3d22483d72391f67bcd15d5adf7611f1b098af53e76b7911dfb2019c4c6e,derived,,False,orphan_unresolved
results/stage6/generated_phase1_full/CM_B_UM_019.json,fe90299bf670e5b1be6876eba3c35e3a311aaea5cd3379ee6d95d9e8b82d4344,derived,,False,orphan_unresolved
results/stage6/generated_phase1_full/CM_B_UM_020.json,71529a255be409740e3bac765c6d09de55680502d803c281ccd3f9deb83d3e55,derived,,False,orphan_unresolved
results/stage6/generated_phase1_full/CM_B_UM_021.json,c8e9f45a0074e0892c64e346c814297f1fdd43bb046dd05a14e04dab0191e81f,derived,,False,orphan_unresolved
results/stage6/generated_phase1_full/CM_B_UM_022.json,b2d26aa14801986cc2434709bcee89d7f39ca2e7a02a0d89edf6554dd35a5361,derived,,False,orphan_unresolved
results/stage6/generated_phase1_full/CM_B_UM_023.json,413306810828116436901f1c26842fecfd310039d5d4afa43f74499e98bd9365,derived,,False,orphan_unresolved
results/stage6/generated_phase1_full/CM_B_UM_024.json,13ec4f7db38fdca4072d4d3ce9500b191a694f763153f970b64d8c71e6b740c3,derived,,False,orphan_unresolved
results/stage6/generated_phase1_full/CM_B_UM_025.json,f45a94b6497a21c1d0a77b0c6dfd13ec98a8d4fd9eb21d1ddbd44e26a7a41c10,derived,,False,orphan_unresolved
results/stage6/generated_phase1_full/CM_B_UM_026.json,4f40e0f2c7c529c2199139a58f9948ca2f7c66c51c4b058ed7f4f5660653111b,derived,,False,orphan_unresolved
results/stage6/generated_phase1_full/CM_B_UM_027.json,0f97d5d6be069bf6dd6b12db4eab0a7acacf7ae2d5aae041775a310baa496101,derived,,False,orphan_unresolved
results/stage6/generated_phase1_full/CM_B_UM_028.json,f2e5f3cbe15fb69656e803ba0579d6e4c63ed6d8002d4f6990ba3f2b4eedd1d0,derived,,False,orphan_unresolved
results/stage6/generated_phase1_full/CM_B_UM_029.json,a280a5f2c520c3cd686d9ff263d63765f14187e4b3c7b7cd50a430c649a63cc2,derived,,False,orphan_unresolved
results/stage6/generated_phase1_full/CM_B_UM_030.json,81286b73ae77ce3e3256b5b7eb783f9c16f4949f018780f685dfa719ff5703c4,derived,,False,orphan_unresolved
results/stage6/generated_phase1_full/CM_B_UM_031.json,70ff9a3262b2ee2ce238eec7f3379d8e210e95668f6ffcc7e9c2f6b03d7f18a7,derived,,False,orphan_unresolved
results/stage6/generated_phase1_full/CM_B_UM_032.json,62a225b3a133ce80ae8415a6b8fe6d29db62b05ae8214c3c4de96cbfb4cbb7d7,derived,,False,orphan_unresolved
results/stage6/generated_phase1_full/CM_B_UM_033.json,de2d9e84f63438bbf00f28ce86d7af1c85f58f93f106e9acd4ca79c9d162cdec,derived,,False,orphan_unresolved
results/stage6/generated_phase1_full/CM_B_UM_034.json,c90ac22c79f91d9bbf43587353370d16042f28eb796da015cbf09144ef1a61ff,derived,,False,orphan_unresolved
results/stage6/generated_phase1_full/CM_B_UM_035.json,52cb8c48afc4adff582d570c0d0337a9f14da65529570bccac9a5517643b8381,derived,,False,orphan_unresolved
results/stage6/generated_phase1_full/CM_B_UM_036.json,3e6a48dc8e41f7f20a82a3ca7730f7ac29933e29267c6fd2c5c94e7a18040ac7,derived,,False,orphan_unresolved
results/stage6/generated_phase1_full/CM_B_UM_037.json,f27a236f4aedae20ac79128165575ebbd8d88ae4f9340a84e3bee2b8a155e5d3,derived,,False,orphan_unresolved
results/stage6/generated_phase1_full/CM_B_UM_038.json,136d8e384d8188052a3ed7ac97fd65f5edf3ee77789f244106f0be7aab9e8db0,derived,,False,orphan_unresolved
results/stage6/generated_phase1_full/CM_B_UM_039.json,4b02da622e3b3b8a6bb68150887151c8ee66f1a544751ec8bc56ae29d437ced6,derived,,False,orphan_unresolved
results/stage6/generated_phase1_full/CM_B_UM_040.json,f9d7c48278d4defc92dcd8f4e87a1d2212e1cef27f6af5e253640e2651fd7ee7,derived,,False,orphan_unresolved
results/stage6/generated_phase1_partial/CM_B_UM_001.json,76d032f4285ceee1a9675dd944e0a921a4dae207bb3741a0664fecd9fa29f16b,derived,,False,orphan_unresolved
results/stage6/generated_phase1_partial/CM_B_UM_002.json,800ceccfa682c234133b4736ac2bce071fd2eaccaedb9e851c0eb229d161f4f9,derived,,False,orphan_unresolved
results/stage6/generated_phase1_partial/CM_B_UM_003.json,976abc58c90e11d0450b18e76ad8fce28e74663c1e188e636b1151a4ca6c2b09,derived,,False,orphan_unresolved
results/stage6/generated_phase1_partial/CM_B_UM_004.json,d2fe0fa347f8193906c9e5387bf3e1206e17c9e6d63916f9cd6b24fbce1b010a,derived,,False,orphan_unresolved
results/stage6/generated_phase1_partial/CM_B_UM_005.json,6ddf346f32249d64b57c8cfb0d88714694b74af070ab73837aa1cf612afb2c64,derived,,False,orphan_unresolved
results/stage6/generated_phase1_partial/CM_B_UM_006.json,e173b2aaf5718bdacbbc3a2c55a8d4052502ed84e018a3f2f37b79a8cfa5b9e9,derived,,False,orphan_unresolved
results/stage6/generated_phase1_partial/CM_B_UM_007.json,2d350fc6283785ee2563668b71327b9df6c31dd50b9a9ee121db550a1c99f1f5,derived,,False,orphan_unresolved
results/stage6/generated_phase1_partial/CM_B_UM_008.json,9c22d8cb50606a2feb472ba9614d8bc252699be8e00b1d5eb7b9adadf5a09058,derived,,False,orphan_unresolved
results/stage6/generated_phase1_partial/CM_B_UM_009.json,04c3c8fb6dac470803a1826bc8aa36860eb82289f13ab256d23b40e19236f80c,derived,,False,orphan_unresolved
results/stage6/generated_phase1_partial/CM_B_UM_010.json,95bef59400567817715b7f3fa15621fca5754439fd59d2f16337dfd880c1a7d2,derived,,False,orphan_unresolved
results/stage6/generated_phase1_partial/CM_B_UM_011.json,476fdd27aa2977dc72a0c377813ef7a2eb5eb7fe0fbee7d8a01a23a854916cab,derived,,False,orphan_unresolved
results/stage6/generated_phase1_partial/CM_B_UM_012.json,1f1a7b991da47fed9fa4ef5f6d3fb460e901f9a7a4802986f8de9d68fbb5eba2,derived,,False,orphan_unresolved
results/stage6/generated_phase1_partial/CM_B_UM_013.json,48034897c145250943dfebefaa68800bdff2205fe871b0a49ebaddd267f53643,derived,,False,orphan_unresolved
results/stage6/generated_phase1_partial/CM_B_UM_014.json,91505162ad3b9d7808ad115b0fb0cebc1c3881ebd12ec8796cad7fff9747b2ab,derived,,False,orphan_unresolved
results/stage6/generated_phase2_ad/CM_B_UM_041.json,f72185f67ee05c0847f93b3049f98358c81788856c715f9ac1fe9a8a5bc1f752,derived,,False,orphan_unresolved
results/stage6/generated_phase2_ad/CM_B_UM_042.json,b57f24782303c9ce39f680759a4d0a3dd535d00eebdbaae1273d9b0fc3d2ae8e,derived,,False,orphan_unresolved
results/stage6/generated_phase2_ad/CM_B_UM_043.json,6491919c4cd60a27d374918fd01abe0d91e0447cf7e004d2d07db0b68d7db34f,derived,,False,orphan_unresolved
results/stage6/generated_phase2_ad/CM_B_UM_044.json,b8d8011e43268929a0041624a6e4ab023d256e02698ab560280d6b56768f4ded,derived,,False,orphan_unresolved
results/stage6/generated_phase2_ad/CM_B_UM_045.json,5b5f8b801bc85e3cc57b658c93f2594587c44ec0520effeb84371a48f622bd7c,derived,,False,orphan_unresolved
results/stage6/generated_phase2_ad/CM_B_UM_046.json,4bdc12e4cadc7963e7aff859882f673898366b2d7f02e08524832d9a32115fb0,derived,,False,orphan_unresolved
results/stage6/generated_phase2_ad/CM_B_UM_047.json,367b5afa6d60ac5592248d23f64263459cd7168faa978500da24a14106abf458,derived,,False,orphan_unresolved
results/stage6/generated_phase2_ad/CM_B_UM_048.json,5f8923020616928be29e0c7f860e5f073cfc84179e0a03180cca585074fb5aa4,derived,,False,orphan_unresolved
results/stage6/generated_phase2_ad/CM_B_UM_049.json,2f422974d286da5e0731fd153cecd8ab73c538c9627c66edacf22f524898c115,derived,,False,orphan_unresolved
results/stage6/generated_phase2_ad/CM_B_UM_050.json,912b1c0e4a1938bd676ef2b85cfc4d20eca064017f37421838ef1c342125cf08,derived,,False,orphan_unresolved
results/stage6/generated_phase2_ad/CM_B_UM_051.json,341ba805ab25bfeb934e42f686a16e47d4e5b9fb86b7e1f764e95ce70f743a42,derived,,False,orphan_unresolved
results/stage6/generated_phase2_ad/CM_B_UM_052.json,30ce6ac461a0d8e8bb78b683ec780875c606f48a2321a09101924f294f44d001,derived,,False,orphan_unresolved
results/stage6/generated_phase2_ad/CM_B_UM_053.json,b7469b5b50fa2327ee0123aef6228dcbe2e12e48363b1568109fb35893c122a3,derived,,False,orphan_unresolved
results/stage6/generated_phase2_ad/CM_B_UM_054.json,18edb6a27ee3e1e55868c3feaccbcbbb5c3cbdc8f14addde0c909fbad0d0d53d,derived,,False,orphan_unresolved
results/stage6/generated_phase2_ad/CM_B_UM_055.json,a96eea15cd134ee0b36c00cd7cf35a099cd87c510133f5d727876fed6c4e97b9,derived,,False,orphan_unresolved
results/stage6/generated_phase2_ad/CM_B_UM_056.json,5fa55512c0bba1402b988fd498195bb0ec87cb9a27729b5e0d3d00553d39d664,derived,,False,orphan_unresolved
results/stage6/generated_phase2_ad/CM_B_UM_057.json,55b9fde08ddab538a583ecfecced7fd4844b3956280e95bc885f30585e67e180,derived,,False,orphan_unresolved
results/stage6/generated_phase2_ad/CM_B_UM_058.json,02dce9fbd74334826ad799f6843f49b5e1e5967f1d632132f43738080a42f042,derived,,False,orphan_unresolved
results/stage6/generated_phase2_ad/CM_B_UM_059.json,b3b3bc3f6f44f8ec9cd360fc6a5a51e1f0756f54a0ceb2f557ca720df93e235f,derived,,False,orphan_unresolved
results/stage6/generated_phase2_ad/CM_B_UM_060.json,4f778e9408c221d52317775d18bc6428a5159280a500eb4c216bf3d5396f931a,derived,,False,orphan_unresolved
results/stage6/generated_phase2_ad/TH_B_UM_001.json,2cc7fb858bae93aa75621e9f9292a18cce6d1fa24a6116aba23d42fdb484f2bd,derived,,False,orphan_unresolved
results/stage6/generated_phase2_ad/TH_B_UM_002.json,73923a865ae1b8c842f8bdc31d17a8de7ec176a76bfc2f7703f4768e69e6f2be,derived,,False,orphan_unresolved
results/stage6/generated_phase2_ad/TH_B_UM_003.json,e6d5b833fdc73f6b4709930d0c85ff3b48a62c503a3c6e085410a6d8e441fbc1,derived,,False,orphan_unresolved
results/stage6/generated_phase2_ad/TH_B_UM_004.json,ebb9a6b980f71eebab849bf5feaef148be82167dc61f058fd2abab0331147e93,derived,,False,orphan_unresolved
results/stage6/generated_phase2_ad/TH_B_UM_005.json,dec31d345757f207ce21bd87eeac6924698814a13451fffa1ba41e22511ba0f3,derived,,False,orphan_unresolved
results/stage6/generated_phase2_ad/TH_B_UM_006.json,9df331376545a49e310ebbd5e3178285c4f46d15e31f4ff0941f6f02cdbf1d67,derived,,False,orphan_unresolved
results/stage6/generated_phase2_ad/TH_B_UM_007.json,9d60233ff490bf8fe902b96f9a7d6c83ecafb8ee465768fa909b3e606c044ba0,derived,,False,orphan_unresolved
results/stage6/generated_phase2_ad/TH_B_UM_008.json,b29ef2b81c2e088028ac9c28e8ac7e317702f99ccc8e79836f115d774f052e61,derived,,False,orphan_unresolved
results/stage6/generated_phase2_ad/TH_B_UM_009.json,08c62bd8bd3619749f1d8aacd018d6f433ecff79aa49b385097cc1b692f4a79d,derived,,False,orphan_unresolved
results/stage6/generated_phase2_ad/TH_B_UM_010.json,851213b29469015884eb3412de97d9633378b8df2d45807663cf4b307c504a95,derived,,False,orphan_unresolved
results/stage6/generated_phase2_bce/CM_A_STD_001.json,0cc08ae2b2a95bc3a207ba6c810eb5596e1011f75dae310898181425c1251211,derived,,False,orphan_unresolved
results/stage6/generated_phase2_bce/CM_A_STD_002.json,a94b9ae6d4a92d6013ea5f38f990086403161e2273f905541632eb69d19dd457,derived,,False,orphan_unresolved
results/stage6/generated_phase2_bce/CM_A_STD_003.json,148eadc79e4da17f8f9bfec918fe91ad469039254df891a8b44f484d7df104a1,derived,,False,orphan_unresolved
results/stage6/generated_phase2_bce/CM_A_STD_004.json,bc0b639cb710a8d35aa29743b04c392b938cd21b8a966f11f36d169ba0d0ecd4,derived,,False,orphan_unresolved
results/stage6/generated_phase2_bce/CM_A_STD_005.json,0250754f7b939f40fb43e5cdc9746c56b968833dc1372ecb00418146b9f7687c,derived,,False,orphan_unresolved
results/stage6/generated_phase2_bce/CM_A_STD_006.json,077aa516bbedc6ef0377cd4d934125d591671ee3b92d68b54e9fd55726eb2d49,derived,,False,orphan_unresolved
results/stage6/generated_phase2_bce/CM_A_STD_007.json,31e7873131bad4fcad1ef220259ad10824cc03d9433079630222f77f7e7471ee,derived,,False,orphan_unresolved
results/stage6/generated_phase2_bce/CM_A_STD_008.json,e41b551e0c55b0aafd4e10593899603b2063eea8263c0d848d3f6136ad7c3394,derived,,False,orphan_unresolved
results/stage6/generated_phase2_bce/CM_A_STD_009.json,c0fdf6753d14bca783bd0044903d64903eb2d249fcd81247855a326252e94d72,derived,,False,orphan_unresolved
results/stage6/generated_phase2_bce/CM_A_STD_010.json,3e3434f79bccfa663b0ff383244109cf37b216ccb0e247d5f0ede55f93fdfd11,derived,,False,orphan_unresolved
results/stage6/generated_phase2_bce/CM_A_STD_011.json,fc13bb284b28683c7e9569ec6a9c3cefd8361fc3f3d2f54a91b37171f8077972,derived,,False,orphan_unresolved
results/stage6/generated_phase2_bce/CM_A_STD_012.json,08dd61f1476b7e3033e8acbdc4993474f0a7262e41dd81aaaf786c5fed8ecc52,derived,,False,orphan_unresolved
results/stage6/generated_phase2_bce/CM_A_STD_013.json,18aeb0755fed974a3be3b5b272fed3e6089b65b05533a46acf7c5118481af0db,derived,,False,orphan_unresolved
results/stage6/generated_phase2_bce/CM_A_STD_014.json,79a749f47188c13a3202ebe5282fae70d02aa1fdeabe2cdd9e171347df832123,derived,,False,orphan_unresolved
results/stage6/generated_phase2_bce/CM_A_STD_015.json,4eafea7c13fdabebdc92a58c7b5db2b28cba6b21ab56276abb88e5aba5df3d00,derived,,False,orphan_unresolved
results/stage6/generated_phase2_bce/CM_A_STD_016.json,8ec4a487e572275249cb6625de90eef76152dbca2e098118666ebbfca33adb28,derived,,False,orphan_unresolved
results/stage6/generated_phase2_bce/CM_A_STD_017.json,fe418bbd0ccf5ebecc7f9afc7d5b5a9dac8534015fd306e75c215a325ae127db,derived,,False,orphan_unresolved
results/stage6/generated_phase2_bce/CM_A_STD_018.json,6fadb82589fbc47d41a17c1443e9c42cbaeb40c0e3e2fd7ddf9d5f0da29b45c7,derived,,False,orphan_unresolved
results/stage6/generated_phase2_bce/CM_A_STD_019.json,93238d4dbe681c0b76d3595f609b054958da9e89eee6757de10d6120d37553ff,derived,,False,orphan_unresolved
results/stage6/generated_phase2_bce/CM_A_STD_020.json,4f749cc1637183843bc385c8b194e0db2d5f2cbdc4791c70e4d81d4cbcf48545,derived,,False,orphan_unresolved
results/stage6/generated_phase2_bce/CM_B_STD_001.json,64efbdf4c82cab5e5171b69d4fc5bc5d08ad99057e07ecf44c5a0d2841dbedb6,derived,,False,orphan_unresolved
results/stage6/generated_phase2_bce/CM_B_STD_002.json,4bc1c1412352c069a1668ad3099cbfcff3a7d79b928d549f5545caae960cefed,derived,,False,orphan_unresolved
results/stage6/generated_phase2_bce/CM_B_STD_003.json,e51f1651a1edcf4fd9db0969f35a39a2a0e808a45913b52c3ffecb1786365a3d,derived,,False,orphan_unresolved
results/stage6/generated_phase2_bce/CM_B_STD_004.json,1b466d5c471cae090ab58ad3c9b6e5ddbfbca2933d04a784cf256081cb9ee9c9,derived,,False,orphan_unresolved
results/stage6/generated_phase2_bce/CM_B_STD_005.json,534c3e8707beb40ceb864718ececc28e9a620a1837e59d66f8a37d58fbafcb3b,derived,,False,orphan_unresolved
results/stage6/generated_phase2_bce/CM_B_STD_006.json,2d89b69e960b22bb30c231633ba3de30b82699ce1314826b475faaa40e5fba2f,derived,,False,orphan_unresolved
results/stage6/generated_phase2_bce/CM_B_STD_007.json,2be9ca4701e9596e1506f7ca52f2af4cd469098fef37080eff7b9f4a27bebfbf,derived,,False,orphan_unresolved
results/stage6/generated_phase2_bce/CM_B_STD_008.json,4d5fefaeb9722415cd1b826e6651d0b503e917ff43591980ded736eae8fa0879,derived,,False,orphan_unresolved
results/stage6/generated_phase2_bce/CM_B_STD_009.json,1427c794b95cd52d19407880e4a424863d4635c977f60e41c98062239730c3e8,derived,,False,orphan_unresolved
results/stage6/generated_phase2_bce/CM_B_STD_010.json,a15f269d7d4b240363a815b50cb897d60a7760817921060170e2904f1b2096ed,derived,,False,orphan_unresolved
results/stage6/generated_phase2_bce/CM_B_STD_011.json,3b377e0e425e907f3021ad2e581a4286cc2be427c24f9eca885f9cc75821be2f,derived,,False,orphan_unresolved
results/stage6/generated_phase2_bce/CM_B_STD_012.json,7fc174a07b7cc34df746a9741dbf127ef11d6501a52ecbcc6eee8e16cdc9aac0,derived,,False,orphan_unresolved
results/stage6/generated_phase2_bce/CM_B_STD_013.json,fcd3167c15d3a7e33b450fddb3879d66d62e9aa00d82d82f2ce4f3c6a54228e3,derived,,False,orphan_unresolved
results/stage6/generated_phase2_bce/CM_B_STD_014.json,0e2c55855204fee192a98b96bb98ac5ef836f58c8d0816a003796b65e82d1f10,derived,,False,orphan_unresolved
results/stage6/generated_phase2_bce/CM_B_STD_015.json,213f17aac1eda0ba8c012122770869477932725dbf233d45e7a427c33e5edbe4,derived,,False,orphan_unresolved
results/stage6/generated_phase2_bce/CM_C_001.json,f97cd95df66bfb800d0d412ff0261a6b3c1b47f23fe765cd98e7e9aad8d6e5b9,derived,,False,orphan_unresolved
results/stage6/generated_phase2_bce/CM_C_002.json,bcbed4c25008008cc4168c2c957958a0cdffd87d49683087a1add7c0b1438819,derived,,False,orphan_unresolved
results/stage6/generated_phase2_bce/CM_C_003.json,daec94fa418d0228b0b080fa6b14617e3712f0d673a7635a690cf397f3324bf3,derived,,False,orphan_unresolved
results/stage6/generated_phase2_bce/CM_C_004.json,572f9a83c6466b252d4641862745ec311123b391ffd892c4aa1f316ec4c9e03e,derived,,False,orphan_unresolved
results/stage6/generated_phase2_bce/CM_C_005.json,d4848da4ec78186b46a5fc72a0732b91304da8cd0f8ba600b0b36e57b2369902,derived,,False,orphan_unresolved
results/stage6/probing/domain_generalisation/layer_auroc_variance.json,2b5cc231380d3f567da796a9ca6ffc1e0cb3ba7486171bc18b23e688e5d674c9,derived,,False,orphan_unresolved
results/stage6/probing/domain_generalisation/layer_pearson_variance.json,62a286a447a8341d2e114baff245960e5a616b09e4fbd9396b4064708df9eb95,derived,,False,orphan_unresolved
results/stage6/probing/domain_generalisation/loo_predictions_variance.json,c7c8e7efc03eca81dc39794428282c3627aa82875eb11e8503364b80c84be8de,raw_or_record,,False,orphan_unresolved
results/stage6/probing/domain_generalisation/run_probing_events.jsonl,7b0eed694576df8467b4c7b62d7c1e00b58a60fb699b170ce1bbce1423062743,event_log,1,False,orphan_unresolved
results/stage6/probing/domain_generalisation/summary_variance.json,426d8959b0f16e7948592453459f7017cea9900bdd32c026ed059d0ba6be8ea5,summary,,False,orphan_unresolved
results/stage6/probing/llama_variance/layer_auroc_variance.json,363ebb8bd211aa386362f933b35aca7344ad1242ee644c7adf98c42ec2c01e1d,derived,,False,orphan_unresolved
results/stage6/probing/llama_variance/layer_pearson_variance.json,207bba4b9f8b6d27f4b371f816aa2a52ad852fe1d78c45831f6597d9642756a8,derived,,False,orphan_unresolved
results/stage6/probing/llama_variance/loo_predictions_variance.json,c54d6c0a806ff0c54ff26fdb1d17203065610ed9778105bb0656f56c13fc75b5,raw_or_record,,False,orphan_unresolved
results/stage6/probing/llama_variance/run_probing_events.jsonl,b9ef52af9b1e1b35cba34016154daa47a1588abe99cfbe4d14e05d5426b2b65c,event_log,1,False,orphan_unresolved
results/stage6/probing/llama_variance/summary_variance.json,22a79b839dcc6972645b3fc52e1ea401a63dfd121afe3c56c180a0b2248fffa9,summary,,False,orphan_unresolved
results/stage6/probing/mean_cue_token/layer_auroc_resid_post_cue_token.json,68c7ca29eff39463d43119e0e1c7a8ba2a5b077c1138de5f1812b33319b2708e,derived,,False,orphan_unresolved
results/stage6/probing/mean_cue_token/layer_pearson_resid_post_cue_token.json,98efe0bc3db6c264b5fc08a0c49d500bd930818626995e5f73696ef9cf756e08,derived,,False,orphan_unresolved
results/stage6/probing/mean_cue_token/loo_predictions_resid_post_cue_token.json,63b4135d65266d8ae239820456c18a9e570676872ba7874104d2b8aee8e0b6f5,raw_or_record,,False,orphan_unresolved
results/stage6/probing/mean_cue_token/run_probing_events.jsonl,c5a693500ffb27eb8a94605abd3e9c5661c197f588993b7dea43c23bdb004d6b,event_log,1,False,orphan_unresolved
results/stage6/probing/mean_cue_token/summary_resid_post_cue_token.json,486b27967a73c6acd139277e8494d028e3ef36f3d170e4a89871d7dca98e5724,summary,,False,orphan_unresolved
results/stage6/probing/primary_variance/layer_auroc_variance.json,4b2341552fcb230c2865d00f38c6918b3763871aefc56585004379aef25ed651,derived,,False,orphan_unresolved
results/stage6/probing/primary_variance/layer_pearson_variance.json,d33771aa326dc3a3fae883c448212a9ddc71680beeb864ff546d885f61e8d943,derived,,False,orphan_unresolved
results/stage6/probing/primary_variance/run_probing_events.jsonl,901ae770945514300d519b11753d4b3e0ea75a76bf2a026b35dd57bf391b4d83,event_log,1,False,orphan_unresolved
results/stage6/probing/variance_ensemble/loo_predictions_variance_ensemble.json,7b77de3b7f3191a4380b1d3a9381320ce180b25e769403fc09489f96ee19eab2,raw_or_record,,False,orphan_unresolved
results/stage6/probing/variance_ensemble/run_probing_events.jsonl,1c8b801d8dd44734a5774ab8f3d27efb6d03e5a0627382505583872a8aad6721,event_log,1,False,orphan_unresolved
results/stage6/probing/variance_ensemble/summary_variance_ensemble.json,1153c7ffb532f2547459b93ef721c6f9101177a130a254c1c1b348bcc443c31a,summary,,False,orphan_unresolved
results/stage6/probing/variance_ensemble_no_cue_c/loo_predictions_variance_ensemble.json,b64007bb3ccdb535807ee20aceec45b3c42bd11ec167aa0ec761fd4ce106f17f,raw_or_record,,False,orphan_unresolved
results/stage6/probing/variance_ensemble_no_cue_c/run_probing_events.jsonl,f23e31bd11d2e9f73be54aaa673a8b486dff26e7e6d99478874f9ccc6428a187,event_log,1,False,orphan_unresolved
results/stage6/probing/variance_ensemble_no_cue_c/summary_variance_ensemble.json,90be4dab004c62f54ea1a1cad197fedc1b5c041ac2e31a477582e3386fc98ef9,summary,,False,orphan_unresolved
results/stage6/probing/variance_mlp/layer_auroc_variance_mlp.json,73a696e8e0af069c82af477cd1282ab0d554892f6d9f9f04f7f95e71cab78b5e,derived,,False,orphan_unresolved
results/stage6/probing/variance_mlp/loo_predictions_variance_mlp.json,d2a813de50cf23755ef8f681a1e48775a3618037109dc4252d17f35ffea0b4f6,raw_or_record,,False,orphan_unresolved
results/stage6/probing/variance_mlp/run_probing_events.jsonl,33cbfa6edf5e683f1c5406d3322516f4d403c4519546dc6eed6648504068d737,event_log,1,False,orphan_unresolved
results/stage6/probing/variance_mlp/summary_variance_mlp.json,d5dd1acc5af68f0e79d14bbdba2e91a2d6bfe9612f73129bc50dab7879a0dc5e,summary,,False,orphan_unresolved
results/stage6/probing/variance_no_cue_c/layer_auroc_variance.json,a8bf0c47c18df979836ae293d704c3bf9904416afed7241361569780fe93b5f7,derived,,False,orphan_unresolved
results/stage6/probing/variance_no_cue_c/layer_pearson_variance.json,836de4af8cd2e566ab1693dbec369823073fd8ca840f31aa0ccf67e8baeea9f7,derived,,False,orphan_unresolved
results/stage6/probing/variance_no_cue_c/loo_predictions_variance.json,660ba77c19dc5196f6d4a10a34d2d4958a78cf40d57b2f6fcee916855adc0cf9,raw_or_record,,False,orphan_unresolved
results/stage6/probing/variance_no_cue_c/run_probing_events.jsonl,6aed3911fb7644f0a0f81bb2eabb54c6124f3e10c2b1637e88fae5c79d8472a1,event_log,1,False,orphan_unresolved
results/stage6/probing/variance_no_cue_c/summary_variance.json,b0f1b38abf7f4f41871d7417733f8ab9d026b998aebaa1357f3d57b34073e593,summary,,False,orphan_unresolved
results/stage6/render_all_templates_events.jsonl,e5de6b8811b508806b43dc0fb36fb1c378c2df76741f0f2b1696120a49869f68,event_log,56,False,orphan_unresolved
results/stage6/render_phase1_full_summary.json,e72567565fbd16f30409046d25d7aad0db00a9680286311f317ef73106db1ab0,summary,,False,orphan_unresolved
results/stage6/render_phase1_partial_summary.json,108dfc3e7a225e4419643a930554b7b141c5b945773ceba3fd8ccba9e630a13f,summary,,False,orphan_unresolved
results/stage6/render_phase2_ad/CM_B_UM_041.json,3e55b7b16cf6ac23379a992253b4b2d1762db2d4ca2cf1c6b3732dcfb64c63da,derived,,False,orphan_unresolved
results/stage6/render_phase2_ad/CM_B_UM_042.json,3e55b7b16cf6ac23379a992253b4b2d1762db2d4ca2cf1c6b3732dcfb64c63da,derived,,False,orphan_unresolved
results/stage6/render_phase2_ad/CM_B_UM_043.json,3e55b7b16cf6ac23379a992253b4b2d1762db2d4ca2cf1c6b3732dcfb64c63da,derived,,False,orphan_unresolved
results/stage6/render_phase2_ad/CM_B_UM_044.json,3e55b7b16cf6ac23379a992253b4b2d1762db2d4ca2cf1c6b3732dcfb64c63da,derived,,False,orphan_unresolved
results/stage6/render_phase2_ad/CM_B_UM_045.json,3e55b7b16cf6ac23379a992253b4b2d1762db2d4ca2cf1c6b3732dcfb64c63da,derived,,False,orphan_unresolved
results/stage6/render_phase2_ad/CM_B_UM_046.json,3e55b7b16cf6ac23379a992253b4b2d1762db2d4ca2cf1c6b3732dcfb64c63da,derived,,False,orphan_unresolved
results/stage6/render_phase2_ad/CM_B_UM_047.json,3e55b7b16cf6ac23379a992253b4b2d1762db2d4ca2cf1c6b3732dcfb64c63da,derived,,False,orphan_unresolved
results/stage6/render_phase2_ad/CM_B_UM_048.json,3e55b7b16cf6ac23379a992253b4b2d1762db2d4ca2cf1c6b3732dcfb64c63da,derived,,False,orphan_unresolved
results/stage6/render_phase2_ad/CM_B_UM_049.json,3e55b7b16cf6ac23379a992253b4b2d1762db2d4ca2cf1c6b3732dcfb64c63da,derived,,False,orphan_unresolved
results/stage6/render_phase2_ad/CM_B_UM_050.json,3e55b7b16cf6ac23379a992253b4b2d1762db2d4ca2cf1c6b3732dcfb64c63da,derived,,False,orphan_unresolved
results/stage6/render_phase2_ad/CM_B_UM_051.json,3e55b7b16cf6ac23379a992253b4b2d1762db2d4ca2cf1c6b3732dcfb64c63da,derived,,False,orphan_unresolved
results/stage6/render_phase2_ad/CM_B_UM_052.json,3e55b7b16cf6ac23379a992253b4b2d1762db2d4ca2cf1c6b3732dcfb64c63da,derived,,False,orphan_unresolved
results/stage6/render_phase2_ad/CM_B_UM_053.json,3e55b7b16cf6ac23379a992253b4b2d1762db2d4ca2cf1c6b3732dcfb64c63da,derived,,False,orphan_unresolved
results/stage6/render_phase2_ad/CM_B_UM_054.json,3e55b7b16cf6ac23379a992253b4b2d1762db2d4ca2cf1c6b3732dcfb64c63da,derived,,False,orphan_unresolved
results/stage6/render_phase2_ad/CM_B_UM_055.json,3e55b7b16cf6ac23379a992253b4b2d1762db2d4ca2cf1c6b3732dcfb64c63da,derived,,False,orphan_unresolved
results/stage6/render_phase2_ad/CM_B_UM_056.json,3e55b7b16cf6ac23379a992253b4b2d1762db2d4ca2cf1c6b3732dcfb64c63da,derived,,False,orphan_unresolved
results/stage6/render_phase2_ad/CM_B_UM_057.json,3e55b7b16cf6ac23379a992253b4b2d1762db2d4ca2cf1c6b3732dcfb64c63da,derived,,False,orphan_unresolved
results/stage6/render_phase2_ad/CM_B_UM_058.json,3e55b7b16cf6ac23379a992253b4b2d1762db2d4ca2cf1c6b3732dcfb64c63da,derived,,False,orphan_unresolved
results/stage6/render_phase2_ad/CM_B_UM_059.json,3e55b7b16cf6ac23379a992253b4b2d1762db2d4ca2cf1c6b3732dcfb64c63da,derived,,False,orphan_unresolved
results/stage6/render_phase2_ad/CM_B_UM_060.json,3e55b7b16cf6ac23379a992253b4b2d1762db2d4ca2cf1c6b3732dcfb64c63da,derived,,False,orphan_unresolved
results/stage6/render_phase2_ad/TH_B_UM_001.json,3e55b7b16cf6ac23379a992253b4b2d1762db2d4ca2cf1c6b3732dcfb64c63da,derived,,False,orphan_unresolved
results/stage6/render_phase2_ad/TH_B_UM_002.json,3e55b7b16cf6ac23379a992253b4b2d1762db2d4ca2cf1c6b3732dcfb64c63da,derived,,False,orphan_unresolved
results/stage6/render_phase2_ad/TH_B_UM_003.json,3e55b7b16cf6ac23379a992253b4b2d1762db2d4ca2cf1c6b3732dcfb64c63da,derived,,False,orphan_unresolved
results/stage6/render_phase2_ad/TH_B_UM_004.json,3e55b7b16cf6ac23379a992253b4b2d1762db2d4ca2cf1c6b3732dcfb64c63da,derived,,False,orphan_unresolved
results/stage6/render_phase2_ad/TH_B_UM_005.json,3e55b7b16cf6ac23379a992253b4b2d1762db2d4ca2cf1c6b3732dcfb64c63da,derived,,False,orphan_unresolved
results/stage6/render_phase2_ad/TH_B_UM_006.json,3e55b7b16cf6ac23379a992253b4b2d1762db2d4ca2cf1c6b3732dcfb64c63da,derived,,False,orphan_unresolved
results/stage6/render_phase2_ad/TH_B_UM_007.json,3e55b7b16cf6ac23379a992253b4b2d1762db2d4ca2cf1c6b3732dcfb64c63da,derived,,False,orphan_unresolved
results/stage6/render_phase2_ad/TH_B_UM_008.json,3e55b7b16cf6ac23379a992253b4b2d1762db2d4ca2cf1c6b3732dcfb64c63da,derived,,False,orphan_unresolved
results/stage6/render_phase2_ad/TH_B_UM_009.json,3e55b7b16cf6ac23379a992253b4b2d1762db2d4ca2cf1c6b3732dcfb64c63da,derived,,False,orphan_unresolved
results/stage6/render_phase2_ad/TH_B_UM_010.json,3e55b7b16cf6ac23379a992253b4b2d1762db2d4ca2cf1c6b3732dcfb64c63da,derived,,False,orphan_unresolved
results/stage6/render_phase2_ad/phase2_ad_render_summary.json,eef5d75d3e47768c74470a9efa4969eb45611c689bdcaa752caa3266b08392a5,summary,,False,orphan_unresolved
results/stage6/render_phase2_ad/render_all_templates_events.jsonl,e583e7a869be4daeab07aaa881dda35da4d93338f6baaad2e14788b93b8e2b7b,event_log,64,False,orphan_unresolved
results/stage6/render_phase2_bce/CM_A_STD_001.json,3e55b7b16cf6ac23379a992253b4b2d1762db2d4ca2cf1c6b3732dcfb64c63da,derived,,False,orphan_unresolved
results/stage6/render_phase2_bce/CM_A_STD_002.json,3e55b7b16cf6ac23379a992253b4b2d1762db2d4ca2cf1c6b3732dcfb64c63da,derived,,False,orphan_unresolved
results/stage6/render_phase2_bce/CM_A_STD_003.json,3e55b7b16cf6ac23379a992253b4b2d1762db2d4ca2cf1c6b3732dcfb64c63da,derived,,False,orphan_unresolved
results/stage6/render_phase2_bce/CM_A_STD_004.json,3e55b7b16cf6ac23379a992253b4b2d1762db2d4ca2cf1c6b3732dcfb64c63da,derived,,False,orphan_unresolved
results/stage6/render_phase2_bce/CM_A_STD_005.json,3e55b7b16cf6ac23379a992253b4b2d1762db2d4ca2cf1c6b3732dcfb64c63da,derived,,False,orphan_unresolved
results/stage6/render_phase2_bce/CM_A_STD_006.json,3e55b7b16cf6ac23379a992253b4b2d1762db2d4ca2cf1c6b3732dcfb64c63da,derived,,False,orphan_unresolved
results/stage6/render_phase2_bce/CM_A_STD_007.json,3e55b7b16cf6ac23379a992253b4b2d1762db2d4ca2cf1c6b3732dcfb64c63da,derived,,False,orphan_unresolved
results/stage6/render_phase2_bce/CM_A_STD_008.json,3e55b7b16cf6ac23379a992253b4b2d1762db2d4ca2cf1c6b3732dcfb64c63da,derived,,False,orphan_unresolved
results/stage6/render_phase2_bce/CM_A_STD_009.json,3e55b7b16cf6ac23379a992253b4b2d1762db2d4ca2cf1c6b3732dcfb64c63da,derived,,False,orphan_unresolved
results/stage6/render_phase2_bce/CM_A_STD_010.json,3e55b7b16cf6ac23379a992253b4b2d1762db2d4ca2cf1c6b3732dcfb64c63da,derived,,False,orphan_unresolved
results/stage6/render_phase2_bce/CM_A_STD_011.json,3e55b7b16cf6ac23379a992253b4b2d1762db2d4ca2cf1c6b3732dcfb64c63da,derived,,False,orphan_unresolved
results/stage6/render_phase2_bce/CM_A_STD_012.json,3e55b7b16cf6ac23379a992253b4b2d1762db2d4ca2cf1c6b3732dcfb64c63da,derived,,False,orphan_unresolved
results/stage6/render_phase2_bce/CM_A_STD_013.json,3e55b7b16cf6ac23379a992253b4b2d1762db2d4ca2cf1c6b3732dcfb64c63da,derived,,False,orphan_unresolved
results/stage6/render_phase2_bce/CM_A_STD_014.json,3e55b7b16cf6ac23379a992253b4b2d1762db2d4ca2cf1c6b3732dcfb64c63da,derived,,False,orphan_unresolved
results/stage6/render_phase2_bce/CM_A_STD_015.json,3e55b7b16cf6ac23379a992253b4b2d1762db2d4ca2cf1c6b3732dcfb64c63da,derived,,False,orphan_unresolved
results/stage6/render_phase2_bce/CM_A_STD_016.json,3e55b7b16cf6ac23379a992253b4b2d1762db2d4ca2cf1c6b3732dcfb64c63da,derived,,False,orphan_unresolved
results/stage6/render_phase2_bce/CM_A_STD_017.json,3e55b7b16cf6ac23379a992253b4b2d1762db2d4ca2cf1c6b3732dcfb64c63da,derived,,False,orphan_unresolved
results/stage6/render_phase2_bce/CM_A_STD_018.json,3e55b7b16cf6ac23379a992253b4b2d1762db2d4ca2cf1c6b3732dcfb64c63da,derived,,False,orphan_unresolved
results/stage6/render_phase2_bce/CM_A_STD_019.json,3e55b7b16cf6ac23379a992253b4b2d1762db2d4ca2cf1c6b3732dcfb64c63da,derived,,False,orphan_unresolved
results/stage6/render_phase2_bce/CM_A_STD_020.json,3e55b7b16cf6ac23379a992253b4b2d1762db2d4ca2cf1c6b3732dcfb64c63da,derived,,False,orphan_unresolved
results/stage6/render_phase2_bce/CM_B_STD_001.json,3e55b7b16cf6ac23379a992253b4b2d1762db2d4ca2cf1c6b3732dcfb64c63da,derived,,False,orphan_unresolved
results/stage6/render_phase2_bce/CM_B_STD_002.json,3e55b7b16cf6ac23379a992253b4b2d1762db2d4ca2cf1c6b3732dcfb64c63da,derived,,False,orphan_unresolved
results/stage6/render_phase2_bce/CM_B_STD_003.json,3e55b7b16cf6ac23379a992253b4b2d1762db2d4ca2cf1c6b3732dcfb64c63da,derived,,False,orphan_unresolved
results/stage6/render_phase2_bce/CM_B_STD_004.json,3e55b7b16cf6ac23379a992253b4b2d1762db2d4ca2cf1c6b3732dcfb64c63da,derived,,False,orphan_unresolved
results/stage6/render_phase2_bce/CM_B_STD_005.json,3e55b7b16cf6ac23379a992253b4b2d1762db2d4ca2cf1c6b3732dcfb64c63da,derived,,False,orphan_unresolved
results/stage6/render_phase2_bce/CM_B_STD_006.json,3e55b7b16cf6ac23379a992253b4b2d1762db2d4ca2cf1c6b3732dcfb64c63da,derived,,False,orphan_unresolved
results/stage6/render_phase2_bce/CM_B_STD_007.json,3e55b7b16cf6ac23379a992253b4b2d1762db2d4ca2cf1c6b3732dcfb64c63da,derived,,False,orphan_unresolved
results/stage6/render_phase2_bce/CM_B_STD_008.json,3e55b7b16cf6ac23379a992253b4b2d1762db2d4ca2cf1c6b3732dcfb64c63da,derived,,False,orphan_unresolved
results/stage6/render_phase2_bce/CM_B_STD_009.json,3e55b7b16cf6ac23379a992253b4b2d1762db2d4ca2cf1c6b3732dcfb64c63da,derived,,False,orphan_unresolved
results/stage6/render_phase2_bce/CM_B_STD_010.json,3e55b7b16cf6ac23379a992253b4b2d1762db2d4ca2cf1c6b3732dcfb64c63da,derived,,False,orphan_unresolved
results/stage6/render_phase2_bce/CM_B_STD_011.json,3e55b7b16cf6ac23379a992253b4b2d1762db2d4ca2cf1c6b3732dcfb64c63da,derived,,False,orphan_unresolved
results/stage6/render_phase2_bce/CM_B_STD_012.json,3e55b7b16cf6ac23379a992253b4b2d1762db2d4ca2cf1c6b3732dcfb64c63da,derived,,False,orphan_unresolved
results/stage6/render_phase2_bce/CM_B_STD_013.json,3e55b7b16cf6ac23379a992253b4b2d1762db2d4ca2cf1c6b3732dcfb64c63da,derived,,False,orphan_unresolved
results/stage6/render_phase2_bce/CM_B_STD_014.json,3e55b7b16cf6ac23379a992253b4b2d1762db2d4ca2cf1c6b3732dcfb64c63da,derived,,False,orphan_unresolved
results/stage6/render_phase2_bce/CM_B_STD_015.json,3e55b7b16cf6ac23379a992253b4b2d1762db2d4ca2cf1c6b3732dcfb64c63da,derived,,False,orphan_unresolved
results/stage6/render_phase2_bce/CM_C_001.json,3e55b7b16cf6ac23379a992253b4b2d1762db2d4ca2cf1c6b3732dcfb64c63da,derived,,False,orphan_unresolved
results/stage6/render_phase2_bce/CM_C_002.json,3e55b7b16cf6ac23379a992253b4b2d1762db2d4ca2cf1c6b3732dcfb64c63da,derived,,False,orphan_unresolved
results/stage6/render_phase2_bce/CM_C_003.json,3e55b7b16cf6ac23379a992253b4b2d1762db2d4ca2cf1c6b3732dcfb64c63da,derived,,False,orphan_unresolved
results/stage6/render_phase2_bce/CM_C_004.json,3e55b7b16cf6ac23379a992253b4b2d1762db2d4ca2cf1c6b3732dcfb64c63da,derived,,False,orphan_unresolved
results/stage6/render_phase2_bce/CM_C_005.json,3e55b7b16cf6ac23379a992253b4b2d1762db2d4ca2cf1c6b3732dcfb64c63da,derived,,False,orphan_unresolved
results/stage6/render_phase2_bce/phase2_bce_render_summary.json,7ca511e0f19eaffb919d9e986d847b2b36922e1482a7f5e478b06bdb521a2214,summary,,False,orphan_unresolved
results/stage6/render_phase2_bce/render_all_templates_events.jsonl,38d5a284537bfdaf441f44293ccd757961bcb3da7f58c53dc71d15ec6d640cce,event_log,123,False,orphan_unresolved
results/stage6/render_phase2_bce/render_summary_bce_frame_refresh.json,d3d884e24761c33b5e685dd704bf07daeb5b7b8810bc4b60facfc0fb4fdb6c6d,summary,,False,orphan_unresolved
results/stage6/render_phase2_bce/render_summary_bce_standard_cuea_refresh.json,b4cc85a735832dbd2edc4086bf0b9f6f572fa3eeae26e1fd9edf2b7c33b3e2e2,summary,,False,orphan_unresolved
results/stage6/render_phase2_bce/render_summary_bce_standard_cueb_refresh.json,08da079fbac68088c39d451f354493e85f22f833e128bdeb55a8d6316c26bd8e,summary,,False,orphan_unresolved
results/stage6/verification/CM_B_UM_001.json,83e4e6501d7766d7afd4712cb3c2d5a5f462a186eb649e374187bebebef670e3,derived,,False,orphan_unresolved
results/stage6/verification/CM_B_UM_002.json,67eccf19d4e5308e79c4d7c1c7ffebe1c11229eac53fddfb1a7d4d3de7ed8630,derived,,False,orphan_unresolved
results/stage6/verification/CM_B_UM_003.json,ba0448bae4216e55df0e8f36170e3dae2ca917b927d17b295c77cd4d7087221c,derived,,False,orphan_unresolved
results/stage6/verification/CM_B_UM_004.json,e4e6784843c212ea5f592ee9397abbb553ae1e48b3da0014212edb9e34759f7a,derived,,False,orphan_unresolved
results/stage6/verification/CM_B_UM_005.json,a687086eaee65170d751bd767e4ac708b965f1f222be33d551a04fda1875e922,derived,,False,orphan_unresolved
results/stage6/verification/CM_B_UM_006.json,5c55d334602da437dcd0d9447169970c768a545dc7f477fa4b6ed0c874de0eb7,derived,,False,orphan_unresolved
results/stage6/verification/CM_B_UM_007.json,4667ff4e7c450a376ab0d127a0095b48b818ac5cbb06507b53a09195a431f699,derived,,False,orphan_unresolved
results/stage6/verification/CM_B_UM_008.json,34442e605eb75bc30e951f3d5a2d1771b021c37c6b21a8b73e93cfbf9fb3e243,derived,,False,orphan_unresolved
results/stage6/verification/CM_B_UM_009.json,60068019abe4d68c96a7b9ef6f8df252178d2dda1fcfc8b8bc95991050704b20,derived,,False,orphan_unresolved
results/stage6/verification/CM_B_UM_010.json,5dea6020b17c2ea9cfbb042c6e1e3e12158b986c36b350ee531a8bf3daa9c12d,derived,,False,orphan_unresolved
results/stage6/verification/CM_B_UM_011.json,3b725d3c69dc0fe5202c82ab8aded429218d04695e94982ce9c8a5dbbcaccd03,derived,,False,orphan_unresolved
results/stage6/verification/CM_B_UM_012.json,1c5255d128e79998b706358476b38a272ec977d5fd3861b7b1dc807879324da3,derived,,False,orphan_unresolved
results/stage6/verification/CM_B_UM_013.json,b337b2c3451e4f300bdb3a52320f1ea3ca5a7c25708c30ad4ec7b8cb0d084e42,derived,,False,orphan_unresolved
results/stage6/verification/CM_B_UM_014.json,68c18c00df98b6ca2cce46bb15174c2d8b2e42ea10ea62155a8faea953eae860,derived,,False,orphan_unresolved
results/stage6/verification/CM_B_UM_015.json,b59e55faaf960b478363f08cdb5b094009c92478ec77697e16404bc28523f115,derived,,False,orphan_unresolved
results/stage6/verification/CM_B_UM_016.json,f7a33b4dd03001722f064334a52370b94a19728bd7505f63a9463627a12dc11f,derived,,False,orphan_unresolved
results/stage6/verification/CM_B_UM_017.json,a452b747a0c28f9baa037e76bdf0765f845e8b03b1dbbfbbf6cb7efc721498f5,derived,,False,orphan_unresolved
results/stage6/verification/CM_B_UM_018.json,92f84792acddb1301a397bd044e8128c0815499ef3e3c23f1001e67345e11623,derived,,False,orphan_unresolved
results/stage6/verification/CM_B_UM_019.json,83bb05b809acc616dea7f36be14cc3e7c38c7db0b902d47dc84c75fc3a2ae6d9,derived,,False,orphan_unresolved
results/stage6/verification/CM_B_UM_020.json,361ea71aef550cfd14bd78009dc3dd557583f51dc4ee7de1658a129e16fda0de,derived,,False,orphan_unresolved
results/stage6/verification/CM_B_UM_021.json,742aba960a2b0a677be59b89f3bcfed98077b2a44f95f5a33d816290d6845fa1,derived,,False,orphan_unresolved
results/stage6/verification/CM_B_UM_022.json,51fe4f70d8280cc7c6e54fdba682262ae0ed12abd3e9dc5251a9b0930ce64a27,derived,,False,orphan_unresolved
results/stage6/verification/CM_B_UM_023.json,8d2b4f727bd4e42e9ceba0b792936454a6f889bc933f11d11c8994748aa8b525,derived,,False,orphan_unresolved
results/stage6/verification/CM_B_UM_024.json,5b4db7d5d671f6f9a5a1c3790d51dc890aac0ee1e228da2bfd6d25eb7c733235,derived,,False,orphan_unresolved
results/stage6/verification/CM_B_UM_025.json,f5b8dfc94ec295107319433bb13baafe7a12e062505257d347520f4cf7f868a7,derived,,False,orphan_unresolved
results/stage6/verification/CM_B_UM_026.json,4c88ba39a2781aa9657d58870a91627a4d88c9a9025d949cfb310792a5191477,derived,,False,orphan_unresolved
results/stage6/verification/CM_B_UM_027.json,f916a97b0c2b4ee7761146dc283ac3301860cd76db73d2fd58f9c5fe4ce8faa0,derived,,False,orphan_unresolved
results/stage6/verification/CM_B_UM_028.json,b4aad173109f82fb1d17386437d9a43694d09a3966756fd18bcf66fa5c21541e,derived,,False,orphan_unresolved
results/stage6/verification/CM_B_UM_029.json,791e4bed447004728fd6ed882c75541bc0a6341b1710321227d0e7a254f4bbdd,derived,,False,orphan_unresolved
results/stage6/verification/CM_B_UM_030.json,e7cd4249fbcb838fa64a19463a03b56c60c0aab6cfbcfa5cf5882678687d5438,derived,,False,orphan_unresolved
results/stage6/verification/CM_B_UM_031.json,ae3935f576d16eeb1c95cb16c2c04a582484fb50be70de14706812cc6e81420a,derived,,False,orphan_unresolved
results/stage6/verification/CM_B_UM_032.json,b60feb817d1af8ccc64d9827e4deaff6230433998c5f666a7bd1cdbd65709661,derived,,False,orphan_unresolved
results/stage6/verification/CM_B_UM_033.json,6bda3dd98a28a3d00519028fbb5a3021b2022cc038c9d285c228b90b35a9795b,derived,,False,orphan_unresolved
results/stage6/verification/CM_B_UM_034.json,2d22fc4e2396bb83b5e0fecfda885e439513519643dffbb218e85c4b762aff5f,derived,,False,orphan_unresolved
results/stage6/verification/CM_B_UM_035.json,999c09f266a996691d9f4c8e301ff416f5b7783b0c9919c1a76ab72872f9ea76,derived,,False,orphan_unresolved
results/stage6/verification/CM_B_UM_036.json,11db24790581f40352b7f25c4392bdc55bbb6f4ee1803accb64c8102640dc02b,derived,,False,orphan_unresolved
results/stage6/verification/CM_B_UM_037.json,8543a5ff53ada847f566aba6278f586b1a0ed85df8ac8f8731e5cf7b12e2015d,derived,,False,orphan_unresolved
results/stage6/verification/CM_B_UM_038.json,aa266f7729c563ab44de9f851ca23d38fe9185f0a63b8173eb98d04f06a73dde,derived,,False,orphan_unresolved
results/stage6/verification/CM_B_UM_039.json,0fb1d630ffa3037cc282de57bdbc2bc8ea9c01cae460e1fa2cb22d068e4758a0,derived,,False,orphan_unresolved
results/stage6/verification/CM_B_UM_040.json,a708e9130bfabbe742a54841a3f000b556e0089426d707869c372518bb2ae5c2,derived,,False,orphan_unresolved
results/stage6/verification_phase2_ad/CM_B_UM_041.json,fe1b36c4feb311de76fe372dd894095928bbec44d0286d036fbbcd3dd3eee67c,derived,,False,orphan_unresolved
results/stage6/verification_phase2_ad/CM_B_UM_042.json,45c43b4953c2868d36ba421d0ba8a498d4b462ffeb000c0a32e2d8feabfa5dc2,derived,,False,orphan_unresolved
results/stage6/verification_phase2_ad/CM_B_UM_043.json,7bb8420d53b3eb17c65c4def2df1991393fae4339f7b62c31e1069af5dfae334,derived,,False,orphan_unresolved
results/stage6/verification_phase2_ad/CM_B_UM_044.json,8d98ba11a7cb2e7b14d538b241f81f10cd553be1758a56b160087944c0d885a2,derived,,False,orphan_unresolved
results/stage6/verification_phase2_ad/CM_B_UM_045.json,220fdfdda2c1f85c562450dc9c696acad52847814b1760828f688a69c64f4a2b,derived,,False,orphan_unresolved
results/stage6/verification_phase2_ad/CM_B_UM_046.json,115e42e764af1950aafda669a7561d2f08d5c0e85936e50681130cbb6afa3a04,derived,,False,orphan_unresolved
results/stage6/verification_phase2_ad/CM_B_UM_047.json,2fadd788bf0f155ccb8ce58c61dbdd57880aa96abd0c0295fe20fc642add2809,derived,,False,orphan_unresolved
results/stage6/verification_phase2_ad/CM_B_UM_048.json,9ce908372dc6013678fb3a2d593b4a1794df53793a4d48a34b81846aac906339,derived,,False,orphan_unresolved
results/stage6/verification_phase2_ad/CM_B_UM_049.json,74c25748c76ef9259c80234fd1353c4097ec7d3e518989e9969dc3c5185d0c58,derived,,False,orphan_unresolved
results/stage6/verification_phase2_ad/CM_B_UM_050.json,d5d5b8629a7a2b60a4297c7a8d6823968e654c27e3e9d49e1e9d250ae5e344ee,derived,,False,orphan_unresolved
results/stage6/verification_phase2_ad/CM_B_UM_051.json,763e0533b8d115d0a46700ea5801aa8d4b2a134377417c5ac249f78ab1afdc0d,derived,,False,orphan_unresolved
results/stage6/verification_phase2_ad/CM_B_UM_052.json,9dfefdc2bf2d28b03fd9ee8839329362da2d66c793a1b13e28a8ffaade6f9d56,derived,,False,orphan_unresolved
results/stage6/verification_phase2_ad/CM_B_UM_053.json,0b912d7f60da19ccce6497d9f82315719a9480c3b4a51736940b8761371704cd,derived,,False,orphan_unresolved
results/stage6/verification_phase2_ad/CM_B_UM_054.json,6091376293d1fdafd1da43f58a1300b544cb99dd026bda0dfdb67dadd6a0c958,derived,,False,orphan_unresolved
results/stage6/verification_phase2_ad/CM_B_UM_055.json,9cf6319bd7e367f29d88cd14a26267ad4b8808ec1ed2e718efb1c42b5d26dafd,derived,,False,orphan_unresolved
results/stage6/verification_phase2_ad/CM_B_UM_056.json,bbde7f96861e9d08f586e7d42f3b12fc92ede3e5438d812abcfa7b47484a6a0d,derived,,False,orphan_unresolved
results/stage6/verification_phase2_ad/CM_B_UM_057.json,a2172a4125c6dd82c7a9b14569fb6ba9716d61663277db9fb98344589c75c3fc,derived,,False,orphan_unresolved
results/stage6/verification_phase2_ad/CM_B_UM_058.json,71361e0635dd42474c98b8f579783d6f8c9e954c4a73f360169ddb689dc99ceb,derived,,False,orphan_unresolved
results/stage6/verification_phase2_ad/CM_B_UM_059.json,bf2412ffda6200d6202655b7a3c1800f9b0033e845ba61f57f882786caabfb0e,derived,,False,orphan_unresolved
results/stage6/verification_phase2_ad/CM_B_UM_060.json,2e5cbde4ba9344ed7f2319dfaedb5f71efab792552ce4959f755643ea3fbdadd,derived,,False,orphan_unresolved
results/stage6/verification_phase2_ad/TH_B_UM_001.json,9bc34e4f725c1d6b8f2e84b528a377c2494d4f33790e9fd1d84d62aa13a4e63a,derived,,False,orphan_unresolved
results/stage6/verification_phase2_ad/TH_B_UM_002.json,74b50359aeb782a23ae374414caf13af0e989cf218ce19432bccb405e35b232e,derived,,False,orphan_unresolved
results/stage6/verification_phase2_ad/TH_B_UM_003.json,dbcb771e51f46c3bbe3f7105a3e6ddfa035e8faae2ac92cd430ae98bc4014abb,derived,,False,orphan_unresolved
results/stage6/verification_phase2_ad/TH_B_UM_004.json,05297a69b9e9ce9539226d4de0ded688ef94f36c9819679565528e195a9fb80b,derived,,False,orphan_unresolved
results/stage6/verification_phase2_ad/TH_B_UM_005.json,9ab645c0b85c4b128bdeee77e5e1f021a3fbb03690e07da35fb2c10ac3baaecd,derived,,False,orphan_unresolved
results/stage6/verification_phase2_ad/TH_B_UM_006.json,c4f85476ebc4985e3e125239b82fcca5bc2c2d97604f232c1f56e4d8c5dd218f,derived,,False,orphan_unresolved
results/stage6/verification_phase2_ad/TH_B_UM_007.json,06a3afcb902bdb956691935d5dc5220e3645a37bd544d8a5ab497bd7268f5e9e,derived,,False,orphan_unresolved
results/stage6/verification_phase2_ad/TH_B_UM_008.json,b0c1e3d9be2197e8100dc98e647beca22ac15b79143d46e503b32919ecb412eb,derived,,False,orphan_unresolved
results/stage6/verification_phase2_ad/TH_B_UM_009.json,202bc90338b47f2262a9f2521ee71e154a29d9acaf1d31e98c8cdcf943056e96,derived,,False,orphan_unresolved
results/stage6/verification_phase2_ad/TH_B_UM_010.json,14c61682943912ca26f6ac1880e1680402a1811db924d37fbebe5314395c8894,derived,,False,orphan_unresolved
results/stage6/verification_phase2_bce/CM_A_STD_001.json,4bfcbfd15b579b7879bf9ade9831c3adbc0ab0bab61176d864243b7bc76df748,derived,,False,orphan_unresolved
results/stage6/verification_phase2_bce/CM_A_STD_002.json,3b5d869ee55182d042327a1dafd9a8c770f73d320e8d9ba8476b783dbf6d55d8,derived,,False,orphan_unresolved
results/stage6/verification_phase2_bce/CM_A_STD_003.json,6b5849211e8f29568fa566ffb75f7fbe9031794c4aa8ad23b338d7e5e6d27c0e,derived,,False,orphan_unresolved
results/stage6/verification_phase2_bce/CM_A_STD_004.json,f24e7a3abd13b652fe3117bf522b3e651ab85351e042285551b539f9a9582eed,derived,,False,orphan_unresolved
results/stage6/verification_phase2_bce/CM_A_STD_005.json,907c2e30b405e53d7ef0960ffc57ba97a8d2e1d4812eeda28f304700e0aea517,derived,,False,orphan_unresolved
results/stage6/verification_phase2_bce/CM_A_STD_006.json,58a6237da8976f870bbca12c7a8d5f014cf7f70e17cad4c42c148caaaa68494c,derived,,False,orphan_unresolved
results/stage6/verification_phase2_bce/CM_A_STD_007.json,3486538a5a88ea0db8531d6cdd0c1f4a1b14e47b4a15154328beae241674e0ff,derived,,False,orphan_unresolved
results/stage6/verification_phase2_bce/CM_A_STD_008.json,0edee5793a759a313f5cf03a95c7560926371410f2f1a68ad635b76ca7d29e89,derived,,False,orphan_unresolved
results/stage6/verification_phase2_bce/CM_A_STD_009.json,813e38387ad643d0b131d717b26dc43952b7fc2af87f443eecd0dc02e00fecb7,derived,,False,orphan_unresolved
results/stage6/verification_phase2_bce/CM_A_STD_010.json,dbd13530fe378c6f5f56e53b10826c02dcaf0327a1cda79c39870529272aa48e,derived,,False,orphan_unresolved
results/stage6/verification_phase2_bce/CM_A_STD_011.json,2ce67279022c0e0f394539449a4dcebcddaab96267b190a8cb0fc20657236639,derived,,False,orphan_unresolved
results/stage6/verification_phase2_bce/CM_A_STD_012.json,582bf42d223e7d12390750fa681bfb415c389dded074ce2b2c95c141cc21197d,derived,,False,orphan_unresolved
results/stage6/verification_phase2_bce/CM_A_STD_013.json,7ec3bf3c4372e71dc0eba0e533c65b473a4a0b2c6002db86c8686a7495be4c62,derived,,False,orphan_unresolved
results/stage6/verification_phase2_bce/CM_A_STD_014.json,daab5e8b2f03cad109999f8c1ea4565a6808dda328b6003821081f6eb7ac0ee9,derived,,False,orphan_unresolved
results/stage6/verification_phase2_bce/CM_A_STD_015.json,c78b5ad14f9abff18f34e70c5b56f392d3bcee48e0b603b1846186be6b26489e,derived,,False,orphan_unresolved
results/stage6/verification_phase2_bce/CM_A_STD_016.json,7b8e6f3317c652bdb8e7c217cfc2f9d5a18140dbb19f3bec13ad3ed129cf1fa8,derived,,False,orphan_unresolved
results/stage6/verification_phase2_bce/CM_A_STD_017.json,b96aa2247ad685fc347b325e760dddc9b77f2c04f2bd280892827b4584a9bc4d,derived,,False,orphan_unresolved
results/stage6/verification_phase2_bce/CM_A_STD_018.json,64dec78f7b251af7821fc605771d2a3b2f5f739ad8a31eedb99267a39a9d5532,derived,,False,orphan_unresolved
results/stage6/verification_phase2_bce/CM_A_STD_019.json,c79f193b8d6d4f47a8f9112c56a10e143fe88c64bc3f4196c1d0ed93969dbd82,derived,,False,orphan_unresolved
results/stage6/verification_phase2_bce/CM_A_STD_020.json,0748da7cfa0c697dc051ee417b7ef957275650c871da69c541dfab365ec75861,derived,,False,orphan_unresolved
results/stage6/verification_phase2_bce/CM_B_STD_001.json,7e52e229d41bb57591b14857bd10a4d3b86475fa605a00495f40a2c01093d3d8,derived,,False,orphan_unresolved
results/stage6/verification_phase2_bce/CM_B_STD_002.json,76d7e0b6229dd58741bb67fb5b42958a1820011901cced243bab502fbe820122,derived,,False,orphan_unresolved
results/stage6/verification_phase2_bce/CM_B_STD_003.json,12105ecdc1842133d6069a89fe06445f2eb2e9c701600ea56f0160914f72f370,derived,,False,orphan_unresolved
results/stage6/verification_phase2_bce/CM_B_STD_004.json,6460272d28a2b5f40c7a8e82cb38c0cff09c48208eed3e0de5f13bed40c7e008,derived,,False,orphan_unresolved
results/stage6/verification_phase2_bce/CM_B_STD_005.json,8b756da0cdaef32c741678bd0e13c25999d7aa6fd694c2c7f14dbc4e7c49feaf,derived,,False,orphan_unresolved
results/stage6/verification_phase2_bce/CM_B_STD_006.json,9888fc55e80c97b39e75a54cff49169ea9fae0f8810b4debc6c56901c8f5ed39,derived,,False,orphan_unresolved
results/stage6/verification_phase2_bce/CM_B_STD_007.json,9a4a78f10e17d411b8fd4037b1676aca9ddc611a7022d14e6fb030460d40447f,derived,,False,orphan_unresolved
results/stage6/verification_phase2_bce/CM_B_STD_008.json,c281a8d8af9dab0a7f0cb39d77f8fd4e0eb1ed0d8499babd1d00e7eab076883c,derived,,False,orphan_unresolved
results/stage6/verification_phase2_bce/CM_B_STD_009.json,a48f3649f23a8eb5083abba75212cc9c84ae7f1ba18b51265e914b34d3fc64d5,derived,,False,orphan_unresolved
results/stage6/verification_phase2_bce/CM_B_STD_010.json,b90327e743e43f3ebd237c16150fe3bf0ddce7e2b384b17773df0038ea413958,derived,,False,orphan_unresolved
results/stage6/verification_phase2_bce/CM_B_STD_011.json,927884eeb5e4685f33392655b42d2286ae4bda213d16f4b84c919eed41b11853,derived,,False,orphan_unresolved
results/stage6/verification_phase2_bce/CM_B_STD_012.json,b5edea78e629cc0b15111893b3d3995c9fbacaf8d021741a662bdce2a6f7e91e,derived,,False,orphan_unresolved
results/stage6/verification_phase2_bce/CM_B_STD_013.json,6a3a9211ccdf9f3400f4205e27de838473babd713b3b37337b04d946ec93de91,derived,,False,orphan_unresolved
results/stage6/verification_phase2_bce/CM_B_STD_014.json,70b894292208b14a2bc1a9476b684a9bd5fbbfcfdb186fd1430fb92e1f3cdef0,derived,,False,orphan_unresolved
results/stage6/verification_phase2_bce/CM_B_STD_015.json,a4239fd99175db7ba96a7c8ac8a6028009f9fc9d2394d87d082bb3495b1f3671,derived,,False,orphan_unresolved
results/stage6/verification_phase2_bce/CM_C_001.json,0ebe45af96c1ea40ec7b3201d7b22035fa11f0dce37b4ae3588c8a0bf8dcf294,derived,,False,orphan_unresolved
results/stage6/verification_phase2_bce/CM_C_002.json,4f66e10bb12c8f03ff6d59d18deeaa0b34c75cd7ba871527cf4b245b2b2ee7e6,derived,,False,orphan_unresolved
results/stage6/verification_phase2_bce/CM_C_003.json,0ab59d335387a90eb50e8e2a684b022fdeb101f83917250c1d03eed49caf0204,derived,,False,orphan_unresolved
results/stage6/verification_phase2_bce/CM_C_004.json,5177191a5a511853740b79ed566fe686b44dd8d019100a81e6ab33d569034b7d,derived,,False,orphan_unresolved
results/stage6/verification_phase2_bce/CM_C_005.json,523cf7506a27c2d55f3339a68870e7e0f19803f9ffc1dbdbb3ef44c788deb09b,derived,,False,orphan_unresolved
results/stage8/analysis_deepseek/deepseek_per_family.csv,9c759864ca862b2511f3da36fc22e3a7e0a64852de1b3efc1598cb5e44cd8fd9,table,140,False,orphan_unresolved
results/stage8/analysis_deepseek/deepseek_summary.json,6f129a3fbceb27a67532526febcf5b083a33889ed2e4f254eabf9887098c2fff,summary,,False,orphan_unresolved
results/stage8/analysis_deepseek/generate_positive_families_events.jsonl,e1e130a6733959c0c4558096e7de894df7794d5d1ae361624e806fa456919c87,event_log,1,False,orphan_unresolved
results/stage8/analysis_deepseek/stage8_positive_families_deepseek.json,6b41de13706d66946b2d12f83b27e892c1bf4fee72537c986e9e4b107bac1565,derived,,False,orphan_unresolved
results/stage8/attention/family_head_contributions.json,471d9340ddca821b10b801b0c620af522ea66ddf87151960d1c859cb4b1afea3,derived,,False,orphan_unresolved
results/stage8/attention/head_sensitivity_scores.json,9130260fdc39b1cf059d5e07326b7f7310cee1acb8909e75b355d7df499096f2,derived,,False,orphan_unresolved
results/stage8/attention/run_attention_analysis_events.jsonl,e052397fb7798e627de060091557d440732566fe29f2f461b432e423f1f89ac8,event_log,1,False,orphan_unresolved
results/stage8/baselines_deepseek/run_baselines_surface_events.jsonl,dcc07b6a6c93680e57a199cbe23511c490f4f51a5ce49b1e487bc23a99e6aa33,event_log,5,False,orphan_unresolved
results/stage8/baselines_deepseek/surface_bag_of_words_slp_binary.json,d2dc81aab3e09a4576f629d58e9d3347413f23d02f51ad1ce781b28e61e4ca1b,derived,,False,orphan_unresolved
results/stage8/baselines_deepseek/surface_cue_span_only_slp_binary.json,a5100f5a7f6e56d151de6d470a9a9764f96a26fa3a20a72d25cd933eb777f7a6,derived,,False,orphan_unresolved
results/stage8/baselines_deepseek/surface_prompt_statistics_slp_binary.json,d728e3cea85f524697d82f4b3aee0e0a15a4266222ea9ddc14eb8a66a9ca587d,derived,,False,orphan_unresolved
results/stage8/baselines_deepseek/surface_tfidf_continuous.json,2371e89d931775fd25e19d22e7985b0fd55a02e1f30590b97be43200056f53f1,derived,,False,orphan_unresolved
results/stage8/baselines_deepseek/surface_tfidf_logistic_slp_binary.json,c9e47c1017cdedbc8a7c56b77f0695ff517f64adc155aeb72b4baec6aa9b4a53,derived,,False,orphan_unresolved
results/stage8/causal_comparison_table.json,3445634f3ee4b46d77f42ea036584e6160fd4d2b386e95a5081670cf55c91943,derived,,False,orphan_unresolved
results/stage8/causal_patching/patching_results.csv,a7a8fa6dfd36f3c2202b55c1e4706b11bc2b2971fb43e2d2d4f63dcfa0ceb333,raw_or_record,240,False,orphan_unresolved
results/stage8/causal_patching/patching_summary.json,b80f5bbf57ef4a0989ffd6e076beacff9adb1ed48e5eb67370805a76982a3ba5,summary,,False,orphan_unresolved
results/stage8/causal_patching/run_causal_patching_events.jsonl,e6db3f26a7a5e899c0e5478553be03ee41d6852bbff097db763eec798a4f05ed,event_log,22,False,orphan_unresolved
results/stage8/causal_patching_cue_token/patching_results.csv,84374263fe25c0de8234265442f37491d395528c679edc7b9826aa4a5bdd0a5a,raw_or_record,240,False,orphan_unresolved
results/stage8/causal_patching_cue_token/patching_summary.json,ae8a650f041a7cb605d9b61ad85fa44fcdb532fcf4872defb271a7e2d9333ec9,summary,,False,orphan_unresolved
results/stage8/causal_patching_cue_token/run_causal_patching_events.jsonl,ce4f3dd02c3f4c330ac5afe7fcf59c483b7dde8d9f2ebb68fe52e2bb908c2cd2,event_log,22,False,orphan_unresolved
results/stage8/cross_model/alignment_quality.json,c605bebe70ef94c1d5ca6526e76d8115a841f458ab51fe4a76fc6cbaa4e36e1e,derived,,False,orphan_unresolved
results/stage8/cross_model/run_cross_model_transfer_events.jsonl,4f35627e01e3bc098bb45c0da78e7e1854521b2af8f796b923d6b46f031a63aa,event_log,1,False,orphan_unresolved
results/stage8/cross_model_deepseek/alignment_quality.json,45c9d530f78ae43420f4db50f07768a50cc4692bfa697012b08ab10abd0a5152,derived,,False,orphan_unresolved
results/stage8/cross_model_deepseek/novel_sensitivity_families.json,fb91a8ba17c62fe225a7b13a1a354d0a85ff989a91239e985b599585f0fba865,derived,,False,orphan_unresolved
results/stage8/cross_model_deepseek/run_cross_model_transfer_events.jsonl,f9a56aed2d748520d25d7552e612a375adc0cf23112abed66963c714f5c3eee4,event_log,1,False,orphan_unresolved
results/stage8/head26_knockout/head26_comparison_summary.json,fbacf9e91f7a704aa213c4fc161072a154beaa08394b21f69a0691f4ededbd27,summary,,False,orphan_unresolved
results/stage8/head26_knockout/patching_results.csv,091e8c73073d4f1fd029f14b46fc4df4fe117b0cc3be4f088a6906fe26c9de53,raw_or_record,240,False,orphan_unresolved
results/stage8/head26_knockout/patching_summary.json,842a210d418942baf6b63935fc5c68090c398c2d47870df4d5a938a699706981,summary,,False,orphan_unresolved
results/stage8/head26_knockout/run_causal_patching_events.jsonl,0cfd85347b1d39c919b7c800bef769a7f984c1803dd08837410bec85261ef940,event_log,22,False,orphan_unresolved
results/stage8/multi_head_knockout/multi_head_comparison.json,5c7aa55c24c334a0a02d36d6a5b10b0f76231ae5352cf8dd822d6181934b7cac,derived,,False,orphan_unresolved
results/stage8/multi_head_knockout/patching_results.csv,de1fb67c1ba6a9690ef06673c5907bd70b6a178adef622f1996f2f34dbce54a9,raw_or_record,140,False,orphan_unresolved
results/stage8/multi_head_knockout/patching_summary.json,98252f7a0948a7eec85e7624a3080d7146105e4309cc82ea660a3264ab0034af,summary,,False,orphan_unresolved
results/stage8/multi_head_knockout/run_causal_patching_events.jsonl,22ed3050a53a9f21ec6f8c04b4b761d60b715d83703c3a823fe4be12d5b859eb,event_log,22,False,orphan_unresolved
results/stage8/probing_deepseek/layer_auroc_variance.json,6c1c4f3c27d045e41874905f97254f27ec649403c790ed42b07bafb2507a1f75,derived,,False,orphan_unresolved
results/stage8/probing_deepseek/layer_pearson_variance.json,9e3de4a9d55a9c30e9c447c9a37a0c7e62026ff02d9897efb7d2be62bbf2adfd,derived,,False,orphan_unresolved
results/stage8/probing_deepseek/loo_predictions_variance.json,8450f521fe3c9499804ac9a69cf80b4092e0f1406a6c385c4180110afd714f59,raw_or_record,,False,orphan_unresolved
results/stage8/probing_deepseek/run_probing_events.jsonl,aec606e9f902744603ee41e8e4d8c412c14af2ab2e333f7ffe29b11e826148d0,event_log,1,False,orphan_unresolved
results/stage8/probing_deepseek/summary_variance.json,ed8cf8810fbcd4a33109dac952c330fbbe214a97b65cd63db89e879fde0e18ef,summary,,False,orphan_unresolved
results/stage8/stage8_complete_summary.json,668d30511ec4bb52b0c2cec12b949691a0fe64e30844e950122516def1db7878,summary,,False,orphan_unresolved
results/stage9/baselines/answer_rationale/run_baselines_surface_events.jsonl,fa27e83e1be920346bf8d5829db08570828063385c0b676145bf185dcad9755a,event_log,2,False,orphan_unresolved
results/stage9/baselines/answer_rationale/surface_answer_rationale_classifier_slp_binary.json,b0b39c00c979b46aa8674232c203b40c6ea42670a7591342c428c6b50ac60fbc,derived,,False,orphan_unresolved
results/stage9/baselines/answer_rationale/surface_tfidf_continuous.json,69f2aca4b8a6abbec076cc1423ddf1974231f5c2802de3dd5f6df7d0207f06f4,derived,,False,orphan_unresolved
results/stage9/baselines/blackbox_counterfactual/family_scores.json,77665c56f7a762b8580ce1d0a1ed747625b280006cef6e45e9a97293254aa7aa,derived,,False,orphan_unresolved
results/stage9/baselines/blackbox_counterfactual/pairwise_predictions.json,b709bf3f80279defa242e069ede981457c88d8afb9113944f05e1db96a212da4,raw_or_record,,False,orphan_unresolved
results/stage9/baselines/correctness_probe/layer_auroc_variance.json,e9c98f3adb320ccdeb14e8244d9b1fb582dda2f07d2c44f7a5334acf14ed8fe5,derived,,False,orphan_unresolved
results/stage9/baselines/correctness_probe/run_probing_events.jsonl,27c865e67d8d9d514ef8e55b5e1830a8a6eb8631e5df3ec49591fdf7726adf52,event_log,1,False,orphan_unresolved
results/stage9/baselines/cot_text/run_baselines_surface_events.jsonl,431e67eff960ad5371b60786d5be9d34a35d50233726b6d361f3712c95a6eec1,event_log,2,False,orphan_unresolved
results/stage9/baselines/cot_text/surface_cot_text_classifier_slp_binary.json,84020f44e2c82bc7f0798b7b9f704cc4329c09d6e299ffdc79ab71e50655b24d,derived,,False,orphan_unresolved
results/stage9/baselines/cot_text/surface_tfidf_continuous.json,69f2aca4b8a6abbec076cc1423ddf1974231f5c2802de3dd5f6df7d0207f06f4,derived,,False,orphan_unresolved
results/stage9/baselines/entropy/entropy_vs_probe_correlation.json,3800393099e4497918bb52af35db0980e7105c2385354b2077b31391809e979f,derived,,False,orphan_unresolved
results/stage9/baselines/llm_judge/deepseek_setting_a/judge_auroc.json,95cf321505015d5ed4ee85761f7026b0272826a51516339225d77b81186bbc93,derived,,False,orphan_unresolved
results/stage9/baselines/llm_judge/deepseek_setting_a/predictions.csv,687994519a1afc3aa9547a03ba968399ac8124841f2c4e3e398c52d931f14541,raw_or_record,135,False,orphan_unresolved
results/stage9/baselines/llm_judge/deepseek_setting_a/run_causal_patching_events.jsonl,0a0845192463a4b23aa855ae961592922eea481aad8a810479304dd37fa15905,event_log,1,False,orphan_unresolved
results/stage9/baselines/llm_judge/judge_ensemble_summary.json,605a65a239ab4af6e42a859c3185cf344dca02b2dfc28b250b5581d439eccb78,summary,,False,orphan_unresolved
results/stage9/baselines/llm_judge/llama_setting_a/judge_auroc.json,20d69b1dedbb8b4249f8c500b06141ea8c76c37ef0f0b05aa3d16c0ed2f90d43,derived,,False,orphan_unresolved
results/stage9/baselines/llm_judge/llama_setting_a/predictions.csv,cbb6771efad9514699e0094ea2439e2c1652b6d9bd6bc7249bf3cb014d1954a1,raw_or_record,135,False,orphan_unresolved
results/stage9/baselines/llm_judge/llama_setting_a/run_causal_patching_events.jsonl,f28fa7bce04a7466aac31b7e0868572f9f085dcf332285d1713f51ec7fd9922f,event_log,1,False,orphan_unresolved
results/stage9/baselines/llm_judge/llama_setting_b/judge_auroc.json,4660b6e4be9f763c8f3827e110197c3d971a23119c1661c782e0585eb3ebd27e,derived,,False,orphan_unresolved
results/stage9/baselines/llm_judge/llama_setting_b/predictions.csv,d0a51eb53c06e3b62e284d5c0fb7aee92cbd01a0b0a158f7c0bc232472f0a619,raw_or_record,135,False,orphan_unresolved
results/stage9/baselines/llm_judge/llama_setting_b/run_causal_patching_events.jsonl,c242b613fb3c4592de0c364ec6b36acfd33165d8f2f24b2a4f0d41d2a35c84c2,event_log,1,False,orphan_unresolved
results/stage9/calibration/calibration_summary.json,355e74a79c0095d4c87ba9acd61dd93bc8ca72b1e3d44b91b2494f13ccbdba15,summary,,False,orphan_unresolved
results/stage9/correctness_probe/overlap_analysis.json,79a91df17badeb0413b27b9a1d73ce1f02498120a5e91effe781bb1c085ad829,derived,,False,orphan_unresolved
results/stage9/correctness_residualisation/family_metadata.json,0d0b37329ffcc1880db764eb02d2974cab0fd97a7ff16417c70e7c58e88b1187,derived,,False,orphan_unresolved
results/stage9/correctness_residualisation/run_correctness_residualisation_events.jsonl,39435d8d703c234064b09248f18400be2d8a9f1b240fdd8c3539aab120fe4975,event_log,1,False,orphan_unresolved
results/stage9/damage_control/damage_control_results.csv,21c92ede432c2bdab7be8b7d73574524fbc4db7a1df39378692c15483a7e1761,raw_or_record,160,False,orphan_unresolved
results/stage9/damage_control/damage_control_summary.json,f3661b467239282cf73c178182d6b7cdc5e2c07be0ad0cab6ac64438f1f73096,summary,,False,orphan_unresolved
results/stage9/damage_control/run_causal_patching_events.jsonl,936e3e5431b807e891e24ac44c12daff086c8f3645f673bf78162b98fd3f5de9,event_log,1,False,orphan_unresolved
results/stage9/direction_injection/injection_results.csv,d96e920be84accf50916e9a0e027da719c99657da84568c89fe951a4c899de84,raw_or_record,210,False,orphan_unresolved
results/stage9/direction_injection/injection_summary.json,95cf18c40ab4063c7781c56464cb6f3e34837405aaa8185f6cbf868e8cb78f40,summary,,False,orphan_unresolved
results/stage9/direction_injection/run_causal_patching_events.jsonl,9efe5af8dbb2f69fe44bb87898d31ebd45add5b3137b516d204d2da1d925696d,event_log,1,False,orphan_unresolved
results/stage9/leave_one_cue/leave_one_cue_summary.json,b16baa35c8dbd611f29522c9d52b6fb05f874554104d039a119ff45604ed6635,summary,,False,orphan_unresolved
results/stage9/mean_probe_stage6/layer_auroc_resid_post_last_prompt.json,9c7a2614a8216f8f5d74f599df46926ec19d0cffafa980598299b885f7f8c109,derived,,False,orphan_unresolved
results/stage9/mean_probe_stage6/layer_pearson_resid_post_last_prompt.json,332209870dd3aa44f5d127d86f553d04ea8d9d98deb027f66a4362f3f731b914,derived,,False,orphan_unresolved
results/stage9/mean_probe_stage6/loo_predictions_resid_post_last_prompt.json,e31b8d4ddda086ab6dc1bfe6aadb891414cc5817103ea49ecff8df45ab8b2b46,raw_or_record,,False,orphan_unresolved
results/stage9/mean_probe_stage6/run_probing_events.jsonl,bdea90a90576ff8796696492b5fcf8c2c4d26fc5af08723ce796688fc6534b07,event_log,1,False,orphan_unresolved
results/stage9/mean_probe_stage6/summary_resid_post_last_prompt.json,8c8ff2acca8f4d0598a162fa7c78aa2362e10846d956215f964ebe93ebdf10a2,summary,,False,orphan_unresolved
results/stage9/mhk_early_layers/run_causal_patching_events.jsonl,bf2a5e6ffdbaf4f8a6e82ed924c1dfc9c2b16a6be6b499954aebd7dcfe6c1047,event_log,18,False,orphan_unresolved
results/stage9/per_cue_type/cue_type_auroc_breakdown.json,e82622f5a3bb9917f0c9983c3fd7fd800ba5aa0b4a4223fc8f6101c52d46aa52,derived,,False,orphan_unresolved
results/stage9/probe_ablation/n_variants_2/layer_auroc_variance_n2.json,d1d1a3aa90c52a979f7ad99834d081eba7a21a1332e021fc35e608c5633f7894,derived,,False,orphan_unresolved
results/stage9/probe_ablation/n_variants_2/layer_pearson_variance_n2.json,0214426860e725d8c64ff6d080ded7124d7989ae7a0d5ca7e1289fe37ede992c,derived,,False,orphan_unresolved
results/stage9/probe_ablation/n_variants_2/loo_predictions_variance_n2.json,cbdf981ba0e9c2d864c8d676ad50302f21c55d9dd3fb1d7b80a469e444d63fb3,raw_or_record,,False,orphan_unresolved
results/stage9/probe_ablation/n_variants_2/run_probing_events.jsonl,c4f489444915a6be8d701ce73a5239afe1fae57c9b64faaf6e2cb6613c33e158,event_log,1,False,orphan_unresolved
results/stage9/probe_ablation/n_variants_2/summary_variance_n2.json,950aed608f884370a8037d1230b6e747c9449b8ee1da8206a14ec4a5c4500d62,summary,,False,orphan_unresolved
results/stage9/probe_ablation/n_variants_3/layer_auroc_variance_n3.json,87a6c89b35a5ab675e625e0d3e9ad07118ec49b852d348c7c65046f7c4426e1b,derived,,False,orphan_unresolved
results/stage9/probe_ablation/n_variants_3/layer_pearson_variance_n3.json,18e589ed6fdeb1379d2df8db9e4787ce57239e899d0fe14cd4d97f07a549d4d1,derived,,False,orphan_unresolved
results/stage9/probe_ablation/n_variants_3/loo_predictions_variance_n3.json,c5a1b19e2f779518dd91124fa339001aea2bc98a326930391c062fcc0597e9ff,raw_or_record,,False,orphan_unresolved
results/stage9/probe_ablation/n_variants_3/run_probing_events.jsonl,caa71201ec65e975113410077415f4ffe0fad290b61e74f6fbab6f89fd5f37de,event_log,1,False,orphan_unresolved
results/stage9/probe_ablation/n_variants_3/summary_variance_n3.json,f00216352610a3c0c4d717d1a2064d320da58233c6530d4d3281cb1fce97c558,summary,,False,orphan_unresolved
results/stage9/probe_ablation/n_variants_4/layer_auroc_variance.json,4b2341552fcb230c2865d00f38c6918b3763871aefc56585004379aef25ed651,derived,,False,orphan_unresolved
results/stage9/probe_ablation/n_variants_4/layer_pearson_variance.json,62a286a447a8341d2e114baff245960e5a616b09e4fbd9396b4064708df9eb95,derived,,False,orphan_unresolved
results/stage9/probe_ablation/n_variants_4/loo_predictions_variance.json,e3df4f5b6aad78bf24e16b46dab31091dbf18802aa894dc03ca0e34b49cafb6a,raw_or_record,,False,orphan_unresolved
results/stage9/probe_ablation/n_variants_4/run_probing_events.jsonl,7e211fae07ee2db3b66b759fb84dacfa2e5821423fcbf8302efbb6a9aad54d7c,event_log,1,False,orphan_unresolved
results/stage9/probe_ablation/n_variants_4/summary_variance.json,4cc3e21b7fdb762401d5ca20dfcc4b400d5eacb8bd2f53abbc5cbdaebc6a6d3c,summary,,False,orphan_unresolved
results/stage9/prompt_condition_probe/per_variant_predictions.json,b765506f70edc9196bf78d6a2e11b53f047ad36500b8d37d043f5b4cd93c861a,raw_or_record,,False,orphan_unresolved
results/stage9/prompt_condition_probe/prompt_condition_probe_summary.json,b59728c0cd10e37e31cb7045c9fc964dd9270baa7feacf4a4a3c247a4e2840e6,summary,,False,orphan_unresolved
results/stage9/prompt_condition_probe/run_prompt_condition_probe_events.jsonl,2b7abcaddb797869b5716e8e1901d47557cc099388f6072b2cb411f3f11e4ba9,event_log,2,False,orphan_unresolved
results/stage9/random_direction_control/run_causal_patching_events.jsonl,a6c41e5cd6700eaaa5f9efebdad359f7354eeb088d00d8f324c6b8b0a03d9a99,event_log,1,False,orphan_unresolved
results/stage9/stage9_final_summary.json,6bd8e8e1da5718a2d4edfe266a1d25e1704588ac21799eb2c420ba7d13ee5385,summary,,False,orphan_unresolved
results/stage9/statistical_tests/fisher_cue_type_suppression.json,1e457dea50cc6e386915a6aa9cdcb043c92bb58ef2a818f29fe99af4fc9e134e,derived,,False,orphan_unresolved
results/stage9/statistical_tests/mcnemar_qwen_vs_deepseek.json,e45542ead4a8c037e4e51618777d7958789e665e7ddb29a3d529f9067a5a7adc,derived,,False,orphan_unresolved
results/stage9/statistical_tests/permutation_domain_gen.json,f5088657960a02e12948f78fac90ebddcf7b487c669bae2beac2bda8cc6ac733,derived,,False,orphan_unresolved
results/stage9/statistical_tests/statistical_summary.json,af2240ef36bafe47b0466300ca1603360f5632008ded811cb21293c4a3496d81,summary,,False,orphan_unresolved
results/stage9/statistical_tests/wilcoxon_continuous_slp.json,bd290ef266ecf89c87d3b1eca6a42975fbb34eed2336590763d8ac4ad4f8118e,derived,,False,orphan_unresolved
results/stage9/threshold_sensitivity/threshold_sweep.json,99e10e2fa7098502565168fc5be2df8ff643a433eae01b33879db25de88d2d84,derived,,False,orphan_unresolved
results/stage9/threshold_sensitivity/threshold_sweep_summary.json,d789d64cf1074b1201ac12cc74ec4b387b93ee7bf91baf7a7677f13554a32e5c,summary,,False,orphan_unresolved
results/stage9/unrelated_donor/run_causal_patching_events.jsonl,a8d1da0e4c149641c88f38b2ded414946f5ff9a2ea8323e89c5d2c60206b956e,event_log,1,False,orphan_unresolved
