path,artifact_type,raw_data_rows,orphan_class,zero_row_cannot_support_null,authority_status
results/appendix/formula_leakage/analysis/per_family_summary.csv,csv,5,paper_relevant_noncritical,False,not_authority_resolved
results/appendix/formula_leakage/analysis/summary.json,json,,paper_relevant_noncritical,False,not_authority_resolved
results/appendix/formula_leakage/behavioural/family_summaries.jsonl,jsonl,15,paper_relevant_noncritical,False,not_authority_resolved
results/appendix/formula_leakage/behavioural/llama_primary_formula_stub.jsonl,jsonl,15,paper_relevant_noncritical,False,not_authority_resolved
results/appendix/formula_leakage/behavioural/prompt_records.jsonl,jsonl,30,paper_relevant_noncritical,False,not_authority_resolved
results/appendix/formula_leakage/behavioural/qwen_primary_20260620T063936Z.jsonl,jsonl,15,paper_relevant_noncritical,False,not_authority_resolved
results/appendix/formula_leakage/behavioural/qwen_primary_20260620T074602Z.jsonl,jsonl,15,paper_relevant_noncritical,False,not_authority_resolved
results/appendix/formula_leakage/behavioural/qwen_primary_20260620T084819Z.jsonl,jsonl,15,paper_relevant_noncritical,False,not_authority_resolved
results/appendix/formula_leakage/behavioural/run_behavioural_events.jsonl,jsonl,51,paper_relevant_noncritical,False,not_authority_resolved
results/appendix/formula_leakage/formula_leakage_analysis_summary.json,json,,paper_relevant_noncritical,False,not_authority_resolved
results/appendix/formula_leakage/formula_leakage_prompt_pairs.json,json,,paper_relevant_noncritical,False,not_authority_resolved
results/appendix/formula_leakage/formula_leakage_summary.json,json,,paper_relevant_noncritical,False,not_authority_resolved
results/appendix/formula_leakage/generated_families/CM_A_STD_009_FORMULA.json,json,,paper_relevant_noncritical,False,not_authority_resolved
results/appendix/formula_leakage/generated_families/CM_B_010_FORMULA.json,json,,paper_relevant_noncritical,False,not_authority_resolved
results/appendix/formula_leakage/generated_families/CM_B_UM_028_FORMULA.json,json,,paper_relevant_noncritical,False,not_authority_resolved
results/appendix/formula_leakage/generated_families/TH_B_UM_001_FORMULA.json,json,,paper_relevant_noncritical,False,not_authority_resolved
results/appendix/formula_leakage/generated_families/TH_B_UM_003_FORMULA.json,json,,paper_relevant_noncritical,False,not_authority_resolved
results/appendix/formula_leakage/generated_families_manifest.json,json,,paper_relevant_noncritical,False,not_authority_resolved
results/behavioural/dry_run_qwen/family_summaries.jsonl,jsonl,30,paper_relevant_noncritical,False,not_authority_resolved
results/behavioural/dry_run_qwen/prompt_records.jsonl,jsonl,120,paper_relevant_noncritical,False,not_authority_resolved
results/behavioural/dry_run_qwen/run_behavioural_events.jsonl,jsonl,152,paper_relevant_noncritical,False,not_authority_resolved
results/canonical/model_family_evidence.csv,csv,295,paper_relevant_noncritical,False,not_authority_resolved
results/canonical/model_family_evidence_v4.csv,csv,295,paper_relevant_noncritical,False,not_authority_resolved
results/canonical/model_family_evidence_v5.csv,csv,155,paper_relevant_noncritical,False,not_authority_resolved
results/canonical/model_family_evidence_v6.csv,csv,465,paper_relevant_noncritical,False,not_authority_resolved
results/canonical/model_variant_evidence.csv,csv,1180,paper_relevant_noncritical,False,not_authority_resolved
results/stage10/answer_bias/answer_bias_results.csv,csv,40,paper_relevant_noncritical,False,not_authority_resolved
results/stage10/answer_bias/answer_bias_summary.json,json,,paper_relevant_noncritical,False,not_authority_resolved
results/stage10/answer_bias/run_causal_patching_events.jsonl,jsonl,1,paper_relevant_noncritical,False,not_authority_resolved
results/stage10/attention_llama/family_head_contributions.json,json,,paper_relevant_noncritical,False,not_authority_resolved
results/stage10/attention_llama/head_sensitivity_scores.json,json,,paper_relevant_noncritical,False,not_authority_resolved
results/stage10/attention_llama/probe_weights_layer20.npy,npy,,paper_relevant_noncritical,False,not_authority_resolved
results/stage10/attention_llama/run_attention_analysis_events.jsonl,jsonl,1,paper_relevant_noncritical,False,not_authority_resolved
results/stage10/attention_patterns/attention_pattern_per_family.json,json,,paper_relevant_noncritical,False,not_authority_resolved
results/stage10/attention_patterns/attention_pattern_summary.json,json,,paper_relevant_noncritical,False,not_authority_resolved
results/stage10/attention_patterns/run_causal_patching_events.jsonl,jsonl,1,paper_relevant_noncritical,False,not_authority_resolved
results/stage10/baselines/token_entropy/run_token_entropy_baseline_events.jsonl,jsonl,2,paper_relevant_noncritical,False,not_authority_resolved
results/stage10/baselines/token_entropy/token_entropy_per_family.json,json,,paper_relevant_noncritical,False,not_authority_resolved
results/stage10/baselines/token_entropy/token_entropy_summary.json,json,,paper_relevant_noncritical,False,not_authority_resolved
results/stage10/benchmark_expansion/expansion_summary.json,json,,paper_relevant_noncritical,False,not_authority_resolved
results/stage10/benchmark_expansion/render_all_templates_events.jsonl,jsonl,20,paper_relevant_noncritical,False,not_authority_resolved
results/stage10/benchmark_expansion/render_frame_rendering_electrostatics.json,json,,paper_relevant_noncritical,False,not_authority_resolved
results/stage10/benchmark_expansion/render_frame_rendering_mechanics.json,json,,paper_relevant_noncritical,False,not_authority_resolved
results/stage10/benchmark_expansion/render_frame_rendering_thermodynamics.json,json,,paper_relevant_noncritical,False,not_authority_resolved
results/stage10/benchmark_expansion/render_nongoverning_mechanics.json,json,,paper_relevant_noncritical,False,not_authority_resolved
results/stage10/benchmark_expansion/render_nongoverning_thermodynamics.json,json,,paper_relevant_noncritical,False,not_authority_resolved
results/stage10/benchmark_expansion/rendered/frame_rendering/electrostatics_circuits/CM_C_006.json,json,,paper_relevant_noncritical,False,not_authority_resolved
results/stage10/benchmark_expansion/rendered/frame_rendering/electrostatics_circuits/CM_C_008.json,json,,paper_relevant_noncritical,False,not_authority_resolved
results/stage10/benchmark_expansion/rendered/frame_rendering/electrostatics_circuits/CM_C_009.json,json,,paper_relevant_noncritical,False,not_authority_resolved
results/stage10/benchmark_expansion/rendered/frame_rendering/electrostatics_circuits/CM_C_010.json,json,,paper_relevant_noncritical,False,not_authority_resolved
results/stage10/benchmark_expansion/rendered/frame_rendering/electrostatics_circuits/CM_C_011.json,json,,paper_relevant_noncritical,False,not_authority_resolved
results/stage10/benchmark_expansion/rendered/frame_rendering/electrostatics_circuits/CM_C_014.json,json,,paper_relevant_noncritical,False,not_authority_resolved
results/stage10/benchmark_expansion/rendered/frame_rendering/mechanics/CM_C_012.json,json,,paper_relevant_noncritical,False,not_authority_resolved
results/stage10/benchmark_expansion/rendered/frame_rendering/mechanics/CM_C_013.json,json,,paper_relevant_noncritical,False,not_authority_resolved
results/stage10/benchmark_expansion/rendered/frame_rendering/thermodynamics/CM_C_007.json,json,,paper_relevant_noncritical,False,not_authority_resolved
results/stage10/benchmark_expansion/rendered/frame_rendering/thermodynamics/CM_C_015.json,json,,paper_relevant_noncritical,False,not_authority_resolved
results/stage10/benchmark_expansion/rendered/nongoverning_distractor/mechanics/CM_B_UM_061.json,json,,paper_relevant_noncritical,False,not_authority_resolved
results/stage10/benchmark_expansion/rendered/nongoverning_distractor/mechanics/CM_B_UM_062.json,json,,paper_relevant_noncritical,False,not_authority_resolved
results/stage10/benchmark_expansion/rendered/nongoverning_distractor/mechanics/CM_B_UM_063.json,json,,paper_relevant_noncritical,False,not_authority_resolved
results/stage10/benchmark_expansion/rendered/nongoverning_distractor/thermodynamics/TH_B_UM_011.json,json,,paper_relevant_noncritical,False,not_authority_resolved
results/stage10/benchmark_expansion/rendered/nongoverning_distractor/thermodynamics/TH_B_UM_012.json,json,,paper_relevant_noncritical,False,not_authority_resolved
results/stage10/benchmark_expansion/verification/CM_B_UM_061.json,json,,paper_relevant_noncritical,False,not_authority_resolved
results/stage10/benchmark_expansion/verification/CM_B_UM_062.json,json,,paper_relevant_noncritical,False,not_authority_resolved
results/stage10/benchmark_expansion/verification/CM_B_UM_063.json,json,,paper_relevant_noncritical,False,not_authority_resolved
results/stage10/benchmark_expansion/verification/CM_C_006.json,json,,paper_relevant_noncritical,False,not_authority_resolved
results/stage10/benchmark_expansion/verification/CM_C_007.json,json,,paper_relevant_noncritical,False,not_authority_resolved
results/stage10/benchmark_expansion/verification/CM_C_008.json,json,,paper_relevant_noncritical,False,not_authority_resolved
results/stage10/benchmark_expansion/verification/CM_C_009.json,json,,paper_relevant_noncritical,False,not_authority_resolved
results/stage10/benchmark_expansion/verification/CM_C_010.json,json,,paper_relevant_noncritical,False,not_authority_resolved
results/stage10/benchmark_expansion/verification/CM_C_011.json,json,,paper_relevant_noncritical,False,not_authority_resolved
results/stage10/benchmark_expansion/verification/CM_C_012.json,json,,paper_relevant_noncritical,False,not_authority_resolved
results/stage10/benchmark_expansion/verification/CM_C_013.json,json,,paper_relevant_noncritical,False,not_authority_resolved
results/stage10/benchmark_expansion/verification/CM_C_014.json,json,,paper_relevant_noncritical,False,not_authority_resolved
results/stage10/benchmark_expansion/verification/CM_C_015.json,json,,paper_relevant_noncritical,False,not_authority_resolved
results/stage10/benchmark_expansion/verification/TH_B_UM_011.json,json,,paper_relevant_noncritical,False,not_authority_resolved
results/stage10/benchmark_expansion/verification/TH_B_UM_012.json,json,,paper_relevant_noncritical,False,not_authority_resolved
results/stage10/cot_distractor_mention/cot_mention_summary.json,json,,paper_relevant_noncritical,False,not_authority_resolved
results/stage10/cross_family_sufficiency/cross_family_sufficiency_results.csv,csv,100,paper_relevant_noncritical,False,not_authority_resolved
results/stage10/cross_family_sufficiency/cross_family_sufficiency_summary.json,json,,paper_relevant_noncritical,False,not_authority_resolved
results/stage10/cross_family_sufficiency/run_causal_patching_events.jsonl,jsonl,1,paper_relevant_noncritical,False,not_authority_resolved
results/stage10/cue_a_coincidence/coincidence_analysis.json,json,,paper_relevant_noncritical,False,not_authority_resolved
results/stage10/cue_b_only_probe/layer_auroc_resid_post_last_prompt.json,json,,paper_relevant_noncritical,False,not_authority_resolved
results/stage10/cue_b_only_probe/layer_pearson_resid_post_last_prompt.json,json,,paper_relevant_noncritical,False,not_authority_resolved
results/stage10/cue_b_only_probe/loo_predictions_resid_post_last_prompt.json,json,,paper_relevant_noncritical,False,not_authority_resolved
results/stage10/cue_b_only_probe/run_probing_events.jsonl,jsonl,1,paper_relevant_noncritical,False,not_authority_resolved
results/stage10/cue_b_only_probe/summary_resid_post_last_prompt.json,json,,paper_relevant_noncritical,False,not_authority_resolved
results/stage10/deepseek_attention/layer_42/family_head_contributions.json,json,,paper_relevant_noncritical,False,not_authority_resolved
results/stage10/deepseek_attention/layer_42/head_sensitivity_scores.json,json,,paper_relevant_noncritical,False,not_authority_resolved
results/stage10/deepseek_attention/layer_42/probe_weights_layer42.npy,npy,,paper_relevant_noncritical,False,not_authority_resolved
results/stage10/deepseek_attention/layer_42/run_attention_analysis_events.jsonl,jsonl,1,paper_relevant_noncritical,False,not_authority_resolved
results/stage10/deepseek_attention/layer_43/family_head_contributions.json,json,,paper_relevant_noncritical,False,not_authority_resolved
results/stage10/deepseek_attention/layer_43/head_sensitivity_scores.json,json,,paper_relevant_noncritical,False,not_authority_resolved
results/stage10/deepseek_attention/layer_43/probe_weights_layer43.npy,npy,,paper_relevant_noncritical,False,not_authority_resolved
results/stage10/deepseek_attention/layer_43/run_attention_analysis_events.jsonl,jsonl,1,paper_relevant_noncritical,False,not_authority_resolved
results/stage10/deepseek_attention/layer_44/family_head_contributions.json,json,,paper_relevant_noncritical,False,not_authority_resolved
results/stage10/deepseek_attention/layer_44/head_sensitivity_scores.json,json,,paper_relevant_noncritical,False,not_authority_resolved
results/stage10/deepseek_attention/layer_44/probe_weights_layer44.npy,npy,,paper_relevant_noncritical,False,not_authority_resolved
results/stage10/deepseek_attention/layer_44/run_attention_analysis_events.jsonl,jsonl,1,paper_relevant_noncritical,False,not_authority_resolved
results/stage10/deepseek_attention/layer_45/family_head_contributions.json,json,,paper_relevant_noncritical,False,not_authority_resolved
results/stage10/deepseek_attention/layer_45/head_sensitivity_scores.json,json,,paper_relevant_noncritical,False,not_authority_resolved
results/stage10/deepseek_attention/layer_45/probe_weights_layer45.npy,npy,,paper_relevant_noncritical,False,not_authority_resolved
results/stage10/deepseek_attention/layer_45/run_attention_analysis_events.jsonl,jsonl,1,paper_relevant_noncritical,False,not_authority_resolved
results/stage10/deepseek_mhk/patching_results.csv,csv,20,paper_relevant_noncritical,False,not_authority_resolved
results/stage10/deepseek_mhk/patching_summary.json,json,,paper_relevant_noncritical,False,not_authority_resolved
results/stage10/deepseek_mhk/run_causal_patching_events.jsonl,jsonl,22,paper_relevant_noncritical,False,not_authority_resolved
results/stage10/direct_logit_attribution/direct_logit_attribution_per_head.json,json,,paper_relevant_noncritical,False,not_authority_resolved
results/stage10/direct_logit_attribution/direct_logit_attribution_summary.json,json,,paper_relevant_noncritical,False,not_authority_resolved
results/stage10/direct_logit_attribution/run_causal_patching_events.jsonl,jsonl,1,paper_relevant_noncritical,False,not_authority_resolved
results/stage10/distractor_proximity/proximity_vs_slp.json,json,,paper_relevant_noncritical,False,not_authority_resolved
results/stage10/domain_transfer_probe/layer_auroc_resid_post_last_prompt.json,json,,paper_relevant_noncritical,False,not_authority_resolved
results/stage10/domain_transfer_probe/layer_pearson_resid_post_last_prompt.json,json,,paper_relevant_noncritical,False,not_authority_resolved
results/stage10/domain_transfer_probe/loo_predictions_resid_post_last_prompt.json,json,,paper_relevant_noncritical,False,not_authority_resolved
results/stage10/domain_transfer_probe/run_probing_events.jsonl,jsonl,1,paper_relevant_noncritical,False,not_authority_resolved
results/stage10/domain_transfer_probe/summary_resid_post_last_prompt.json,json,,paper_relevant_noncritical,False,not_authority_resolved
results/stage10/full_head_sweep_l16/head_0/patching_results.csv,csv,20,paper_relevant_noncritical,False,not_authority_resolved
results/stage10/full_head_sweep_l16/head_0/patching_summary.json,json,,paper_relevant_noncritical,False,not_authority_resolved
results/stage10/full_head_sweep_l16/head_0/run_causal_patching_events.jsonl,jsonl,22,paper_relevant_noncritical,False,not_authority_resolved
results/stage10/full_head_sweep_l16/head_1/patching_results.csv,csv,20,paper_relevant_noncritical,False,not_authority_resolved
results/stage10/full_head_sweep_l16/head_1/patching_summary.json,json,,paper_relevant_noncritical,False,not_authority_resolved
results/stage10/full_head_sweep_l16/head_1/run_causal_patching_events.jsonl,jsonl,22,paper_relevant_noncritical,False,not_authority_resolved
results/stage10/full_head_sweep_l16/head_10/patching_results.csv,csv,20,paper_relevant_noncritical,False,not_authority_resolved
results/stage10/full_head_sweep_l16/head_10/patching_summary.json,json,,paper_relevant_noncritical,False,not_authority_resolved
results/stage10/full_head_sweep_l16/head_10/run_causal_patching_events.jsonl,jsonl,22,paper_relevant_noncritical,False,not_authority_resolved
results/stage10/full_head_sweep_l16/head_11/patching_results.csv,csv,20,paper_relevant_noncritical,False,not_authority_resolved
results/stage10/full_head_sweep_l16/head_11/patching_summary.json,json,,paper_relevant_noncritical,False,not_authority_resolved
results/stage10/full_head_sweep_l16/head_11/run_causal_patching_events.jsonl,jsonl,22,paper_relevant_noncritical,False,not_authority_resolved
results/stage10/full_head_sweep_l16/head_12/patching_results.csv,csv,20,paper_relevant_noncritical,False,not_authority_resolved
results/stage10/full_head_sweep_l16/head_12/patching_summary.json,json,,paper_relevant_noncritical,False,not_authority_resolved
results/stage10/full_head_sweep_l16/head_12/run_causal_patching_events.jsonl,jsonl,22,paper_relevant_noncritical,False,not_authority_resolved
results/stage10/full_head_sweep_l16/head_13/patching_results.csv,csv,20,paper_relevant_noncritical,False,not_authority_resolved
results/stage10/full_head_sweep_l16/head_13/patching_summary.json,json,,paper_relevant_noncritical,False,not_authority_resolved
results/stage10/full_head_sweep_l16/head_13/run_causal_patching_events.jsonl,jsonl,22,paper_relevant_noncritical,False,not_authority_resolved
results/stage10/full_head_sweep_l16/head_14/patching_results.csv,csv,20,paper_relevant_noncritical,False,not_authority_resolved
results/stage10/full_head_sweep_l16/head_14/patching_summary.json,json,,paper_relevant_noncritical,False,not_authority_resolved
results/stage10/full_head_sweep_l16/head_14/run_causal_patching_events.jsonl,jsonl,22,paper_relevant_noncritical,False,not_authority_resolved
results/stage10/full_head_sweep_l16/head_15/patching_results.csv,csv,20,paper_relevant_noncritical,False,not_authority_resolved
results/stage10/full_head_sweep_l16/head_15/patching_summary.json,json,,paper_relevant_noncritical,False,not_authority_resolved
results/stage10/full_head_sweep_l16/head_15/run_causal_patching_events.jsonl,jsonl,22,paper_relevant_noncritical,False,not_authority_resolved
results/stage10/full_head_sweep_l16/head_16/patching_results.csv,csv,20,paper_relevant_noncritical,False,not_authority_resolved
results/stage10/full_head_sweep_l16/head_16/patching_summary.json,json,,paper_relevant_noncritical,False,not_authority_resolved
results/stage10/full_head_sweep_l16/head_16/run_causal_patching_events.jsonl,jsonl,22,paper_relevant_noncritical,False,not_authority_resolved
results/stage10/full_head_sweep_l16/head_17/patching_results.csv,csv,20,paper_relevant_noncritical,False,not_authority_resolved
results/stage10/full_head_sweep_l16/head_17/patching_summary.json,json,,paper_relevant_noncritical,False,not_authority_resolved
results/stage10/full_head_sweep_l16/head_17/run_causal_patching_events.jsonl,jsonl,22,paper_relevant_noncritical,False,not_authority_resolved
results/stage10/full_head_sweep_l16/head_18/patching_results.csv,csv,20,paper_relevant_noncritical,False,not_authority_resolved
results/stage10/full_head_sweep_l16/head_18/patching_summary.json,json,,paper_relevant_noncritical,False,not_authority_resolved
results/stage10/full_head_sweep_l16/head_18/run_causal_patching_events.jsonl,jsonl,22,paper_relevant_noncritical,False,not_authority_resolved
results/stage10/full_head_sweep_l16/head_19/patching_results.csv,csv,20,paper_relevant_noncritical,False,not_authority_resolved
results/stage10/full_head_sweep_l16/head_19/patching_summary.json,json,,paper_relevant_noncritical,False,not_authority_resolved
results/stage10/full_head_sweep_l16/head_19/run_causal_patching_events.jsonl,jsonl,22,paper_relevant_noncritical,False,not_authority_resolved
results/stage10/full_head_sweep_l16/head_2/patching_results.csv,csv,20,paper_relevant_noncritical,False,not_authority_resolved
results/stage10/full_head_sweep_l16/head_2/patching_summary.json,json,,paper_relevant_noncritical,False,not_authority_resolved
results/stage10/full_head_sweep_l16/head_2/run_causal_patching_events.jsonl,jsonl,22,paper_relevant_noncritical,False,not_authority_resolved
results/stage10/full_head_sweep_l16/head_20/patching_results.csv,csv,20,paper_relevant_noncritical,False,not_authority_resolved
results/stage10/full_head_sweep_l16/head_20/patching_summary.json,json,,paper_relevant_noncritical,False,not_authority_resolved
results/stage10/full_head_sweep_l16/head_20/run_causal_patching_events.jsonl,jsonl,22,paper_relevant_noncritical,False,not_authority_resolved
results/stage10/full_head_sweep_l16/head_21/patching_results.csv,csv,20,paper_relevant_noncritical,False,not_authority_resolved
results/stage10/full_head_sweep_l16/head_21/patching_summary.json,json,,paper_relevant_noncritical,False,not_authority_resolved
results/stage10/full_head_sweep_l16/head_21/run_causal_patching_events.jsonl,jsonl,22,paper_relevant_noncritical,False,not_authority_resolved
results/stage10/full_head_sweep_l16/head_22/patching_results.csv,csv,20,paper_relevant_noncritical,False,not_authority_resolved
results/stage10/full_head_sweep_l16/head_22/patching_summary.json,json,,paper_relevant_noncritical,False,not_authority_resolved
results/stage10/full_head_sweep_l16/head_22/run_causal_patching_events.jsonl,jsonl,22,paper_relevant_noncritical,False,not_authority_resolved
results/stage10/full_head_sweep_l16/head_23/patching_results.csv,csv,20,paper_relevant_noncritical,False,not_authority_resolved
results/stage10/full_head_sweep_l16/head_23/patching_summary.json,json,,paper_relevant_noncritical,False,not_authority_resolved
results/stage10/full_head_sweep_l16/head_23/run_causal_patching_events.jsonl,jsonl,22,paper_relevant_noncritical,False,not_authority_resolved
results/stage10/full_head_sweep_l16/head_24/patching_results.csv,csv,20,paper_relevant_noncritical,False,not_authority_resolved
results/stage10/full_head_sweep_l16/head_24/patching_summary.json,json,,paper_relevant_noncritical,False,not_authority_resolved
results/stage10/full_head_sweep_l16/head_24/run_causal_patching_events.jsonl,jsonl,22,paper_relevant_noncritical,False,not_authority_resolved
results/stage10/full_head_sweep_l16/head_25/patching_results.csv,csv,20,paper_relevant_noncritical,False,not_authority_resolved
results/stage10/full_head_sweep_l16/head_25/patching_summary.json,json,,paper_relevant_noncritical,False,not_authority_resolved
results/stage10/full_head_sweep_l16/head_25/run_causal_patching_events.jsonl,jsonl,22,paper_relevant_noncritical,False,not_authority_resolved
results/stage10/full_head_sweep_l16/head_26/patching_results.csv,csv,20,paper_relevant_noncritical,False,not_authority_resolved
results/stage10/full_head_sweep_l16/head_26/patching_summary.json,json,,paper_relevant_noncritical,False,not_authority_resolved
results/stage10/full_head_sweep_l16/head_26/run_causal_patching_events.jsonl,jsonl,22,paper_relevant_noncritical,False,not_authority_resolved
results/stage10/full_head_sweep_l16/head_27/patching_results.csv,csv,20,paper_relevant_noncritical,False,not_authority_resolved
results/stage10/full_head_sweep_l16/head_27/patching_summary.json,json,,paper_relevant_noncritical,False,not_authority_resolved
results/stage10/full_head_sweep_l16/head_27/run_causal_patching_events.jsonl,jsonl,22,paper_relevant_noncritical,False,not_authority_resolved
results/stage10/full_head_sweep_l16/head_3/patching_results.csv,csv,20,paper_relevant_noncritical,False,not_authority_resolved
results/stage10/full_head_sweep_l16/head_3/patching_summary.json,json,,paper_relevant_noncritical,False,not_authority_resolved
results/stage10/full_head_sweep_l16/head_3/run_causal_patching_events.jsonl,jsonl,22,paper_relevant_noncritical,False,not_authority_resolved
results/stage10/full_head_sweep_l16/head_4/patching_results.csv,csv,20,paper_relevant_noncritical,False,not_authority_resolved
results/stage10/full_head_sweep_l16/head_4/patching_summary.json,json,,paper_relevant_noncritical,False,not_authority_resolved
results/stage10/full_head_sweep_l16/head_4/run_causal_patching_events.jsonl,jsonl,22,paper_relevant_noncritical,False,not_authority_resolved
results/stage10/full_head_sweep_l16/head_5/patching_results.csv,csv,20,paper_relevant_noncritical,False,not_authority_resolved
results/stage10/full_head_sweep_l16/head_5/patching_summary.json,json,,paper_relevant_noncritical,False,not_authority_resolved
results/stage10/full_head_sweep_l16/head_5/run_causal_patching_events.jsonl,jsonl,22,paper_relevant_noncritical,False,not_authority_resolved
results/stage10/full_head_sweep_l16/head_6/patching_results.csv,csv,20,paper_relevant_noncritical,False,not_authority_resolved
results/stage10/full_head_sweep_l16/head_6/patching_summary.json,json,,paper_relevant_noncritical,False,not_authority_resolved
results/stage10/full_head_sweep_l16/head_6/run_causal_patching_events.jsonl,jsonl,22,paper_relevant_noncritical,False,not_authority_resolved
results/stage10/full_head_sweep_l16/head_7/patching_results.csv,csv,20,paper_relevant_noncritical,False,not_authority_resolved
results/stage10/full_head_sweep_l16/head_7/patching_summary.json,json,,paper_relevant_noncritical,False,not_authority_resolved
results/stage10/full_head_sweep_l16/head_7/run_causal_patching_events.jsonl,jsonl,22,paper_relevant_noncritical,False,not_authority_resolved
results/stage10/full_head_sweep_l16/head_8/patching_results.csv,csv,20,paper_relevant_noncritical,False,not_authority_resolved
results/stage10/full_head_sweep_l16/head_8/patching_summary.json,json,,paper_relevant_noncritical,False,not_authority_resolved
results/stage10/full_head_sweep_l16/head_8/run_causal_patching_events.jsonl,jsonl,22,paper_relevant_noncritical,False,not_authority_resolved
results/stage10/full_head_sweep_l16/head_9/patching_results.csv,csv,20,paper_relevant_noncritical,False,not_authority_resolved
results/stage10/full_head_sweep_l16/head_9/patching_summary.json,json,,paper_relevant_noncritical,False,not_authority_resolved
results/stage10/full_head_sweep_l16/head_9/run_causal_patching_events.jsonl,jsonl,22,paper_relevant_noncritical,False,not_authority_resolved
results/stage10/full_head_sweep_l16/head_sweep_summary.json,json,,paper_relevant_noncritical,False,not_authority_resolved
results/stage10/head_sweep_l16/family_head_contributions.json,json,,paper_relevant_noncritical,False,not_authority_resolved
results/stage10/head_sweep_l16/head_sensitivity_scores.json,json,,paper_relevant_noncritical,False,not_authority_resolved
results/stage10/head_sweep_l16/probe_weights_layer16.npy,npy,,paper_relevant_noncritical,False,not_authority_resolved
results/stage10/head_sweep_l16/run_attention_analysis_events.jsonl,jsonl,1,paper_relevant_noncritical,False,not_authority_resolved
results/stage10/llama_attention/layer_19/family_head_contributions.json,json,,paper_relevant_noncritical,False,not_authority_resolved
results/stage10/llama_attention/layer_19/head_sensitivity_scores.json,json,,paper_relevant_noncritical,False,not_authority_resolved
results/stage10/llama_attention/layer_19/probe_weights_layer19.npy,npy,,paper_relevant_noncritical,False,not_authority_resolved
results/stage10/llama_attention/layer_19/run_attention_analysis_events.jsonl,jsonl,1,paper_relevant_noncritical,False,not_authority_resolved
results/stage10/llama_attention/layer_20/family_head_contributions.json,json,,paper_relevant_noncritical,False,not_authority_resolved
results/stage10/llama_attention/layer_20/head_sensitivity_scores.json,json,,paper_relevant_noncritical,False,not_authority_resolved
results/stage10/llama_attention/layer_20/probe_weights_layer20.npy,npy,,paper_relevant_noncritical,False,not_authority_resolved
results/stage10/llama_attention/layer_20/run_attention_analysis_events.jsonl,jsonl,1,paper_relevant_noncritical,False,not_authority_resolved
results/stage10/llama_attention/layer_21/family_head_contributions.json,json,,paper_relevant_noncritical,False,not_authority_resolved
results/stage10/llama_attention/layer_21/head_sensitivity_scores.json,json,,paper_relevant_noncritical,False,not_authority_resolved
results/stage10/llama_attention/layer_21/probe_weights_layer21.npy,npy,,paper_relevant_noncritical,False,not_authority_resolved
results/stage10/llama_attention/layer_21/run_attention_analysis_events.jsonl,jsonl,1,paper_relevant_noncritical,False,not_authority_resolved
results/stage10/llama_head_knockout/patching_results.csv,csv,100,paper_relevant_noncritical,False,not_authority_resolved
results/stage10/llama_head_knockout/patching_summary.json,json,,paper_relevant_noncritical,False,not_authority_resolved
results/stage10/llama_head_knockout/run_causal_patching_events.jsonl,jsonl,22,paper_relevant_noncritical,False,not_authority_resolved
results/stage10/llama_head_selection_sweep/head_selection_summary.json,json,,paper_relevant_noncritical,False,not_authority_resolved
results/stage10/llama_head_selection_sweep/layer_19/head_0/patching_results.csv,csv,20,paper_relevant_noncritical,False,not_authority_resolved
results/stage10/llama_head_selection_sweep/layer_19/head_0/patching_summary.json,json,,paper_relevant_noncritical,False,not_authority_resolved
results/stage10/llama_head_selection_sweep/layer_19/head_0/run_causal_patching_events.jsonl,jsonl,22,paper_relevant_noncritical,False,not_authority_resolved
results/stage10/llama_head_selection_sweep/layer_19/head_12/patching_results.csv,csv,20,paper_relevant_noncritical,False,not_authority_resolved
results/stage10/llama_head_selection_sweep/layer_19/head_12/patching_summary.json,json,,paper_relevant_noncritical,False,not_authority_resolved
results/stage10/llama_head_selection_sweep/layer_19/head_12/run_causal_patching_events.jsonl,jsonl,22,paper_relevant_noncritical,False,not_authority_resolved
results/stage10/llama_head_selection_sweep/layer_19/head_14/patching_results.csv,csv,20,paper_relevant_noncritical,False,not_authority_resolved
results/stage10/llama_head_selection_sweep/layer_19/head_14/patching_summary.json,json,,paper_relevant_noncritical,False,not_authority_resolved
results/stage10/llama_head_selection_sweep/layer_19/head_14/run_causal_patching_events.jsonl,jsonl,22,paper_relevant_noncritical,False,not_authority_resolved
results/stage10/llama_head_selection_sweep/layer_19/head_26/patching_results.csv,csv,20,paper_relevant_noncritical,False,not_authority_resolved
results/stage10/llama_head_selection_sweep/layer_19/head_26/patching_summary.json,json,,paper_relevant_noncritical,False,not_authority_resolved
results/stage10/llama_head_selection_sweep/layer_19/head_26/run_causal_patching_events.jsonl,jsonl,22,paper_relevant_noncritical,False,not_authority_resolved
results/stage10/llama_head_selection_sweep/layer_20/head_18/patching_results.csv,csv,20,paper_relevant_noncritical,False,not_authority_resolved
results/stage10/llama_head_selection_sweep/layer_20/head_18/patching_summary.json,json,,paper_relevant_noncritical,False,not_authority_resolved
results/stage10/llama_head_selection_sweep/layer_20/head_18/run_causal_patching_events.jsonl,jsonl,22,paper_relevant_noncritical,False,not_authority_resolved
results/stage10/llama_head_selection_sweep/layer_20/head_2/patching_results.csv,csv,20,paper_relevant_noncritical,False,not_authority_resolved
results/stage10/llama_head_selection_sweep/layer_20/head_2/patching_summary.json,json,,paper_relevant_noncritical,False,not_authority_resolved
results/stage10/llama_head_selection_sweep/layer_20/head_2/run_causal_patching_events.jsonl,jsonl,22,paper_relevant_noncritical,False,not_authority_resolved
results/stage10/llama_head_selection_sweep/layer_20/head_20/patching_results.csv,csv,20,paper_relevant_noncritical,False,not_authority_resolved
results/stage10/llama_head_selection_sweep/layer_20/head_20/patching_summary.json,json,,paper_relevant_noncritical,False,not_authority_resolved
results/stage10/llama_head_selection_sweep/layer_20/head_20/run_causal_patching_events.jsonl,jsonl,22,paper_relevant_noncritical,False,not_authority_resolved
results/stage10/llama_head_selection_sweep/layer_20/head_23/patching_results.csv,csv,20,paper_relevant_noncritical,False,not_authority_resolved
results/stage10/llama_head_selection_sweep/layer_20/head_23/patching_summary.json,json,,paper_relevant_noncritical,False,not_authority_resolved
results/stage10/llama_head_selection_sweep/layer_20/head_23/run_causal_patching_events.jsonl,jsonl,22,paper_relevant_noncritical,False,not_authority_resolved
results/stage10/llama_head_selection_sweep/layer_21/head_19/patching_results.csv,csv,20,paper_relevant_noncritical,False,not_authority_resolved
results/stage10/llama_head_selection_sweep/layer_21/head_19/patching_summary.json,json,,paper_relevant_noncritical,False,not_authority_resolved
results/stage10/llama_head_selection_sweep/layer_21/head_19/run_causal_patching_events.jsonl,jsonl,22,paper_relevant_noncritical,False,not_authority_resolved
results/stage10/llama_head_selection_sweep/layer_21/head_5/patching_results.csv,csv,20,paper_relevant_noncritical,False,not_authority_resolved
results/stage10/llama_head_selection_sweep/layer_21/head_5/patching_summary.json,json,,paper_relevant_noncritical,False,not_authority_resolved
results/stage10/llama_head_selection_sweep/layer_21/head_5/run_causal_patching_events.jsonl,jsonl,22,paper_relevant_noncritical,False,not_authority_resolved
results/stage10/llama_head_selection_sweep/layer_21/head_7/patching_results.csv,csv,20,paper_relevant_noncritical,False,not_authority_resolved
results/stage10/llama_head_selection_sweep/layer_21/head_7/patching_summary.json,json,,paper_relevant_noncritical,False,not_authority_resolved
results/stage10/llama_head_selection_sweep/layer_21/head_7/run_causal_patching_events.jsonl,jsonl,22,paper_relevant_noncritical,False,not_authority_resolved
results/stage10/llama_head_selection_sweep/layer_21/head_8/patching_results.csv,csv,20,paper_relevant_noncritical,False,not_authority_resolved
results/stage10/llama_head_selection_sweep/layer_21/head_8/patching_summary.json,json,,paper_relevant_noncritical,False,not_authority_resolved
results/stage10/llama_head_selection_sweep/layer_21/head_8/run_causal_patching_events.jsonl,jsonl,22,paper_relevant_noncritical,False,not_authority_resolved
results/stage10/llama_mhk/patching_results.csv,csv,140,paper_relevant_noncritical,False,not_authority_resolved
results/stage10/llama_mhk/patching_summary.json,json,,paper_relevant_noncritical,False,not_authority_resolved
results/stage10/llama_mhk/run_causal_patching_events.jsonl,jsonl,22,paper_relevant_noncritical,False,not_authority_resolved
results/stage10/llama_mhk_v2/attn_layer19/patching_results.csv,csv,100,paper_relevant_noncritical,False,not_authority_resolved
results/stage10/llama_mhk_v2/attn_layer19/patching_summary.json,json,,paper_relevant_noncritical,False,not_authority_resolved
results/stage10/llama_mhk_v2/attn_layer19/run_causal_patching_events.jsonl,jsonl,22,paper_relevant_noncritical,False,not_authority_resolved
results/stage10/llama_mhk_v2/causal_sweep/patching_results.csv,csv,100,paper_relevant_noncritical,False,not_authority_resolved
results/stage10/llama_mhk_v2/causal_sweep/patching_summary.json,json,,paper_relevant_noncritical,False,not_authority_resolved
results/stage10/llama_mhk_v2/causal_sweep/run_causal_patching_events.jsonl,jsonl,22,paper_relevant_noncritical,False,not_authority_resolved
results/stage10/logit_lens/logit_lens_per_family.json,json,,paper_relevant_noncritical,False,not_authority_resolved
results/stage10/logit_lens/logit_lens_summary.json,json,,paper_relevant_noncritical,False,not_authority_resolved
results/stage10/logit_lens/run_causal_patching_events.jsonl,jsonl,1,paper_relevant_noncritical,False,not_authority_resolved
results/stage10/mean_probe_entropy_correlation.json,json,,paper_relevant_noncritical,False,not_authority_resolved
results/stage10/mean_probe_full_sweep_bigcompute/layer_auroc_resid_post_last_prompt.json,json,,paper_relevant_noncritical,False,not_authority_resolved
results/stage10/mean_probe_full_sweep_bigcompute/layer_pearson_resid_post_last_prompt.json,json,,paper_relevant_noncritical,False,not_authority_resolved
results/stage10/mean_probe_full_sweep_bigcompute/loo_predictions_resid_post_last_prompt.json,json,,paper_relevant_noncritical,False,not_authority_resolved
results/stage10/mean_probe_full_sweep_bigcompute/run_probing_events.jsonl,jsonl,1,paper_relevant_noncritical,False,not_authority_resolved
results/stage10/mean_probe_full_sweep_bigcompute/summary_resid_post_last_prompt.json,json,,paper_relevant_noncritical,False,not_authority_resolved
results/stage10/mhk_cue_generalization/patching_results.csv,csv,50,paper_relevant_noncritical,False,not_authority_resolved
results/stage10/mhk_cue_generalization/patching_summary.json,json,,paper_relevant_noncritical,False,not_authority_resolved
results/stage10/mhk_cue_generalization/run_causal_patching_events.jsonl,jsonl,12,paper_relevant_noncritical,False,not_authority_resolved
results/stage10/mhk_dose_response/heads_1/patching_results.csv,csv,140,paper_relevant_noncritical,False,not_authority_resolved
results/stage10/mhk_dose_response/heads_1/patching_summary.json,json,,paper_relevant_noncritical,False,not_authority_resolved
results/stage10/mhk_dose_response/heads_1/run_causal_patching_events.jsonl,jsonl,22,paper_relevant_noncritical,False,not_authority_resolved
results/stage10/mhk_dose_response/heads_2/patching_results.csv,csv,140,paper_relevant_noncritical,False,not_authority_resolved
results/stage10/mhk_dose_response/heads_2/patching_summary.json,json,,paper_relevant_noncritical,False,not_authority_resolved
results/stage10/mhk_dose_response/heads_2/run_causal_patching_events.jsonl,jsonl,22,paper_relevant_noncritical,False,not_authority_resolved
results/stage10/mhk_dose_response/heads_3/patching_results.csv,csv,140,paper_relevant_noncritical,False,not_authority_resolved
results/stage10/mhk_dose_response/heads_3/patching_summary.json,json,,paper_relevant_noncritical,False,not_authority_resolved
results/stage10/mhk_dose_response/heads_3/run_causal_patching_events.jsonl,jsonl,22,paper_relevant_noncritical,False,not_authority_resolved
results/stage10/mhk_dose_response/heads_4/patching_results.csv,csv,140,paper_relevant_noncritical,False,not_authority_resolved
results/stage10/mhk_dose_response/heads_4/patching_summary.json,json,,paper_relevant_noncritical,False,not_authority_resolved
results/stage10/mhk_dose_response/heads_4/run_causal_patching_events.jsonl,jsonl,22,paper_relevant_noncritical,False,not_authority_resolved
results/stage10/pairwise_head_interactions/interaction_summary.json,json,,paper_relevant_noncritical,False,not_authority_resolved
results/stage10/pairwise_head_interactions/subset_11/patching_results.csv,csv,20,paper_relevant_noncritical,False,not_authority_resolved
results/stage10/pairwise_head_interactions/subset_11/patching_summary.json,json,,paper_relevant_noncritical,False,not_authority_resolved
results/stage10/pairwise_head_interactions/subset_11/run_causal_patching_events.jsonl,jsonl,22,paper_relevant_noncritical,False,not_authority_resolved
results/stage10/pairwise_head_interactions/subset_13/patching_results.csv,csv,20,paper_relevant_noncritical,False,not_authority_resolved
results/stage10/pairwise_head_interactions/subset_13/patching_summary.json,json,,paper_relevant_noncritical,False,not_authority_resolved
results/stage10/pairwise_head_interactions/subset_13/run_causal_patching_events.jsonl,jsonl,22,paper_relevant_noncritical,False,not_authority_resolved
results/stage10/pairwise_head_interactions/subset_13_11/patching_results.csv,csv,20,paper_relevant_noncritical,False,not_authority_resolved
results/stage10/pairwise_head_interactions/subset_13_11/patching_summary.json,json,,paper_relevant_noncritical,False,not_authority_resolved
results/stage10/pairwise_head_interactions/subset_13_11/run_causal_patching_events.jsonl,jsonl,22,paper_relevant_noncritical,False,not_authority_resolved
results/stage10/pairwise_head_interactions/subset_24/patching_results.csv,csv,20,paper_relevant_noncritical,False,not_authority_resolved
results/stage10/pairwise_head_interactions/subset_24/patching_summary.json,json,,paper_relevant_noncritical,False,not_authority_resolved
results/stage10/pairwise_head_interactions/subset_24/run_causal_patching_events.jsonl,jsonl,22,paper_relevant_noncritical,False,not_authority_resolved
results/stage10/pairwise_head_interactions/subset_24_11/patching_results.csv,csv,20,paper_relevant_noncritical,False,not_authority_resolved
results/stage10/pairwise_head_interactions/subset_24_11/patching_summary.json,json,,paper_relevant_noncritical,False,not_authority_resolved
results/stage10/pairwise_head_interactions/subset_24_11/run_causal_patching_events.jsonl,jsonl,22,paper_relevant_noncritical,False,not_authority_resolved
results/stage10/pairwise_head_interactions/subset_24_13/patching_results.csv,csv,20,paper_relevant_noncritical,False,not_authority_resolved
results/stage10/pairwise_head_interactions/subset_24_13/patching_summary.json,json,,paper_relevant_noncritical,False,not_authority_resolved
results/stage10/pairwise_head_interactions/subset_24_13/run_causal_patching_events.jsonl,jsonl,22,paper_relevant_noncritical,False,not_authority_resolved
results/stage10/pairwise_head_interactions/subset_24_13_11/patching_results.csv,csv,20,paper_relevant_noncritical,False,not_authority_resolved
results/stage10/pairwise_head_interactions/subset_24_13_11/patching_summary.json,json,,paper_relevant_noncritical,False,not_authority_resolved
results/stage10/pairwise_head_interactions/subset_24_13_11/run_causal_patching_events.jsonl,jsonl,22,paper_relevant_noncritical,False,not_authority_resolved
results/stage10/pairwise_head_interactions/subset_26/patching_results.csv,csv,20,paper_relevant_noncritical,False,not_authority_resolved
results/stage10/pairwise_head_interactions/subset_26/patching_summary.json,json,,paper_relevant_noncritical,False,not_authority_resolved
results/stage10/pairwise_head_interactions/subset_26/run_causal_patching_events.jsonl,jsonl,22,paper_relevant_noncritical,False,not_authority_resolved
results/stage10/pairwise_head_interactions/subset_26_11/patching_results.csv,csv,20,paper_relevant_noncritical,False,not_authority_resolved
results/stage10/pairwise_head_interactions/subset_26_11/patching_summary.json,json,,paper_relevant_noncritical,False,not_authority_resolved
results/stage10/pairwise_head_interactions/subset_26_11/run_causal_patching_events.jsonl,jsonl,22,paper_relevant_noncritical,False,not_authority_resolved
results/stage10/pairwise_head_interactions/subset_26_13/patching_results.csv,csv,20,paper_relevant_noncritical,False,not_authority_resolved
results/stage10/pairwise_head_interactions/subset_26_13/patching_summary.json,json,,paper_relevant_noncritical,False,not_authority_resolved
results/stage10/pairwise_head_interactions/subset_26_13/run_causal_patching_events.jsonl,jsonl,22,paper_relevant_noncritical,False,not_authority_resolved
results/stage10/pairwise_head_interactions/subset_26_13_11/patching_results.csv,csv,20,paper_relevant_noncritical,False,not_authority_resolved
results/stage10/pairwise_head_interactions/subset_26_13_11/patching_summary.json,json,,paper_relevant_noncritical,False,not_authority_resolved
results/stage10/pairwise_head_interactions/subset_26_13_11/run_causal_patching_events.jsonl,jsonl,22,paper_relevant_noncritical,False,not_authority_resolved
results/stage10/pairwise_head_interactions/subset_26_24/patching_results.csv,csv,20,paper_relevant_noncritical,False,not_authority_resolved
results/stage10/pairwise_head_interactions/subset_26_24/patching_summary.json,json,,paper_relevant_noncritical,False,not_authority_resolved
results/stage10/pairwise_head_interactions/subset_26_24/run_causal_patching_events.jsonl,jsonl,22,paper_relevant_noncritical,False,not_authority_resolved
results/stage10/pairwise_head_interactions/subset_26_24_11/patching_results.csv,csv,20,paper_relevant_noncritical,False,not_authority_resolved
results/stage10/pairwise_head_interactions/subset_26_24_11/patching_summary.json,json,,paper_relevant_noncritical,False,not_authority_resolved
results/stage10/pairwise_head_interactions/subset_26_24_11/run_causal_patching_events.jsonl,jsonl,22,paper_relevant_noncritical,False,not_authority_resolved
results/stage10/pairwise_head_interactions/subset_26_24_13/patching_results.csv,csv,20,paper_relevant_noncritical,False,not_authority_resolved
results/stage10/pairwise_head_interactions/subset_26_24_13/patching_summary.json,json,,paper_relevant_noncritical,False,not_authority_resolved
results/stage10/pairwise_head_interactions/subset_26_24_13/run_causal_patching_events.jsonl,jsonl,22,paper_relevant_noncritical,False,not_authority_resolved
results/stage10/pairwise_head_interactions/subset_26_24_13_11/patching_results.csv,csv,20,paper_relevant_noncritical,False,not_authority_resolved
results/stage10/pairwise_head_interactions/subset_26_24_13_11/patching_summary.json,json,,paper_relevant_noncritical,False,not_authority_resolved
results/stage10/pairwise_head_interactions/subset_26_24_13_11/run_causal_patching_events.jsonl,jsonl,22,paper_relevant_noncritical,False,not_authority_resolved
results/stage10/per_cue_probe_comparison.json,json,,paper_relevant_noncritical,False,not_authority_resolved
results/stage10/per_variant_probe_sweep/layer_auroc_per_variant.json,json,,paper_relevant_noncritical,False,not_authority_resolved
results/stage10/per_variant_probe_sweep/loo_predictions_per_variant.json,json,,paper_relevant_noncritical,False,not_authority_resolved
results/stage10/per_variant_probe_sweep/run_per_variant_probe_sweep_events.jsonl,jsonl,1,paper_relevant_noncritical,False,not_authority_resolved
results/stage10/per_variant_probe_sweep/summary_per_variant_sweep.json,json,,paper_relevant_noncritical,False,not_authority_resolved
results/stage10/probe_direction_cosine/probe_direction_cosine.json,json,,paper_relevant_noncritical,False,not_authority_resolved
results/stage10/random_site_control/patching_results.csv,csv,120,paper_relevant_noncritical,False,not_authority_resolved
results/stage10/random_site_control/patching_summary.json,json,,paper_relevant_noncritical,False,not_authority_resolved
results/stage10/random_site_control/run_causal_patching_events.jsonl,jsonl,22,paper_relevant_noncritical,False,not_authority_resolved
results/stage10/same_answer_donor/run_causal_patching_events.jsonl,jsonl,1,paper_relevant_noncritical,False,not_authority_resolved
results/stage10/same_answer_donor/same_answer_donor_results.csv,csv,28,paper_relevant_noncritical,False,not_authority_resolved
results/stage10/same_answer_donor/same_answer_donor_summary.json,json,,paper_relevant_noncritical,False,not_authority_resolved
results/stage10/stable_donor/run_causal_patching_events.jsonl,jsonl,1,paper_relevant_noncritical,False,not_authority_resolved
results/stage10/stable_donor/stable_donor_results.csv,csv,60,paper_relevant_noncritical,False,not_authority_resolved
results/stage10/stable_donor/stable_donor_summary.json,json,,paper_relevant_noncritical,False,not_authority_resolved
results/stage11/behavioural_expansion/family_summaries.jsonl,jsonl,15,paper_relevant_noncritical,False,not_authority_resolved
results/stage11/behavioural_expansion/per_family_summary.csv,csv,15,paper_relevant_noncritical,False,not_authority_resolved
results/stage11/behavioural_expansion/prompt_records.jsonl,jsonl,60,paper_relevant_noncritical,False,not_authority_resolved
results/stage11/behavioural_expansion/qwen_primary_20260620T084819Z.jsonl,jsonl,75,paper_relevant_noncritical,False,not_authority_resolved
results/stage11/behavioural_expansion/run_behavioural_events.jsonl,jsonl,77,paper_relevant_noncritical,False,not_authority_resolved
results/stage11/behavioural_expansion/summary.json,json,,paper_relevant_noncritical,False,not_authority_resolved
results/stage11/science/cross_cue_transfer/cross_cue_transfer_summary.json,json,,paper_relevant_noncritical,False,not_authority_resolved
results/stage11/science/cross_cue_transfer/cue_a_weight_vector_layer16.npy,npy,,paper_relevant_noncritical,False,not_authority_resolved
results/stage11/science/cross_cue_transfer/cue_b_weight_vector_layer16.npy,npy,,paper_relevant_noncritical,False,not_authority_resolved
results/stage11/science/cue_c_circuit/combined_cuec_manifest.json,json,,paper_relevant_noncritical,False,not_authority_resolved
results/stage11/science/cue_c_circuit/combined_cuec_positive_families.json,json,,paper_relevant_noncritical,False,not_authority_resolved
results/stage11/science/cue_c_circuit/cuec_behavioural_merged.jsonl,jsonl,75,paper_relevant_noncritical,False,not_authority_resolved
results/stage11/science/cue_c_circuit/cuec_probe_sweep/layer_auroc_per_variant.json,json,,paper_relevant_noncritical,False,not_authority_resolved
results/stage11/science/cue_c_circuit/cuec_probe_sweep/loo_predictions_per_variant.json,json,,paper_relevant_noncritical,False,not_authority_resolved
results/stage11/science/cue_c_circuit/cuec_probe_sweep/run_per_variant_probe_sweep_events.jsonl,jsonl,1,paper_relevant_noncritical,False,not_authority_resolved
results/stage11/science/cue_c_circuit/cuec_probe_sweep/summary_per_variant_sweep.json,json,,paper_relevant_noncritical,False,not_authority_resolved
results/stage11/science/cue_c_circuit/expansion_cuec_manifest.json,json,,paper_relevant_noncritical,False,not_authority_resolved
results/stage11/science/cue_c_circuit/expansion_cuec_positive_families.json,json,,paper_relevant_noncritical,False,not_authority_resolved
results/stage11/science/cue_c_circuit/h11_h13_knockout/patching_results.csv,csv,12,paper_relevant_noncritical,False,not_authority_resolved
results/stage11/science/cue_c_circuit/h11_h13_knockout/patching_summary.json,json,,paper_relevant_noncritical,False,not_authority_resolved
results/stage11/science/cue_c_circuit/h11_h13_knockout/run_causal_patching_events.jsonl,jsonl,14,paper_relevant_noncritical,False,not_authority_resolved
results/stage11/science/cue_c_circuit/h11_knockout/patching_results.csv,csv,12,paper_relevant_noncritical,False,not_authority_resolved
results/stage11/science/cue_c_circuit/h11_knockout/patching_summary.json,json,,paper_relevant_noncritical,False,not_authority_resolved
results/stage11/science/cue_c_circuit/h11_knockout/run_causal_patching_events.jsonl,jsonl,14,paper_relevant_noncritical,False,not_authority_resolved
results/stage11/science/cue_c_circuit/heldout_inference/family_mean_predictions.json,json,,paper_relevant_noncritical,False,not_authority_resolved
results/stage11/science/cue_c_circuit/heldout_inference/per_variant_predictions.json,json,,paper_relevant_noncritical,False,not_authority_resolved
results/stage11/science/cue_c_circuit/heldout_inference/summary.json,json,,paper_relevant_noncritical,False,not_authority_resolved
results/stage11/science/cue_c_circuit/rendered_merged/CM_C_001.json,json,,paper_relevant_noncritical,False,not_authority_resolved
results/stage11/science/cue_c_circuit/rendered_merged/CM_C_002.json,json,,paper_relevant_noncritical,False,not_authority_resolved
results/stage11/science/cue_c_circuit/rendered_merged/CM_C_003.json,json,,paper_relevant_noncritical,False,not_authority_resolved
results/stage11/science/cue_c_circuit/rendered_merged/CM_C_004.json,json,,paper_relevant_noncritical,False,not_authority_resolved
results/stage11/science/cue_c_circuit/rendered_merged/CM_C_005.json,json,,paper_relevant_noncritical,False,not_authority_resolved
results/stage11/science/cue_c_circuit/rendered_merged/CM_C_006.json,json,,paper_relevant_noncritical,False,not_authority_resolved
results/stage11/science/cue_c_circuit/rendered_merged/CM_C_007.json,json,,paper_relevant_noncritical,False,not_authority_resolved
results/stage11/science/cue_c_circuit/rendered_merged/CM_C_008.json,json,,paper_relevant_noncritical,False,not_authority_resolved
results/stage11/science/cue_c_circuit/rendered_merged/CM_C_009.json,json,,paper_relevant_noncritical,False,not_authority_resolved
results/stage11/science/cue_c_circuit/rendered_merged/CM_C_010.json,json,,paper_relevant_noncritical,False,not_authority_resolved
results/stage11/science/cue_c_circuit/rendered_merged/CM_C_011.json,json,,paper_relevant_noncritical,False,not_authority_resolved
results/stage11/science/cue_c_circuit/rendered_merged/CM_C_012.json,json,,paper_relevant_noncritical,False,not_authority_resolved
results/stage11/science/cue_c_circuit/rendered_merged/CM_C_013.json,json,,paper_relevant_noncritical,False,not_authority_resolved
results/stage11/science/cue_c_circuit/rendered_merged/CM_C_014.json,json,,paper_relevant_noncritical,False,not_authority_resolved
results/stage11/science/cue_c_circuit/rendered_merged/CM_C_015.json,json,,paper_relevant_noncritical,False,not_authority_resolved
results/stage11/science/cue_c_circuit/valid_new_cuec_families.json,json,,paper_relevant_noncritical,False,not_authority_resolved
results/stage11/science/deepseek_single_heads/deepseek_valid_subset_summary.json,json,,paper_relevant_noncritical,False,not_authority_resolved
results/stage11/science/deepseek_single_heads/head_20/patching_results.csv,csv,20,paper_relevant_noncritical,False,not_authority_resolved
results/stage11/science/deepseek_single_heads/head_20/patching_summary.json,json,,paper_relevant_noncritical,False,not_authority_resolved
results/stage11/science/deepseek_single_heads/head_20/run_causal_patching_events.jsonl,jsonl,22,paper_relevant_noncritical,False,not_authority_resolved
results/stage11/science/deepseek_single_heads/head_26/patching_results.csv,csv,20,paper_relevant_noncritical,False,not_authority_resolved
results/stage11/science/deepseek_single_heads/head_26/patching_summary.json,json,,paper_relevant_noncritical,False,not_authority_resolved
results/stage11/science/deepseek_single_heads/head_26/run_causal_patching_events.jsonl,jsonl,22,paper_relevant_noncritical,False,not_authority_resolved
results/stage11/science/h11_layer_sweep/patching_results.csv,csv,260,paper_relevant_noncritical,False,not_authority_resolved
results/stage11/science/h11_layer_sweep/patching_summary.json,json,,paper_relevant_noncritical,False,not_authority_resolved
results/stage11/science/h11_layer_sweep/run_causal_patching_events.jsonl,jsonl,22,paper_relevant_noncritical,False,not_authority_resolved
results/stage11/science/h11_mechanism/h11_output_cosine_per_family.json,json,,paper_relevant_noncritical,False,not_authority_resolved
results/stage11/science/h11_mechanism/h11_output_cosine_summary.json,json,,paper_relevant_noncritical,False,not_authority_resolved
results/stage11/science/h11_mechanism/head_output_probe_predictions.json,json,,paper_relevant_noncritical,False,not_authority_resolved
results/stage11/science/h11_mechanism/head_output_probe_summary.json,json,,paper_relevant_noncritical,False,not_authority_resolved
results/stage11/science/h24_inhibitory/h11_h24_combo/patching_results.csv,csv,20,paper_relevant_noncritical,False,not_authority_resolved
results/stage11/science/h24_inhibitory/h11_h24_combo/patching_summary.json,json,,paper_relevant_noncritical,False,not_authority_resolved
results/stage11/science/h24_inhibitory/h11_h24_combo/run_causal_patching_events.jsonl,jsonl,22,paper_relevant_noncritical,False,not_authority_resolved
results/stage11/science/h24_inhibitory/head24_layer_sweep/patching_results.csv,csv,140,paper_relevant_noncritical,False,not_authority_resolved
results/stage11/science/h24_inhibitory/head24_layer_sweep/patching_summary.json,json,,paper_relevant_noncritical,False,not_authority_resolved
results/stage11/science/h24_inhibitory/head24_layer_sweep/run_causal_patching_events.jsonl,jsonl,22,paper_relevant_noncritical,False,not_authority_resolved
results/stage11/science/latent_family_geometry/latent_family_geometry.json,json,,paper_relevant_noncritical,False,not_authority_resolved
results/stage11/science/precursor_characterisation/per_variant_predictions.json,json,,paper_relevant_noncritical,False,not_authority_resolved
results/stage11/science/precursor_characterisation/prompt_condition_layer_sweep.json,json,,paper_relevant_noncritical,False,not_authority_resolved
results/stage11/science/precursor_characterisation/prompt_condition_probe_summary.json,json,,paper_relevant_noncritical,False,not_authority_resolved
results/stage11/science/precursor_characterisation/run_prompt_condition_probe_events.jsonl,jsonl,1,paper_relevant_noncritical,False,not_authority_resolved
results/stage11/science/proximity_gradient/proximity_gradient_summary.json,json,,paper_relevant_noncritical,False,not_authority_resolved
results/stage11/science/variable_renaming/h11_knockout/patching_results.csv,csv,10,paper_relevant_noncritical,False,not_authority_resolved
results/stage11/science/variable_renaming/h11_knockout/patching_summary.json,json,,paper_relevant_noncritical,False,not_authority_resolved
results/stage11/science/variable_renaming/h11_knockout/run_causal_patching_events.jsonl,jsonl,12,paper_relevant_noncritical,False,not_authority_resolved
results/stage11/science/variable_renaming/probe_inference/family_mean_predictions.json,json,,paper_relevant_noncritical,False,not_authority_resolved
results/stage11/science/variable_renaming/probe_inference/per_variant_predictions.json,json,,paper_relevant_noncritical,False,not_authority_resolved
results/stage11/science/variable_renaming/probe_inference/summary.json,json,,paper_relevant_noncritical,False,not_authority_resolved
results/stage11/variable_renaming/behavioural/analysis/per_family_summary.csv,csv,10,paper_relevant_noncritical,False,not_authority_resolved
results/stage11/variable_renaming/behavioural/analysis/summary.json,json,,paper_relevant_noncritical,False,not_authority_resolved
results/stage11/variable_renaming/behavioural/family_summaries.jsonl,jsonl,10,paper_relevant_noncritical,False,not_authority_resolved
results/stage11/variable_renaming/behavioural/prompt_records.jsonl,jsonl,40,paper_relevant_noncritical,False,not_authority_resolved
results/stage11/variable_renaming/behavioural/qwen_primary_20260620T105904Z.jsonl,jsonl,50,paper_relevant_noncritical,False,not_authority_resolved
results/stage11/variable_renaming/behavioural/run_behavioural_events.jsonl,jsonl,52,paper_relevant_noncritical,False,not_authority_resolved
results/stage11/variable_renaming/renamed_positive_families.json,json,,paper_relevant_noncritical,False,not_authority_resolved
results/stage11/variable_renaming/rendered/CM_B_STD_006_RENAME.json,json,,paper_relevant_noncritical,False,not_authority_resolved
results/stage11/variable_renaming/rendered/CM_B_STD_010_RENAME.json,json,,paper_relevant_noncritical,False,not_authority_resolved
results/stage11/variable_renaming/rendered/CM_B_STD_011_RENAME.json,json,,paper_relevant_noncritical,False,not_authority_resolved
results/stage11/variable_renaming/rendered/CM_B_STD_013_RENAME.json,json,,paper_relevant_noncritical,False,not_authority_resolved
results/stage11/variable_renaming/rendered/CM_B_UM_009_RENAME.json,json,,paper_relevant_noncritical,False,not_authority_resolved
results/stage11/variable_renaming/rendered/CM_B_UM_032_RENAME.json,json,,paper_relevant_noncritical,False,not_authority_resolved
results/stage11/variable_renaming/rendered/CM_B_UM_033_RENAME.json,json,,paper_relevant_noncritical,False,not_authority_resolved
results/stage11/variable_renaming/rendered/CM_B_UM_052_RENAME.json,json,,paper_relevant_noncritical,False,not_authority_resolved
results/stage11/variable_renaming/rendered/CM_B_UM_055_RENAME.json,json,,paper_relevant_noncritical,False,not_authority_resolved
results/stage11/variable_renaming/rendered/CM_B_UM_059_RENAME.json,json,,paper_relevant_noncritical,False,not_authority_resolved
results/stage11/variable_renaming/rendered/renamed_manifest.json,json,,paper_relevant_noncritical,False,not_authority_resolved
results/stage12/expanded_probe_training/combined_manifest.json,json,,paper_relevant_noncritical,False,not_authority_resolved
results/stage12/expanded_probe_training/combined_positive_families.json,json,,paper_relevant_noncritical,False,not_authority_resolved
results/stage12/expanded_probe_training/per_variant_sweep/layer_auroc_per_variant.json,json,,paper_relevant_noncritical,False,not_authority_resolved
results/stage12/expanded_probe_training/per_variant_sweep/loo_predictions_per_variant.json,json,,paper_relevant_noncritical,False,not_authority_resolved
results/stage12/expanded_probe_training/per_variant_sweep/run_per_variant_probe_sweep_events.jsonl,jsonl,1,paper_relevant_noncritical,False,not_authority_resolved
results/stage12/expanded_probe_training/per_variant_sweep/summary_per_variant_sweep.json,json,,paper_relevant_noncritical,False,not_authority_resolved
results/stage12/expansion_probe_inference/expansion_family_rows_snapshot.json,json,,paper_relevant_noncritical,False,not_authority_resolved
results/stage12/expansion_probe_inference/expansion_positive_families.json,json,,paper_relevant_noncritical,False,not_authority_resolved
results/stage12/expansion_probe_inference/family_mean_predictions.json,json,,paper_relevant_noncritical,False,not_authority_resolved
results/stage12/expansion_probe_inference/per_variant_predictions.json,json,,paper_relevant_noncritical,False,not_authority_resolved
results/stage12/expansion_probe_inference/summary.json,json,,paper_relevant_noncritical,False,not_authority_resolved
results/stage12/llama_full_head_sweep/head_0/patching_results.csv,csv,60,paper_relevant_noncritical,False,not_authority_resolved
results/stage12/llama_full_head_sweep/head_0/patching_summary.json,json,,paper_relevant_noncritical,False,not_authority_resolved
results/stage12/llama_full_head_sweep/head_0/run_causal_patching_events.jsonl,jsonl,22,paper_relevant_noncritical,False,not_authority_resolved
results/stage12/llama_full_head_sweep/head_1/patching_results.csv,csv,60,paper_relevant_noncritical,False,not_authority_resolved
results/stage12/llama_full_head_sweep/head_1/patching_summary.json,json,,paper_relevant_noncritical,False,not_authority_resolved
results/stage12/llama_full_head_sweep/head_1/run_causal_patching_events.jsonl,jsonl,22,paper_relevant_noncritical,False,not_authority_resolved
results/stage12/llama_full_head_sweep/head_10/patching_results.csv,csv,60,paper_relevant_noncritical,False,not_authority_resolved
results/stage12/llama_full_head_sweep/head_10/patching_summary.json,json,,paper_relevant_noncritical,False,not_authority_resolved
results/stage12/llama_full_head_sweep/head_10/run_causal_patching_events.jsonl,jsonl,22,paper_relevant_noncritical,False,not_authority_resolved
results/stage12/llama_full_head_sweep/head_11/patching_results.csv,csv,60,paper_relevant_noncritical,False,not_authority_resolved
results/stage12/llama_full_head_sweep/head_11/patching_summary.json,json,,paper_relevant_noncritical,False,not_authority_resolved
results/stage12/llama_full_head_sweep/head_11/run_causal_patching_events.jsonl,jsonl,22,paper_relevant_noncritical,False,not_authority_resolved
results/stage12/llama_full_head_sweep/head_12/patching_results.csv,csv,60,paper_relevant_noncritical,False,not_authority_resolved
results/stage12/llama_full_head_sweep/head_12/patching_summary.json,json,,paper_relevant_noncritical,False,not_authority_resolved
results/stage12/llama_full_head_sweep/head_12/run_causal_patching_events.jsonl,jsonl,22,paper_relevant_noncritical,False,not_authority_resolved
results/stage12/llama_full_head_sweep/head_13/patching_results.csv,csv,60,paper_relevant_noncritical,False,not_authority_resolved
results/stage12/llama_full_head_sweep/head_13/patching_summary.json,json,,paper_relevant_noncritical,False,not_authority_resolved
results/stage12/llama_full_head_sweep/head_13/run_causal_patching_events.jsonl,jsonl,22,paper_relevant_noncritical,False,not_authority_resolved
results/stage12/llama_full_head_sweep/head_14/patching_results.csv,csv,60,paper_relevant_noncritical,False,not_authority_resolved
results/stage12/llama_full_head_sweep/head_14/patching_summary.json,json,,paper_relevant_noncritical,False,not_authority_resolved
results/stage12/llama_full_head_sweep/head_14/run_causal_patching_events.jsonl,jsonl,22,paper_relevant_noncritical,False,not_authority_resolved
results/stage12/llama_full_head_sweep/head_15/patching_results.csv,csv,60,paper_relevant_noncritical,False,not_authority_resolved
results/stage12/llama_full_head_sweep/head_15/patching_summary.json,json,,paper_relevant_noncritical,False,not_authority_resolved
results/stage12/llama_full_head_sweep/head_15/run_causal_patching_events.jsonl,jsonl,22,paper_relevant_noncritical,False,not_authority_resolved
results/stage12/llama_full_head_sweep/head_16/patching_results.csv,csv,60,paper_relevant_noncritical,False,not_authority_resolved
results/stage12/llama_full_head_sweep/head_16/patching_summary.json,json,,paper_relevant_noncritical,False,not_authority_resolved
results/stage12/llama_full_head_sweep/head_16/run_causal_patching_events.jsonl,jsonl,22,paper_relevant_noncritical,False,not_authority_resolved
results/stage12/llama_full_head_sweep/head_17/patching_results.csv,csv,60,paper_relevant_noncritical,False,not_authority_resolved
results/stage12/llama_full_head_sweep/head_17/patching_summary.json,json,,paper_relevant_noncritical,False,not_authority_resolved
results/stage12/llama_full_head_sweep/head_17/run_causal_patching_events.jsonl,jsonl,22,paper_relevant_noncritical,False,not_authority_resolved
results/stage12/llama_full_head_sweep/head_18/patching_results.csv,csv,60,paper_relevant_noncritical,False,not_authority_resolved
results/stage12/llama_full_head_sweep/head_18/patching_summary.json,json,,paper_relevant_noncritical,False,not_authority_resolved
results/stage12/llama_full_head_sweep/head_18/run_causal_patching_events.jsonl,jsonl,22,paper_relevant_noncritical,False,not_authority_resolved
results/stage12/llama_full_head_sweep/head_19/patching_results.csv,csv,60,paper_relevant_noncritical,False,not_authority_resolved
results/stage12/llama_full_head_sweep/head_19/patching_summary.json,json,,paper_relevant_noncritical,False,not_authority_resolved
results/stage12/llama_full_head_sweep/head_19/run_causal_patching_events.jsonl,jsonl,22,paper_relevant_noncritical,False,not_authority_resolved
results/stage12/llama_full_head_sweep/head_2/patching_results.csv,csv,60,paper_relevant_noncritical,False,not_authority_resolved
results/stage12/llama_full_head_sweep/head_2/patching_summary.json,json,,paper_relevant_noncritical,False,not_authority_resolved
results/stage12/llama_full_head_sweep/head_2/run_causal_patching_events.jsonl,jsonl,22,paper_relevant_noncritical,False,not_authority_resolved
results/stage12/llama_full_head_sweep/head_20/patching_results.csv,csv,60,paper_relevant_noncritical,False,not_authority_resolved
results/stage12/llama_full_head_sweep/head_20/patching_summary.json,json,,paper_relevant_noncritical,False,not_authority_resolved
results/stage12/llama_full_head_sweep/head_20/run_causal_patching_events.jsonl,jsonl,22,paper_relevant_noncritical,False,not_authority_resolved
results/stage12/llama_full_head_sweep/head_21/patching_results.csv,csv,60,paper_relevant_noncritical,False,not_authority_resolved
results/stage12/llama_full_head_sweep/head_21/patching_summary.json,json,,paper_relevant_noncritical,False,not_authority_resolved
results/stage12/llama_full_head_sweep/head_21/run_causal_patching_events.jsonl,jsonl,22,paper_relevant_noncritical,False,not_authority_resolved
results/stage12/llama_full_head_sweep/head_22/patching_results.csv,csv,60,paper_relevant_noncritical,False,not_authority_resolved
results/stage12/llama_full_head_sweep/head_22/patching_summary.json,json,,paper_relevant_noncritical,False,not_authority_resolved
results/stage12/llama_full_head_sweep/head_22/run_causal_patching_events.jsonl,jsonl,22,paper_relevant_noncritical,False,not_authority_resolved
results/stage12/llama_full_head_sweep/head_23/patching_results.csv,csv,60,paper_relevant_noncritical,False,not_authority_resolved
results/stage12/llama_full_head_sweep/head_23/patching_summary.json,json,,paper_relevant_noncritical,False,not_authority_resolved
results/stage12/llama_full_head_sweep/head_23/run_causal_patching_events.jsonl,jsonl,22,paper_relevant_noncritical,False,not_authority_resolved
results/stage12/llama_full_head_sweep/head_24/patching_results.csv,csv,60,paper_relevant_noncritical,False,not_authority_resolved
results/stage12/llama_full_head_sweep/head_24/patching_summary.json,json,,paper_relevant_noncritical,False,not_authority_resolved
results/stage12/llama_full_head_sweep/head_24/run_causal_patching_events.jsonl,jsonl,22,paper_relevant_noncritical,False,not_authority_resolved
results/stage12/llama_full_head_sweep/head_25/patching_results.csv,csv,60,paper_relevant_noncritical,False,not_authority_resolved
results/stage12/llama_full_head_sweep/head_25/patching_summary.json,json,,paper_relevant_noncritical,False,not_authority_resolved
results/stage12/llama_full_head_sweep/head_25/run_causal_patching_events.jsonl,jsonl,22,paper_relevant_noncritical,False,not_authority_resolved
results/stage12/llama_full_head_sweep/head_26/patching_results.csv,csv,60,paper_relevant_noncritical,False,not_authority_resolved
results/stage12/llama_full_head_sweep/head_26/patching_summary.json,json,,paper_relevant_noncritical,False,not_authority_resolved
results/stage12/llama_full_head_sweep/head_26/run_causal_patching_events.jsonl,jsonl,22,paper_relevant_noncritical,False,not_authority_resolved
results/stage12/llama_full_head_sweep/head_27/patching_results.csv,csv,60,paper_relevant_noncritical,False,not_authority_resolved
results/stage12/llama_full_head_sweep/head_27/patching_summary.json,json,,paper_relevant_noncritical,False,not_authority_resolved
results/stage12/llama_full_head_sweep/head_27/run_causal_patching_events.jsonl,jsonl,22,paper_relevant_noncritical,False,not_authority_resolved
results/stage12/llama_full_head_sweep/head_28/patching_results.csv,csv,60,paper_relevant_noncritical,False,not_authority_resolved
results/stage12/llama_full_head_sweep/head_28/patching_summary.json,json,,paper_relevant_noncritical,False,not_authority_resolved
results/stage12/llama_full_head_sweep/head_28/run_causal_patching_events.jsonl,jsonl,22,paper_relevant_noncritical,False,not_authority_resolved
results/stage12/llama_full_head_sweep/head_29/patching_results.csv,csv,60,paper_relevant_noncritical,False,not_authority_resolved
results/stage12/llama_full_head_sweep/head_29/patching_summary.json,json,,paper_relevant_noncritical,False,not_authority_resolved
results/stage12/llama_full_head_sweep/head_29/run_causal_patching_events.jsonl,jsonl,22,paper_relevant_noncritical,False,not_authority_resolved
results/stage12/llama_full_head_sweep/head_3/patching_results.csv,csv,60,paper_relevant_noncritical,False,not_authority_resolved
results/stage12/llama_full_head_sweep/head_3/patching_summary.json,json,,paper_relevant_noncritical,False,not_authority_resolved
results/stage12/llama_full_head_sweep/head_3/run_causal_patching_events.jsonl,jsonl,22,paper_relevant_noncritical,False,not_authority_resolved
results/stage12/llama_full_head_sweep/head_30/patching_results.csv,csv,60,paper_relevant_noncritical,False,not_authority_resolved
results/stage12/llama_full_head_sweep/head_30/patching_summary.json,json,,paper_relevant_noncritical,False,not_authority_resolved
results/stage12/llama_full_head_sweep/head_30/run_causal_patching_events.jsonl,jsonl,22,paper_relevant_noncritical,False,not_authority_resolved
results/stage12/llama_full_head_sweep/head_31/patching_results.csv,csv,60,paper_relevant_noncritical,False,not_authority_resolved
results/stage12/llama_full_head_sweep/head_31/patching_summary.json,json,,paper_relevant_noncritical,False,not_authority_resolved
results/stage12/llama_full_head_sweep/head_31/run_causal_patching_events.jsonl,jsonl,22,paper_relevant_noncritical,False,not_authority_resolved
results/stage12/llama_full_head_sweep/head_4/patching_results.csv,csv,60,paper_relevant_noncritical,False,not_authority_resolved
results/stage12/llama_full_head_sweep/head_4/patching_summary.json,json,,paper_relevant_noncritical,False,not_authority_resolved
results/stage12/llama_full_head_sweep/head_4/run_causal_patching_events.jsonl,jsonl,22,paper_relevant_noncritical,False,not_authority_resolved
results/stage12/llama_full_head_sweep/head_5/patching_results.csv,csv,60,paper_relevant_noncritical,False,not_authority_resolved
results/stage12/llama_full_head_sweep/head_5/patching_summary.json,json,,paper_relevant_noncritical,False,not_authority_resolved
results/stage12/llama_full_head_sweep/head_5/run_causal_patching_events.jsonl,jsonl,22,paper_relevant_noncritical,False,not_authority_resolved
results/stage12/llama_full_head_sweep/head_6/patching_results.csv,csv,60,paper_relevant_noncritical,False,not_authority_resolved
results/stage12/llama_full_head_sweep/head_6/patching_summary.json,json,,paper_relevant_noncritical,False,not_authority_resolved
results/stage12/llama_full_head_sweep/head_6/run_causal_patching_events.jsonl,jsonl,22,paper_relevant_noncritical,False,not_authority_resolved
results/stage12/llama_full_head_sweep/head_7/patching_results.csv,csv,60,paper_relevant_noncritical,False,not_authority_resolved
results/stage12/llama_full_head_sweep/head_7/patching_summary.json,json,,paper_relevant_noncritical,False,not_authority_resolved
results/stage12/llama_full_head_sweep/head_7/run_causal_patching_events.jsonl,jsonl,22,paper_relevant_noncritical,False,not_authority_resolved
results/stage12/llama_full_head_sweep/head_8/patching_results.csv,csv,60,paper_relevant_noncritical,False,not_authority_resolved
results/stage12/llama_full_head_sweep/head_8/patching_summary.json,json,,paper_relevant_noncritical,False,not_authority_resolved
results/stage12/llama_full_head_sweep/head_8/run_causal_patching_events.jsonl,jsonl,22,paper_relevant_noncritical,False,not_authority_resolved
results/stage12/llama_full_head_sweep/head_9/patching_results.csv,csv,60,paper_relevant_noncritical,False,not_authority_resolved
results/stage12/llama_full_head_sweep/head_9/patching_summary.json,json,,paper_relevant_noncritical,False,not_authority_resolved
results/stage12/llama_full_head_sweep/head_9/run_causal_patching_events.jsonl,jsonl,22,paper_relevant_noncritical,False,not_authority_resolved
results/stage12/llama_full_head_sweep/head_sweep_summary.json,json,,paper_relevant_noncritical,False,not_authority_resolved
results/stage12/llama_full_head_sweep/head_sweep_summary.partial.json,json,,paper_relevant_noncritical,False,not_authority_resolved
results/stage12/llama_head2_combos/subset_2/patching_results.csv,csv,20,paper_relevant_noncritical,False,not_authority_resolved
results/stage12/llama_head2_combos/subset_2/patching_summary.json,json,,paper_relevant_noncritical,False,not_authority_resolved
results/stage12/llama_head2_combos/subset_2/run_causal_patching_events.jsonl,jsonl,22,paper_relevant_noncritical,False,not_authority_resolved
results/stage12/llama_head2_combos/subset_2_10/patching_results.csv,csv,20,paper_relevant_noncritical,False,not_authority_resolved
results/stage12/llama_head2_combos/subset_2_10/patching_summary.json,json,,paper_relevant_noncritical,False,not_authority_resolved
results/stage12/llama_head2_combos/subset_2_10/run_causal_patching_events.jsonl,jsonl,22,paper_relevant_noncritical,False,not_authority_resolved
results/stage12/llama_head2_combos/subset_2_10_23/patching_results.csv,csv,20,paper_relevant_noncritical,False,not_authority_resolved
results/stage12/llama_head2_combos/subset_2_10_23/patching_summary.json,json,,paper_relevant_noncritical,False,not_authority_resolved
results/stage12/llama_head2_combos/subset_2_10_23/run_causal_patching_events.jsonl,jsonl,22,paper_relevant_noncritical,False,not_authority_resolved
results/stage12/llama_head2_combos/subset_2_10_23_9/patching_results.csv,csv,20,paper_relevant_noncritical,False,not_authority_resolved
results/stage12/llama_head2_combos/subset_2_10_23_9/patching_summary.json,json,,paper_relevant_noncritical,False,not_authority_resolved
results/stage12/llama_head2_combos/subset_2_10_23_9/run_causal_patching_events.jsonl,jsonl,22,paper_relevant_noncritical,False,not_authority_resolved
results/stage12/llama_head2_combos/subset_2_23/patching_results.csv,csv,20,paper_relevant_noncritical,False,not_authority_resolved
results/stage12/llama_head2_combos/subset_2_23/patching_summary.json,json,,paper_relevant_noncritical,False,not_authority_resolved
results/stage12/llama_head2_combos/subset_2_23/run_causal_patching_events.jsonl,jsonl,22,paper_relevant_noncritical,False,not_authority_resolved
results/stage12/qwen_3b/behavioural/family_summaries.jsonl,jsonl,73,paper_relevant_noncritical,False,not_authority_resolved
results/stage12/qwen_3b/behavioural/prompt_records.jsonl,jsonl,295,paper_relevant_noncritical,False,not_authority_resolved
results/stage12/qwen_3b/behavioural/qwen_3b_20260621T093919Z.jsonl,jsonl,56,paper_relevant_noncritical,False,not_authority_resolved
results/stage12/qwen_3b/behavioural/qwen_3b_20260621T125247Z.jsonl,jsonl,312,paper_relevant_noncritical,False,not_authority_resolved
results/stage12/qwen_3b/behavioural/run_behavioural_events.jsonl,jsonl,370,paper_relevant_noncritical,False,not_authority_resolved
results/stage12/science/cross_cue_layer_sweep/cross_cue_layer_sweep.json,json,,paper_relevant_noncritical,False,not_authority_resolved
results/stage12/science/cross_cue_layer_sweep/cross_cue_transfer_summary.json,json,,paper_relevant_noncritical,False,not_authority_resolved
results/stage12/science/cross_cue_layer_sweep/cue_a_weight_vector_layer0.npy,npy,,paper_relevant_noncritical,False,not_authority_resolved
results/stage12/science/cross_cue_layer_sweep/cue_a_weight_vector_layer1.npy,npy,,paper_relevant_noncritical,False,not_authority_resolved
results/stage12/science/cross_cue_layer_sweep/cue_a_weight_vector_layer10.npy,npy,,paper_relevant_noncritical,False,not_authority_resolved
results/stage12/science/cross_cue_layer_sweep/cue_a_weight_vector_layer11.npy,npy,,paper_relevant_noncritical,False,not_authority_resolved
results/stage12/science/cross_cue_layer_sweep/cue_a_weight_vector_layer12.npy,npy,,paper_relevant_noncritical,False,not_authority_resolved
results/stage12/science/cross_cue_layer_sweep/cue_a_weight_vector_layer13.npy,npy,,paper_relevant_noncritical,False,not_authority_resolved
results/stage12/science/cross_cue_layer_sweep/cue_a_weight_vector_layer14.npy,npy,,paper_relevant_noncritical,False,not_authority_resolved
results/stage12/science/cross_cue_layer_sweep/cue_a_weight_vector_layer15.npy,npy,,paper_relevant_noncritical,False,not_authority_resolved
results/stage12/science/cross_cue_layer_sweep/cue_a_weight_vector_layer16.npy,npy,,paper_relevant_noncritical,False,not_authority_resolved
results/stage12/science/cross_cue_layer_sweep/cue_a_weight_vector_layer17.npy,npy,,paper_relevant_noncritical,False,not_authority_resolved
results/stage12/science/cross_cue_layer_sweep/cue_a_weight_vector_layer18.npy,npy,,paper_relevant_noncritical,False,not_authority_resolved
results/stage12/science/cross_cue_layer_sweep/cue_a_weight_vector_layer19.npy,npy,,paper_relevant_noncritical,False,not_authority_resolved
results/stage12/science/cross_cue_layer_sweep/cue_a_weight_vector_layer2.npy,npy,,paper_relevant_noncritical,False,not_authority_resolved
results/stage12/science/cross_cue_layer_sweep/cue_a_weight_vector_layer20.npy,npy,,paper_relevant_noncritical,False,not_authority_resolved
results/stage12/science/cross_cue_layer_sweep/cue_a_weight_vector_layer21.npy,npy,,paper_relevant_noncritical,False,not_authority_resolved
results/stage12/science/cross_cue_layer_sweep/cue_a_weight_vector_layer22.npy,npy,,paper_relevant_noncritical,False,not_authority_resolved
results/stage12/science/cross_cue_layer_sweep/cue_a_weight_vector_layer23.npy,npy,,paper_relevant_noncritical,False,not_authority_resolved
results/stage12/science/cross_cue_layer_sweep/cue_a_weight_vector_layer24.npy,npy,,paper_relevant_noncritical,False,not_authority_resolved
results/stage12/science/cross_cue_layer_sweep/cue_a_weight_vector_layer25.npy,npy,,paper_relevant_noncritical,False,not_authority_resolved
results/stage12/science/cross_cue_layer_sweep/cue_a_weight_vector_layer26.npy,npy,,paper_relevant_noncritical,False,not_authority_resolved
results/stage12/science/cross_cue_layer_sweep/cue_a_weight_vector_layer27.npy,npy,,paper_relevant_noncritical,False,not_authority_resolved
results/stage12/science/cross_cue_layer_sweep/cue_a_weight_vector_layer3.npy,npy,,paper_relevant_noncritical,False,not_authority_resolved
results/stage12/science/cross_cue_layer_sweep/cue_a_weight_vector_layer4.npy,npy,,paper_relevant_noncritical,False,not_authority_resolved
results/stage12/science/cross_cue_layer_sweep/cue_a_weight_vector_layer5.npy,npy,,paper_relevant_noncritical,False,not_authority_resolved
results/stage12/science/cross_cue_layer_sweep/cue_a_weight_vector_layer6.npy,npy,,paper_relevant_noncritical,False,not_authority_resolved
results/stage12/science/cross_cue_layer_sweep/cue_a_weight_vector_layer7.npy,npy,,paper_relevant_noncritical,False,not_authority_resolved
results/stage12/science/cross_cue_layer_sweep/cue_a_weight_vector_layer8.npy,npy,,paper_relevant_noncritical,False,not_authority_resolved
results/stage12/science/cross_cue_layer_sweep/cue_a_weight_vector_layer9.npy,npy,,paper_relevant_noncritical,False,not_authority_resolved
results/stage12/science/cross_cue_layer_sweep/cue_b_weight_vector_layer0.npy,npy,,paper_relevant_noncritical,False,not_authority_resolved
results/stage12/science/cross_cue_layer_sweep/cue_b_weight_vector_layer1.npy,npy,,paper_relevant_noncritical,False,not_authority_resolved
results/stage12/science/cross_cue_layer_sweep/cue_b_weight_vector_layer10.npy,npy,,paper_relevant_noncritical,False,not_authority_resolved
results/stage12/science/cross_cue_layer_sweep/cue_b_weight_vector_layer11.npy,npy,,paper_relevant_noncritical,False,not_authority_resolved
results/stage12/science/cross_cue_layer_sweep/cue_b_weight_vector_layer12.npy,npy,,paper_relevant_noncritical,False,not_authority_resolved
results/stage12/science/cross_cue_layer_sweep/cue_b_weight_vector_layer13.npy,npy,,paper_relevant_noncritical,False,not_authority_resolved
results/stage12/science/cross_cue_layer_sweep/cue_b_weight_vector_layer14.npy,npy,,paper_relevant_noncritical,False,not_authority_resolved
results/stage12/science/cross_cue_layer_sweep/cue_b_weight_vector_layer15.npy,npy,,paper_relevant_noncritical,False,not_authority_resolved
results/stage12/science/cross_cue_layer_sweep/cue_b_weight_vector_layer16.npy,npy,,paper_relevant_noncritical,False,not_authority_resolved
results/stage12/science/cross_cue_layer_sweep/cue_b_weight_vector_layer17.npy,npy,,paper_relevant_noncritical,False,not_authority_resolved
results/stage12/science/cross_cue_layer_sweep/cue_b_weight_vector_layer18.npy,npy,,paper_relevant_noncritical,False,not_authority_resolved
results/stage12/science/cross_cue_layer_sweep/cue_b_weight_vector_layer19.npy,npy,,paper_relevant_noncritical,False,not_authority_resolved
results/stage12/science/cross_cue_layer_sweep/cue_b_weight_vector_layer2.npy,npy,,paper_relevant_noncritical,False,not_authority_resolved
results/stage12/science/cross_cue_layer_sweep/cue_b_weight_vector_layer20.npy,npy,,paper_relevant_noncritical,False,not_authority_resolved
results/stage12/science/cross_cue_layer_sweep/cue_b_weight_vector_layer21.npy,npy,,paper_relevant_noncritical,False,not_authority_resolved
results/stage12/science/cross_cue_layer_sweep/cue_b_weight_vector_layer22.npy,npy,,paper_relevant_noncritical,False,not_authority_resolved
results/stage12/science/cross_cue_layer_sweep/cue_b_weight_vector_layer23.npy,npy,,paper_relevant_noncritical,False,not_authority_resolved
results/stage12/science/cross_cue_layer_sweep/cue_b_weight_vector_layer24.npy,npy,,paper_relevant_noncritical,False,not_authority_resolved
results/stage12/science/cross_cue_layer_sweep/cue_b_weight_vector_layer25.npy,npy,,paper_relevant_noncritical,False,not_authority_resolved
results/stage12/science/cross_cue_layer_sweep/cue_b_weight_vector_layer26.npy,npy,,paper_relevant_noncritical,False,not_authority_resolved
results/stage12/science/cross_cue_layer_sweep/cue_b_weight_vector_layer27.npy,npy,,paper_relevant_noncritical,False,not_authority_resolved
results/stage12/science/cross_cue_layer_sweep/cue_b_weight_vector_layer3.npy,npy,,paper_relevant_noncritical,False,not_authority_resolved
results/stage12/science/cross_cue_layer_sweep/cue_b_weight_vector_layer4.npy,npy,,paper_relevant_noncritical,False,not_authority_resolved
results/stage12/science/cross_cue_layer_sweep/cue_b_weight_vector_layer5.npy,npy,,paper_relevant_noncritical,False,not_authority_resolved
results/stage12/science/cross_cue_layer_sweep/cue_b_weight_vector_layer6.npy,npy,,paper_relevant_noncritical,False,not_authority_resolved
results/stage12/science/cross_cue_layer_sweep/cue_b_weight_vector_layer7.npy,npy,,paper_relevant_noncritical,False,not_authority_resolved
results/stage12/science/cross_cue_layer_sweep/cue_b_weight_vector_layer8.npy,npy,,paper_relevant_noncritical,False,not_authority_resolved
results/stage12/science/cross_cue_layer_sweep/cue_b_weight_vector_layer9.npy,npy,,paper_relevant_noncritical,False,not_authority_resolved
results/stage12/science/donor_renamed/same_answer/run_causal_patching_events.jsonl,jsonl,1,paper_relevant_noncritical,False,not_authority_resolved
results/stage12/science/donor_renamed/same_answer/same_answer_donor_results.csv,csv,0,critical,True,unresolved
results/stage12/science/donor_renamed/same_answer/same_answer_donor_summary.json,json,,paper_relevant_noncritical,False,not_authority_resolved
results/stage12/science/donor_renamed/same_answer/same_answer_donor_summary_v4_correction.json,json,,paper_relevant_noncritical,False,not_authority_resolved
results/stage12/science/donor_renamed/stable/run_causal_patching_events.jsonl,jsonl,1,paper_relevant_noncritical,False,not_authority_resolved
results/stage12/science/donor_renamed/stable/stable_donor_results.csv,csv,0,critical,True,unresolved
results/stage12/science/donor_renamed/stable/stable_donor_summary.json,json,,paper_relevant_noncritical,False,not_authority_resolved
results/stage12/science/donor_renamed/stable/stable_donor_summary_v4_correction.json,json,,paper_relevant_noncritical,False,not_authority_resolved
results/stage12/science/donor_specificity/donor_specificity_summary.json,json,,paper_relevant_noncritical,False,not_authority_resolved
results/stage12/science/donor_specificity/donor_specificity_summary_v4_correction.json,json,,paper_relevant_noncritical,False,not_authority_resolved
results/stage12/science/h11_h15_gating/gating_test_per_family.json,json,,paper_relevant_noncritical,False,not_authority_resolved
results/stage12/science/h11_h15_gating/gating_test_summary.json,json,,paper_relevant_noncritical,False,not_authority_resolved
results/stage12/science/h11_h15_gating/run_causal_patching_events.jsonl,jsonl,1,paper_relevant_noncritical,False,not_authority_resolved
results/stage12/science/head_output_probes/head14/head_output_probe_best_by_head.json,json,,paper_relevant_noncritical,False,not_authority_resolved
results/stage12/science/head_output_probes/head14/head_output_probe_predictions.json,json,,paper_relevant_noncritical,False,not_authority_resolved
results/stage12/science/head_output_probes/head14/head_output_probe_summary.json,json,,paper_relevant_noncritical,False,not_authority_resolved
results/stage12/science/head_output_probes/head15/head_output_probe_best_by_head.json,json,,paper_relevant_noncritical,False,not_authority_resolved
results/stage12/science/head_output_probes/head15/head_output_probe_predictions.json,json,,paper_relevant_noncritical,False,not_authority_resolved
results/stage12/science/head_output_probes/head15/head_output_probe_summary.json,json,,paper_relevant_noncritical,False,not_authority_resolved
results/stage12/science/multi_site_probe/multi_site_probe_predictions.json,json,,paper_relevant_noncritical,False,not_authority_resolved
results/stage12/science/multi_site_probe/multi_site_probe_summary.json,json,,paper_relevant_noncritical,False,not_authority_resolved
results/stage12/science/multi_site_probe/run_multi_site_probe_events.jsonl,jsonl,1,paper_relevant_noncritical,False,not_authority_resolved
results/stage13/benchmark_integrity/balance_audit.json,json,,diagnostic,False,not_authority_resolved
results/stage13/benchmark_integrity/balance_audit_v2.json,json,,diagnostic,False,not_authority_resolved
results/stage13/benchmark_integrity/balance_audit_v3.json,json,,diagnostic,False,not_authority_resolved
results/stage13/benchmark_integrity/balance_audit_v3_folds.csv,csv,775,diagnostic,False,not_authority_resolved
results/stage13/benchmark_integrity/balance_audit_v3_predictions.csv,csv,155,diagnostic,False,not_authority_resolved
results/stage13/benchmark_integrity/balance_audit_v5.json,json,,diagnostic,False,not_authority_resolved
results/stage13/benchmark_integrity/balance_audit_v5_family_folds.csv,csv,155,diagnostic,False,not_authority_resolved
results/stage13/benchmark_integrity/balance_audit_v5_predictions.csv,csv,310,diagnostic,False,not_authority_resolved
results/stage13/benchmark_integrity/balance_audit_v5_template_folds.csv,csv,155,diagnostic,False,not_authority_resolved
results/stage13/benchmark_integrity/balance_audit_v6.json,json,,diagnostic,False,not_authority_resolved
results/stage13/benchmark_integrity/balance_audit_v6_family_predictions.csv,csv,140,diagnostic,False,not_authority_resolved
results/stage13/benchmark_integrity/balance_audit_v6_groups.csv,csv,72,diagnostic,False,not_authority_resolved
results/stage13/benchmark_integrity/balance_audit_v6_template_predictions.csv,csv,140,diagnostic,False,not_authority_resolved
results/stage13/benchmark_integrity/certificate_generation_summary_v5.json,json,,diagnostic,False,not_authority_resolved
results/stage13/benchmark_integrity/certificate_generation_summary_v6.json,json,,diagnostic,False,not_authority_resolved
results/stage13/benchmark_integrity/donor_renamed_empty_panel_audit_v4.json,json,,diagnostic,False,not_authority_resolved
results/stage13/benchmark_integrity/leakage_audit.json,json,,diagnostic,False,not_authority_resolved
results/stage13/benchmark_integrity/leakage_audit_v2.json,json,,diagnostic,False,not_authority_resolved
results/stage13/benchmark_integrity/leakage_audit_v3.json,json,,diagnostic,False,not_authority_resolved
results/stage13/benchmark_integrity/leakage_audit_v5.json,json,,diagnostic,False,not_authority_resolved
results/stage13/benchmark_integrity/leakage_audit_v6.json,json,,diagnostic,False,not_authority_resolved
results/stage13/benchmark_integrity/leakage_review.csv,csv,300,diagnostic,False,not_authority_resolved
results/stage13/benchmark_integrity/leakage_review_v2.csv,csv,25,diagnostic,False,not_authority_resolved
results/stage13/benchmark_integrity/leakage_review_v3.csv,csv,1604,diagnostic,False,not_authority_resolved
results/stage13/benchmark_integrity/leakage_review_v5.csv,csv,456,diagnostic,False,not_authority_resolved
results/stage13/benchmark_integrity/leakage_review_v6.csv,csv,25360,diagnostic,False,not_authority_resolved
results/stage13/benchmark_integrity/mutated_templates_v5/CM_A_001__algebraically_equivalent_expression.yaml,yaml,,diagnostic,False,not_authority_resolved
results/stage13/benchmark_integrity/mutated_templates_v5/CM_A_001__assumption_removal.yaml,yaml,,diagnostic,False,not_authority_resolved
results/stage13/benchmark_integrity/mutated_templates_v5/CM_A_001__dimensional_corruption.yaml,yaml,,diagnostic,False,not_authority_resolved
results/stage13/benchmark_integrity/mutated_templates_v5/CM_A_001__equivalent_unit_formatting.yaml,yaml,,diagnostic,False,not_authority_resolved
results/stage13/benchmark_integrity/mutated_templates_v5/CM_A_001__exact_noop_control.yaml,yaml,,diagnostic,False,not_authority_resolved
results/stage13/benchmark_integrity/mutated_templates_v5/CM_A_001__harmless_serialization_formatting.yaml,yaml,,diagnostic,False,not_authority_resolved
results/stage13/benchmark_integrity/mutated_templates_v5/CM_A_001__replace_governing_variable_with_cue.yaml,yaml,,diagnostic,False,not_authority_resolved
results/stage13/benchmark_integrity/mutated_templates_v5/CM_A_001__semantics_preserving_variable_renaming.yaml,yaml,,diagnostic,False,not_authority_resolved
results/stage13/benchmark_integrity/mutated_templates_v5/CM_A_001__sign_inversion_governing_expression.yaml,yaml,,diagnostic,False,not_authority_resolved
results/stage13/benchmark_integrity/mutated_templates_v5/CM_A_001__target_quantity_change.yaml,yaml,,diagnostic,False,not_authority_resolved
results/stage13/benchmark_integrity/mutated_templates_v5/CM_A_002__algebraically_equivalent_expression.yaml,yaml,,diagnostic,False,not_authority_resolved
results/stage13/benchmark_integrity/mutated_templates_v5/CM_A_002__assumption_removal.yaml,yaml,,diagnostic,False,not_authority_resolved
results/stage13/benchmark_integrity/mutated_templates_v5/CM_A_002__dimensional_corruption.yaml,yaml,,diagnostic,False,not_authority_resolved
results/stage13/benchmark_integrity/mutated_templates_v5/CM_A_002__equivalent_unit_formatting.yaml,yaml,,diagnostic,False,not_authority_resolved
results/stage13/benchmark_integrity/mutated_templates_v5/CM_A_002__exact_noop_control.yaml,yaml,,diagnostic,False,not_authority_resolved
results/stage13/benchmark_integrity/mutated_templates_v5/CM_A_002__harmless_serialization_formatting.yaml,yaml,,diagnostic,False,not_authority_resolved
results/stage13/benchmark_integrity/mutated_templates_v5/CM_A_002__replace_governing_variable_with_cue.yaml,yaml,,diagnostic,False,not_authority_resolved
results/stage13/benchmark_integrity/mutated_templates_v5/CM_A_002__semantics_preserving_variable_renaming.yaml,yaml,,diagnostic,False,not_authority_resolved
results/stage13/benchmark_integrity/mutated_templates_v5/CM_A_002__sign_inversion_governing_expression.yaml,yaml,,diagnostic,False,not_authority_resolved
results/stage13/benchmark_integrity/mutated_templates_v5/CM_A_002__target_quantity_change.yaml,yaml,,diagnostic,False,not_authority_resolved
results/stage13/benchmark_integrity/mutated_templates_v5/CM_A_003__algebraically_equivalent_expression.yaml,yaml,,diagnostic,False,not_authority_resolved
results/stage13/benchmark_integrity/mutated_templates_v5/CM_A_003__assumption_removal.yaml,yaml,,diagnostic,False,not_authority_resolved
results/stage13/benchmark_integrity/mutated_templates_v5/CM_A_003__dimensional_corruption.yaml,yaml,,diagnostic,False,not_authority_resolved
results/stage13/benchmark_integrity/mutated_templates_v5/CM_A_003__equivalent_unit_formatting.yaml,yaml,,diagnostic,False,not_authority_resolved
results/stage13/benchmark_integrity/mutated_templates_v5/CM_A_003__exact_noop_control.yaml,yaml,,diagnostic,False,not_authority_resolved
results/stage13/benchmark_integrity/mutated_templates_v5/CM_A_003__harmless_serialization_formatting.yaml,yaml,,diagnostic,False,not_authority_resolved
results/stage13/benchmark_integrity/mutated_templates_v5/CM_A_003__replace_governing_variable_with_cue.yaml,yaml,,diagnostic,False,not_authority_resolved
results/stage13/benchmark_integrity/mutated_templates_v5/CM_A_003__semantics_preserving_variable_renaming.yaml,yaml,,diagnostic,False,not_authority_resolved
results/stage13/benchmark_integrity/mutated_templates_v5/CM_A_003__sign_inversion_governing_expression.yaml,yaml,,diagnostic,False,not_authority_resolved
results/stage13/benchmark_integrity/mutated_templates_v5/CM_A_003__target_quantity_change.yaml,yaml,,diagnostic,False,not_authority_resolved
results/stage13/benchmark_integrity/mutated_templates_v5/CM_A_004__algebraically_equivalent_expression.yaml,yaml,,diagnostic,False,not_authority_resolved
results/stage13/benchmark_integrity/mutated_templates_v5/CM_A_004__assumption_removal.yaml,yaml,,diagnostic,False,not_authority_resolved
results/stage13/benchmark_integrity/mutated_templates_v5/CM_A_004__dimensional_corruption.yaml,yaml,,diagnostic,False,not_authority_resolved
results/stage13/benchmark_integrity/mutated_templates_v5/CM_A_004__equivalent_unit_formatting.yaml,yaml,,diagnostic,False,not_authority_resolved
results/stage13/benchmark_integrity/mutated_templates_v5/CM_A_004__exact_noop_control.yaml,yaml,,diagnostic,False,not_authority_resolved
results/stage13/benchmark_integrity/mutated_templates_v5/CM_A_004__harmless_serialization_formatting.yaml,yaml,,diagnostic,False,not_authority_resolved
results/stage13/benchmark_integrity/mutated_templates_v5/CM_A_004__replace_governing_variable_with_cue.yaml,yaml,,diagnostic,False,not_authority_resolved
results/stage13/benchmark_integrity/mutated_templates_v5/CM_A_004__semantics_preserving_variable_renaming.yaml,yaml,,diagnostic,False,not_authority_resolved
results/stage13/benchmark_integrity/mutated_templates_v5/CM_A_004__sign_inversion_governing_expression.yaml,yaml,,diagnostic,False,not_authority_resolved
results/stage13/benchmark_integrity/mutated_templates_v5/CM_A_004__target_quantity_change.yaml,yaml,,diagnostic,False,not_authority_resolved
results/stage13/benchmark_integrity/mutated_templates_v5/CM_A_005__algebraically_equivalent_expression.yaml,yaml,,diagnostic,False,not_authority_resolved
results/stage13/benchmark_integrity/mutated_templates_v5/CM_A_005__assumption_removal.yaml,yaml,,diagnostic,False,not_authority_resolved
results/stage13/benchmark_integrity/mutated_templates_v5/CM_A_005__dimensional_corruption.yaml,yaml,,diagnostic,False,not_authority_resolved
results/stage13/benchmark_integrity/mutated_templates_v5/CM_A_005__equivalent_unit_formatting.yaml,yaml,,diagnostic,False,not_authority_resolved
results/stage13/benchmark_integrity/mutated_templates_v5/CM_A_005__exact_noop_control.yaml,yaml,,diagnostic,False,not_authority_resolved
results/stage13/benchmark_integrity/mutated_templates_v5/CM_A_005__harmless_serialization_formatting.yaml,yaml,,diagnostic,False,not_authority_resolved
results/stage13/benchmark_integrity/mutated_templates_v5/CM_A_005__replace_governing_variable_with_cue.yaml,yaml,,diagnostic,False,not_authority_resolved
results/stage13/benchmark_integrity/mutated_templates_v5/CM_A_005__semantics_preserving_variable_renaming.yaml,yaml,,diagnostic,False,not_authority_resolved
results/stage13/benchmark_integrity/mutated_templates_v5/CM_A_005__sign_inversion_governing_expression.yaml,yaml,,diagnostic,False,not_authority_resolved
results/stage13/benchmark_integrity/mutated_templates_v5/CM_A_005__target_quantity_change.yaml,yaml,,diagnostic,False,not_authority_resolved
results/stage13/benchmark_integrity/mutated_templates_v5/CM_A_006__algebraically_equivalent_expression.yaml,yaml,,diagnostic,False,not_authority_resolved
results/stage13/benchmark_integrity/mutated_templates_v5/CM_A_006__assumption_removal.yaml,yaml,,diagnostic,False,not_authority_resolved
results/stage13/benchmark_integrity/mutated_templates_v5/CM_A_006__dimensional_corruption.yaml,yaml,,diagnostic,False,not_authority_resolved
results/stage13/benchmark_integrity/mutated_templates_v5/CM_A_006__equivalent_unit_formatting.yaml,yaml,,diagnostic,False,not_authority_resolved
results/stage13/benchmark_integrity/mutated_templates_v5/CM_A_006__exact_noop_control.yaml,yaml,,diagnostic,False,not_authority_resolved
results/stage13/benchmark_integrity/mutated_templates_v5/CM_A_006__harmless_serialization_formatting.yaml,yaml,,diagnostic,False,not_authority_resolved
results/stage13/benchmark_integrity/mutated_templates_v5/CM_A_006__replace_governing_variable_with_cue.yaml,yaml,,diagnostic,False,not_authority_resolved
results/stage13/benchmark_integrity/mutated_templates_v5/CM_A_006__semantics_preserving_variable_renaming.yaml,yaml,,diagnostic,False,not_authority_resolved
results/stage13/benchmark_integrity/mutated_templates_v5/CM_A_006__sign_inversion_governing_expression.yaml,yaml,,diagnostic,False,not_authority_resolved
results/stage13/benchmark_integrity/mutated_templates_v5/CM_A_006__target_quantity_change.yaml,yaml,,diagnostic,False,not_authority_resolved
results/stage13/benchmark_integrity/mutated_templates_v5/CM_A_007__algebraically_equivalent_expression.yaml,yaml,,diagnostic,False,not_authority_resolved
results/stage13/benchmark_integrity/mutated_templates_v5/CM_A_007__assumption_removal.yaml,yaml,,diagnostic,False,not_authority_resolved
results/stage13/benchmark_integrity/mutated_templates_v5/CM_A_007__dimensional_corruption.yaml,yaml,,diagnostic,False,not_authority_resolved
results/stage13/benchmark_integrity/mutated_templates_v5/CM_A_007__equivalent_unit_formatting.yaml,yaml,,diagnostic,False,not_authority_resolved
results/stage13/benchmark_integrity/mutated_templates_v5/CM_A_007__exact_noop_control.yaml,yaml,,diagnostic,False,not_authority_resolved
results/stage13/benchmark_integrity/mutated_templates_v5/CM_A_007__harmless_serialization_formatting.yaml,yaml,,diagnostic,False,not_authority_resolved
results/stage13/benchmark_integrity/mutated_templates_v5/CM_A_007__replace_governing_variable_with_cue.yaml,yaml,,diagnostic,False,not_authority_resolved
results/stage13/benchmark_integrity/mutated_templates_v5/CM_A_007__semantics_preserving_variable_renaming.yaml,yaml,,diagnostic,False,not_authority_resolved
results/stage13/benchmark_integrity/mutated_templates_v5/CM_A_007__sign_inversion_governing_expression.yaml,yaml,,diagnostic,False,not_authority_resolved
results/stage13/benchmark_integrity/mutated_templates_v5/CM_A_007__target_quantity_change.yaml,yaml,,diagnostic,False,not_authority_resolved
results/stage13/benchmark_integrity/mutated_templates_v5/CM_A_008__algebraically_equivalent_expression.yaml,yaml,,diagnostic,False,not_authority_resolved
results/stage13/benchmark_integrity/mutated_templates_v5/CM_A_008__assumption_removal.yaml,yaml,,diagnostic,False,not_authority_resolved
results/stage13/benchmark_integrity/mutated_templates_v5/CM_A_008__dimensional_corruption.yaml,yaml,,diagnostic,False,not_authority_resolved
results/stage13/benchmark_integrity/mutated_templates_v5/CM_A_008__equivalent_unit_formatting.yaml,yaml,,diagnostic,False,not_authority_resolved
results/stage13/benchmark_integrity/mutated_templates_v5/CM_A_008__exact_noop_control.yaml,yaml,,diagnostic,False,not_authority_resolved
results/stage13/benchmark_integrity/mutated_templates_v5/CM_A_008__harmless_serialization_formatting.yaml,yaml,,diagnostic,False,not_authority_resolved
results/stage13/benchmark_integrity/mutated_templates_v5/CM_A_008__replace_governing_variable_with_cue.yaml,yaml,,diagnostic,False,not_authority_resolved
results/stage13/benchmark_integrity/mutated_templates_v5/CM_A_008__semantics_preserving_variable_renaming.yaml,yaml,,diagnostic,False,not_authority_resolved
results/stage13/benchmark_integrity/mutated_templates_v5/CM_A_008__sign_inversion_governing_expression.yaml,yaml,,diagnostic,False,not_authority_resolved
results/stage13/benchmark_integrity/mutated_templates_v5/CM_A_008__target_quantity_change.yaml,yaml,,diagnostic,False,not_authority_resolved
results/stage13/benchmark_integrity/mutated_templates_v5/CM_A_009__algebraically_equivalent_expression.yaml,yaml,,diagnostic,False,not_authority_resolved
results/stage13/benchmark_integrity/mutated_templates_v5/CM_A_009__assumption_removal.yaml,yaml,,diagnostic,False,not_authority_resolved
results/stage13/benchmark_integrity/mutated_templates_v5/CM_A_009__dimensional_corruption.yaml,yaml,,diagnostic,False,not_authority_resolved
results/stage13/benchmark_integrity/mutated_templates_v5/CM_A_009__equivalent_unit_formatting.yaml,yaml,,diagnostic,False,not_authority_resolved
results/stage13/benchmark_integrity/mutated_templates_v5/CM_A_009__exact_noop_control.yaml,yaml,,diagnostic,False,not_authority_resolved
results/stage13/benchmark_integrity/mutated_templates_v5/CM_A_009__harmless_serialization_formatting.yaml,yaml,,diagnostic,False,not_authority_resolved
results/stage13/benchmark_integrity/mutated_templates_v5/CM_A_009__replace_governing_variable_with_cue.yaml,yaml,,diagnostic,False,not_authority_resolved
results/stage13/benchmark_integrity/mutated_templates_v5/CM_A_009__semantics_preserving_variable_renaming.yaml,yaml,,diagnostic,False,not_authority_resolved
results/stage13/benchmark_integrity/mutated_templates_v5/CM_A_009__sign_inversion_governing_expression.yaml,yaml,,diagnostic,False,not_authority_resolved
results/stage13/benchmark_integrity/mutated_templates_v5/CM_A_009__target_quantity_change.yaml,yaml,,diagnostic,False,not_authority_resolved
results/stage13/benchmark_integrity/mutated_templates_v5/CM_A_010__algebraically_equivalent_expression.yaml,yaml,,diagnostic,False,not_authority_resolved
results/stage13/benchmark_integrity/mutated_templates_v5/CM_A_010__assumption_removal.yaml,yaml,,diagnostic,False,not_authority_resolved
results/stage13/benchmark_integrity/mutated_templates_v5/CM_A_010__dimensional_corruption.yaml,yaml,,diagnostic,False,not_authority_resolved
results/stage13/benchmark_integrity/mutated_templates_v5/CM_A_010__equivalent_unit_formatting.yaml,yaml,,diagnostic,False,not_authority_resolved
results/stage13/benchmark_integrity/mutated_templates_v5/CM_A_010__exact_noop_control.yaml,yaml,,diagnostic,False,not_authority_resolved
results/stage13/benchmark_integrity/mutated_templates_v5/CM_A_010__harmless_serialization_formatting.yaml,yaml,,diagnostic,False,not_authority_resolved
results/stage13/benchmark_integrity/mutated_templates_v5/CM_A_010__replace_governing_variable_with_cue.yaml,yaml,,diagnostic,False,not_authority_resolved
results/stage13/benchmark_integrity/mutated_templates_v5/CM_A_010__semantics_preserving_variable_renaming.yaml,yaml,,diagnostic,False,not_authority_resolved
results/stage13/benchmark_integrity/mutated_templates_v5/CM_A_010__sign_inversion_governing_expression.yaml,yaml,,diagnostic,False,not_authority_resolved
results/stage13/benchmark_integrity/mutated_templates_v5/CM_A_010__target_quantity_change.yaml,yaml,,diagnostic,False,not_authority_resolved
results/stage13/benchmark_integrity/mutated_templates_v5/CM_A_STD_001__algebraically_equivalent_expression.yaml,yaml,,diagnostic,False,not_authority_resolved
results/stage13/benchmark_integrity/mutated_templates_v5/CM_A_STD_001__assumption_removal.yaml,yaml,,diagnostic,False,not_authority_resolved
results/stage13/benchmark_integrity/mutated_templates_v5/CM_A_STD_001__dimensional_corruption.yaml,yaml,,diagnostic,False,not_authority_resolved
results/stage13/benchmark_integrity/mutated_templates_v5/CM_A_STD_001__equivalent_unit_formatting.yaml,yaml,,diagnostic,False,not_authority_resolved
results/stage13/benchmark_integrity/mutated_templates_v5/CM_A_STD_001__exact_noop_control.yaml,yaml,,diagnostic,False,not_authority_resolved
results/stage13/benchmark_integrity/mutated_templates_v5/CM_A_STD_001__harmless_serialization_formatting.yaml,yaml,,diagnostic,False,not_authority_resolved
results/stage13/benchmark_integrity/mutated_templates_v5/CM_A_STD_001__replace_governing_variable_with_cue.yaml,yaml,,diagnostic,False,not_authority_resolved
results/stage13/benchmark_integrity/mutated_templates_v5/CM_A_STD_001__semantics_preserving_variable_renaming.yaml,yaml,,diagnostic,False,not_authority_resolved
results/stage13/benchmark_integrity/mutated_templates_v5/CM_A_STD_001__sign_inversion_governing_expression.yaml,yaml,,diagnostic,False,not_authority_resolved
results/stage13/benchmark_integrity/mutated_templates_v5/CM_A_STD_001__target_quantity_change.yaml,yaml,,diagnostic,False,not_authority_resolved
results/stage13/benchmark_integrity/mutated_templates_v5/CM_A_STD_002__algebraically_equivalent_expression.yaml,yaml,,diagnostic,False,not_authority_resolved
results/stage13/benchmark_integrity/mutated_templates_v5/CM_A_STD_002__assumption_removal.yaml,yaml,,diagnostic,False,not_authority_resolved
results/stage13/benchmark_integrity/mutated_templates_v5/CM_A_STD_002__dimensional_corruption.yaml,yaml,,diagnostic,False,not_authority_resolved
results/stage13/benchmark_integrity/mutated_templates_v5/CM_A_STD_002__equivalent_unit_formatting.yaml,yaml,,diagnostic,False,not_authority_resolved
results/stage13/benchmark_integrity/mutated_templates_v5/CM_A_STD_002__exact_noop_control.yaml,yaml,,diagnostic,False,not_authority_resolved
results/stage13/benchmark_integrity/mutated_templates_v5/CM_A_STD_002__harmless_serialization_formatting.yaml,yaml,,diagnostic,False,not_authority_resolved
results/stage13/benchmark_integrity/mutated_templates_v5/CM_A_STD_002__replace_governing_variable_with_cue.yaml,yaml,,diagnostic,False,not_authority_resolved
results/stage13/benchmark_integrity/mutated_templates_v5/CM_A_STD_002__semantics_preserving_variable_renaming.yaml,yaml,,diagnostic,False,not_authority_resolved
results/stage13/benchmark_integrity/mutated_templates_v5/CM_A_STD_002__sign_inversion_governing_expression.yaml,yaml,,diagnostic,False,not_authority_resolved
results/stage13/benchmark_integrity/mutated_templates_v5/CM_A_STD_002__target_quantity_change.yaml,yaml,,diagnostic,False,not_authority_resolved
results/stage13/benchmark_integrity/mutated_templates_v5/CM_A_STD_003__algebraically_equivalent_expression.yaml,yaml,,diagnostic,False,not_authority_resolved
results/stage13/benchmark_integrity/mutated_templates_v5/CM_A_STD_003__assumption_removal.yaml,yaml,,diagnostic,False,not_authority_resolved
results/stage13/benchmark_integrity/mutated_templates_v5/CM_A_STD_003__dimensional_corruption.yaml,yaml,,diagnostic,False,not_authority_resolved
results/stage13/benchmark_integrity/mutated_templates_v5/CM_A_STD_003__equivalent_unit_formatting.yaml,yaml,,diagnostic,False,not_authority_resolved
results/stage13/benchmark_integrity/mutated_templates_v5/CM_A_STD_003__exact_noop_control.yaml,yaml,,diagnostic,False,not_authority_resolved
results/stage13/benchmark_integrity/mutated_templates_v5/CM_A_STD_003__harmless_serialization_formatting.yaml,yaml,,diagnostic,False,not_authority_resolved
results/stage13/benchmark_integrity/mutated_templates_v5/CM_A_STD_003__replace_governing_variable_with_cue.yaml,yaml,,diagnostic,False,not_authority_resolved
results/stage13/benchmark_integrity/mutated_templates_v5/CM_A_STD_003__semantics_preserving_variable_renaming.yaml,yaml,,diagnostic,False,not_authority_resolved
results/stage13/benchmark_integrity/mutated_templates_v5/CM_A_STD_003__sign_inversion_governing_expression.yaml,yaml,,diagnostic,False,not_authority_resolved
results/stage13/benchmark_integrity/mutated_templates_v5/CM_A_STD_003__target_quantity_change.yaml,yaml,,diagnostic,False,not_authority_resolved
results/stage13/benchmark_integrity/mutated_templates_v5/CM_A_STD_011__algebraically_equivalent_expression.yaml,yaml,,diagnostic,False,not_authority_resolved
results/stage13/benchmark_integrity/mutated_templates_v5/CM_A_STD_011__assumption_removal.yaml,yaml,,diagnostic,False,not_authority_resolved
results/stage13/benchmark_integrity/mutated_templates_v5/CM_A_STD_011__dimensional_corruption.yaml,yaml,,diagnostic,False,not_authority_resolved
results/stage13/benchmark_integrity/mutated_templates_v5/CM_A_STD_011__equivalent_unit_formatting.yaml,yaml,,diagnostic,False,not_authority_resolved
results/stage13/benchmark_integrity/mutated_templates_v5/CM_A_STD_011__exact_noop_control.yaml,yaml,,diagnostic,False,not_authority_resolved
results/stage13/benchmark_integrity/mutated_templates_v5/CM_A_STD_011__harmless_serialization_formatting.yaml,yaml,,diagnostic,False,not_authority_resolved
results/stage13/benchmark_integrity/mutated_templates_v5/CM_A_STD_011__replace_governing_variable_with_cue.yaml,yaml,,diagnostic,False,not_authority_resolved
results/stage13/benchmark_integrity/mutated_templates_v5/CM_A_STD_011__semantics_preserving_variable_renaming.yaml,yaml,,diagnostic,False,not_authority_resolved
results/stage13/benchmark_integrity/mutated_templates_v5/CM_A_STD_011__sign_inversion_governing_expression.yaml,yaml,,diagnostic,False,not_authority_resolved
results/stage13/benchmark_integrity/mutated_templates_v5/CM_A_STD_011__target_quantity_change.yaml,yaml,,diagnostic,False,not_authority_resolved
results/stage13/benchmark_integrity/mutated_templates_v5/CM_A_STD_012__algebraically_equivalent_expression.yaml,yaml,,diagnostic,False,not_authority_resolved
results/stage13/benchmark_integrity/mutated_templates_v5/CM_A_STD_012__assumption_removal.yaml,yaml,,diagnostic,False,not_authority_resolved
results/stage13/benchmark_integrity/mutated_templates_v5/CM_A_STD_012__dimensional_corruption.yaml,yaml,,diagnostic,False,not_authority_resolved
results/stage13/benchmark_integrity/mutated_templates_v5/CM_A_STD_012__equivalent_unit_formatting.yaml,yaml,,diagnostic,False,not_authority_resolved
results/stage13/benchmark_integrity/mutated_templates_v5/CM_A_STD_012__exact_noop_control.yaml,yaml,,diagnostic,False,not_authority_resolved
results/stage13/benchmark_integrity/mutated_templates_v5/CM_A_STD_012__harmless_serialization_formatting.yaml,yaml,,diagnostic,False,not_authority_resolved
results/stage13/benchmark_integrity/mutated_templates_v5/CM_A_STD_012__replace_governing_variable_with_cue.yaml,yaml,,diagnostic,False,not_authority_resolved
results/stage13/benchmark_integrity/mutated_templates_v5/CM_A_STD_012__semantics_preserving_variable_renaming.yaml,yaml,,diagnostic,False,not_authority_resolved
results/stage13/benchmark_integrity/mutated_templates_v5/CM_A_STD_012__sign_inversion_governing_expression.yaml,yaml,,diagnostic,False,not_authority_resolved
results/stage13/benchmark_integrity/mutated_templates_v5/CM_A_STD_012__target_quantity_change.yaml,yaml,,diagnostic,False,not_authority_resolved
results/stage13/benchmark_integrity/mutated_templates_v5/CM_A_STD_017__algebraically_equivalent_expression.yaml,yaml,,diagnostic,False,not_authority_resolved
results/stage13/benchmark_integrity/mutated_templates_v5/CM_A_STD_017__assumption_removal.yaml,yaml,,diagnostic,False,not_authority_resolved
results/stage13/benchmark_integrity/mutated_templates_v5/CM_A_STD_017__dimensional_corruption.yaml,yaml,,diagnostic,False,not_authority_resolved
results/stage13/benchmark_integrity/mutated_templates_v5/CM_A_STD_017__equivalent_unit_formatting.yaml,yaml,,diagnostic,False,not_authority_resolved
results/stage13/benchmark_integrity/mutated_templates_v5/CM_A_STD_017__exact_noop_control.yaml,yaml,,diagnostic,False,not_authority_resolved
results/stage13/benchmark_integrity/mutated_templates_v5/CM_A_STD_017__harmless_serialization_formatting.yaml,yaml,,diagnostic,False,not_authority_resolved
results/stage13/benchmark_integrity/mutated_templates_v5/CM_A_STD_017__replace_governing_variable_with_cue.yaml,yaml,,diagnostic,False,not_authority_resolved
results/stage13/benchmark_integrity/mutated_templates_v5/CM_A_STD_017__semantics_preserving_variable_renaming.yaml,yaml,,diagnostic,False,not_authority_resolved
results/stage13/benchmark_integrity/mutated_templates_v5/CM_A_STD_017__sign_inversion_governing_expression.yaml,yaml,,diagnostic,False,not_authority_resolved
results/stage13/benchmark_integrity/mutated_templates_v5/CM_A_STD_017__target_quantity_change.yaml,yaml,,diagnostic,False,not_authority_resolved
results/stage13/benchmark_integrity/mutated_templates_v5/CM_A_STD_018__algebraically_equivalent_expression.yaml,yaml,,diagnostic,False,not_authority_resolved
results/stage13/benchmark_integrity/mutated_templates_v5/CM_A_STD_018__assumption_removal.yaml,yaml,,diagnostic,False,not_authority_resolved
results/stage13/benchmark_integrity/mutated_templates_v5/CM_A_STD_018__dimensional_corruption.yaml,yaml,,diagnostic,False,not_authority_resolved
results/stage13/benchmark_integrity/mutated_templates_v5/CM_A_STD_018__equivalent_unit_formatting.yaml,yaml,,diagnostic,False,not_authority_resolved
results/stage13/benchmark_integrity/mutated_templates_v5/CM_A_STD_018__exact_noop_control.yaml,yaml,,diagnostic,False,not_authority_resolved
results/stage13/benchmark_integrity/mutated_templates_v5/CM_A_STD_018__harmless_serialization_formatting.yaml,yaml,,diagnostic,False,not_authority_resolved
results/stage13/benchmark_integrity/mutated_templates_v5/CM_A_STD_018__replace_governing_variable_with_cue.yaml,yaml,,diagnostic,False,not_authority_resolved
results/stage13/benchmark_integrity/mutated_templates_v5/CM_A_STD_018__semantics_preserving_variable_renaming.yaml,yaml,,diagnostic,False,not_authority_resolved
results/stage13/benchmark_integrity/mutated_templates_v5/CM_A_STD_018__sign_inversion_governing_expression.yaml,yaml,,diagnostic,False,not_authority_resolved
results/stage13/benchmark_integrity/mutated_templates_v5/CM_A_STD_018__target_quantity_change.yaml,yaml,,diagnostic,False,not_authority_resolved
results/stage13/benchmark_integrity/mutated_templates_v5/CM_B_001__algebraically_equivalent_expression.yaml,yaml,,diagnostic,False,not_authority_resolved
results/stage13/benchmark_integrity/mutated_templates_v5/CM_B_001__assumption_removal.yaml,yaml,,diagnostic,False,not_authority_resolved
results/stage13/benchmark_integrity/mutated_templates_v5/CM_B_001__dimensional_corruption.yaml,yaml,,diagnostic,False,not_authority_resolved
results/stage13/benchmark_integrity/mutated_templates_v5/CM_B_001__equivalent_unit_formatting.yaml,yaml,,diagnostic,False,not_authority_resolved
results/stage13/benchmark_integrity/mutated_templates_v5/CM_B_001__exact_noop_control.yaml,yaml,,diagnostic,False,not_authority_resolved
results/stage13/benchmark_integrity/mutated_templates_v5/CM_B_001__harmless_serialization_formatting.yaml,yaml,,diagnostic,False,not_authority_resolved
results/stage13/benchmark_integrity/mutated_templates_v5/CM_B_001__replace_governing_variable_with_cue.yaml,yaml,,diagnostic,False,not_authority_resolved
results/stage13/benchmark_integrity/mutated_templates_v5/CM_B_001__semantics_preserving_variable_renaming.yaml,yaml,,diagnostic,False,not_authority_resolved
results/stage13/benchmark_integrity/mutated_templates_v5/CM_B_001__sign_inversion_governing_expression.yaml,yaml,,diagnostic,False,not_authority_resolved
results/stage13/benchmark_integrity/mutated_templates_v5/CM_B_001__target_quantity_change.yaml,yaml,,diagnostic,False,not_authority_resolved
results/stage13/benchmark_integrity/mutated_templates_v5/CM_B_002__algebraically_equivalent_expression.yaml,yaml,,diagnostic,False,not_authority_resolved
results/stage13/benchmark_integrity/mutated_templates_v5/CM_B_002__assumption_removal.yaml,yaml,,diagnostic,False,not_authority_resolved
results/stage13/benchmark_integrity/mutated_templates_v5/CM_B_002__dimensional_corruption.yaml,yaml,,diagnostic,False,not_authority_resolved
results/stage13/benchmark_integrity/mutated_templates_v5/CM_B_002__equivalent_unit_formatting.yaml,yaml,,diagnostic,False,not_authority_resolved
results/stage13/benchmark_integrity/mutated_templates_v5/CM_B_002__exact_noop_control.yaml,yaml,,diagnostic,False,not_authority_resolved
results/stage13/benchmark_integrity/mutated_templates_v5/CM_B_002__harmless_serialization_formatting.yaml,yaml,,diagnostic,False,not_authority_resolved
results/stage13/benchmark_integrity/mutated_templates_v5/CM_B_002__replace_governing_variable_with_cue.yaml,yaml,,diagnostic,False,not_authority_resolved
results/stage13/benchmark_integrity/mutated_templates_v5/CM_B_002__semantics_preserving_variable_renaming.yaml,yaml,,diagnostic,False,not_authority_resolved
results/stage13/benchmark_integrity/mutated_templates_v5/CM_B_002__sign_inversion_governing_expression.yaml,yaml,,diagnostic,False,not_authority_resolved
results/stage13/benchmark_integrity/mutated_templates_v5/CM_B_002__target_quantity_change.yaml,yaml,,diagnostic,False,not_authority_resolved
results/stage13/benchmark_integrity/mutated_templates_v5/CM_B_STD_007__algebraically_equivalent_expression.yaml,yaml,,diagnostic,False,not_authority_resolved
results/stage13/benchmark_integrity/mutated_templates_v5/CM_B_STD_007__assumption_removal.yaml,yaml,,diagnostic,False,not_authority_resolved
results/stage13/benchmark_integrity/mutated_templates_v5/CM_B_STD_007__dimensional_corruption.yaml,yaml,,diagnostic,False,not_authority_resolved
results/stage13/benchmark_integrity/mutated_templates_v5/CM_B_STD_007__equivalent_unit_formatting.yaml,yaml,,diagnostic,False,not_authority_resolved
results/stage13/benchmark_integrity/mutated_templates_v5/CM_B_STD_007__exact_noop_control.yaml,yaml,,diagnostic,False,not_authority_resolved
results/stage13/benchmark_integrity/mutated_templates_v5/CM_B_STD_007__harmless_serialization_formatting.yaml,yaml,,diagnostic,False,not_authority_resolved
results/stage13/benchmark_integrity/mutated_templates_v5/CM_B_STD_007__replace_governing_variable_with_cue.yaml,yaml,,diagnostic,False,not_authority_resolved
results/stage13/benchmark_integrity/mutated_templates_v5/CM_B_STD_007__semantics_preserving_variable_renaming.yaml,yaml,,diagnostic,False,not_authority_resolved
results/stage13/benchmark_integrity/mutated_templates_v5/CM_B_STD_007__sign_inversion_governing_expression.yaml,yaml,,diagnostic,False,not_authority_resolved
results/stage13/benchmark_integrity/mutated_templates_v5/CM_B_STD_007__target_quantity_change.yaml,yaml,,diagnostic,False,not_authority_resolved
results/stage13/benchmark_integrity/mutated_templates_v5/CM_B_STD_008__algebraically_equivalent_expression.yaml,yaml,,diagnostic,False,not_authority_resolved
results/stage13/benchmark_integrity/mutated_templates_v5/CM_B_STD_008__assumption_removal.yaml,yaml,,diagnostic,False,not_authority_resolved
results/stage13/benchmark_integrity/mutated_templates_v5/CM_B_STD_008__dimensional_corruption.yaml,yaml,,diagnostic,False,not_authority_resolved
results/stage13/benchmark_integrity/mutated_templates_v5/CM_B_STD_008__equivalent_unit_formatting.yaml,yaml,,diagnostic,False,not_authority_resolved
results/stage13/benchmark_integrity/mutated_templates_v5/CM_B_STD_008__exact_noop_control.yaml,yaml,,diagnostic,False,not_authority_resolved
results/stage13/benchmark_integrity/mutated_templates_v5/CM_B_STD_008__harmless_serialization_formatting.yaml,yaml,,diagnostic,False,not_authority_resolved
results/stage13/benchmark_integrity/mutated_templates_v5/CM_B_STD_008__replace_governing_variable_with_cue.yaml,yaml,,diagnostic,False,not_authority_resolved
results/stage13/benchmark_integrity/mutated_templates_v5/CM_B_STD_008__semantics_preserving_variable_renaming.yaml,yaml,,diagnostic,False,not_authority_resolved
results/stage13/benchmark_integrity/mutated_templates_v5/CM_B_STD_008__sign_inversion_governing_expression.yaml,yaml,,diagnostic,False,not_authority_resolved
results/stage13/benchmark_integrity/mutated_templates_v5/CM_B_STD_008__target_quantity_change.yaml,yaml,,diagnostic,False,not_authority_resolved
results/stage13/benchmark_integrity/mutated_templates_v5/CM_B_STD_010__algebraically_equivalent_expression.yaml,yaml,,diagnostic,False,not_authority_resolved
results/stage13/benchmark_integrity/mutated_templates_v5/CM_B_STD_010__assumption_removal.yaml,yaml,,diagnostic,False,not_authority_resolved
results/stage13/benchmark_integrity/mutated_templates_v5/CM_B_STD_010__dimensional_corruption.yaml,yaml,,diagnostic,False,not_authority_resolved
results/stage13/benchmark_integrity/mutated_templates_v5/CM_B_STD_010__equivalent_unit_formatting.yaml,yaml,,diagnostic,False,not_authority_resolved
results/stage13/benchmark_integrity/mutated_templates_v5/CM_B_STD_010__exact_noop_control.yaml,yaml,,diagnostic,False,not_authority_resolved
results/stage13/benchmark_integrity/mutated_templates_v5/CM_B_STD_010__harmless_serialization_formatting.yaml,yaml,,diagnostic,False,not_authority_resolved
results/stage13/benchmark_integrity/mutated_templates_v5/CM_B_STD_010__replace_governing_variable_with_cue.yaml,yaml,,diagnostic,False,not_authority_resolved
results/stage13/benchmark_integrity/mutated_templates_v5/CM_B_STD_010__semantics_preserving_variable_renaming.yaml,yaml,,diagnostic,False,not_authority_resolved
results/stage13/benchmark_integrity/mutated_templates_v5/CM_B_STD_010__sign_inversion_governing_expression.yaml,yaml,,diagnostic,False,not_authority_resolved
results/stage13/benchmark_integrity/mutated_templates_v5/CM_B_STD_010__target_quantity_change.yaml,yaml,,diagnostic,False,not_authority_resolved
results/stage13/benchmark_integrity/mutated_templates_v5/CM_B_STD_011__algebraically_equivalent_expression.yaml,yaml,,diagnostic,False,not_authority_resolved
results/stage13/benchmark_integrity/mutated_templates_v5/CM_B_STD_011__assumption_removal.yaml,yaml,,diagnostic,False,not_authority_resolved
results/stage13/benchmark_integrity/mutated_templates_v5/CM_B_STD_011__dimensional_corruption.yaml,yaml,,diagnostic,False,not_authority_resolved
results/stage13/benchmark_integrity/mutated_templates_v5/CM_B_STD_011__equivalent_unit_formatting.yaml,yaml,,diagnostic,False,not_authority_resolved
results/stage13/benchmark_integrity/mutated_templates_v5/CM_B_STD_011__exact_noop_control.yaml,yaml,,diagnostic,False,not_authority_resolved
results/stage13/benchmark_integrity/mutated_templates_v5/CM_B_STD_011__harmless_serialization_formatting.yaml,yaml,,diagnostic,False,not_authority_resolved
results/stage13/benchmark_integrity/mutated_templates_v5/CM_B_STD_011__replace_governing_variable_with_cue.yaml,yaml,,diagnostic,False,not_authority_resolved
results/stage13/benchmark_integrity/mutated_templates_v5/CM_B_STD_011__semantics_preserving_variable_renaming.yaml,yaml,,diagnostic,False,not_authority_resolved
results/stage13/benchmark_integrity/mutated_templates_v5/CM_B_STD_011__sign_inversion_governing_expression.yaml,yaml,,diagnostic,False,not_authority_resolved
results/stage13/benchmark_integrity/mutated_templates_v5/CM_B_STD_011__target_quantity_change.yaml,yaml,,diagnostic,False,not_authority_resolved
results/stage13/benchmark_integrity/mutated_templates_v5/CM_B_UM_061__algebraically_equivalent_expression.yaml,yaml,,diagnostic,False,not_authority_resolved
results/stage13/benchmark_integrity/mutated_templates_v5/CM_B_UM_061__assumption_removal.yaml,yaml,,diagnostic,False,not_authority_resolved
results/stage13/benchmark_integrity/mutated_templates_v5/CM_B_UM_061__dimensional_corruption.yaml,yaml,,diagnostic,False,not_authority_resolved
results/stage13/benchmark_integrity/mutated_templates_v5/CM_B_UM_061__equivalent_unit_formatting.yaml,yaml,,diagnostic,False,not_authority_resolved
results/stage13/benchmark_integrity/mutated_templates_v5/CM_B_UM_061__exact_noop_control.yaml,yaml,,diagnostic,False,not_authority_resolved
results/stage13/benchmark_integrity/mutated_templates_v5/CM_B_UM_061__harmless_serialization_formatting.yaml,yaml,,diagnostic,False,not_authority_resolved
results/stage13/benchmark_integrity/mutated_templates_v5/CM_B_UM_061__replace_governing_variable_with_cue.yaml,yaml,,diagnostic,False,not_authority_resolved
results/stage13/benchmark_integrity/mutated_templates_v5/CM_B_UM_061__semantics_preserving_variable_renaming.yaml,yaml,,diagnostic,False,not_authority_resolved
results/stage13/benchmark_integrity/mutated_templates_v5/CM_B_UM_061__sign_inversion_governing_expression.yaml,yaml,,diagnostic,False,not_authority_resolved
results/stage13/benchmark_integrity/mutated_templates_v5/CM_B_UM_061__target_quantity_change.yaml,yaml,,diagnostic,False,not_authority_resolved
results/stage13/benchmark_integrity/mutated_templates_v5/CM_B_UM_062__algebraically_equivalent_expression.yaml,yaml,,diagnostic,False,not_authority_resolved
results/stage13/benchmark_integrity/mutated_templates_v5/CM_B_UM_062__assumption_removal.yaml,yaml,,diagnostic,False,not_authority_resolved
results/stage13/benchmark_integrity/mutated_templates_v5/CM_B_UM_062__dimensional_corruption.yaml,yaml,,diagnostic,False,not_authority_resolved
results/stage13/benchmark_integrity/mutated_templates_v5/CM_B_UM_062__equivalent_unit_formatting.yaml,yaml,,diagnostic,False,not_authority_resolved
results/stage13/benchmark_integrity/mutated_templates_v5/CM_B_UM_062__exact_noop_control.yaml,yaml,,diagnostic,False,not_authority_resolved
results/stage13/benchmark_integrity/mutated_templates_v5/CM_B_UM_062__harmless_serialization_formatting.yaml,yaml,,diagnostic,False,not_authority_resolved
results/stage13/benchmark_integrity/mutated_templates_v5/CM_B_UM_062__replace_governing_variable_with_cue.yaml,yaml,,diagnostic,False,not_authority_resolved
results/stage13/benchmark_integrity/mutated_templates_v5/CM_B_UM_062__semantics_preserving_variable_renaming.yaml,yaml,,diagnostic,False,not_authority_resolved
results/stage13/benchmark_integrity/mutated_templates_v5/CM_B_UM_062__sign_inversion_governing_expression.yaml,yaml,,diagnostic,False,not_authority_resolved
results/stage13/benchmark_integrity/mutated_templates_v5/CM_B_UM_062__target_quantity_change.yaml,yaml,,diagnostic,False,not_authority_resolved
results/stage13/benchmark_integrity/mutated_templates_v5/CM_C_001__algebraically_equivalent_expression.yaml,yaml,,diagnostic,False,not_authority_resolved
results/stage13/benchmark_integrity/mutated_templates_v5/CM_C_001__assumption_removal.yaml,yaml,,diagnostic,False,not_authority_resolved
results/stage13/benchmark_integrity/mutated_templates_v5/CM_C_001__dimensional_corruption.yaml,yaml,,diagnostic,False,not_authority_resolved
results/stage13/benchmark_integrity/mutated_templates_v5/CM_C_001__equivalent_unit_formatting.yaml,yaml,,diagnostic,False,not_authority_resolved
results/stage13/benchmark_integrity/mutated_templates_v5/CM_C_001__exact_noop_control.yaml,yaml,,diagnostic,False,not_authority_resolved
results/stage13/benchmark_integrity/mutated_templates_v5/CM_C_001__harmless_serialization_formatting.yaml,yaml,,diagnostic,False,not_authority_resolved
results/stage13/benchmark_integrity/mutated_templates_v5/CM_C_001__replace_governing_variable_with_cue.yaml,yaml,,diagnostic,False,not_authority_resolved
results/stage13/benchmark_integrity/mutated_templates_v5/CM_C_001__semantics_preserving_variable_renaming.yaml,yaml,,diagnostic,False,not_authority_resolved
results/stage13/benchmark_integrity/mutated_templates_v5/CM_C_001__sign_inversion_governing_expression.yaml,yaml,,diagnostic,False,not_authority_resolved
results/stage13/benchmark_integrity/mutated_templates_v5/CM_C_001__target_quantity_change.yaml,yaml,,diagnostic,False,not_authority_resolved
results/stage13/benchmark_integrity/mutated_templates_v5/CM_C_002__algebraically_equivalent_expression.yaml,yaml,,diagnostic,False,not_authority_resolved
results/stage13/benchmark_integrity/mutated_templates_v5/CM_C_002__assumption_removal.yaml,yaml,,diagnostic,False,not_authority_resolved
results/stage13/benchmark_integrity/mutated_templates_v5/CM_C_002__dimensional_corruption.yaml,yaml,,diagnostic,False,not_authority_resolved
results/stage13/benchmark_integrity/mutated_templates_v5/CM_C_002__equivalent_unit_formatting.yaml,yaml,,diagnostic,False,not_authority_resolved
results/stage13/benchmark_integrity/mutated_templates_v5/CM_C_002__exact_noop_control.yaml,yaml,,diagnostic,False,not_authority_resolved
results/stage13/benchmark_integrity/mutated_templates_v5/CM_C_002__harmless_serialization_formatting.yaml,yaml,,diagnostic,False,not_authority_resolved
results/stage13/benchmark_integrity/mutated_templates_v5/CM_C_002__replace_governing_variable_with_cue.yaml,yaml,,diagnostic,False,not_authority_resolved
results/stage13/benchmark_integrity/mutated_templates_v5/CM_C_002__semantics_preserving_variable_renaming.yaml,yaml,,diagnostic,False,not_authority_resolved
results/stage13/benchmark_integrity/mutated_templates_v5/CM_C_002__sign_inversion_governing_expression.yaml,yaml,,diagnostic,False,not_authority_resolved
results/stage13/benchmark_integrity/mutated_templates_v5/CM_C_002__target_quantity_change.yaml,yaml,,diagnostic,False,not_authority_resolved
results/stage13/benchmark_integrity/mutated_templates_v5/CM_C_004__algebraically_equivalent_expression.yaml,yaml,,diagnostic,False,not_authority_resolved
results/stage13/benchmark_integrity/mutated_templates_v5/CM_C_004__assumption_removal.yaml,yaml,,diagnostic,False,not_authority_resolved
results/stage13/benchmark_integrity/mutated_templates_v5/CM_C_004__dimensional_corruption.yaml,yaml,,diagnostic,False,not_authority_resolved
results/stage13/benchmark_integrity/mutated_templates_v5/CM_C_004__equivalent_unit_formatting.yaml,yaml,,diagnostic,False,not_authority_resolved
results/stage13/benchmark_integrity/mutated_templates_v5/CM_C_004__exact_noop_control.yaml,yaml,,diagnostic,False,not_authority_resolved
results/stage13/benchmark_integrity/mutated_templates_v5/CM_C_004__harmless_serialization_formatting.yaml,yaml,,diagnostic,False,not_authority_resolved
results/stage13/benchmark_integrity/mutated_templates_v5/CM_C_004__replace_governing_variable_with_cue.yaml,yaml,,diagnostic,False,not_authority_resolved
results/stage13/benchmark_integrity/mutated_templates_v5/CM_C_004__semantics_preserving_variable_renaming.yaml,yaml,,diagnostic,False,not_authority_resolved
results/stage13/benchmark_integrity/mutated_templates_v5/CM_C_004__sign_inversion_governing_expression.yaml,yaml,,diagnostic,False,not_authority_resolved
results/stage13/benchmark_integrity/mutated_templates_v5/CM_C_004__target_quantity_change.yaml,yaml,,diagnostic,False,not_authority_resolved
results/stage13/benchmark_integrity/mutated_templates_v5/CM_C_006__algebraically_equivalent_expression.yaml,yaml,,diagnostic,False,not_authority_resolved
results/stage13/benchmark_integrity/mutated_templates_v5/CM_C_006__assumption_removal.yaml,yaml,,diagnostic,False,not_authority_resolved
results/stage13/benchmark_integrity/mutated_templates_v5/CM_C_006__dimensional_corruption.yaml,yaml,,diagnostic,False,not_authority_resolved
results/stage13/benchmark_integrity/mutated_templates_v5/CM_C_006__equivalent_unit_formatting.yaml,yaml,,diagnostic,False,not_authority_resolved
results/stage13/benchmark_integrity/mutated_templates_v5/CM_C_006__exact_noop_control.yaml,yaml,,diagnostic,False,not_authority_resolved
results/stage13/benchmark_integrity/mutated_templates_v5/CM_C_006__harmless_serialization_formatting.yaml,yaml,,diagnostic,False,not_authority_resolved
results/stage13/benchmark_integrity/mutated_templates_v5/CM_C_006__replace_governing_variable_with_cue.yaml,yaml,,diagnostic,False,not_authority_resolved
results/stage13/benchmark_integrity/mutated_templates_v5/CM_C_006__semantics_preserving_variable_renaming.yaml,yaml,,diagnostic,False,not_authority_resolved
results/stage13/benchmark_integrity/mutated_templates_v5/CM_C_006__sign_inversion_governing_expression.yaml,yaml,,diagnostic,False,not_authority_resolved
results/stage13/benchmark_integrity/mutated_templates_v5/CM_C_006__target_quantity_change.yaml,yaml,,diagnostic,False,not_authority_resolved
results/stage13/benchmark_integrity/mutated_templates_v5/CM_C_007__algebraically_equivalent_expression.yaml,yaml,,diagnostic,False,not_authority_resolved
results/stage13/benchmark_integrity/mutated_templates_v5/CM_C_007__assumption_removal.yaml,yaml,,diagnostic,False,not_authority_resolved
results/stage13/benchmark_integrity/mutated_templates_v5/CM_C_007__dimensional_corruption.yaml,yaml,,diagnostic,False,not_authority_resolved
results/stage13/benchmark_integrity/mutated_templates_v5/CM_C_007__equivalent_unit_formatting.yaml,yaml,,diagnostic,False,not_authority_resolved
results/stage13/benchmark_integrity/mutated_templates_v5/CM_C_007__exact_noop_control.yaml,yaml,,diagnostic,False,not_authority_resolved
results/stage13/benchmark_integrity/mutated_templates_v5/CM_C_007__harmless_serialization_formatting.yaml,yaml,,diagnostic,False,not_authority_resolved
results/stage13/benchmark_integrity/mutated_templates_v5/CM_C_007__replace_governing_variable_with_cue.yaml,yaml,,diagnostic,False,not_authority_resolved
results/stage13/benchmark_integrity/mutated_templates_v5/CM_C_007__semantics_preserving_variable_renaming.yaml,yaml,,diagnostic,False,not_authority_resolved
results/stage13/benchmark_integrity/mutated_templates_v5/CM_C_007__sign_inversion_governing_expression.yaml,yaml,,diagnostic,False,not_authority_resolved
results/stage13/benchmark_integrity/mutated_templates_v5/CM_C_007__target_quantity_change.yaml,yaml,,diagnostic,False,not_authority_resolved
results/stage13/benchmark_integrity/mutated_templates_v5/CM_C_008__algebraically_equivalent_expression.yaml,yaml,,diagnostic,False,not_authority_resolved
results/stage13/benchmark_integrity/mutated_templates_v5/CM_C_008__assumption_removal.yaml,yaml,,diagnostic,False,not_authority_resolved
results/stage13/benchmark_integrity/mutated_templates_v5/CM_C_008__dimensional_corruption.yaml,yaml,,diagnostic,False,not_authority_resolved
results/stage13/benchmark_integrity/mutated_templates_v5/CM_C_008__equivalent_unit_formatting.yaml,yaml,,diagnostic,False,not_authority_resolved
results/stage13/benchmark_integrity/mutated_templates_v5/CM_C_008__exact_noop_control.yaml,yaml,,diagnostic,False,not_authority_resolved
results/stage13/benchmark_integrity/mutated_templates_v5/CM_C_008__harmless_serialization_formatting.yaml,yaml,,diagnostic,False,not_authority_resolved
results/stage13/benchmark_integrity/mutated_templates_v5/CM_C_008__replace_governing_variable_with_cue.yaml,yaml,,diagnostic,False,not_authority_resolved
results/stage13/benchmark_integrity/mutated_templates_v5/CM_C_008__semantics_preserving_variable_renaming.yaml,yaml,,diagnostic,False,not_authority_resolved
results/stage13/benchmark_integrity/mutated_templates_v5/CM_C_008__sign_inversion_governing_expression.yaml,yaml,,diagnostic,False,not_authority_resolved
results/stage13/benchmark_integrity/mutated_templates_v5/CM_C_008__target_quantity_change.yaml,yaml,,diagnostic,False,not_authority_resolved
results/stage13/benchmark_integrity/mutated_templates_v5/CM_C_012__algebraically_equivalent_expression.yaml,yaml,,diagnostic,False,not_authority_resolved
results/stage13/benchmark_integrity/mutated_templates_v5/CM_C_012__assumption_removal.yaml,yaml,,diagnostic,False,not_authority_resolved
results/stage13/benchmark_integrity/mutated_templates_v5/CM_C_012__dimensional_corruption.yaml,yaml,,diagnostic,False,not_authority_resolved
results/stage13/benchmark_integrity/mutated_templates_v5/CM_C_012__equivalent_unit_formatting.yaml,yaml,,diagnostic,False,not_authority_resolved
results/stage13/benchmark_integrity/mutated_templates_v5/CM_C_012__exact_noop_control.yaml,yaml,,diagnostic,False,not_authority_resolved
results/stage13/benchmark_integrity/mutated_templates_v5/CM_C_012__harmless_serialization_formatting.yaml,yaml,,diagnostic,False,not_authority_resolved
results/stage13/benchmark_integrity/mutated_templates_v5/CM_C_012__replace_governing_variable_with_cue.yaml,yaml,,diagnostic,False,not_authority_resolved
results/stage13/benchmark_integrity/mutated_templates_v5/CM_C_012__semantics_preserving_variable_renaming.yaml,yaml,,diagnostic,False,not_authority_resolved
results/stage13/benchmark_integrity/mutated_templates_v5/CM_C_012__sign_inversion_governing_expression.yaml,yaml,,diagnostic,False,not_authority_resolved
results/stage13/benchmark_integrity/mutated_templates_v5/CM_C_012__target_quantity_change.yaml,yaml,,diagnostic,False,not_authority_resolved
results/stage13/benchmark_integrity/mutated_templates_v5/CM_C_013__algebraically_equivalent_expression.yaml,yaml,,diagnostic,False,not_authority_resolved
results/stage13/benchmark_integrity/mutated_templates_v5/CM_C_013__assumption_removal.yaml,yaml,,diagnostic,False,not_authority_resolved
results/stage13/benchmark_integrity/mutated_templates_v5/CM_C_013__dimensional_corruption.yaml,yaml,,diagnostic,False,not_authority_resolved
results/stage13/benchmark_integrity/mutated_templates_v5/CM_C_013__equivalent_unit_formatting.yaml,yaml,,diagnostic,False,not_authority_resolved
results/stage13/benchmark_integrity/mutated_templates_v5/CM_C_013__exact_noop_control.yaml,yaml,,diagnostic,False,not_authority_resolved
results/stage13/benchmark_integrity/mutated_templates_v5/CM_C_013__harmless_serialization_formatting.yaml,yaml,,diagnostic,False,not_authority_resolved
results/stage13/benchmark_integrity/mutated_templates_v5/CM_C_013__replace_governing_variable_with_cue.yaml,yaml,,diagnostic,False,not_authority_resolved
results/stage13/benchmark_integrity/mutated_templates_v5/CM_C_013__semantics_preserving_variable_renaming.yaml,yaml,,diagnostic,False,not_authority_resolved
results/stage13/benchmark_integrity/mutated_templates_v5/CM_C_013__sign_inversion_governing_expression.yaml,yaml,,diagnostic,False,not_authority_resolved
results/stage13/benchmark_integrity/mutated_templates_v5/CM_C_013__target_quantity_change.yaml,yaml,,diagnostic,False,not_authority_resolved
results/stage13/benchmark_integrity/mutated_templates_v5/CM_C_015__algebraically_equivalent_expression.yaml,yaml,,diagnostic,False,not_authority_resolved
results/stage13/benchmark_integrity/mutated_templates_v5/CM_C_015__assumption_removal.yaml,yaml,,diagnostic,False,not_authority_resolved
results/stage13/benchmark_integrity/mutated_templates_v5/CM_C_015__dimensional_corruption.yaml,yaml,,diagnostic,False,not_authority_resolved
results/stage13/benchmark_integrity/mutated_templates_v5/CM_C_015__equivalent_unit_formatting.yaml,yaml,,diagnostic,False,not_authority_resolved
results/stage13/benchmark_integrity/mutated_templates_v5/CM_C_015__exact_noop_control.yaml,yaml,,diagnostic,False,not_authority_resolved
results/stage13/benchmark_integrity/mutated_templates_v5/CM_C_015__harmless_serialization_formatting.yaml,yaml,,diagnostic,False,not_authority_resolved
results/stage13/benchmark_integrity/mutated_templates_v5/CM_C_015__replace_governing_variable_with_cue.yaml,yaml,,diagnostic,False,not_authority_resolved
results/stage13/benchmark_integrity/mutated_templates_v5/CM_C_015__semantics_preserving_variable_renaming.yaml,yaml,,diagnostic,False,not_authority_resolved
results/stage13/benchmark_integrity/mutated_templates_v5/CM_C_015__sign_inversion_governing_expression.yaml,yaml,,diagnostic,False,not_authority_resolved
results/stage13/benchmark_integrity/mutated_templates_v5/CM_C_015__target_quantity_change.yaml,yaml,,diagnostic,False,not_authority_resolved
results/stage13/benchmark_integrity/mutated_templates_v5/TH_B_UM_011__algebraically_equivalent_expression.yaml,yaml,,diagnostic,False,not_authority_resolved
results/stage13/benchmark_integrity/mutated_templates_v5/TH_B_UM_011__assumption_removal.yaml,yaml,,diagnostic,False,not_authority_resolved
results/stage13/benchmark_integrity/mutated_templates_v5/TH_B_UM_011__dimensional_corruption.yaml,yaml,,diagnostic,False,not_authority_resolved
results/stage13/benchmark_integrity/mutated_templates_v5/TH_B_UM_011__equivalent_unit_formatting.yaml,yaml,,diagnostic,False,not_authority_resolved
results/stage13/benchmark_integrity/mutated_templates_v5/TH_B_UM_011__exact_noop_control.yaml,yaml,,diagnostic,False,not_authority_resolved
results/stage13/benchmark_integrity/mutated_templates_v5/TH_B_UM_011__harmless_serialization_formatting.yaml,yaml,,diagnostic,False,not_authority_resolved
results/stage13/benchmark_integrity/mutated_templates_v5/TH_B_UM_011__replace_governing_variable_with_cue.yaml,yaml,,diagnostic,False,not_authority_resolved
results/stage13/benchmark_integrity/mutated_templates_v5/TH_B_UM_011__semantics_preserving_variable_renaming.yaml,yaml,,diagnostic,False,not_authority_resolved
results/stage13/benchmark_integrity/mutated_templates_v5/TH_B_UM_011__sign_inversion_governing_expression.yaml,yaml,,diagnostic,False,not_authority_resolved
results/stage13/benchmark_integrity/mutated_templates_v5/TH_B_UM_011__target_quantity_change.yaml,yaml,,diagnostic,False,not_authority_resolved
results/stage13/benchmark_integrity/mutated_templates_v5/TH_B_UM_012__algebraically_equivalent_expression.yaml,yaml,,diagnostic,False,not_authority_resolved
results/stage13/benchmark_integrity/mutated_templates_v5/TH_B_UM_012__assumption_removal.yaml,yaml,,diagnostic,False,not_authority_resolved
results/stage13/benchmark_integrity/mutated_templates_v5/TH_B_UM_012__dimensional_corruption.yaml,yaml,,diagnostic,False,not_authority_resolved
results/stage13/benchmark_integrity/mutated_templates_v5/TH_B_UM_012__equivalent_unit_formatting.yaml,yaml,,diagnostic,False,not_authority_resolved
results/stage13/benchmark_integrity/mutated_templates_v5/TH_B_UM_012__exact_noop_control.yaml,yaml,,diagnostic,False,not_authority_resolved
results/stage13/benchmark_integrity/mutated_templates_v5/TH_B_UM_012__harmless_serialization_formatting.yaml,yaml,,diagnostic,False,not_authority_resolved
results/stage13/benchmark_integrity/mutated_templates_v5/TH_B_UM_012__replace_governing_variable_with_cue.yaml,yaml,,diagnostic,False,not_authority_resolved
results/stage13/benchmark_integrity/mutated_templates_v5/TH_B_UM_012__semantics_preserving_variable_renaming.yaml,yaml,,diagnostic,False,not_authority_resolved
results/stage13/benchmark_integrity/mutated_templates_v5/TH_B_UM_012__sign_inversion_governing_expression.yaml,yaml,,diagnostic,False,not_authority_resolved
results/stage13/benchmark_integrity/mutated_templates_v5/TH_B_UM_012__target_quantity_change.yaml,yaml,,diagnostic,False,not_authority_resolved
results/stage13/benchmark_integrity/mutated_templates_v6/CM_A_001__algebraically_equivalent_expression.yaml,yaml,,diagnostic,False,not_authority_resolved
results/stage13/benchmark_integrity/mutated_templates_v6/CM_A_001__cue_leakage_after_assumption_text_removal.yaml,yaml,,diagnostic,False,not_authority_resolved
results/stage13/benchmark_integrity/mutated_templates_v6/CM_A_001__equivalent_unit_formatting.yaml,yaml,,diagnostic,False,not_authority_resolved
results/stage13/benchmark_integrity/mutated_templates_v6/CM_A_001__exact_noop_control.yaml,yaml,,diagnostic,False,not_authority_resolved
results/stage13/benchmark_integrity/mutated_templates_v6/CM_A_001__harmless_serialization_formatting.yaml,yaml,,diagnostic,False,not_authority_resolved
results/stage13/benchmark_integrity/mutated_templates_v6/CM_A_001__incorrect_canonical_answer.yaml,yaml,,diagnostic,False,not_authority_resolved
results/stage13/benchmark_integrity/mutated_templates_v6/CM_A_001__negative_parameter_value.yaml,yaml,,diagnostic,False,not_authority_resolved
results/stage13/benchmark_integrity/mutated_templates_v6/CM_A_001__replace_governing_variable_with_cue.yaml,yaml,,diagnostic,False,not_authority_resolved
results/stage13/benchmark_integrity/mutated_templates_v6/CM_A_001__semantics_preserving_variable_renaming.yaml,yaml,,diagnostic,False,not_authority_resolved
results/stage13/benchmark_integrity/mutated_templates_v6/CM_A_001__sign_inversion_governing_expression.yaml,yaml,,diagnostic,False,not_authority_resolved
results/stage13/benchmark_integrity/mutated_templates_v6/CM_A_002__algebraically_equivalent_expression.yaml,yaml,,diagnostic,False,not_authority_resolved
results/stage13/benchmark_integrity/mutated_templates_v6/CM_A_002__cue_leakage_after_assumption_text_removal.yaml,yaml,,diagnostic,False,not_authority_resolved
results/stage13/benchmark_integrity/mutated_templates_v6/CM_A_002__equivalent_unit_formatting.yaml,yaml,,diagnostic,False,not_authority_resolved
results/stage13/benchmark_integrity/mutated_templates_v6/CM_A_002__exact_noop_control.yaml,yaml,,diagnostic,False,not_authority_resolved
results/stage13/benchmark_integrity/mutated_templates_v6/CM_A_002__harmless_serialization_formatting.yaml,yaml,,diagnostic,False,not_authority_resolved
results/stage13/benchmark_integrity/mutated_templates_v6/CM_A_002__incorrect_canonical_answer.yaml,yaml,,diagnostic,False,not_authority_resolved
results/stage13/benchmark_integrity/mutated_templates_v6/CM_A_002__negative_parameter_value.yaml,yaml,,diagnostic,False,not_authority_resolved
results/stage13/benchmark_integrity/mutated_templates_v6/CM_A_002__replace_governing_variable_with_cue.yaml,yaml,,diagnostic,False,not_authority_resolved
results/stage13/benchmark_integrity/mutated_templates_v6/CM_A_002__semantics_preserving_variable_renaming.yaml,yaml,,diagnostic,False,not_authority_resolved
results/stage13/benchmark_integrity/mutated_templates_v6/CM_A_002__sign_inversion_governing_expression.yaml,yaml,,diagnostic,False,not_authority_resolved
results/stage13/benchmark_integrity/mutated_templates_v6/CM_A_003__algebraically_equivalent_expression.yaml,yaml,,diagnostic,False,not_authority_resolved
results/stage13/benchmark_integrity/mutated_templates_v6/CM_A_003__cue_leakage_after_assumption_text_removal.yaml,yaml,,diagnostic,False,not_authority_resolved
results/stage13/benchmark_integrity/mutated_templates_v6/CM_A_003__equivalent_unit_formatting.yaml,yaml,,diagnostic,False,not_authority_resolved
results/stage13/benchmark_integrity/mutated_templates_v6/CM_A_003__exact_noop_control.yaml,yaml,,diagnostic,False,not_authority_resolved
results/stage13/benchmark_integrity/mutated_templates_v6/CM_A_003__harmless_serialization_formatting.yaml,yaml,,diagnostic,False,not_authority_resolved
results/stage13/benchmark_integrity/mutated_templates_v6/CM_A_003__incorrect_canonical_answer.yaml,yaml,,diagnostic,False,not_authority_resolved
results/stage13/benchmark_integrity/mutated_templates_v6/CM_A_003__negative_parameter_value.yaml,yaml,,diagnostic,False,not_authority_resolved
results/stage13/benchmark_integrity/mutated_templates_v6/CM_A_003__replace_governing_variable_with_cue.yaml,yaml,,diagnostic,False,not_authority_resolved
results/stage13/benchmark_integrity/mutated_templates_v6/CM_A_003__semantics_preserving_variable_renaming.yaml,yaml,,diagnostic,False,not_authority_resolved
results/stage13/benchmark_integrity/mutated_templates_v6/CM_A_003__sign_inversion_governing_expression.yaml,yaml,,diagnostic,False,not_authority_resolved
results/stage13/benchmark_integrity/mutated_templates_v6/CM_A_004__algebraically_equivalent_expression.yaml,yaml,,diagnostic,False,not_authority_resolved
results/stage13/benchmark_integrity/mutated_templates_v6/CM_A_004__cue_leakage_after_assumption_text_removal.yaml,yaml,,diagnostic,False,not_authority_resolved
results/stage13/benchmark_integrity/mutated_templates_v6/CM_A_004__equivalent_unit_formatting.yaml,yaml,,diagnostic,False,not_authority_resolved
results/stage13/benchmark_integrity/mutated_templates_v6/CM_A_004__exact_noop_control.yaml,yaml,,diagnostic,False,not_authority_resolved
results/stage13/benchmark_integrity/mutated_templates_v6/CM_A_004__harmless_serialization_formatting.yaml,yaml,,diagnostic,False,not_authority_resolved
results/stage13/benchmark_integrity/mutated_templates_v6/CM_A_004__incorrect_canonical_answer.yaml,yaml,,diagnostic,False,not_authority_resolved
results/stage13/benchmark_integrity/mutated_templates_v6/CM_A_004__negative_parameter_value.yaml,yaml,,diagnostic,False,not_authority_resolved
results/stage13/benchmark_integrity/mutated_templates_v6/CM_A_004__replace_governing_variable_with_cue.yaml,yaml,,diagnostic,False,not_authority_resolved
results/stage13/benchmark_integrity/mutated_templates_v6/CM_A_004__semantics_preserving_variable_renaming.yaml,yaml,,diagnostic,False,not_authority_resolved
results/stage13/benchmark_integrity/mutated_templates_v6/CM_A_004__sign_inversion_governing_expression.yaml,yaml,,diagnostic,False,not_authority_resolved
results/stage13/benchmark_integrity/mutated_templates_v6/CM_A_005__algebraically_equivalent_expression.yaml,yaml,,diagnostic,False,not_authority_resolved
results/stage13/benchmark_integrity/mutated_templates_v6/CM_A_005__cue_leakage_after_assumption_text_removal.yaml,yaml,,diagnostic,False,not_authority_resolved
results/stage13/benchmark_integrity/mutated_templates_v6/CM_A_005__equivalent_unit_formatting.yaml,yaml,,diagnostic,False,not_authority_resolved
results/stage13/benchmark_integrity/mutated_templates_v6/CM_A_005__exact_noop_control.yaml,yaml,,diagnostic,False,not_authority_resolved
results/stage13/benchmark_integrity/mutated_templates_v6/CM_A_005__harmless_serialization_formatting.yaml,yaml,,diagnostic,False,not_authority_resolved
results/stage13/benchmark_integrity/mutated_templates_v6/CM_A_005__incorrect_canonical_answer.yaml,yaml,,diagnostic,False,not_authority_resolved
results/stage13/benchmark_integrity/mutated_templates_v6/CM_A_005__negative_parameter_value.yaml,yaml,,diagnostic,False,not_authority_resolved
results/stage13/benchmark_integrity/mutated_templates_v6/CM_A_005__replace_governing_variable_with_cue.yaml,yaml,,diagnostic,False,not_authority_resolved
results/stage13/benchmark_integrity/mutated_templates_v6/CM_A_005__semantics_preserving_variable_renaming.yaml,yaml,,diagnostic,False,not_authority_resolved
results/stage13/benchmark_integrity/mutated_templates_v6/CM_A_005__sign_inversion_governing_expression.yaml,yaml,,diagnostic,False,not_authority_resolved
results/stage13/benchmark_integrity/mutated_templates_v6/CM_A_006__algebraically_equivalent_expression.yaml,yaml,,diagnostic,False,not_authority_resolved
results/stage13/benchmark_integrity/mutated_templates_v6/CM_A_006__cue_leakage_after_assumption_text_removal.yaml,yaml,,diagnostic,False,not_authority_resolved
results/stage13/benchmark_integrity/mutated_templates_v6/CM_A_006__equivalent_unit_formatting.yaml,yaml,,diagnostic,False,not_authority_resolved
results/stage13/benchmark_integrity/mutated_templates_v6/CM_A_006__exact_noop_control.yaml,yaml,,diagnostic,False,not_authority_resolved
results/stage13/benchmark_integrity/mutated_templates_v6/CM_A_006__harmless_serialization_formatting.yaml,yaml,,diagnostic,False,not_authority_resolved
results/stage13/benchmark_integrity/mutated_templates_v6/CM_A_006__incorrect_canonical_answer.yaml,yaml,,diagnostic,False,not_authority_resolved
results/stage13/benchmark_integrity/mutated_templates_v6/CM_A_006__negative_parameter_value.yaml,yaml,,diagnostic,False,not_authority_resolved
results/stage13/benchmark_integrity/mutated_templates_v6/CM_A_006__replace_governing_variable_with_cue.yaml,yaml,,diagnostic,False,not_authority_resolved
results/stage13/benchmark_integrity/mutated_templates_v6/CM_A_006__semantics_preserving_variable_renaming.yaml,yaml,,diagnostic,False,not_authority_resolved
results/stage13/benchmark_integrity/mutated_templates_v6/CM_A_006__sign_inversion_governing_expression.yaml,yaml,,diagnostic,False,not_authority_resolved
results/stage13/benchmark_integrity/mutated_templates_v6/CM_A_007__algebraically_equivalent_expression.yaml,yaml,,diagnostic,False,not_authority_resolved
results/stage13/benchmark_integrity/mutated_templates_v6/CM_A_007__cue_leakage_after_assumption_text_removal.yaml,yaml,,diagnostic,False,not_authority_resolved
results/stage13/benchmark_integrity/mutated_templates_v6/CM_A_007__equivalent_unit_formatting.yaml,yaml,,diagnostic,False,not_authority_resolved
results/stage13/benchmark_integrity/mutated_templates_v6/CM_A_007__exact_noop_control.yaml,yaml,,diagnostic,False,not_authority_resolved
results/stage13/benchmark_integrity/mutated_templates_v6/CM_A_007__harmless_serialization_formatting.yaml,yaml,,diagnostic,False,not_authority_resolved
results/stage13/benchmark_integrity/mutated_templates_v6/CM_A_007__incorrect_canonical_answer.yaml,yaml,,diagnostic,False,not_authority_resolved
results/stage13/benchmark_integrity/mutated_templates_v6/CM_A_007__negative_parameter_value.yaml,yaml,,diagnostic,False,not_authority_resolved
results/stage13/benchmark_integrity/mutated_templates_v6/CM_A_007__replace_governing_variable_with_cue.yaml,yaml,,diagnostic,False,not_authority_resolved
results/stage13/benchmark_integrity/mutated_templates_v6/CM_A_007__semantics_preserving_variable_renaming.yaml,yaml,,diagnostic,False,not_authority_resolved
results/stage13/benchmark_integrity/mutated_templates_v6/CM_A_007__sign_inversion_governing_expression.yaml,yaml,,diagnostic,False,not_authority_resolved
results/stage13/benchmark_integrity/mutated_templates_v6/CM_A_STD_011__algebraically_equivalent_expression.yaml,yaml,,diagnostic,False,not_authority_resolved
results/stage13/benchmark_integrity/mutated_templates_v6/CM_A_STD_011__cue_leakage_after_assumption_text_removal.yaml,yaml,,diagnostic,False,not_authority_resolved
results/stage13/benchmark_integrity/mutated_templates_v6/CM_A_STD_011__equivalent_unit_formatting.yaml,yaml,,diagnostic,False,not_authority_resolved
results/stage13/benchmark_integrity/mutated_templates_v6/CM_A_STD_011__exact_noop_control.yaml,yaml,,diagnostic,False,not_authority_resolved
results/stage13/benchmark_integrity/mutated_templates_v6/CM_A_STD_011__harmless_serialization_formatting.yaml,yaml,,diagnostic,False,not_authority_resolved
results/stage13/benchmark_integrity/mutated_templates_v6/CM_A_STD_011__incorrect_canonical_answer.yaml,yaml,,diagnostic,False,not_authority_resolved
results/stage13/benchmark_integrity/mutated_templates_v6/CM_A_STD_011__negative_parameter_value.yaml,yaml,,diagnostic,False,not_authority_resolved
results/stage13/benchmark_integrity/mutated_templates_v6/CM_A_STD_011__replace_governing_variable_with_cue.yaml,yaml,,diagnostic,False,not_authority_resolved
results/stage13/benchmark_integrity/mutated_templates_v6/CM_A_STD_011__semantics_preserving_variable_renaming.yaml,yaml,,diagnostic,False,not_authority_resolved
results/stage13/benchmark_integrity/mutated_templates_v6/CM_A_STD_011__sign_inversion_governing_expression.yaml,yaml,,diagnostic,False,not_authority_resolved
results/stage13/benchmark_integrity/mutated_templates_v6/CM_A_STD_012__algebraically_equivalent_expression.yaml,yaml,,diagnostic,False,not_authority_resolved
results/stage13/benchmark_integrity/mutated_templates_v6/CM_A_STD_012__cue_leakage_after_assumption_text_removal.yaml,yaml,,diagnostic,False,not_authority_resolved
results/stage13/benchmark_integrity/mutated_templates_v6/CM_A_STD_012__equivalent_unit_formatting.yaml,yaml,,diagnostic,False,not_authority_resolved
results/stage13/benchmark_integrity/mutated_templates_v6/CM_A_STD_012__exact_noop_control.yaml,yaml,,diagnostic,False,not_authority_resolved
results/stage13/benchmark_integrity/mutated_templates_v6/CM_A_STD_012__harmless_serialization_formatting.yaml,yaml,,diagnostic,False,not_authority_resolved
results/stage13/benchmark_integrity/mutated_templates_v6/CM_A_STD_012__incorrect_canonical_answer.yaml,yaml,,diagnostic,False,not_authority_resolved
results/stage13/benchmark_integrity/mutated_templates_v6/CM_A_STD_012__negative_parameter_value.yaml,yaml,,diagnostic,False,not_authority_resolved
results/stage13/benchmark_integrity/mutated_templates_v6/CM_A_STD_012__replace_governing_variable_with_cue.yaml,yaml,,diagnostic,False,not_authority_resolved
results/stage13/benchmark_integrity/mutated_templates_v6/CM_A_STD_012__semantics_preserving_variable_renaming.yaml,yaml,,diagnostic,False,not_authority_resolved
results/stage13/benchmark_integrity/mutated_templates_v6/CM_A_STD_012__sign_inversion_governing_expression.yaml,yaml,,diagnostic,False,not_authority_resolved
results/stage13/benchmark_integrity/mutated_templates_v6/CM_A_STD_017__algebraically_equivalent_expression.yaml,yaml,,diagnostic,False,not_authority_resolved
results/stage13/benchmark_integrity/mutated_templates_v6/CM_A_STD_017__cue_leakage_after_assumption_text_removal.yaml,yaml,,diagnostic,False,not_authority_resolved
results/stage13/benchmark_integrity/mutated_templates_v6/CM_A_STD_017__equivalent_unit_formatting.yaml,yaml,,diagnostic,False,not_authority_resolved
results/stage13/benchmark_integrity/mutated_templates_v6/CM_A_STD_017__exact_noop_control.yaml,yaml,,diagnostic,False,not_authority_resolved
results/stage13/benchmark_integrity/mutated_templates_v6/CM_A_STD_017__harmless_serialization_formatting.yaml,yaml,,diagnostic,False,not_authority_resolved
results/stage13/benchmark_integrity/mutated_templates_v6/CM_A_STD_017__incorrect_canonical_answer.yaml,yaml,,diagnostic,False,not_authority_resolved
results/stage13/benchmark_integrity/mutated_templates_v6/CM_A_STD_017__negative_parameter_value.yaml,yaml,,diagnostic,False,not_authority_resolved
results/stage13/benchmark_integrity/mutated_templates_v6/CM_A_STD_017__replace_governing_variable_with_cue.yaml,yaml,,diagnostic,False,not_authority_resolved
results/stage13/benchmark_integrity/mutated_templates_v6/CM_A_STD_017__semantics_preserving_variable_renaming.yaml,yaml,,diagnostic,False,not_authority_resolved
results/stage13/benchmark_integrity/mutated_templates_v6/CM_A_STD_017__sign_inversion_governing_expression.yaml,yaml,,diagnostic,False,not_authority_resolved
results/stage13/benchmark_integrity/mutated_templates_v6/CM_A_STD_018__algebraically_equivalent_expression.yaml,yaml,,diagnostic,False,not_authority_resolved
results/stage13/benchmark_integrity/mutated_templates_v6/CM_A_STD_018__cue_leakage_after_assumption_text_removal.yaml,yaml,,diagnostic,False,not_authority_resolved
results/stage13/benchmark_integrity/mutated_templates_v6/CM_A_STD_018__equivalent_unit_formatting.yaml,yaml,,diagnostic,False,not_authority_resolved
results/stage13/benchmark_integrity/mutated_templates_v6/CM_A_STD_018__exact_noop_control.yaml,yaml,,diagnostic,False,not_authority_resolved
results/stage13/benchmark_integrity/mutated_templates_v6/CM_A_STD_018__harmless_serialization_formatting.yaml,yaml,,diagnostic,False,not_authority_resolved
results/stage13/benchmark_integrity/mutated_templates_v6/CM_A_STD_018__incorrect_canonical_answer.yaml,yaml,,diagnostic,False,not_authority_resolved
results/stage13/benchmark_integrity/mutated_templates_v6/CM_A_STD_018__negative_parameter_value.yaml,yaml,,diagnostic,False,not_authority_resolved
results/stage13/benchmark_integrity/mutated_templates_v6/CM_A_STD_018__replace_governing_variable_with_cue.yaml,yaml,,diagnostic,False,not_authority_resolved
results/stage13/benchmark_integrity/mutated_templates_v6/CM_A_STD_018__semantics_preserving_variable_renaming.yaml,yaml,,diagnostic,False,not_authority_resolved
results/stage13/benchmark_integrity/mutated_templates_v6/CM_A_STD_018__sign_inversion_governing_expression.yaml,yaml,,diagnostic,False,not_authority_resolved
results/stage13/benchmark_integrity/mutated_templates_v6/CM_B_001__algebraically_equivalent_expression.yaml,yaml,,diagnostic,False,not_authority_resolved
results/stage13/benchmark_integrity/mutated_templates_v6/CM_B_001__cue_leakage_after_assumption_text_removal.yaml,yaml,,diagnostic,False,not_authority_resolved
results/stage13/benchmark_integrity/mutated_templates_v6/CM_B_001__equivalent_unit_formatting.yaml,yaml,,diagnostic,False,not_authority_resolved
results/stage13/benchmark_integrity/mutated_templates_v6/CM_B_001__exact_noop_control.yaml,yaml,,diagnostic,False,not_authority_resolved
results/stage13/benchmark_integrity/mutated_templates_v6/CM_B_001__harmless_serialization_formatting.yaml,yaml,,diagnostic,False,not_authority_resolved
results/stage13/benchmark_integrity/mutated_templates_v6/CM_B_001__incorrect_canonical_answer.yaml,yaml,,diagnostic,False,not_authority_resolved
results/stage13/benchmark_integrity/mutated_templates_v6/CM_B_001__negative_parameter_value.yaml,yaml,,diagnostic,False,not_authority_resolved
results/stage13/benchmark_integrity/mutated_templates_v6/CM_B_001__replace_governing_variable_with_cue.yaml,yaml,,diagnostic,False,not_authority_resolved
results/stage13/benchmark_integrity/mutated_templates_v6/CM_B_001__semantics_preserving_variable_renaming.yaml,yaml,,diagnostic,False,not_authority_resolved
results/stage13/benchmark_integrity/mutated_templates_v6/CM_B_001__sign_inversion_governing_expression.yaml,yaml,,diagnostic,False,not_authority_resolved
results/stage13/benchmark_integrity/mutated_templates_v6/CM_B_002__algebraically_equivalent_expression.yaml,yaml,,diagnostic,False,not_authority_resolved
results/stage13/benchmark_integrity/mutated_templates_v6/CM_B_002__cue_leakage_after_assumption_text_removal.yaml,yaml,,diagnostic,False,not_authority_resolved
results/stage13/benchmark_integrity/mutated_templates_v6/CM_B_002__equivalent_unit_formatting.yaml,yaml,,diagnostic,False,not_authority_resolved
results/stage13/benchmark_integrity/mutated_templates_v6/CM_B_002__exact_noop_control.yaml,yaml,,diagnostic,False,not_authority_resolved
results/stage13/benchmark_integrity/mutated_templates_v6/CM_B_002__harmless_serialization_formatting.yaml,yaml,,diagnostic,False,not_authority_resolved
results/stage13/benchmark_integrity/mutated_templates_v6/CM_B_002__incorrect_canonical_answer.yaml,yaml,,diagnostic,False,not_authority_resolved
results/stage13/benchmark_integrity/mutated_templates_v6/CM_B_002__negative_parameter_value.yaml,yaml,,diagnostic,False,not_authority_resolved
results/stage13/benchmark_integrity/mutated_templates_v6/CM_B_002__replace_governing_variable_with_cue.yaml,yaml,,diagnostic,False,not_authority_resolved
results/stage13/benchmark_integrity/mutated_templates_v6/CM_B_002__semantics_preserving_variable_renaming.yaml,yaml,,diagnostic,False,not_authority_resolved
results/stage13/benchmark_integrity/mutated_templates_v6/CM_B_002__sign_inversion_governing_expression.yaml,yaml,,diagnostic,False,not_authority_resolved
results/stage13/benchmark_integrity/mutated_templates_v6/CM_B_STD_007__algebraically_equivalent_expression.yaml,yaml,,diagnostic,False,not_authority_resolved
results/stage13/benchmark_integrity/mutated_templates_v6/CM_B_STD_007__cue_leakage_after_assumption_text_removal.yaml,yaml,,diagnostic,False,not_authority_resolved
results/stage13/benchmark_integrity/mutated_templates_v6/CM_B_STD_007__equivalent_unit_formatting.yaml,yaml,,diagnostic,False,not_authority_resolved
results/stage13/benchmark_integrity/mutated_templates_v6/CM_B_STD_007__exact_noop_control.yaml,yaml,,diagnostic,False,not_authority_resolved
results/stage13/benchmark_integrity/mutated_templates_v6/CM_B_STD_007__harmless_serialization_formatting.yaml,yaml,,diagnostic,False,not_authority_resolved
results/stage13/benchmark_integrity/mutated_templates_v6/CM_B_STD_007__incorrect_canonical_answer.yaml,yaml,,diagnostic,False,not_authority_resolved
results/stage13/benchmark_integrity/mutated_templates_v6/CM_B_STD_007__negative_parameter_value.yaml,yaml,,diagnostic,False,not_authority_resolved
results/stage13/benchmark_integrity/mutated_templates_v6/CM_B_STD_007__replace_governing_variable_with_cue.yaml,yaml,,diagnostic,False,not_authority_resolved
results/stage13/benchmark_integrity/mutated_templates_v6/CM_B_STD_007__semantics_preserving_variable_renaming.yaml,yaml,,diagnostic,False,not_authority_resolved
results/stage13/benchmark_integrity/mutated_templates_v6/CM_B_STD_007__sign_inversion_governing_expression.yaml,yaml,,diagnostic,False,not_authority_resolved
results/stage13/benchmark_integrity/mutated_templates_v6/CM_B_STD_008__algebraically_equivalent_expression.yaml,yaml,,diagnostic,False,not_authority_resolved
results/stage13/benchmark_integrity/mutated_templates_v6/CM_B_STD_008__cue_leakage_after_assumption_text_removal.yaml,yaml,,diagnostic,False,not_authority_resolved
results/stage13/benchmark_integrity/mutated_templates_v6/CM_B_STD_008__equivalent_unit_formatting.yaml,yaml,,diagnostic,False,not_authority_resolved
results/stage13/benchmark_integrity/mutated_templates_v6/CM_B_STD_008__exact_noop_control.yaml,yaml,,diagnostic,False,not_authority_resolved
results/stage13/benchmark_integrity/mutated_templates_v6/CM_B_STD_008__harmless_serialization_formatting.yaml,yaml,,diagnostic,False,not_authority_resolved
results/stage13/benchmark_integrity/mutated_templates_v6/CM_B_STD_008__incorrect_canonical_answer.yaml,yaml,,diagnostic,False,not_authority_resolved
results/stage13/benchmark_integrity/mutated_templates_v6/CM_B_STD_008__negative_parameter_value.yaml,yaml,,diagnostic,False,not_authority_resolved
results/stage13/benchmark_integrity/mutated_templates_v6/CM_B_STD_008__replace_governing_variable_with_cue.yaml,yaml,,diagnostic,False,not_authority_resolved
results/stage13/benchmark_integrity/mutated_templates_v6/CM_B_STD_008__semantics_preserving_variable_renaming.yaml,yaml,,diagnostic,False,not_authority_resolved
results/stage13/benchmark_integrity/mutated_templates_v6/CM_B_STD_008__sign_inversion_governing_expression.yaml,yaml,,diagnostic,False,not_authority_resolved
results/stage13/benchmark_integrity/mutated_templates_v6/CM_B_STD_010__algebraically_equivalent_expression.yaml,yaml,,diagnostic,False,not_authority_resolved
results/stage13/benchmark_integrity/mutated_templates_v6/CM_B_STD_010__cue_leakage_after_assumption_text_removal.yaml,yaml,,diagnostic,False,not_authority_resolved
results/stage13/benchmark_integrity/mutated_templates_v6/CM_B_STD_010__equivalent_unit_formatting.yaml,yaml,,diagnostic,False,not_authority_resolved
results/stage13/benchmark_integrity/mutated_templates_v6/CM_B_STD_010__exact_noop_control.yaml,yaml,,diagnostic,False,not_authority_resolved
results/stage13/benchmark_integrity/mutated_templates_v6/CM_B_STD_010__harmless_serialization_formatting.yaml,yaml,,diagnostic,False,not_authority_resolved
results/stage13/benchmark_integrity/mutated_templates_v6/CM_B_STD_010__incorrect_canonical_answer.yaml,yaml,,diagnostic,False,not_authority_resolved
results/stage13/benchmark_integrity/mutated_templates_v6/CM_B_STD_010__negative_parameter_value.yaml,yaml,,diagnostic,False,not_authority_resolved
results/stage13/benchmark_integrity/mutated_templates_v6/CM_B_STD_010__replace_governing_variable_with_cue.yaml,yaml,,diagnostic,False,not_authority_resolved
results/stage13/benchmark_integrity/mutated_templates_v6/CM_B_STD_010__semantics_preserving_variable_renaming.yaml,yaml,,diagnostic,False,not_authority_resolved
results/stage13/benchmark_integrity/mutated_templates_v6/CM_B_STD_010__sign_inversion_governing_expression.yaml,yaml,,diagnostic,False,not_authority_resolved
results/stage13/benchmark_integrity/mutated_templates_v6/CM_B_STD_011__algebraically_equivalent_expression.yaml,yaml,,diagnostic,False,not_authority_resolved
results/stage13/benchmark_integrity/mutated_templates_v6/CM_B_STD_011__cue_leakage_after_assumption_text_removal.yaml,yaml,,diagnostic,False,not_authority_resolved
results/stage13/benchmark_integrity/mutated_templates_v6/CM_B_STD_011__equivalent_unit_formatting.yaml,yaml,,diagnostic,False,not_authority_resolved
results/stage13/benchmark_integrity/mutated_templates_v6/CM_B_STD_011__exact_noop_control.yaml,yaml,,diagnostic,False,not_authority_resolved
results/stage13/benchmark_integrity/mutated_templates_v6/CM_B_STD_011__harmless_serialization_formatting.yaml,yaml,,diagnostic,False,not_authority_resolved
results/stage13/benchmark_integrity/mutated_templates_v6/CM_B_STD_011__incorrect_canonical_answer.yaml,yaml,,diagnostic,False,not_authority_resolved
results/stage13/benchmark_integrity/mutated_templates_v6/CM_B_STD_011__negative_parameter_value.yaml,yaml,,diagnostic,False,not_authority_resolved
results/stage13/benchmark_integrity/mutated_templates_v6/CM_B_STD_011__replace_governing_variable_with_cue.yaml,yaml,,diagnostic,False,not_authority_resolved
results/stage13/benchmark_integrity/mutated_templates_v6/CM_B_STD_011__semantics_preserving_variable_renaming.yaml,yaml,,diagnostic,False,not_authority_resolved
results/stage13/benchmark_integrity/mutated_templates_v6/CM_B_STD_011__sign_inversion_governing_expression.yaml,yaml,,diagnostic,False,not_authority_resolved
results/stage13/benchmark_integrity/mutated_templates_v6/CM_B_UM_061__algebraically_equivalent_expression.yaml,yaml,,diagnostic,False,not_authority_resolved
results/stage13/benchmark_integrity/mutated_templates_v6/CM_B_UM_061__cue_leakage_after_assumption_text_removal.yaml,yaml,,diagnostic,False,not_authority_resolved
results/stage13/benchmark_integrity/mutated_templates_v6/CM_B_UM_061__equivalent_unit_formatting.yaml,yaml,,diagnostic,False,not_authority_resolved
results/stage13/benchmark_integrity/mutated_templates_v6/CM_B_UM_061__exact_noop_control.yaml,yaml,,diagnostic,False,not_authority_resolved
results/stage13/benchmark_integrity/mutated_templates_v6/CM_B_UM_061__harmless_serialization_formatting.yaml,yaml,,diagnostic,False,not_authority_resolved
results/stage13/benchmark_integrity/mutated_templates_v6/CM_B_UM_061__incorrect_canonical_answer.yaml,yaml,,diagnostic,False,not_authority_resolved
results/stage13/benchmark_integrity/mutated_templates_v6/CM_B_UM_061__negative_parameter_value.yaml,yaml,,diagnostic,False,not_authority_resolved
results/stage13/benchmark_integrity/mutated_templates_v6/CM_B_UM_061__replace_governing_variable_with_cue.yaml,yaml,,diagnostic,False,not_authority_resolved
results/stage13/benchmark_integrity/mutated_templates_v6/CM_B_UM_061__semantics_preserving_variable_renaming.yaml,yaml,,diagnostic,False,not_authority_resolved
results/stage13/benchmark_integrity/mutated_templates_v6/CM_B_UM_061__sign_inversion_governing_expression.yaml,yaml,,diagnostic,False,not_authority_resolved
results/stage13/benchmark_integrity/mutated_templates_v6/CM_B_UM_062__algebraically_equivalent_expression.yaml,yaml,,diagnostic,False,not_authority_resolved
results/stage13/benchmark_integrity/mutated_templates_v6/CM_B_UM_062__cue_leakage_after_assumption_text_removal.yaml,yaml,,diagnostic,False,not_authority_resolved
results/stage13/benchmark_integrity/mutated_templates_v6/CM_B_UM_062__equivalent_unit_formatting.yaml,yaml,,diagnostic,False,not_authority_resolved
results/stage13/benchmark_integrity/mutated_templates_v6/CM_B_UM_062__exact_noop_control.yaml,yaml,,diagnostic,False,not_authority_resolved
results/stage13/benchmark_integrity/mutated_templates_v6/CM_B_UM_062__harmless_serialization_formatting.yaml,yaml,,diagnostic,False,not_authority_resolved
results/stage13/benchmark_integrity/mutated_templates_v6/CM_B_UM_062__incorrect_canonical_answer.yaml,yaml,,diagnostic,False,not_authority_resolved
results/stage13/benchmark_integrity/mutated_templates_v6/CM_B_UM_062__negative_parameter_value.yaml,yaml,,diagnostic,False,not_authority_resolved
results/stage13/benchmark_integrity/mutated_templates_v6/CM_B_UM_062__replace_governing_variable_with_cue.yaml,yaml,,diagnostic,False,not_authority_resolved
results/stage13/benchmark_integrity/mutated_templates_v6/CM_B_UM_062__semantics_preserving_variable_renaming.yaml,yaml,,diagnostic,False,not_authority_resolved
results/stage13/benchmark_integrity/mutated_templates_v6/CM_B_UM_062__sign_inversion_governing_expression.yaml,yaml,,diagnostic,False,not_authority_resolved
results/stage13/benchmark_integrity/mutated_templates_v6/CM_C_001__algebraically_equivalent_expression.yaml,yaml,,diagnostic,False,not_authority_resolved
results/stage13/benchmark_integrity/mutated_templates_v6/CM_C_001__cue_leakage_after_assumption_text_removal.yaml,yaml,,diagnostic,False,not_authority_resolved
results/stage13/benchmark_integrity/mutated_templates_v6/CM_C_001__equivalent_unit_formatting.yaml,yaml,,diagnostic,False,not_authority_resolved
results/stage13/benchmark_integrity/mutated_templates_v6/CM_C_001__exact_noop_control.yaml,yaml,,diagnostic,False,not_authority_resolved
results/stage13/benchmark_integrity/mutated_templates_v6/CM_C_001__harmless_serialization_formatting.yaml,yaml,,diagnostic,False,not_authority_resolved
results/stage13/benchmark_integrity/mutated_templates_v6/CM_C_001__incorrect_canonical_answer.yaml,yaml,,diagnostic,False,not_authority_resolved
results/stage13/benchmark_integrity/mutated_templates_v6/CM_C_001__negative_parameter_value.yaml,yaml,,diagnostic,False,not_authority_resolved
results/stage13/benchmark_integrity/mutated_templates_v6/CM_C_001__replace_governing_variable_with_cue.yaml,yaml,,diagnostic,False,not_authority_resolved
results/stage13/benchmark_integrity/mutated_templates_v6/CM_C_001__semantics_preserving_variable_renaming.yaml,yaml,,diagnostic,False,not_authority_resolved
results/stage13/benchmark_integrity/mutated_templates_v6/CM_C_001__sign_inversion_governing_expression.yaml,yaml,,diagnostic,False,not_authority_resolved
results/stage13/benchmark_integrity/mutated_templates_v6/CM_C_002__algebraically_equivalent_expression.yaml,yaml,,diagnostic,False,not_authority_resolved
results/stage13/benchmark_integrity/mutated_templates_v6/CM_C_002__cue_leakage_after_assumption_text_removal.yaml,yaml,,diagnostic,False,not_authority_resolved
results/stage13/benchmark_integrity/mutated_templates_v6/CM_C_002__equivalent_unit_formatting.yaml,yaml,,diagnostic,False,not_authority_resolved
results/stage13/benchmark_integrity/mutated_templates_v6/CM_C_002__exact_noop_control.yaml,yaml,,diagnostic,False,not_authority_resolved
results/stage13/benchmark_integrity/mutated_templates_v6/CM_C_002__harmless_serialization_formatting.yaml,yaml,,diagnostic,False,not_authority_resolved
results/stage13/benchmark_integrity/mutated_templates_v6/CM_C_002__incorrect_canonical_answer.yaml,yaml,,diagnostic,False,not_authority_resolved
results/stage13/benchmark_integrity/mutated_templates_v6/CM_C_002__negative_parameter_value.yaml,yaml,,diagnostic,False,not_authority_resolved
results/stage13/benchmark_integrity/mutated_templates_v6/CM_C_002__replace_governing_variable_with_cue.yaml,yaml,,diagnostic,False,not_authority_resolved
results/stage13/benchmark_integrity/mutated_templates_v6/CM_C_002__semantics_preserving_variable_renaming.yaml,yaml,,diagnostic,False,not_authority_resolved
results/stage13/benchmark_integrity/mutated_templates_v6/CM_C_002__sign_inversion_governing_expression.yaml,yaml,,diagnostic,False,not_authority_resolved
results/stage13/benchmark_integrity/mutated_templates_v6/CM_C_004__algebraically_equivalent_expression.yaml,yaml,,diagnostic,False,not_authority_resolved
results/stage13/benchmark_integrity/mutated_templates_v6/CM_C_004__cue_leakage_after_assumption_text_removal.yaml,yaml,,diagnostic,False,not_authority_resolved
results/stage13/benchmark_integrity/mutated_templates_v6/CM_C_004__equivalent_unit_formatting.yaml,yaml,,diagnostic,False,not_authority_resolved
results/stage13/benchmark_integrity/mutated_templates_v6/CM_C_004__exact_noop_control.yaml,yaml,,diagnostic,False,not_authority_resolved
results/stage13/benchmark_integrity/mutated_templates_v6/CM_C_004__harmless_serialization_formatting.yaml,yaml,,diagnostic,False,not_authority_resolved
results/stage13/benchmark_integrity/mutated_templates_v6/CM_C_004__incorrect_canonical_answer.yaml,yaml,,diagnostic,False,not_authority_resolved
results/stage13/benchmark_integrity/mutated_templates_v6/CM_C_004__negative_parameter_value.yaml,yaml,,diagnostic,False,not_authority_resolved
results/stage13/benchmark_integrity/mutated_templates_v6/CM_C_004__replace_governing_variable_with_cue.yaml,yaml,,diagnostic,False,not_authority_resolved
results/stage13/benchmark_integrity/mutated_templates_v6/CM_C_004__semantics_preserving_variable_renaming.yaml,yaml,,diagnostic,False,not_authority_resolved
results/stage13/benchmark_integrity/mutated_templates_v6/CM_C_004__sign_inversion_governing_expression.yaml,yaml,,diagnostic,False,not_authority_resolved
results/stage13/benchmark_integrity/mutated_templates_v6/CM_C_006__algebraically_equivalent_expression.yaml,yaml,,diagnostic,False,not_authority_resolved
results/stage13/benchmark_integrity/mutated_templates_v6/CM_C_006__cue_leakage_after_assumption_text_removal.yaml,yaml,,diagnostic,False,not_authority_resolved
results/stage13/benchmark_integrity/mutated_templates_v6/CM_C_006__equivalent_unit_formatting.yaml,yaml,,diagnostic,False,not_authority_resolved
results/stage13/benchmark_integrity/mutated_templates_v6/CM_C_006__exact_noop_control.yaml,yaml,,diagnostic,False,not_authority_resolved
results/stage13/benchmark_integrity/mutated_templates_v6/CM_C_006__harmless_serialization_formatting.yaml,yaml,,diagnostic,False,not_authority_resolved
results/stage13/benchmark_integrity/mutated_templates_v6/CM_C_006__incorrect_canonical_answer.yaml,yaml,,diagnostic,False,not_authority_resolved
results/stage13/benchmark_integrity/mutated_templates_v6/CM_C_006__negative_parameter_value.yaml,yaml,,diagnostic,False,not_authority_resolved
results/stage13/benchmark_integrity/mutated_templates_v6/CM_C_006__replace_governing_variable_with_cue.yaml,yaml,,diagnostic,False,not_authority_resolved
results/stage13/benchmark_integrity/mutated_templates_v6/CM_C_006__semantics_preserving_variable_renaming.yaml,yaml,,diagnostic,False,not_authority_resolved
results/stage13/benchmark_integrity/mutated_templates_v6/CM_C_006__sign_inversion_governing_expression.yaml,yaml,,diagnostic,False,not_authority_resolved
results/stage13/benchmark_integrity/mutated_templates_v6/CM_C_007__algebraically_equivalent_expression.yaml,yaml,,diagnostic,False,not_authority_resolved
results/stage13/benchmark_integrity/mutated_templates_v6/CM_C_007__cue_leakage_after_assumption_text_removal.yaml,yaml,,diagnostic,False,not_authority_resolved
results/stage13/benchmark_integrity/mutated_templates_v6/CM_C_007__equivalent_unit_formatting.yaml,yaml,,diagnostic,False,not_authority_resolved
results/stage13/benchmark_integrity/mutated_templates_v6/CM_C_007__exact_noop_control.yaml,yaml,,diagnostic,False,not_authority_resolved
results/stage13/benchmark_integrity/mutated_templates_v6/CM_C_007__harmless_serialization_formatting.yaml,yaml,,diagnostic,False,not_authority_resolved
results/stage13/benchmark_integrity/mutated_templates_v6/CM_C_007__incorrect_canonical_answer.yaml,yaml,,diagnostic,False,not_authority_resolved
results/stage13/benchmark_integrity/mutated_templates_v6/CM_C_007__negative_parameter_value.yaml,yaml,,diagnostic,False,not_authority_resolved
results/stage13/benchmark_integrity/mutated_templates_v6/CM_C_007__replace_governing_variable_with_cue.yaml,yaml,,diagnostic,False,not_authority_resolved
results/stage13/benchmark_integrity/mutated_templates_v6/CM_C_007__semantics_preserving_variable_renaming.yaml,yaml,,diagnostic,False,not_authority_resolved
results/stage13/benchmark_integrity/mutated_templates_v6/CM_C_007__sign_inversion_governing_expression.yaml,yaml,,diagnostic,False,not_authority_resolved
results/stage13/benchmark_integrity/mutated_templates_v6/CM_C_008__algebraically_equivalent_expression.yaml,yaml,,diagnostic,False,not_authority_resolved
results/stage13/benchmark_integrity/mutated_templates_v6/CM_C_008__cue_leakage_after_assumption_text_removal.yaml,yaml,,diagnostic,False,not_authority_resolved
results/stage13/benchmark_integrity/mutated_templates_v6/CM_C_008__equivalent_unit_formatting.yaml,yaml,,diagnostic,False,not_authority_resolved
results/stage13/benchmark_integrity/mutated_templates_v6/CM_C_008__exact_noop_control.yaml,yaml,,diagnostic,False,not_authority_resolved
results/stage13/benchmark_integrity/mutated_templates_v6/CM_C_008__harmless_serialization_formatting.yaml,yaml,,diagnostic,False,not_authority_resolved
results/stage13/benchmark_integrity/mutated_templates_v6/CM_C_008__incorrect_canonical_answer.yaml,yaml,,diagnostic,False,not_authority_resolved
results/stage13/benchmark_integrity/mutated_templates_v6/CM_C_008__negative_parameter_value.yaml,yaml,,diagnostic,False,not_authority_resolved
results/stage13/benchmark_integrity/mutated_templates_v6/CM_C_008__replace_governing_variable_with_cue.yaml,yaml,,diagnostic,False,not_authority_resolved
results/stage13/benchmark_integrity/mutated_templates_v6/CM_C_008__semantics_preserving_variable_renaming.yaml,yaml,,diagnostic,False,not_authority_resolved
results/stage13/benchmark_integrity/mutated_templates_v6/CM_C_008__sign_inversion_governing_expression.yaml,yaml,,diagnostic,False,not_authority_resolved
results/stage13/benchmark_integrity/mutated_templates_v6/CM_C_012__algebraically_equivalent_expression.yaml,yaml,,diagnostic,False,not_authority_resolved
results/stage13/benchmark_integrity/mutated_templates_v6/CM_C_012__cue_leakage_after_assumption_text_removal.yaml,yaml,,diagnostic,False,not_authority_resolved
results/stage13/benchmark_integrity/mutated_templates_v6/CM_C_012__equivalent_unit_formatting.yaml,yaml,,diagnostic,False,not_authority_resolved
results/stage13/benchmark_integrity/mutated_templates_v6/CM_C_012__exact_noop_control.yaml,yaml,,diagnostic,False,not_authority_resolved
results/stage13/benchmark_integrity/mutated_templates_v6/CM_C_012__harmless_serialization_formatting.yaml,yaml,,diagnostic,False,not_authority_resolved
results/stage13/benchmark_integrity/mutated_templates_v6/CM_C_012__incorrect_canonical_answer.yaml,yaml,,diagnostic,False,not_authority_resolved
results/stage13/benchmark_integrity/mutated_templates_v6/CM_C_012__negative_parameter_value.yaml,yaml,,diagnostic,False,not_authority_resolved
results/stage13/benchmark_integrity/mutated_templates_v6/CM_C_012__replace_governing_variable_with_cue.yaml,yaml,,diagnostic,False,not_authority_resolved
results/stage13/benchmark_integrity/mutated_templates_v6/CM_C_012__semantics_preserving_variable_renaming.yaml,yaml,,diagnostic,False,not_authority_resolved
results/stage13/benchmark_integrity/mutated_templates_v6/CM_C_012__sign_inversion_governing_expression.yaml,yaml,,diagnostic,False,not_authority_resolved
results/stage13/benchmark_integrity/mutated_templates_v6/CM_C_013__algebraically_equivalent_expression.yaml,yaml,,diagnostic,False,not_authority_resolved
results/stage13/benchmark_integrity/mutated_templates_v6/CM_C_013__cue_leakage_after_assumption_text_removal.yaml,yaml,,diagnostic,False,not_authority_resolved
results/stage13/benchmark_integrity/mutated_templates_v6/CM_C_013__equivalent_unit_formatting.yaml,yaml,,diagnostic,False,not_authority_resolved
results/stage13/benchmark_integrity/mutated_templates_v6/CM_C_013__exact_noop_control.yaml,yaml,,diagnostic,False,not_authority_resolved
results/stage13/benchmark_integrity/mutated_templates_v6/CM_C_013__harmless_serialization_formatting.yaml,yaml,,diagnostic,False,not_authority_resolved
results/stage13/benchmark_integrity/mutated_templates_v6/CM_C_013__incorrect_canonical_answer.yaml,yaml,,diagnostic,False,not_authority_resolved
results/stage13/benchmark_integrity/mutated_templates_v6/CM_C_013__negative_parameter_value.yaml,yaml,,diagnostic,False,not_authority_resolved
results/stage13/benchmark_integrity/mutated_templates_v6/CM_C_013__replace_governing_variable_with_cue.yaml,yaml,,diagnostic,False,not_authority_resolved
results/stage13/benchmark_integrity/mutated_templates_v6/CM_C_013__semantics_preserving_variable_renaming.yaml,yaml,,diagnostic,False,not_authority_resolved
results/stage13/benchmark_integrity/mutated_templates_v6/CM_C_013__sign_inversion_governing_expression.yaml,yaml,,diagnostic,False,not_authority_resolved
results/stage13/benchmark_integrity/mutated_templates_v6/CM_C_015__algebraically_equivalent_expression.yaml,yaml,,diagnostic,False,not_authority_resolved
results/stage13/benchmark_integrity/mutated_templates_v6/CM_C_015__cue_leakage_after_assumption_text_removal.yaml,yaml,,diagnostic,False,not_authority_resolved
results/stage13/benchmark_integrity/mutated_templates_v6/CM_C_015__equivalent_unit_formatting.yaml,yaml,,diagnostic,False,not_authority_resolved
results/stage13/benchmark_integrity/mutated_templates_v6/CM_C_015__exact_noop_control.yaml,yaml,,diagnostic,False,not_authority_resolved
results/stage13/benchmark_integrity/mutated_templates_v6/CM_C_015__harmless_serialization_formatting.yaml,yaml,,diagnostic,False,not_authority_resolved
results/stage13/benchmark_integrity/mutated_templates_v6/CM_C_015__incorrect_canonical_answer.yaml,yaml,,diagnostic,False,not_authority_resolved
results/stage13/benchmark_integrity/mutated_templates_v6/CM_C_015__negative_parameter_value.yaml,yaml,,diagnostic,False,not_authority_resolved
results/stage13/benchmark_integrity/mutated_templates_v6/CM_C_015__replace_governing_variable_with_cue.yaml,yaml,,diagnostic,False,not_authority_resolved
results/stage13/benchmark_integrity/mutated_templates_v6/CM_C_015__semantics_preserving_variable_renaming.yaml,yaml,,diagnostic,False,not_authority_resolved
results/stage13/benchmark_integrity/mutated_templates_v6/CM_C_015__sign_inversion_governing_expression.yaml,yaml,,diagnostic,False,not_authority_resolved
results/stage13/benchmark_integrity/mutated_templates_v6/TH_B_UM_011__algebraically_equivalent_expression.yaml,yaml,,diagnostic,False,not_authority_resolved
results/stage13/benchmark_integrity/mutated_templates_v6/TH_B_UM_011__cue_leakage_after_assumption_text_removal.yaml,yaml,,diagnostic,False,not_authority_resolved
results/stage13/benchmark_integrity/mutated_templates_v6/TH_B_UM_011__equivalent_unit_formatting.yaml,yaml,,diagnostic,False,not_authority_resolved
results/stage13/benchmark_integrity/mutated_templates_v6/TH_B_UM_011__exact_noop_control.yaml,yaml,,diagnostic,False,not_authority_resolved
results/stage13/benchmark_integrity/mutated_templates_v6/TH_B_UM_011__harmless_serialization_formatting.yaml,yaml,,diagnostic,False,not_authority_resolved
results/stage13/benchmark_integrity/mutated_templates_v6/TH_B_UM_011__incorrect_canonical_answer.yaml,yaml,,diagnostic,False,not_authority_resolved
results/stage13/benchmark_integrity/mutated_templates_v6/TH_B_UM_011__negative_parameter_value.yaml,yaml,,diagnostic,False,not_authority_resolved
results/stage13/benchmark_integrity/mutated_templates_v6/TH_B_UM_011__replace_governing_variable_with_cue.yaml,yaml,,diagnostic,False,not_authority_resolved
results/stage13/benchmark_integrity/mutated_templates_v6/TH_B_UM_011__semantics_preserving_variable_renaming.yaml,yaml,,diagnostic,False,not_authority_resolved
results/stage13/benchmark_integrity/mutated_templates_v6/TH_B_UM_011__sign_inversion_governing_expression.yaml,yaml,,diagnostic,False,not_authority_resolved
results/stage13/benchmark_integrity/mutated_templates_v6/TH_B_UM_012__algebraically_equivalent_expression.yaml,yaml,,diagnostic,False,not_authority_resolved
results/stage13/benchmark_integrity/mutated_templates_v6/TH_B_UM_012__cue_leakage_after_assumption_text_removal.yaml,yaml,,diagnostic,False,not_authority_resolved
results/stage13/benchmark_integrity/mutated_templates_v6/TH_B_UM_012__equivalent_unit_formatting.yaml,yaml,,diagnostic,False,not_authority_resolved
results/stage13/benchmark_integrity/mutated_templates_v6/TH_B_UM_012__exact_noop_control.yaml,yaml,,diagnostic,False,not_authority_resolved
results/stage13/benchmark_integrity/mutated_templates_v6/TH_B_UM_012__harmless_serialization_formatting.yaml,yaml,,diagnostic,False,not_authority_resolved
results/stage13/benchmark_integrity/mutated_templates_v6/TH_B_UM_012__incorrect_canonical_answer.yaml,yaml,,diagnostic,False,not_authority_resolved
results/stage13/benchmark_integrity/mutated_templates_v6/TH_B_UM_012__negative_parameter_value.yaml,yaml,,diagnostic,False,not_authority_resolved
results/stage13/benchmark_integrity/mutated_templates_v6/TH_B_UM_012__replace_governing_variable_with_cue.yaml,yaml,,diagnostic,False,not_authority_resolved
results/stage13/benchmark_integrity/mutated_templates_v6/TH_B_UM_012__semantics_preserving_variable_renaming.yaml,yaml,,diagnostic,False,not_authority_resolved
results/stage13/benchmark_integrity/mutated_templates_v6/TH_B_UM_012__sign_inversion_governing_expression.yaml,yaml,,diagnostic,False,not_authority_resolved
results/stage13/benchmark_integrity/mutation_test_records.csv,csv,100,diagnostic,False,not_authority_resolved
results/stage13/benchmark_integrity/mutation_test_records_v2.jsonl,jsonl,440,diagnostic,False,not_authority_resolved
results/stage13/benchmark_integrity/mutation_test_records_v3.jsonl,jsonl,225,diagnostic,False,not_authority_resolved
results/stage13/benchmark_integrity/mutation_test_records_v5.jsonl,jsonl,360,diagnostic,False,not_authority_resolved
results/stage13/benchmark_integrity/mutation_test_records_v6.jsonl,jsonl,330,diagnostic,False,not_authority_resolved
results/stage13/benchmark_integrity/mutation_test_summary.json,json,,diagnostic,False,not_authority_resolved
results/stage13/benchmark_integrity/mutation_test_summary_v2.json,json,,diagnostic,False,not_authority_resolved
results/stage13/benchmark_integrity/mutation_test_summary_v3.json,json,,diagnostic,False,not_authority_resolved
results/stage13/benchmark_integrity/mutation_test_summary_v5.json,json,,diagnostic,False,not_authority_resolved
results/stage13/benchmark_integrity/mutation_test_summary_v6.json,json,,diagnostic,False,not_authority_resolved
results/stage13/benchmark_integrity/parser_audit_status.json,json,,diagnostic,False,not_authority_resolved
results/stage13/benchmark_integrity/parser_audit_status_v2.json,json,,diagnostic,False,not_authority_resolved
results/stage13/benchmark_integrity/parser_audit_status_v3.json,json,,diagnostic,False,not_authority_resolved
results/stage13/benchmark_integrity/validation_agreement.json,json,,diagnostic,False,not_authority_resolved
results/stage13/benchmark_integrity/validation_agreement_v2.json,json,,diagnostic,False,not_authority_resolved
results/stage13/benchmark_integrity/validation_agreement_v3.json,json,,diagnostic,False,not_authority_resolved
results/stage13/benchmark_integrity/validation_materials_v3_summary.json,json,,diagnostic,False,not_authority_resolved
results/stage13/benchmark_integrity/validation_materials_v5_summary.json,json,,diagnostic,False,not_authority_resolved
results/stage13/benchmark_integrity/validation_materials_v6_summary.json,json,,diagnostic,False,not_authority_resolved
results/stage13/benchmark_integrity/validation_packet_summary.json,json,,diagnostic,False,not_authority_resolved
results/stage13/benchmark_integrity/validation_packet_summary_v2.json,json,,diagnostic,False,not_authority_resolved
results/stage13/benchmark_integrity/wave1a_gate.json,json,,diagnostic,False,not_authority_resolved
results/stage13/benchmark_integrity/wave1a_gate_v2.json,json,,diagnostic,False,not_authority_resolved
results/stage13/benchmark_integrity/wave1a_gate_v3.json,json,,diagnostic,False,not_authority_resolved
results/stage13/benchmark_integrity/wave1a_gate_v4.json,json,,diagnostic,False,not_authority_resolved
results/stage13/benchmark_integrity/wave1a_gate_v5.json,json,,diagnostic,False,not_authority_resolved
results/stage13/benchmark_integrity/wave1a_gate_v6.json,json,,diagnostic,False,not_authority_resolved
results/stage13/wave0/canonical_evidence_build.json,json,,diagnostic,False,not_authority_resolved
results/stage13/wave0/canonical_evidence_verification.json,json,,diagnostic,False,not_authority_resolved
results/stage13/wave0/canonical_evidence_verification_v2.json,json,,diagnostic,False,not_authority_resolved
results/stage13/wave0/canonical_evidence_verification_v4.json,json,,diagnostic,False,not_authority_resolved
results/stage13/wave0/canonical_evidence_verification_v5.json,json,,diagnostic,False,not_authority_resolved
results/stage13/wave0/canonical_evidence_verification_v6.json,json,,diagnostic,False,not_authority_resolved
results/stage13/wave0/expected_historical_runs_v5.jsonl,jsonl,143,diagnostic,False,not_authority_resolved
results/stage13/wave0/expected_historical_runs_v6.jsonl,jsonl,621,diagnostic,False,not_authority_resolved
results/stage13/wave0/experiment_card_validation.json,json,,diagnostic,False,not_authority_resolved
results/stage13/wave0/historical_experiment_candidates.jsonl,jsonl,67,diagnostic,False,not_authority_resolved
results/stage13/wave0/orphan_artifacts_v5.csv,csv,1334,diagnostic,False,not_authority_resolved
results/stage13/wave0/orphan_artifacts_v6.csv,csv,2415,diagnostic,False,not_authority_resolved
results/stage13/wave0/registry_coverage_v4.json,json,,diagnostic,False,not_authority_resolved
results/stage13/wave0/registry_coverage_v5.json,json,,diagnostic,False,not_authority_resolved
results/stage13/wave0/registry_coverage_v6.json,json,,diagnostic,False,not_authority_resolved
results/stage13/wave0/registry_verification.json,json,,diagnostic,False,not_authority_resolved
results/stage13/wave0/registry_verification_v2.json,json,,diagnostic,False,not_authority_resolved
results/stage13/wave0/wave0_gate.json,json,,diagnostic,False,not_authority_resolved
results/stage13/wave0/wave0_gate_v2.json,json,,diagnostic,False,not_authority_resolved
results/stage13/wave0/wave0_gate_v3.json,json,,diagnostic,False,not_authority_resolved
results/stage13/wave0/wave0_gate_v4.json,json,,diagnostic,False,not_authority_resolved
results/stage13/wave0/wave0_gate_v5.json,json,,diagnostic,False,not_authority_resolved
results/stage13/wave0/wave0_gate_v6.json,json,,diagnostic,False,not_authority_resolved
results/stage2/compute_estimate.json,json,,paper_relevant_noncritical,False,not_authority_resolved
results/stage2/compute_estimate_events.jsonl,jsonl,1,paper_relevant_noncritical,False,not_authority_resolved
results/stage2/hook_validation/llama_primary_hook_validation.json,json,,diagnostic,False,not_authority_resolved
results/stage2/hook_validation/qwen_primary_hook_validation.json,json,,diagnostic,False,not_authority_resolved
results/stage2/hook_validation/validate_hooks_events.jsonl,jsonl,2,diagnostic,False,not_authority_resolved
results/stage2/logprob_validation/deepseek_r1_32b_logprob_validation.json,json,,diagnostic,False,not_authority_resolved
results/stage2/logprob_validation/llama_primary_logprob_validation.json,json,,diagnostic,False,not_authority_resolved
results/stage2/logprob_validation/qwen_primary_logprob_validation.json,json,,diagnostic,False,not_authority_resolved
results/stage2/logprob_validation/validate_logprob_events.jsonl,jsonl,3,diagnostic,False,not_authority_resolved
results/stage3/artefact_checks/stage3_artefact_checks_events.jsonl,jsonl,8,paper_relevant_noncritical,False,not_authority_resolved
results/stage3/artefact_checks/stage3_artefact_report.json,json,,paper_relevant_noncritical,False,not_authority_resolved
results/stage3/artefact_checks/stage3_artefact_report_repair_el_a_003.json,json,,paper_relevant_noncritical,False,not_authority_resolved
results/stage3/rendering/render_all_templates_events.jsonl,jsonl,219,paper_relevant_noncritical,False,not_authority_resolved
results/stage3/rendering/render_summary.json,json,,paper_relevant_noncritical,False,not_authority_resolved
results/stage3/rendering/render_summary_repair_el_a_003.json,json,,paper_relevant_noncritical,False,not_authority_resolved
results/stage3/verification/CM_A_001.json,json,,paper_relevant_noncritical,False,not_authority_resolved
results/stage3/verification/CM_A_002.json,json,,paper_relevant_noncritical,False,not_authority_resolved
results/stage3/verification/CM_A_003.json,json,,paper_relevant_noncritical,False,not_authority_resolved
results/stage3/verification/CM_A_004.json,json,,paper_relevant_noncritical,False,not_authority_resolved
results/stage3/verification/CM_A_005.json,json,,paper_relevant_noncritical,False,not_authority_resolved
results/stage3/verification/CM_A_006.json,json,,paper_relevant_noncritical,False,not_authority_resolved
results/stage3/verification/CM_A_007.json,json,,paper_relevant_noncritical,False,not_authority_resolved
results/stage3/verification/CM_A_008.json,json,,paper_relevant_noncritical,False,not_authority_resolved
results/stage3/verification/CM_A_009.json,json,,paper_relevant_noncritical,False,not_authority_resolved
results/stage3/verification/CM_A_010.json,json,,paper_relevant_noncritical,False,not_authority_resolved
results/stage3/verification/CM_B_001.json,json,,paper_relevant_noncritical,False,not_authority_resolved
results/stage3/verification/CM_B_002.json,json,,paper_relevant_noncritical,False,not_authority_resolved
results/stage3/verification/CM_B_003.json,json,,paper_relevant_noncritical,False,not_authority_resolved
results/stage3/verification/CM_B_004.json,json,,paper_relevant_noncritical,False,not_authority_resolved
results/stage3/verification/CM_B_005.json,json,,paper_relevant_noncritical,False,not_authority_resolved
results/stage3/verification/CM_B_006.json,json,,paper_relevant_noncritical,False,not_authority_resolved
results/stage3/verification/CM_B_007.json,json,,paper_relevant_noncritical,False,not_authority_resolved
results/stage3/verification/CM_B_008.json,json,,paper_relevant_noncritical,False,not_authority_resolved
results/stage3/verification/CM_B_009.json,json,,paper_relevant_noncritical,False,not_authority_resolved
results/stage3/verification/CM_B_010.json,json,,paper_relevant_noncritical,False,not_authority_resolved
results/stage3/verification/EL_A_001.json,json,,paper_relevant_noncritical,False,not_authority_resolved
results/stage3/verification/EL_A_002.json,json,,paper_relevant_noncritical,False,not_authority_resolved
results/stage3/verification/EL_A_003.json,json,,paper_relevant_noncritical,False,not_authority_resolved
results/stage3/verification/EL_A_004.json,json,,paper_relevant_noncritical,False,not_authority_resolved
results/stage3/verification/EL_A_005.json,json,,paper_relevant_noncritical,False,not_authority_resolved
results/stage3/verification/EL_B_001.json,json,,paper_relevant_noncritical,False,not_authority_resolved
results/stage3/verification/EL_B_002.json,json,,paper_relevant_noncritical,False,not_authority_resolved
results/stage3/verification/EL_B_003.json,json,,paper_relevant_noncritical,False,not_authority_resolved
results/stage3/verification/EL_B_004.json,json,,paper_relevant_noncritical,False,not_authority_resolved
results/stage3/verification/EL_B_005.json,json,,paper_relevant_noncritical,False,not_authority_resolved
results/stage3/verification/verification_summary.json,json,,paper_relevant_noncritical,False,not_authority_resolved
results/stage4/analysis/analyse_stage4_events.jsonl,jsonl,2,paper_relevant_noncritical,False,not_authority_resolved
results/stage4/analysis/stage4_per_family.csv,csv,30,paper_relevant_noncritical,False,not_authority_resolved
results/stage4/analysis/stage4_sensitivity_summary.json,json,,paper_relevant_noncritical,False,not_authority_resolved
results/stage4/behavioural/family_summaries.jsonl,jsonl,180,paper_relevant_noncritical,False,not_authority_resolved
results/stage4/behavioural/llama_primary_20260613T213548Z.jsonl,jsonl,150,paper_relevant_noncritical,False,not_authority_resolved
results/stage4/behavioural/prompt_records.jsonl,jsonl,720,paper_relevant_noncritical,False,not_authority_resolved
results/stage4/behavioural/qwen_primary_20260613T210506Z.jsonl,jsonl,600,paper_relevant_noncritical,False,not_authority_resolved
results/stage4/behavioural/qwen_primary_20260613T215759Z.jsonl,jsonl,150,paper_relevant_noncritical,False,not_authority_resolved
results/stage4/behavioural/run_behavioural_events.jsonl,jsonl,912,paper_relevant_noncritical,False,not_authority_resolved
results/stage4/behavioural_local_dryrun/family_summaries.jsonl,jsonl,30,paper_relevant_noncritical,False,not_authority_resolved
results/stage4/behavioural_local_dryrun/prompt_records.jsonl,jsonl,120,paper_relevant_noncritical,False,not_authority_resolved
results/stage4/behavioural_local_dryrun/qwen_primary_20260613T205222Z.jsonl,jsonl,150,paper_relevant_noncritical,False,not_authority_resolved
results/stage4/behavioural_local_dryrun/run_behavioural_events.jsonl,jsonl,152,paper_relevant_noncritical,False,not_authority_resolved
results/stage4/behavioural_local_dryrun2/family_summaries.jsonl,jsonl,30,paper_relevant_noncritical,False,not_authority_resolved
results/stage4/behavioural_local_dryrun2/prompt_records.jsonl,jsonl,120,paper_relevant_noncritical,False,not_authority_resolved
results/stage4/behavioural_local_dryrun2/qwen_primary_20260613T210417Z.jsonl,jsonl,150,paper_relevant_noncritical,False,not_authority_resolved
results/stage4/behavioural_local_dryrun2/run_behavioural_events.jsonl,jsonl,152,paper_relevant_noncritical,False,not_authority_resolved
results/stage4_repair/analysis/analyse_stage4_events.jsonl,jsonl,2,paper_relevant_noncritical,False,not_authority_resolved
results/stage4_repair/analysis/stage4_per_family.csv,csv,30,paper_relevant_noncritical,False,not_authority_resolved
results/stage4_repair/analysis/stage4_sensitivity_summary.json,json,,paper_relevant_noncritical,False,not_authority_resolved
results/stage4_repair/analysis_v2/analyse_stage4_events.jsonl,jsonl,3,paper_relevant_noncritical,False,not_authority_resolved
results/stage4_repair/analysis_v2/stage4_per_family.csv,csv,30,paper_relevant_noncritical,False,not_authority_resolved
results/stage4_repair/analysis_v2/stage4_sensitivity_summary.json,json,,paper_relevant_noncritical,False,not_authority_resolved
results/stage4_repair/behavioural/family_summaries.jsonl,jsonl,60,paper_relevant_noncritical,False,not_authority_resolved
results/stage4_repair/behavioural/llama_primary_20260614T095723Z.jsonl,jsonl,150,paper_relevant_noncritical,False,not_authority_resolved
results/stage4_repair/behavioural/prompt_records.jsonl,jsonl,240,paper_relevant_noncritical,False,not_authority_resolved
results/stage4_repair/behavioural/qwen_primary_20260614T095718Z.jsonl,jsonl,150,paper_relevant_noncritical,False,not_authority_resolved
results/stage4_repair/behavioural/run_behavioural_events.jsonl,jsonl,304,paper_relevant_noncritical,False,not_authority_resolved
results/stage4_repair/mini_validation/family_summaries.jsonl,jsonl,12,diagnostic,False,not_authority_resolved
results/stage4_repair/mini_validation/llama_primary_20260614T090024Z.jsonl,jsonl,15,diagnostic,False,not_authority_resolved
results/stage4_repair/mini_validation/llama_primary_20260614T093611Z.jsonl,jsonl,15,diagnostic,False,not_authority_resolved
results/stage4_repair/mini_validation/prompt_records.jsonl,jsonl,48,diagnostic,False,not_authority_resolved
results/stage4_repair/mini_validation/qwen_primary_20260614T090415Z.jsonl,jsonl,15,diagnostic,False,not_authority_resolved
results/stage4_repair/mini_validation/qwen_primary_20260614T093606Z.jsonl,jsonl,15,diagnostic,False,not_authority_resolved
results/stage4_repair/mini_validation/run_behavioural_events.jsonl,jsonl,68,diagnostic,False,not_authority_resolved
results/stage5/baselines/run_baselines_surface_events.jsonl,jsonl,4,paper_relevant_noncritical,False,not_authority_resolved
results/stage5/baselines/surface_bag_of_words.json,json,,paper_relevant_noncritical,False,not_authority_resolved
results/stage5/baselines/surface_cue_span_only.json,json,,paper_relevant_noncritical,False,not_authority_resolved
results/stage5/baselines/surface_prompt_statistics.json,json,,paper_relevant_noncritical,False,not_authority_resolved
results/stage5/baselines/surface_tfidf_logistic.json,json,,paper_relevant_noncritical,False,not_authority_resolved
results/stage5/baselines_repair/run_baselines_surface_events.jsonl,jsonl,4,paper_relevant_noncritical,False,not_authority_resolved
results/stage5/baselines_repair/surface_bag_of_words.json,json,,paper_relevant_noncritical,False,not_authority_resolved
results/stage5/baselines_repair/surface_cue_span_only.json,json,,paper_relevant_noncritical,False,not_authority_resolved
results/stage5/baselines_repair/surface_prompt_statistics.json,json,,paper_relevant_noncritical,False,not_authority_resolved
results/stage5/baselines_repair/surface_tfidf_logistic.json,json,,paper_relevant_noncritical,False,not_authority_resolved
results/stage5/baselines_repair_v2/run_baselines_surface_events.jsonl,jsonl,10,paper_relevant_noncritical,False,not_authority_resolved
results/stage5/baselines_repair_v2/surface_bag_of_words.json,json,,paper_relevant_noncritical,False,not_authority_resolved
results/stage5/baselines_repair_v2/surface_bag_of_words_slp_binary.json,json,,paper_relevant_noncritical,False,not_authority_resolved
results/stage5/baselines_repair_v2/surface_cue_span_only.json,json,,paper_relevant_noncritical,False,not_authority_resolved
results/stage5/baselines_repair_v2/surface_cue_span_only_slp_binary.json,json,,paper_relevant_noncritical,False,not_authority_resolved
results/stage5/baselines_repair_v2/surface_prompt_statistics.json,json,,paper_relevant_noncritical,False,not_authority_resolved
results/stage5/baselines_repair_v2/surface_prompt_statistics_slp_binary.json,json,,paper_relevant_noncritical,False,not_authority_resolved
results/stage5/baselines_repair_v2/surface_tfidf_continuous.json,json,,paper_relevant_noncritical,False,not_authority_resolved
results/stage5/baselines_repair_v2/surface_tfidf_logistic.json,json,,paper_relevant_noncritical,False,not_authority_resolved
results/stage5/baselines_repair_v2/surface_tfidf_logistic_slp_binary.json,json,,paper_relevant_noncritical,False,not_authority_resolved
results/stage5/diagnostic/cm_b006_analysis.json,json,,paper_relevant_noncritical,False,not_authority_resolved
results/stage5/followup_comparison.json,json,,paper_relevant_noncritical,False,not_authority_resolved
results/stage5/probing/layer_auroc_contrast.json,json,,paper_relevant_noncritical,False,not_authority_resolved
results/stage5/probing/layer_auroc_pca10.json,json,,paper_relevant_noncritical,False,not_authority_resolved
results/stage5/probing/layer_auroc_pca20.json,json,,paper_relevant_noncritical,False,not_authority_resolved
results/stage5/probing/layer_auroc_pca50.json,json,,paper_relevant_noncritical,False,not_authority_resolved
results/stage5/probing/layer_auroc_resid_post_last_prompt.json,json,,paper_relevant_noncritical,False,not_authority_resolved
results/stage5/probing/layer_pearson_pca10.json,json,,paper_relevant_noncritical,False,not_authority_resolved
results/stage5/probing/layer_pearson_pca20.json,json,,paper_relevant_noncritical,False,not_authority_resolved
results/stage5/probing/layer_pearson_pca50.json,json,,paper_relevant_noncritical,False,not_authority_resolved
results/stage5/probing/layer_pearson_resid_post_last_prompt.json,json,,paper_relevant_noncritical,False,not_authority_resolved
results/stage5/probing/loo_predictions_contrast.json,json,,paper_relevant_noncritical,False,not_authority_resolved
results/stage5/probing/loo_predictions_pca10.json,json,,paper_relevant_noncritical,False,not_authority_resolved
results/stage5/probing/loo_predictions_pca20.json,json,,paper_relevant_noncritical,False,not_authority_resolved
results/stage5/probing/loo_predictions_pca50.json,json,,paper_relevant_noncritical,False,not_authority_resolved
results/stage5/probing/loo_predictions_resid_post_last_prompt.json,json,,paper_relevant_noncritical,False,not_authority_resolved
results/stage5/probing/run_probing_events.jsonl,jsonl,5,paper_relevant_noncritical,False,not_authority_resolved
results/stage5/probing/summary_contrast.json,json,,paper_relevant_noncritical,False,not_authority_resolved
results/stage5/probing/summary_pca10.json,json,,paper_relevant_noncritical,False,not_authority_resolved
results/stage5/probing/summary_pca20.json,json,,paper_relevant_noncritical,False,not_authority_resolved
results/stage5/probing/summary_pca50.json,json,,paper_relevant_noncritical,False,not_authority_resolved
results/stage5/probing/summary_resid_post_last_prompt.json,json,,paper_relevant_noncritical,False,not_authority_resolved
results/stage5/probing_tier2/layer_auroc_resid_post_cue_token.json,json,,paper_relevant_noncritical,False,not_authority_resolved
results/stage5/probing_tier2/layer_pearson_resid_post_cue_token.json,json,,paper_relevant_noncritical,False,not_authority_resolved
results/stage5/probing_tier2/loo_predictions_resid_post_cue_token.json,json,,paper_relevant_noncritical,False,not_authority_resolved
results/stage5/probing_tier2/run_probing_events.jsonl,jsonl,1,paper_relevant_noncritical,False,not_authority_resolved
results/stage5/probing_tier2/summary_resid_post_cue_token.json,json,,paper_relevant_noncritical,False,not_authority_resolved
results/stage5/probing_variance/layer_auroc_variance.json,json,,paper_relevant_noncritical,False,not_authority_resolved
results/stage5/probing_variance/layer_pearson_variance.json,json,,paper_relevant_noncritical,False,not_authority_resolved
results/stage5/probing_variance/loo_predictions_variance.json,json,,paper_relevant_noncritical,False,not_authority_resolved
results/stage5/probing_variance/run_probing_events.jsonl,jsonl,1,paper_relevant_noncritical,False,not_authority_resolved
results/stage5/probing_variance/summary_variance.json,json,,paper_relevant_noncritical,False,not_authority_resolved
results/stage5/probing_variance_tier2/layer_auroc_variance.json,json,,paper_relevant_noncritical,False,not_authority_resolved
results/stage5/probing_variance_tier2/layer_pearson_variance.json,json,,paper_relevant_noncritical,False,not_authority_resolved
results/stage5/probing_variance_tier2/loo_predictions_variance.json,json,,paper_relevant_noncritical,False,not_authority_resolved
results/stage5/probing_variance_tier2/run_probing_events.jsonl,jsonl,1,paper_relevant_noncritical,False,not_authority_resolved
results/stage5/probing_variance_tier2/summary_variance.json,json,,paper_relevant_noncritical,False,not_authority_resolved
results/stage6/analysis_d1/analyse_stage4_events.jsonl,jsonl,1,paper_relevant_noncritical,False,not_authority_resolved
results/stage6/analysis_d1/stage6_d1_per_family.csv,csv,40,paper_relevant_noncritical,False,not_authority_resolved
results/stage6/analysis_d1/stage6_d1_sensitivity_summary.json,json,,paper_relevant_noncritical,False,not_authority_resolved
results/stage6/analysis_d2/analyse_stage4_events.jsonl,jsonl,1,paper_relevant_noncritical,False,not_authority_resolved
results/stage6/analysis_d2/generate_positive_families_events.jsonl,jsonl,1,paper_relevant_noncritical,False,not_authority_resolved
results/stage6/analysis_d2/stage6_d1_per_family.csv,csv,140,paper_relevant_noncritical,False,not_authority_resolved
results/stage6/analysis_d2/stage6_d1_sensitivity_summary.json,json,,paper_relevant_noncritical,False,not_authority_resolved
results/stage6/analysis_d2/stage6_positive_families.json,json,,paper_relevant_noncritical,False,not_authority_resolved
results/stage6/analysis_d2/stage6_positive_families_llama.json,json,,paper_relevant_noncritical,False,not_authority_resolved
results/stage6/audit/stage6_freeze_gate_summary.json,json,,paper_relevant_noncritical,False,not_authority_resolved
results/stage6/audit/stage6_full_benchmark_manifest.csv,csv,140,paper_relevant_noncritical,False,not_authority_resolved
results/stage6/audit/stage6_phase2_bce_audit_summary.json,json,,paper_relevant_noncritical,False,not_authority_resolved
results/stage6/audit/stage6_phase2_bce_priority_review.csv,csv,40,paper_relevant_noncritical,False,not_authority_resolved
results/stage6/baselines/run_baselines_surface_events.jsonl,jsonl,10,paper_relevant_noncritical,False,not_authority_resolved
results/stage6/baselines/surface_bag_of_words_slp_binary.json,json,,paper_relevant_noncritical,False,not_authority_resolved
results/stage6/baselines/surface_cue_span_only_slp_binary.json,json,,paper_relevant_noncritical,False,not_authority_resolved
results/stage6/baselines/surface_prompt_statistics_slp_binary.json,json,,paper_relevant_noncritical,False,not_authority_resolved
results/stage6/baselines/surface_tfidf_continuous.json,json,,paper_relevant_noncritical,False,not_authority_resolved
results/stage6/baselines/surface_tfidf_logistic_slp_binary.json,json,,paper_relevant_noncritical,False,not_authority_resolved
results/stage6/baselines_no_cue_c/run_baselines_surface_events.jsonl,jsonl,5,paper_relevant_noncritical,False,not_authority_resolved
results/stage6/baselines_no_cue_c/surface_bag_of_words_slp_binary.json,json,,paper_relevant_noncritical,False,not_authority_resolved
results/stage6/baselines_no_cue_c/surface_cue_span_only_slp_binary.json,json,,paper_relevant_noncritical,False,not_authority_resolved
results/stage6/baselines_no_cue_c/surface_prompt_statistics_slp_binary.json,json,,paper_relevant_noncritical,False,not_authority_resolved
results/stage6/baselines_no_cue_c/surface_tfidf_continuous.json,json,,paper_relevant_noncritical,False,not_authority_resolved
results/stage6/baselines_no_cue_c/surface_tfidf_logistic_slp_binary.json,json,,paper_relevant_noncritical,False,not_authority_resolved
results/stage6/behavioural/family_summaries.jsonl,jsonl,80,paper_relevant_noncritical,False,not_authority_resolved
results/stage6/behavioural/llama_primary_20260615T124604Z.jsonl,jsonl,200,paper_relevant_noncritical,False,not_authority_resolved
results/stage6/behavioural/prompt_records.jsonl,jsonl,320,paper_relevant_noncritical,False,not_authority_resolved
results/stage6/behavioural/qwen_primary_20260615T103322Z.jsonl,jsonl,200,paper_relevant_noncritical,False,not_authority_resolved
results/stage6/behavioural/run_behavioural_events.jsonl,jsonl,404,paper_relevant_noncritical,False,not_authority_resolved
results/stage6/behavioural_deepseek/deepseek_reasoning_20260617T055830Z.jsonl,jsonl,700,paper_relevant_noncritical,False,not_authority_resolved
results/stage6/behavioural_deepseek/family_summaries.jsonl,jsonl,140,paper_relevant_noncritical,False,not_authority_resolved
results/stage6/behavioural_deepseek/prompt_records.jsonl,jsonl,560,paper_relevant_noncritical,False,not_authority_resolved
results/stage6/behavioural_deepseek/run_behavioural_events.jsonl,jsonl,702,paper_relevant_noncritical,False,not_authority_resolved
results/stage6/behavioural_full_rerun/family_summaries.jsonl,jsonl,280,paper_relevant_noncritical,False,not_authority_resolved
results/stage6/behavioural_full_rerun/llama_primary_20260616T085448Z.jsonl,jsonl,700,paper_relevant_noncritical,False,not_authority_resolved
results/stage6/behavioural_full_rerun/prompt_records.jsonl,jsonl,1120,paper_relevant_noncritical,False,not_authority_resolved
results/stage6/behavioural_full_rerun/qwen_primary_20260616T091228Z.jsonl,jsonl,700,paper_relevant_noncritical,False,not_authority_resolved
results/stage6/behavioural_full_rerun/run_behavioural_events.jsonl,jsonl,1404,paper_relevant_noncritical,False,not_authority_resolved
results/stage6/diagnostic/cue_token_variance_correlation.json,json,,paper_relevant_noncritical,False,not_authority_resolved
results/stage6/generated_full_benchmark/CM_A_001.json,json,,paper_relevant_noncritical,False,not_authority_resolved
results/stage6/generated_full_benchmark/CM_A_002.json,json,,paper_relevant_noncritical,False,not_authority_resolved
results/stage6/generated_full_benchmark/CM_A_003.json,json,,paper_relevant_noncritical,False,not_authority_resolved
results/stage6/generated_full_benchmark/CM_A_004.json,json,,paper_relevant_noncritical,False,not_authority_resolved
results/stage6/generated_full_benchmark/CM_A_005.json,json,,paper_relevant_noncritical,False,not_authority_resolved
results/stage6/generated_full_benchmark/CM_A_006.json,json,,paper_relevant_noncritical,False,not_authority_resolved
results/stage6/generated_full_benchmark/CM_A_007.json,json,,paper_relevant_noncritical,False,not_authority_resolved
results/stage6/generated_full_benchmark/CM_A_008.json,json,,paper_relevant_noncritical,False,not_authority_resolved
results/stage6/generated_full_benchmark/CM_A_009.json,json,,paper_relevant_noncritical,False,not_authority_resolved
results/stage6/generated_full_benchmark/CM_A_010.json,json,,paper_relevant_noncritical,False,not_authority_resolved
results/stage6/generated_full_benchmark/CM_A_STD_001.json,json,,paper_relevant_noncritical,False,not_authority_resolved
results/stage6/generated_full_benchmark/CM_A_STD_002.json,json,,paper_relevant_noncritical,False,not_authority_resolved
results/stage6/generated_full_benchmark/CM_A_STD_003.json,json,,paper_relevant_noncritical,False,not_authority_resolved
results/stage6/generated_full_benchmark/CM_A_STD_004.json,json,,paper_relevant_noncritical,False,not_authority_resolved
results/stage6/generated_full_benchmark/CM_A_STD_005.json,json,,paper_relevant_noncritical,False,not_authority_resolved
results/stage6/generated_full_benchmark/CM_A_STD_006.json,json,,paper_relevant_noncritical,False,not_authority_resolved
results/stage6/generated_full_benchmark/CM_A_STD_007.json,json,,paper_relevant_noncritical,False,not_authority_resolved
results/stage6/generated_full_benchmark/CM_A_STD_008.json,json,,paper_relevant_noncritical,False,not_authority_resolved
results/stage6/generated_full_benchmark/CM_A_STD_009.json,json,,paper_relevant_noncritical,False,not_authority_resolved
results/stage6/generated_full_benchmark/CM_A_STD_010.json,json,,paper_relevant_noncritical,False,not_authority_resolved
results/stage6/generated_full_benchmark/CM_A_STD_011.json,json,,paper_relevant_noncritical,False,not_authority_resolved
results/stage6/generated_full_benchmark/CM_A_STD_012.json,json,,paper_relevant_noncritical,False,not_authority_resolved
results/stage6/generated_full_benchmark/CM_A_STD_013.json,json,,paper_relevant_noncritical,False,not_authority_resolved
results/stage6/generated_full_benchmark/CM_A_STD_014.json,json,,paper_relevant_noncritical,False,not_authority_resolved
results/stage6/generated_full_benchmark/CM_A_STD_015.json,json,,paper_relevant_noncritical,False,not_authority_resolved
results/stage6/generated_full_benchmark/CM_A_STD_016.json,json,,paper_relevant_noncritical,False,not_authority_resolved
results/stage6/generated_full_benchmark/CM_A_STD_017.json,json,,paper_relevant_noncritical,False,not_authority_resolved
results/stage6/generated_full_benchmark/CM_A_STD_018.json,json,,paper_relevant_noncritical,False,not_authority_resolved
results/stage6/generated_full_benchmark/CM_A_STD_019.json,json,,paper_relevant_noncritical,False,not_authority_resolved
results/stage6/generated_full_benchmark/CM_A_STD_020.json,json,,paper_relevant_noncritical,False,not_authority_resolved
results/stage6/generated_full_benchmark/CM_B_001.json,json,,paper_relevant_noncritical,False,not_authority_resolved
results/stage6/generated_full_benchmark/CM_B_002.json,json,,paper_relevant_noncritical,False,not_authority_resolved
results/stage6/generated_full_benchmark/CM_B_003.json,json,,paper_relevant_noncritical,False,not_authority_resolved
results/stage6/generated_full_benchmark/CM_B_004.json,json,,paper_relevant_noncritical,False,not_authority_resolved
results/stage6/generated_full_benchmark/CM_B_005.json,json,,paper_relevant_noncritical,False,not_authority_resolved
results/stage6/generated_full_benchmark/CM_B_006.json,json,,paper_relevant_noncritical,False,not_authority_resolved
results/stage6/generated_full_benchmark/CM_B_007.json,json,,paper_relevant_noncritical,False,not_authority_resolved
results/stage6/generated_full_benchmark/CM_B_008.json,json,,paper_relevant_noncritical,False,not_authority_resolved
results/stage6/generated_full_benchmark/CM_B_009.json,json,,paper_relevant_noncritical,False,not_authority_resolved
results/stage6/generated_full_benchmark/CM_B_010.json,json,,paper_relevant_noncritical,False,not_authority_resolved
results/stage6/generated_full_benchmark/CM_B_STD_001.json,json,,paper_relevant_noncritical,False,not_authority_resolved
results/stage6/generated_full_benchmark/CM_B_STD_002.json,json,,paper_relevant_noncritical,False,not_authority_resolved
results/stage6/generated_full_benchmark/CM_B_STD_003.json,json,,paper_relevant_noncritical,False,not_authority_resolved
results/stage6/generated_full_benchmark/CM_B_STD_004.json,json,,paper_relevant_noncritical,False,not_authority_resolved
results/stage6/generated_full_benchmark/CM_B_STD_005.json,json,,paper_relevant_noncritical,False,not_authority_resolved
results/stage6/generated_full_benchmark/CM_B_STD_006.json,json,,paper_relevant_noncritical,False,not_authority_resolved
results/stage6/generated_full_benchmark/CM_B_STD_007.json,json,,paper_relevant_noncritical,False,not_authority_resolved
results/stage6/generated_full_benchmark/CM_B_STD_008.json,json,,paper_relevant_noncritical,False,not_authority_resolved
results/stage6/generated_full_benchmark/CM_B_STD_009.json,json,,paper_relevant_noncritical,False,not_authority_resolved
results/stage6/generated_full_benchmark/CM_B_STD_010.json,json,,paper_relevant_noncritical,False,not_authority_resolved
results/stage6/generated_full_benchmark/CM_B_STD_011.json,json,,paper_relevant_noncritical,False,not_authority_resolved
results/stage6/generated_full_benchmark/CM_B_STD_012.json,json,,paper_relevant_noncritical,False,not_authority_resolved
results/stage6/generated_full_benchmark/CM_B_STD_013.json,json,,paper_relevant_noncritical,False,not_authority_resolved
results/stage6/generated_full_benchmark/CM_B_STD_014.json,json,,paper_relevant_noncritical,False,not_authority_resolved
results/stage6/generated_full_benchmark/CM_B_STD_015.json,json,,paper_relevant_noncritical,False,not_authority_resolved
results/stage6/generated_full_benchmark/CM_B_UM_001.json,json,,paper_relevant_noncritical,False,not_authority_resolved
results/stage6/generated_full_benchmark/CM_B_UM_002.json,json,,paper_relevant_noncritical,False,not_authority_resolved
results/stage6/generated_full_benchmark/CM_B_UM_003.json,json,,paper_relevant_noncritical,False,not_authority_resolved
results/stage6/generated_full_benchmark/CM_B_UM_004.json,json,,paper_relevant_noncritical,False,not_authority_resolved
results/stage6/generated_full_benchmark/CM_B_UM_005.json,json,,paper_relevant_noncritical,False,not_authority_resolved
results/stage6/generated_full_benchmark/CM_B_UM_006.json,json,,paper_relevant_noncritical,False,not_authority_resolved
results/stage6/generated_full_benchmark/CM_B_UM_007.json,json,,paper_relevant_noncritical,False,not_authority_resolved
results/stage6/generated_full_benchmark/CM_B_UM_008.json,json,,paper_relevant_noncritical,False,not_authority_resolved
results/stage6/generated_full_benchmark/CM_B_UM_009.json,json,,paper_relevant_noncritical,False,not_authority_resolved
results/stage6/generated_full_benchmark/CM_B_UM_010.json,json,,paper_relevant_noncritical,False,not_authority_resolved
results/stage6/generated_full_benchmark/CM_B_UM_011.json,json,,paper_relevant_noncritical,False,not_authority_resolved
results/stage6/generated_full_benchmark/CM_B_UM_012.json,json,,paper_relevant_noncritical,False,not_authority_resolved
results/stage6/generated_full_benchmark/CM_B_UM_013.json,json,,paper_relevant_noncritical,False,not_authority_resolved
results/stage6/generated_full_benchmark/CM_B_UM_014.json,json,,paper_relevant_noncritical,False,not_authority_resolved
results/stage6/generated_full_benchmark/CM_B_UM_015.json,json,,paper_relevant_noncritical,False,not_authority_resolved
results/stage6/generated_full_benchmark/CM_B_UM_016.json,json,,paper_relevant_noncritical,False,not_authority_resolved
results/stage6/generated_full_benchmark/CM_B_UM_017.json,json,,paper_relevant_noncritical,False,not_authority_resolved
results/stage6/generated_full_benchmark/CM_B_UM_018.json,json,,paper_relevant_noncritical,False,not_authority_resolved
results/stage6/generated_full_benchmark/CM_B_UM_019.json,json,,paper_relevant_noncritical,False,not_authority_resolved
results/stage6/generated_full_benchmark/CM_B_UM_020.json,json,,paper_relevant_noncritical,False,not_authority_resolved
results/stage6/generated_full_benchmark/CM_B_UM_021.json,json,,paper_relevant_noncritical,False,not_authority_resolved
results/stage6/generated_full_benchmark/CM_B_UM_022.json,json,,paper_relevant_noncritical,False,not_authority_resolved
results/stage6/generated_full_benchmark/CM_B_UM_023.json,json,,paper_relevant_noncritical,False,not_authority_resolved
results/stage6/generated_full_benchmark/CM_B_UM_024.json,json,,paper_relevant_noncritical,False,not_authority_resolved
results/stage6/generated_full_benchmark/CM_B_UM_025.json,json,,paper_relevant_noncritical,False,not_authority_resolved
results/stage6/generated_full_benchmark/CM_B_UM_026.json,json,,paper_relevant_noncritical,False,not_authority_resolved
results/stage6/generated_full_benchmark/CM_B_UM_027.json,json,,paper_relevant_noncritical,False,not_authority_resolved
results/stage6/generated_full_benchmark/CM_B_UM_028.json,json,,paper_relevant_noncritical,False,not_authority_resolved
results/stage6/generated_full_benchmark/CM_B_UM_029.json,json,,paper_relevant_noncritical,False,not_authority_resolved
results/stage6/generated_full_benchmark/CM_B_UM_030.json,json,,paper_relevant_noncritical,False,not_authority_resolved
results/stage6/generated_full_benchmark/CM_B_UM_031.json,json,,paper_relevant_noncritical,False,not_authority_resolved
results/stage6/generated_full_benchmark/CM_B_UM_032.json,json,,paper_relevant_noncritical,False,not_authority_resolved
results/stage6/generated_full_benchmark/CM_B_UM_033.json,json,,paper_relevant_noncritical,False,not_authority_resolved
results/stage6/generated_full_benchmark/CM_B_UM_034.json,json,,paper_relevant_noncritical,False,not_authority_resolved
results/stage6/generated_full_benchmark/CM_B_UM_035.json,json,,paper_relevant_noncritical,False,not_authority_resolved
results/stage6/generated_full_benchmark/CM_B_UM_036.json,json,,paper_relevant_noncritical,False,not_authority_resolved
results/stage6/generated_full_benchmark/CM_B_UM_037.json,json,,paper_relevant_noncritical,False,not_authority_resolved
results/stage6/generated_full_benchmark/CM_B_UM_038.json,json,,paper_relevant_noncritical,False,not_authority_resolved
results/stage6/generated_full_benchmark/CM_B_UM_039.json,json,,paper_relevant_noncritical,False,not_authority_resolved
results/stage6/generated_full_benchmark/CM_B_UM_040.json,json,,paper_relevant_noncritical,False,not_authority_resolved
results/stage6/generated_full_benchmark/CM_B_UM_041.json,json,,paper_relevant_noncritical,False,not_authority_resolved
results/stage6/generated_full_benchmark/CM_B_UM_042.json,json,,paper_relevant_noncritical,False,not_authority_resolved
results/stage6/generated_full_benchmark/CM_B_UM_043.json,json,,paper_relevant_noncritical,False,not_authority_resolved
results/stage6/generated_full_benchmark/CM_B_UM_044.json,json,,paper_relevant_noncritical,False,not_authority_resolved
results/stage6/generated_full_benchmark/CM_B_UM_045.json,json,,paper_relevant_noncritical,False,not_authority_resolved
results/stage6/generated_full_benchmark/CM_B_UM_046.json,json,,paper_relevant_noncritical,False,not_authority_resolved
results/stage6/generated_full_benchmark/CM_B_UM_047.json,json,,paper_relevant_noncritical,False,not_authority_resolved
results/stage6/generated_full_benchmark/CM_B_UM_048.json,json,,paper_relevant_noncritical,False,not_authority_resolved
results/stage6/generated_full_benchmark/CM_B_UM_049.json,json,,paper_relevant_noncritical,False,not_authority_resolved
results/stage6/generated_full_benchmark/CM_B_UM_050.json,json,,paper_relevant_noncritical,False,not_authority_resolved
results/stage6/generated_full_benchmark/CM_B_UM_051.json,json,,paper_relevant_noncritical,False,not_authority_resolved
results/stage6/generated_full_benchmark/CM_B_UM_052.json,json,,paper_relevant_noncritical,False,not_authority_resolved
results/stage6/generated_full_benchmark/CM_B_UM_053.json,json,,paper_relevant_noncritical,False,not_authority_resolved
results/stage6/generated_full_benchmark/CM_B_UM_054.json,json,,paper_relevant_noncritical,False,not_authority_resolved
results/stage6/generated_full_benchmark/CM_B_UM_055.json,json,,paper_relevant_noncritical,False,not_authority_resolved
results/stage6/generated_full_benchmark/CM_B_UM_056.json,json,,paper_relevant_noncritical,False,not_authority_resolved
results/stage6/generated_full_benchmark/CM_B_UM_057.json,json,,paper_relevant_noncritical,False,not_authority_resolved
results/stage6/generated_full_benchmark/CM_B_UM_058.json,json,,paper_relevant_noncritical,False,not_authority_resolved
results/stage6/generated_full_benchmark/CM_B_UM_059.json,json,,paper_relevant_noncritical,False,not_authority_resolved
results/stage6/generated_full_benchmark/CM_B_UM_060.json,json,,paper_relevant_noncritical,False,not_authority_resolved
results/stage6/generated_full_benchmark/CM_C_001.json,json,,paper_relevant_noncritical,False,not_authority_resolved
results/stage6/generated_full_benchmark/CM_C_002.json,json,,paper_relevant_noncritical,False,not_authority_resolved
results/stage6/generated_full_benchmark/CM_C_003.json,json,,paper_relevant_noncritical,False,not_authority_resolved
results/stage6/generated_full_benchmark/CM_C_004.json,json,,paper_relevant_noncritical,False,not_authority_resolved
results/stage6/generated_full_benchmark/CM_C_005.json,json,,paper_relevant_noncritical,False,not_authority_resolved
results/stage6/generated_full_benchmark/EL_A_001.json,json,,paper_relevant_noncritical,False,not_authority_resolved
results/stage6/generated_full_benchmark/EL_A_002.json,json,,paper_relevant_noncritical,False,not_authority_resolved
results/stage6/generated_full_benchmark/EL_A_003.json,json,,paper_relevant_noncritical,False,not_authority_resolved
results/stage6/generated_full_benchmark/EL_A_004.json,json,,paper_relevant_noncritical,False,not_authority_resolved
results/stage6/generated_full_benchmark/EL_A_005.json,json,,paper_relevant_noncritical,False,not_authority_resolved
results/stage6/generated_full_benchmark/EL_B_001.json,json,,paper_relevant_noncritical,False,not_authority_resolved
results/stage6/generated_full_benchmark/EL_B_002.json,json,,paper_relevant_noncritical,False,not_authority_resolved
results/stage6/generated_full_benchmark/EL_B_003.json,json,,paper_relevant_noncritical,False,not_authority_resolved
results/stage6/generated_full_benchmark/EL_B_004.json,json,,paper_relevant_noncritical,False,not_authority_resolved
results/stage6/generated_full_benchmark/EL_B_005.json,json,,paper_relevant_noncritical,False,not_authority_resolved
results/stage6/generated_full_benchmark/TH_B_UM_001.json,json,,paper_relevant_noncritical,False,not_authority_resolved
results/stage6/generated_full_benchmark/TH_B_UM_002.json,json,,paper_relevant_noncritical,False,not_authority_resolved
results/stage6/generated_full_benchmark/TH_B_UM_003.json,json,,paper_relevant_noncritical,False,not_authority_resolved
results/stage6/generated_full_benchmark/TH_B_UM_004.json,json,,paper_relevant_noncritical,False,not_authority_resolved
results/stage6/generated_full_benchmark/TH_B_UM_005.json,json,,paper_relevant_noncritical,False,not_authority_resolved
results/stage6/generated_full_benchmark/TH_B_UM_006.json,json,,paper_relevant_noncritical,False,not_authority_resolved
results/stage6/generated_full_benchmark/TH_B_UM_007.json,json,,paper_relevant_noncritical,False,not_authority_resolved
results/stage6/generated_full_benchmark/TH_B_UM_008.json,json,,paper_relevant_noncritical,False,not_authority_resolved
results/stage6/generated_full_benchmark/TH_B_UM_009.json,json,,paper_relevant_noncritical,False,not_authority_resolved
results/stage6/generated_full_benchmark/TH_B_UM_010.json,json,,paper_relevant_noncritical,False,not_authority_resolved
results/stage6/generated_full_benchmark/assembly_summary.json,json,,paper_relevant_noncritical,False,not_authority_resolved
results/stage6/generated_phase1_full/CM_B_UM_001.json,json,,paper_relevant_noncritical,False,not_authority_resolved
results/stage6/generated_phase1_full/CM_B_UM_002.json,json,,paper_relevant_noncritical,False,not_authority_resolved
results/stage6/generated_phase1_full/CM_B_UM_003.json,json,,paper_relevant_noncritical,False,not_authority_resolved
results/stage6/generated_phase1_full/CM_B_UM_004.json,json,,paper_relevant_noncritical,False,not_authority_resolved
results/stage6/generated_phase1_full/CM_B_UM_005.json,json,,paper_relevant_noncritical,False,not_authority_resolved
results/stage6/generated_phase1_full/CM_B_UM_006.json,json,,paper_relevant_noncritical,False,not_authority_resolved
results/stage6/generated_phase1_full/CM_B_UM_007.json,json,,paper_relevant_noncritical,False,not_authority_resolved
results/stage6/generated_phase1_full/CM_B_UM_008.json,json,,paper_relevant_noncritical,False,not_authority_resolved
results/stage6/generated_phase1_full/CM_B_UM_009.json,json,,paper_relevant_noncritical,False,not_authority_resolved
results/stage6/generated_phase1_full/CM_B_UM_010.json,json,,paper_relevant_noncritical,False,not_authority_resolved
results/stage6/generated_phase1_full/CM_B_UM_011.json,json,,paper_relevant_noncritical,False,not_authority_resolved
results/stage6/generated_phase1_full/CM_B_UM_012.json,json,,paper_relevant_noncritical,False,not_authority_resolved
results/stage6/generated_phase1_full/CM_B_UM_013.json,json,,paper_relevant_noncritical,False,not_authority_resolved
results/stage6/generated_phase1_full/CM_B_UM_014.json,json,,paper_relevant_noncritical,False,not_authority_resolved
results/stage6/generated_phase1_full/CM_B_UM_015.json,json,,paper_relevant_noncritical,False,not_authority_resolved
results/stage6/generated_phase1_full/CM_B_UM_016.json,json,,paper_relevant_noncritical,False,not_authority_resolved
results/stage6/generated_phase1_full/CM_B_UM_017.json,json,,paper_relevant_noncritical,False,not_authority_resolved
results/stage6/generated_phase1_full/CM_B_UM_018.json,json,,paper_relevant_noncritical,False,not_authority_resolved
results/stage6/generated_phase1_full/CM_B_UM_019.json,json,,paper_relevant_noncritical,False,not_authority_resolved
results/stage6/generated_phase1_full/CM_B_UM_020.json,json,,paper_relevant_noncritical,False,not_authority_resolved
results/stage6/generated_phase1_full/CM_B_UM_021.json,json,,paper_relevant_noncritical,False,not_authority_resolved
results/stage6/generated_phase1_full/CM_B_UM_022.json,json,,paper_relevant_noncritical,False,not_authority_resolved
results/stage6/generated_phase1_full/CM_B_UM_023.json,json,,paper_relevant_noncritical,False,not_authority_resolved
results/stage6/generated_phase1_full/CM_B_UM_024.json,json,,paper_relevant_noncritical,False,not_authority_resolved
results/stage6/generated_phase1_full/CM_B_UM_025.json,json,,paper_relevant_noncritical,False,not_authority_resolved
results/stage6/generated_phase1_full/CM_B_UM_026.json,json,,paper_relevant_noncritical,False,not_authority_resolved
results/stage6/generated_phase1_full/CM_B_UM_027.json,json,,paper_relevant_noncritical,False,not_authority_resolved
results/stage6/generated_phase1_full/CM_B_UM_028.json,json,,paper_relevant_noncritical,False,not_authority_resolved
results/stage6/generated_phase1_full/CM_B_UM_029.json,json,,paper_relevant_noncritical,False,not_authority_resolved
results/stage6/generated_phase1_full/CM_B_UM_030.json,json,,paper_relevant_noncritical,False,not_authority_resolved
results/stage6/generated_phase1_full/CM_B_UM_031.json,json,,paper_relevant_noncritical,False,not_authority_resolved
results/stage6/generated_phase1_full/CM_B_UM_032.json,json,,paper_relevant_noncritical,False,not_authority_resolved
results/stage6/generated_phase1_full/CM_B_UM_033.json,json,,paper_relevant_noncritical,False,not_authority_resolved
results/stage6/generated_phase1_full/CM_B_UM_034.json,json,,paper_relevant_noncritical,False,not_authority_resolved
results/stage6/generated_phase1_full/CM_B_UM_035.json,json,,paper_relevant_noncritical,False,not_authority_resolved
results/stage6/generated_phase1_full/CM_B_UM_036.json,json,,paper_relevant_noncritical,False,not_authority_resolved
results/stage6/generated_phase1_full/CM_B_UM_037.json,json,,paper_relevant_noncritical,False,not_authority_resolved
results/stage6/generated_phase1_full/CM_B_UM_038.json,json,,paper_relevant_noncritical,False,not_authority_resolved
results/stage6/generated_phase1_full/CM_B_UM_039.json,json,,paper_relevant_noncritical,False,not_authority_resolved
results/stage6/generated_phase1_full/CM_B_UM_040.json,json,,paper_relevant_noncritical,False,not_authority_resolved
results/stage6/generated_phase1_partial/CM_B_UM_001.json,json,,paper_relevant_noncritical,False,not_authority_resolved
results/stage6/generated_phase1_partial/CM_B_UM_002.json,json,,paper_relevant_noncritical,False,not_authority_resolved
results/stage6/generated_phase1_partial/CM_B_UM_003.json,json,,paper_relevant_noncritical,False,not_authority_resolved
results/stage6/generated_phase1_partial/CM_B_UM_004.json,json,,paper_relevant_noncritical,False,not_authority_resolved
results/stage6/generated_phase1_partial/CM_B_UM_005.json,json,,paper_relevant_noncritical,False,not_authority_resolved
results/stage6/generated_phase1_partial/CM_B_UM_006.json,json,,paper_relevant_noncritical,False,not_authority_resolved
results/stage6/generated_phase1_partial/CM_B_UM_007.json,json,,paper_relevant_noncritical,False,not_authority_resolved
results/stage6/generated_phase1_partial/CM_B_UM_008.json,json,,paper_relevant_noncritical,False,not_authority_resolved
results/stage6/generated_phase1_partial/CM_B_UM_009.json,json,,paper_relevant_noncritical,False,not_authority_resolved
results/stage6/generated_phase1_partial/CM_B_UM_010.json,json,,paper_relevant_noncritical,False,not_authority_resolved
results/stage6/generated_phase1_partial/CM_B_UM_011.json,json,,paper_relevant_noncritical,False,not_authority_resolved
results/stage6/generated_phase1_partial/CM_B_UM_012.json,json,,paper_relevant_noncritical,False,not_authority_resolved
results/stage6/generated_phase1_partial/CM_B_UM_013.json,json,,paper_relevant_noncritical,False,not_authority_resolved
results/stage6/generated_phase1_partial/CM_B_UM_014.json,json,,paper_relevant_noncritical,False,not_authority_resolved
results/stage6/generated_phase2_ad/CM_B_UM_041.json,json,,paper_relevant_noncritical,False,not_authority_resolved
results/stage6/generated_phase2_ad/CM_B_UM_042.json,json,,paper_relevant_noncritical,False,not_authority_resolved
results/stage6/generated_phase2_ad/CM_B_UM_043.json,json,,paper_relevant_noncritical,False,not_authority_resolved
results/stage6/generated_phase2_ad/CM_B_UM_044.json,json,,paper_relevant_noncritical,False,not_authority_resolved
results/stage6/generated_phase2_ad/CM_B_UM_045.json,json,,paper_relevant_noncritical,False,not_authority_resolved
results/stage6/generated_phase2_ad/CM_B_UM_046.json,json,,paper_relevant_noncritical,False,not_authority_resolved
results/stage6/generated_phase2_ad/CM_B_UM_047.json,json,,paper_relevant_noncritical,False,not_authority_resolved
results/stage6/generated_phase2_ad/CM_B_UM_048.json,json,,paper_relevant_noncritical,False,not_authority_resolved
results/stage6/generated_phase2_ad/CM_B_UM_049.json,json,,paper_relevant_noncritical,False,not_authority_resolved
results/stage6/generated_phase2_ad/CM_B_UM_050.json,json,,paper_relevant_noncritical,False,not_authority_resolved
results/stage6/generated_phase2_ad/CM_B_UM_051.json,json,,paper_relevant_noncritical,False,not_authority_resolved
results/stage6/generated_phase2_ad/CM_B_UM_052.json,json,,paper_relevant_noncritical,False,not_authority_resolved
results/stage6/generated_phase2_ad/CM_B_UM_053.json,json,,paper_relevant_noncritical,False,not_authority_resolved
results/stage6/generated_phase2_ad/CM_B_UM_054.json,json,,paper_relevant_noncritical,False,not_authority_resolved
results/stage6/generated_phase2_ad/CM_B_UM_055.json,json,,paper_relevant_noncritical,False,not_authority_resolved
results/stage6/generated_phase2_ad/CM_B_UM_056.json,json,,paper_relevant_noncritical,False,not_authority_resolved
results/stage6/generated_phase2_ad/CM_B_UM_057.json,json,,paper_relevant_noncritical,False,not_authority_resolved
results/stage6/generated_phase2_ad/CM_B_UM_058.json,json,,paper_relevant_noncritical,False,not_authority_resolved
results/stage6/generated_phase2_ad/CM_B_UM_059.json,json,,paper_relevant_noncritical,False,not_authority_resolved
results/stage6/generated_phase2_ad/CM_B_UM_060.json,json,,paper_relevant_noncritical,False,not_authority_resolved
results/stage6/generated_phase2_ad/TH_B_UM_001.json,json,,paper_relevant_noncritical,False,not_authority_resolved
results/stage6/generated_phase2_ad/TH_B_UM_002.json,json,,paper_relevant_noncritical,False,not_authority_resolved
results/stage6/generated_phase2_ad/TH_B_UM_003.json,json,,paper_relevant_noncritical,False,not_authority_resolved
results/stage6/generated_phase2_ad/TH_B_UM_004.json,json,,paper_relevant_noncritical,False,not_authority_resolved
results/stage6/generated_phase2_ad/TH_B_UM_005.json,json,,paper_relevant_noncritical,False,not_authority_resolved
results/stage6/generated_phase2_ad/TH_B_UM_006.json,json,,paper_relevant_noncritical,False,not_authority_resolved
results/stage6/generated_phase2_ad/TH_B_UM_007.json,json,,paper_relevant_noncritical,False,not_authority_resolved
results/stage6/generated_phase2_ad/TH_B_UM_008.json,json,,paper_relevant_noncritical,False,not_authority_resolved
results/stage6/generated_phase2_ad/TH_B_UM_009.json,json,,paper_relevant_noncritical,False,not_authority_resolved
results/stage6/generated_phase2_ad/TH_B_UM_010.json,json,,paper_relevant_noncritical,False,not_authority_resolved
results/stage6/generated_phase2_bce/CM_A_STD_001.json,json,,paper_relevant_noncritical,False,not_authority_resolved
results/stage6/generated_phase2_bce/CM_A_STD_002.json,json,,paper_relevant_noncritical,False,not_authority_resolved
results/stage6/generated_phase2_bce/CM_A_STD_003.json,json,,paper_relevant_noncritical,False,not_authority_resolved
results/stage6/generated_phase2_bce/CM_A_STD_004.json,json,,paper_relevant_noncritical,False,not_authority_resolved
results/stage6/generated_phase2_bce/CM_A_STD_005.json,json,,paper_relevant_noncritical,False,not_authority_resolved
results/stage6/generated_phase2_bce/CM_A_STD_006.json,json,,paper_relevant_noncritical,False,not_authority_resolved
results/stage6/generated_phase2_bce/CM_A_STD_007.json,json,,paper_relevant_noncritical,False,not_authority_resolved
results/stage6/generated_phase2_bce/CM_A_STD_008.json,json,,paper_relevant_noncritical,False,not_authority_resolved
results/stage6/generated_phase2_bce/CM_A_STD_009.json,json,,paper_relevant_noncritical,False,not_authority_resolved
results/stage6/generated_phase2_bce/CM_A_STD_010.json,json,,paper_relevant_noncritical,False,not_authority_resolved
results/stage6/generated_phase2_bce/CM_A_STD_011.json,json,,paper_relevant_noncritical,False,not_authority_resolved
results/stage6/generated_phase2_bce/CM_A_STD_012.json,json,,paper_relevant_noncritical,False,not_authority_resolved
results/stage6/generated_phase2_bce/CM_A_STD_013.json,json,,paper_relevant_noncritical,False,not_authority_resolved
results/stage6/generated_phase2_bce/CM_A_STD_014.json,json,,paper_relevant_noncritical,False,not_authority_resolved
results/stage6/generated_phase2_bce/CM_A_STD_015.json,json,,paper_relevant_noncritical,False,not_authority_resolved
results/stage6/generated_phase2_bce/CM_A_STD_016.json,json,,paper_relevant_noncritical,False,not_authority_resolved
results/stage6/generated_phase2_bce/CM_A_STD_017.json,json,,paper_relevant_noncritical,False,not_authority_resolved
results/stage6/generated_phase2_bce/CM_A_STD_018.json,json,,paper_relevant_noncritical,False,not_authority_resolved
results/stage6/generated_phase2_bce/CM_A_STD_019.json,json,,paper_relevant_noncritical,False,not_authority_resolved
results/stage6/generated_phase2_bce/CM_A_STD_020.json,json,,paper_relevant_noncritical,False,not_authority_resolved
results/stage6/generated_phase2_bce/CM_B_STD_001.json,json,,paper_relevant_noncritical,False,not_authority_resolved
results/stage6/generated_phase2_bce/CM_B_STD_002.json,json,,paper_relevant_noncritical,False,not_authority_resolved
results/stage6/generated_phase2_bce/CM_B_STD_003.json,json,,paper_relevant_noncritical,False,not_authority_resolved
results/stage6/generated_phase2_bce/CM_B_STD_004.json,json,,paper_relevant_noncritical,False,not_authority_resolved
results/stage6/generated_phase2_bce/CM_B_STD_005.json,json,,paper_relevant_noncritical,False,not_authority_resolved
results/stage6/generated_phase2_bce/CM_B_STD_006.json,json,,paper_relevant_noncritical,False,not_authority_resolved
results/stage6/generated_phase2_bce/CM_B_STD_007.json,json,,paper_relevant_noncritical,False,not_authority_resolved
results/stage6/generated_phase2_bce/CM_B_STD_008.json,json,,paper_relevant_noncritical,False,not_authority_resolved
results/stage6/generated_phase2_bce/CM_B_STD_009.json,json,,paper_relevant_noncritical,False,not_authority_resolved
results/stage6/generated_phase2_bce/CM_B_STD_010.json,json,,paper_relevant_noncritical,False,not_authority_resolved
results/stage6/generated_phase2_bce/CM_B_STD_011.json,json,,paper_relevant_noncritical,False,not_authority_resolved
results/stage6/generated_phase2_bce/CM_B_STD_012.json,json,,paper_relevant_noncritical,False,not_authority_resolved
results/stage6/generated_phase2_bce/CM_B_STD_013.json,json,,paper_relevant_noncritical,False,not_authority_resolved
results/stage6/generated_phase2_bce/CM_B_STD_014.json,json,,paper_relevant_noncritical,False,not_authority_resolved
results/stage6/generated_phase2_bce/CM_B_STD_015.json,json,,paper_relevant_noncritical,False,not_authority_resolved
results/stage6/generated_phase2_bce/CM_C_001.json,json,,paper_relevant_noncritical,False,not_authority_resolved
results/stage6/generated_phase2_bce/CM_C_002.json,json,,paper_relevant_noncritical,False,not_authority_resolved
results/stage6/generated_phase2_bce/CM_C_003.json,json,,paper_relevant_noncritical,False,not_authority_resolved
results/stage6/generated_phase2_bce/CM_C_004.json,json,,paper_relevant_noncritical,False,not_authority_resolved
results/stage6/generated_phase2_bce/CM_C_005.json,json,,paper_relevant_noncritical,False,not_authority_resolved
data/raw/templates/CM_B_UM_001.yaml,yaml,,paper_relevant_noncritical,False,not_authority_resolved
data/raw/templates/CM_B_UM_002.yaml,yaml,,paper_relevant_noncritical,False,not_authority_resolved
data/raw/templates/CM_B_UM_003.yaml,yaml,,paper_relevant_noncritical,False,not_authority_resolved
data/raw/templates/CM_B_UM_004.yaml,yaml,,paper_relevant_noncritical,False,not_authority_resolved
data/raw/templates/CM_B_UM_005.yaml,yaml,,paper_relevant_noncritical,False,not_authority_resolved
data/raw/templates/CM_B_UM_006.yaml,yaml,,paper_relevant_noncritical,False,not_authority_resolved
data/raw/templates/CM_B_UM_007.yaml,yaml,,paper_relevant_noncritical,False,not_authority_resolved
data/raw/templates/CM_B_UM_008.yaml,yaml,,paper_relevant_noncritical,False,not_authority_resolved
data/raw/templates/CM_B_UM_009.yaml,yaml,,paper_relevant_noncritical,False,not_authority_resolved
data/raw/templates/CM_B_UM_010.yaml,yaml,,paper_relevant_noncritical,False,not_authority_resolved
data/raw/templates/CM_B_UM_011.yaml,yaml,,paper_relevant_noncritical,False,not_authority_resolved
data/raw/templates/CM_B_UM_012.yaml,yaml,,paper_relevant_noncritical,False,not_authority_resolved
data/raw/templates/CM_B_UM_013.yaml,yaml,,paper_relevant_noncritical,False,not_authority_resolved
data/raw/templates/CM_B_UM_014.yaml,yaml,,paper_relevant_noncritical,False,not_authority_resolved
results/stage6/probing/domain_generalisation/layer_auroc_variance.json,json,,paper_relevant_noncritical,False,not_authority_resolved
results/stage6/probing/domain_generalisation/layer_pearson_variance.json,json,,paper_relevant_noncritical,False,not_authority_resolved
results/stage6/probing/domain_generalisation/loo_predictions_variance.json,json,,paper_relevant_noncritical,False,not_authority_resolved
results/stage6/probing/domain_generalisation/run_probing_events.jsonl,jsonl,1,paper_relevant_noncritical,False,not_authority_resolved
results/stage6/probing/domain_generalisation/summary_variance.json,json,,paper_relevant_noncritical,False,not_authority_resolved
results/stage6/probing/llama_variance/layer_auroc_variance.json,json,,paper_relevant_noncritical,False,not_authority_resolved
results/stage6/probing/llama_variance/layer_pearson_variance.json,json,,paper_relevant_noncritical,False,not_authority_resolved
results/stage6/probing/llama_variance/loo_predictions_variance.json,json,,paper_relevant_noncritical,False,not_authority_resolved
results/stage6/probing/llama_variance/run_probing_events.jsonl,jsonl,1,paper_relevant_noncritical,False,not_authority_resolved
results/stage6/probing/llama_variance/summary_variance.json,json,,paper_relevant_noncritical,False,not_authority_resolved
results/stage6/probing/mean_cue_token/layer_auroc_resid_post_cue_token.json,json,,paper_relevant_noncritical,False,not_authority_resolved
results/stage6/probing/mean_cue_token/layer_pearson_resid_post_cue_token.json,json,,paper_relevant_noncritical,False,not_authority_resolved
results/stage6/probing/mean_cue_token/loo_predictions_resid_post_cue_token.json,json,,paper_relevant_noncritical,False,not_authority_resolved
results/stage6/probing/mean_cue_token/run_probing_events.jsonl,jsonl,1,paper_relevant_noncritical,False,not_authority_resolved
results/stage6/probing/mean_cue_token/summary_resid_post_cue_token.json,json,,paper_relevant_noncritical,False,not_authority_resolved
results/stage6/probing/primary_variance/layer_auroc_variance.json,json,,paper_relevant_noncritical,False,not_authority_resolved
results/stage6/probing/primary_variance/layer_pearson_variance.json,json,,paper_relevant_noncritical,False,not_authority_resolved
results/stage6/probing/primary_variance/loo_predictions_variance.json,json,,paper_relevant_noncritical,False,not_authority_resolved
results/stage6/probing/primary_variance/run_probing_events.jsonl,jsonl,1,paper_relevant_noncritical,False,not_authority_resolved
results/stage6/probing/primary_variance/summary_variance.json,json,,paper_relevant_noncritical,False,not_authority_resolved
results/stage6/probing/variance_ensemble/loo_predictions_variance_ensemble.json,json,,paper_relevant_noncritical,False,not_authority_resolved
results/stage6/probing/variance_ensemble/run_probing_events.jsonl,jsonl,1,paper_relevant_noncritical,False,not_authority_resolved
results/stage6/probing/variance_ensemble/summary_variance_ensemble.json,json,,paper_relevant_noncritical,False,not_authority_resolved
results/stage6/probing/variance_ensemble_no_cue_c/loo_predictions_variance_ensemble.json,json,,paper_relevant_noncritical,False,not_authority_resolved
results/stage6/probing/variance_ensemble_no_cue_c/run_probing_events.jsonl,jsonl,1,paper_relevant_noncritical,False,not_authority_resolved
results/stage6/probing/variance_ensemble_no_cue_c/summary_variance_ensemble.json,json,,paper_relevant_noncritical,False,not_authority_resolved
results/stage6/probing/variance_mlp/layer_auroc_variance_mlp.json,json,,paper_relevant_noncritical,False,not_authority_resolved
results/stage6/probing/variance_mlp/loo_predictions_variance_mlp.json,json,,paper_relevant_noncritical,False,not_authority_resolved
results/stage6/probing/variance_mlp/run_probing_events.jsonl,jsonl,1,paper_relevant_noncritical,False,not_authority_resolved
results/stage6/probing/variance_mlp/summary_variance_mlp.json,json,,paper_relevant_noncritical,False,not_authority_resolved
results/stage6/probing/variance_no_cue_c/layer_auroc_variance.json,json,,paper_relevant_noncritical,False,not_authority_resolved
results/stage6/probing/variance_no_cue_c/layer_pearson_variance.json,json,,paper_relevant_noncritical,False,not_authority_resolved
results/stage6/probing/variance_no_cue_c/loo_predictions_variance.json,json,,paper_relevant_noncritical,False,not_authority_resolved
results/stage6/probing/variance_no_cue_c/run_probing_events.jsonl,jsonl,1,paper_relevant_noncritical,False,not_authority_resolved
results/stage6/probing/variance_no_cue_c/summary_variance.json,json,,paper_relevant_noncritical,False,not_authority_resolved
results/stage6/render_all_templates_events.jsonl,jsonl,56,paper_relevant_noncritical,False,not_authority_resolved
results/stage6/render_phase1_full_summary.json,json,,paper_relevant_noncritical,False,not_authority_resolved
results/stage6/render_phase1_partial_summary.json,json,,paper_relevant_noncritical,False,not_authority_resolved
results/stage6/render_phase2_ad/CM_B_UM_041.json,json,,paper_relevant_noncritical,False,not_authority_resolved
results/stage6/render_phase2_ad/CM_B_UM_042.json,json,,paper_relevant_noncritical,False,not_authority_resolved
results/stage6/render_phase2_ad/CM_B_UM_043.json,json,,paper_relevant_noncritical,False,not_authority_resolved
results/stage6/render_phase2_ad/CM_B_UM_044.json,json,,paper_relevant_noncritical,False,not_authority_resolved
results/stage6/render_phase2_ad/CM_B_UM_045.json,json,,paper_relevant_noncritical,False,not_authority_resolved
results/stage6/render_phase2_ad/CM_B_UM_046.json,json,,paper_relevant_noncritical,False,not_authority_resolved
results/stage6/render_phase2_ad/CM_B_UM_047.json,json,,paper_relevant_noncritical,False,not_authority_resolved
results/stage6/render_phase2_ad/CM_B_UM_048.json,json,,paper_relevant_noncritical,False,not_authority_resolved
results/stage6/render_phase2_ad/CM_B_UM_049.json,json,,paper_relevant_noncritical,False,not_authority_resolved
results/stage6/render_phase2_ad/CM_B_UM_050.json,json,,paper_relevant_noncritical,False,not_authority_resolved
results/stage6/render_phase2_ad/CM_B_UM_051.json,json,,paper_relevant_noncritical,False,not_authority_resolved
results/stage6/render_phase2_ad/CM_B_UM_052.json,json,,paper_relevant_noncritical,False,not_authority_resolved
results/stage6/render_phase2_ad/CM_B_UM_053.json,json,,paper_relevant_noncritical,False,not_authority_resolved
results/stage6/render_phase2_ad/CM_B_UM_054.json,json,,paper_relevant_noncritical,False,not_authority_resolved
results/stage6/render_phase2_ad/CM_B_UM_055.json,json,,paper_relevant_noncritical,False,not_authority_resolved
results/stage6/render_phase2_ad/CM_B_UM_056.json,json,,paper_relevant_noncritical,False,not_authority_resolved
results/stage6/render_phase2_ad/CM_B_UM_057.json,json,,paper_relevant_noncritical,False,not_authority_resolved
results/stage6/render_phase2_ad/CM_B_UM_058.json,json,,paper_relevant_noncritical,False,not_authority_resolved
results/stage6/render_phase2_ad/CM_B_UM_059.json,json,,paper_relevant_noncritical,False,not_authority_resolved
results/stage6/render_phase2_ad/CM_B_UM_060.json,json,,paper_relevant_noncritical,False,not_authority_resolved
results/stage6/render_phase2_ad/TH_B_UM_001.json,json,,paper_relevant_noncritical,False,not_authority_resolved
results/stage6/render_phase2_ad/TH_B_UM_002.json,json,,paper_relevant_noncritical,False,not_authority_resolved
results/stage6/render_phase2_ad/TH_B_UM_003.json,json,,paper_relevant_noncritical,False,not_authority_resolved
results/stage6/render_phase2_ad/TH_B_UM_004.json,json,,paper_relevant_noncritical,False,not_authority_resolved
results/stage6/render_phase2_ad/TH_B_UM_005.json,json,,paper_relevant_noncritical,False,not_authority_resolved
results/stage6/render_phase2_ad/TH_B_UM_006.json,json,,paper_relevant_noncritical,False,not_authority_resolved
results/stage6/render_phase2_ad/TH_B_UM_007.json,json,,paper_relevant_noncritical,False,not_authority_resolved
results/stage6/render_phase2_ad/TH_B_UM_008.json,json,,paper_relevant_noncritical,False,not_authority_resolved
results/stage6/render_phase2_ad/TH_B_UM_009.json,json,,paper_relevant_noncritical,False,not_authority_resolved
results/stage6/render_phase2_ad/TH_B_UM_010.json,json,,paper_relevant_noncritical,False,not_authority_resolved
results/stage6/render_phase2_ad/phase2_ad_render_summary.json,json,,paper_relevant_noncritical,False,not_authority_resolved
results/stage6/render_phase2_ad/render_all_templates_events.jsonl,jsonl,64,paper_relevant_noncritical,False,not_authority_resolved
results/stage6/render_phase2_bce/CM_A_STD_001.json,json,,paper_relevant_noncritical,False,not_authority_resolved
results/stage6/render_phase2_bce/CM_A_STD_002.json,json,,paper_relevant_noncritical,False,not_authority_resolved
results/stage6/render_phase2_bce/CM_A_STD_003.json,json,,paper_relevant_noncritical,False,not_authority_resolved
results/stage6/render_phase2_bce/CM_A_STD_004.json,json,,paper_relevant_noncritical,False,not_authority_resolved
results/stage6/render_phase2_bce/CM_A_STD_005.json,json,,paper_relevant_noncritical,False,not_authority_resolved
results/stage6/render_phase2_bce/CM_A_STD_006.json,json,,paper_relevant_noncritical,False,not_authority_resolved
results/stage6/render_phase2_bce/CM_A_STD_007.json,json,,paper_relevant_noncritical,False,not_authority_resolved
results/stage6/render_phase2_bce/CM_A_STD_008.json,json,,paper_relevant_noncritical,False,not_authority_resolved
results/stage6/render_phase2_bce/CM_A_STD_009.json,json,,paper_relevant_noncritical,False,not_authority_resolved
results/stage6/render_phase2_bce/CM_A_STD_010.json,json,,paper_relevant_noncritical,False,not_authority_resolved
results/stage6/render_phase2_bce/CM_A_STD_011.json,json,,paper_relevant_noncritical,False,not_authority_resolved
results/stage6/render_phase2_bce/CM_A_STD_012.json,json,,paper_relevant_noncritical,False,not_authority_resolved
results/stage6/render_phase2_bce/CM_A_STD_013.json,json,,paper_relevant_noncritical,False,not_authority_resolved
results/stage6/render_phase2_bce/CM_A_STD_014.json,json,,paper_relevant_noncritical,False,not_authority_resolved
results/stage6/render_phase2_bce/CM_A_STD_015.json,json,,paper_relevant_noncritical,False,not_authority_resolved
results/stage6/render_phase2_bce/CM_A_STD_016.json,json,,paper_relevant_noncritical,False,not_authority_resolved
results/stage6/render_phase2_bce/CM_A_STD_017.json,json,,paper_relevant_noncritical,False,not_authority_resolved
results/stage6/render_phase2_bce/CM_A_STD_018.json,json,,paper_relevant_noncritical,False,not_authority_resolved
results/stage6/render_phase2_bce/CM_A_STD_019.json,json,,paper_relevant_noncritical,False,not_authority_resolved
results/stage6/render_phase2_bce/CM_A_STD_020.json,json,,paper_relevant_noncritical,False,not_authority_resolved
results/stage6/render_phase2_bce/CM_B_STD_001.json,json,,paper_relevant_noncritical,False,not_authority_resolved
results/stage6/render_phase2_bce/CM_B_STD_002.json,json,,paper_relevant_noncritical,False,not_authority_resolved
results/stage6/render_phase2_bce/CM_B_STD_003.json,json,,paper_relevant_noncritical,False,not_authority_resolved
results/stage6/render_phase2_bce/CM_B_STD_004.json,json,,paper_relevant_noncritical,False,not_authority_resolved
results/stage6/render_phase2_bce/CM_B_STD_005.json,json,,paper_relevant_noncritical,False,not_authority_resolved
results/stage6/render_phase2_bce/CM_B_STD_006.json,json,,paper_relevant_noncritical,False,not_authority_resolved
results/stage6/render_phase2_bce/CM_B_STD_007.json,json,,paper_relevant_noncritical,False,not_authority_resolved
results/stage6/render_phase2_bce/CM_B_STD_008.json,json,,paper_relevant_noncritical,False,not_authority_resolved
results/stage6/render_phase2_bce/CM_B_STD_009.json,json,,paper_relevant_noncritical,False,not_authority_resolved
results/stage6/render_phase2_bce/CM_B_STD_010.json,json,,paper_relevant_noncritical,False,not_authority_resolved
results/stage6/render_phase2_bce/CM_B_STD_011.json,json,,paper_relevant_noncritical,False,not_authority_resolved
results/stage6/render_phase2_bce/CM_B_STD_012.json,json,,paper_relevant_noncritical,False,not_authority_resolved
results/stage6/render_phase2_bce/CM_B_STD_013.json,json,,paper_relevant_noncritical,False,not_authority_resolved
results/stage6/render_phase2_bce/CM_B_STD_014.json,json,,paper_relevant_noncritical,False,not_authority_resolved
results/stage6/render_phase2_bce/CM_B_STD_015.json,json,,paper_relevant_noncritical,False,not_authority_resolved
results/stage6/render_phase2_bce/CM_C_001.json,json,,paper_relevant_noncritical,False,not_authority_resolved
results/stage6/render_phase2_bce/CM_C_002.json,json,,paper_relevant_noncritical,False,not_authority_resolved
results/stage6/render_phase2_bce/CM_C_003.json,json,,paper_relevant_noncritical,False,not_authority_resolved
results/stage6/render_phase2_bce/CM_C_004.json,json,,paper_relevant_noncritical,False,not_authority_resolved
results/stage6/render_phase2_bce/CM_C_005.json,json,,paper_relevant_noncritical,False,not_authority_resolved
results/stage6/render_phase2_bce/phase2_bce_render_summary.json,json,,paper_relevant_noncritical,False,not_authority_resolved
results/stage6/render_phase2_bce/render_all_templates_events.jsonl,jsonl,123,paper_relevant_noncritical,False,not_authority_resolved
results/stage6/render_phase2_bce/render_summary_bce_frame_refresh.json,json,,paper_relevant_noncritical,False,not_authority_resolved
results/stage6/render_phase2_bce/render_summary_bce_standard_cuea_refresh.json,json,,paper_relevant_noncritical,False,not_authority_resolved
results/stage6/render_phase2_bce/render_summary_bce_standard_cueb_refresh.json,json,,paper_relevant_noncritical,False,not_authority_resolved
results/stage6/verification/CM_B_UM_001.json,json,,paper_relevant_noncritical,False,not_authority_resolved
results/stage6/verification/CM_B_UM_002.json,json,,paper_relevant_noncritical,False,not_authority_resolved
results/stage6/verification/CM_B_UM_003.json,json,,paper_relevant_noncritical,False,not_authority_resolved
results/stage6/verification/CM_B_UM_004.json,json,,paper_relevant_noncritical,False,not_authority_resolved
results/stage6/verification/CM_B_UM_005.json,json,,paper_relevant_noncritical,False,not_authority_resolved
results/stage6/verification/CM_B_UM_006.json,json,,paper_relevant_noncritical,False,not_authority_resolved
results/stage6/verification/CM_B_UM_007.json,json,,paper_relevant_noncritical,False,not_authority_resolved
results/stage6/verification/CM_B_UM_008.json,json,,paper_relevant_noncritical,False,not_authority_resolved
results/stage6/verification/CM_B_UM_009.json,json,,paper_relevant_noncritical,False,not_authority_resolved
results/stage6/verification/CM_B_UM_010.json,json,,paper_relevant_noncritical,False,not_authority_resolved
results/stage6/verification/CM_B_UM_011.json,json,,paper_relevant_noncritical,False,not_authority_resolved
results/stage6/verification/CM_B_UM_012.json,json,,paper_relevant_noncritical,False,not_authority_resolved
results/stage6/verification/CM_B_UM_013.json,json,,paper_relevant_noncritical,False,not_authority_resolved
results/stage6/verification/CM_B_UM_014.json,json,,paper_relevant_noncritical,False,not_authority_resolved
results/stage6/verification/CM_B_UM_015.json,json,,paper_relevant_noncritical,False,not_authority_resolved
results/stage6/verification/CM_B_UM_016.json,json,,paper_relevant_noncritical,False,not_authority_resolved
results/stage6/verification/CM_B_UM_017.json,json,,paper_relevant_noncritical,False,not_authority_resolved
results/stage6/verification/CM_B_UM_018.json,json,,paper_relevant_noncritical,False,not_authority_resolved
results/stage6/verification/CM_B_UM_019.json,json,,paper_relevant_noncritical,False,not_authority_resolved
results/stage6/verification/CM_B_UM_020.json,json,,paper_relevant_noncritical,False,not_authority_resolved
results/stage6/verification/CM_B_UM_021.json,json,,paper_relevant_noncritical,False,not_authority_resolved
results/stage6/verification/CM_B_UM_022.json,json,,paper_relevant_noncritical,False,not_authority_resolved
results/stage6/verification/CM_B_UM_023.json,json,,paper_relevant_noncritical,False,not_authority_resolved
results/stage6/verification/CM_B_UM_024.json,json,,paper_relevant_noncritical,False,not_authority_resolved
results/stage6/verification/CM_B_UM_025.json,json,,paper_relevant_noncritical,False,not_authority_resolved
results/stage6/verification/CM_B_UM_026.json,json,,paper_relevant_noncritical,False,not_authority_resolved
results/stage6/verification/CM_B_UM_027.json,json,,paper_relevant_noncritical,False,not_authority_resolved
results/stage6/verification/CM_B_UM_028.json,json,,paper_relevant_noncritical,False,not_authority_resolved
results/stage6/verification/CM_B_UM_029.json,json,,paper_relevant_noncritical,False,not_authority_resolved
results/stage6/verification/CM_B_UM_030.json,json,,paper_relevant_noncritical,False,not_authority_resolved
results/stage6/verification/CM_B_UM_031.json,json,,paper_relevant_noncritical,False,not_authority_resolved
results/stage6/verification/CM_B_UM_032.json,json,,paper_relevant_noncritical,False,not_authority_resolved
results/stage6/verification/CM_B_UM_033.json,json,,paper_relevant_noncritical,False,not_authority_resolved
results/stage6/verification/CM_B_UM_034.json,json,,paper_relevant_noncritical,False,not_authority_resolved
results/stage6/verification/CM_B_UM_035.json,json,,paper_relevant_noncritical,False,not_authority_resolved
results/stage6/verification/CM_B_UM_036.json,json,,paper_relevant_noncritical,False,not_authority_resolved
results/stage6/verification/CM_B_UM_037.json,json,,paper_relevant_noncritical,False,not_authority_resolved
results/stage6/verification/CM_B_UM_038.json,json,,paper_relevant_noncritical,False,not_authority_resolved
results/stage6/verification/CM_B_UM_039.json,json,,paper_relevant_noncritical,False,not_authority_resolved
results/stage6/verification/CM_B_UM_040.json,json,,paper_relevant_noncritical,False,not_authority_resolved
results/stage6/verification_phase2_ad/CM_B_UM_041.json,json,,paper_relevant_noncritical,False,not_authority_resolved
results/stage6/verification_phase2_ad/CM_B_UM_042.json,json,,paper_relevant_noncritical,False,not_authority_resolved
results/stage6/verification_phase2_ad/CM_B_UM_043.json,json,,paper_relevant_noncritical,False,not_authority_resolved
results/stage6/verification_phase2_ad/CM_B_UM_044.json,json,,paper_relevant_noncritical,False,not_authority_resolved
results/stage6/verification_phase2_ad/CM_B_UM_045.json,json,,paper_relevant_noncritical,False,not_authority_resolved
results/stage6/verification_phase2_ad/CM_B_UM_046.json,json,,paper_relevant_noncritical,False,not_authority_resolved
results/stage6/verification_phase2_ad/CM_B_UM_047.json,json,,paper_relevant_noncritical,False,not_authority_resolved
results/stage6/verification_phase2_ad/CM_B_UM_048.json,json,,paper_relevant_noncritical,False,not_authority_resolved
results/stage6/verification_phase2_ad/CM_B_UM_049.json,json,,paper_relevant_noncritical,False,not_authority_resolved
results/stage6/verification_phase2_ad/CM_B_UM_050.json,json,,paper_relevant_noncritical,False,not_authority_resolved
results/stage6/verification_phase2_ad/CM_B_UM_051.json,json,,paper_relevant_noncritical,False,not_authority_resolved
results/stage6/verification_phase2_ad/CM_B_UM_052.json,json,,paper_relevant_noncritical,False,not_authority_resolved
results/stage6/verification_phase2_ad/CM_B_UM_053.json,json,,paper_relevant_noncritical,False,not_authority_resolved
results/stage6/verification_phase2_ad/CM_B_UM_054.json,json,,paper_relevant_noncritical,False,not_authority_resolved
results/stage6/verification_phase2_ad/CM_B_UM_055.json,json,,paper_relevant_noncritical,False,not_authority_resolved
results/stage6/verification_phase2_ad/CM_B_UM_056.json,json,,paper_relevant_noncritical,False,not_authority_resolved
results/stage6/verification_phase2_ad/CM_B_UM_057.json,json,,paper_relevant_noncritical,False,not_authority_resolved
results/stage6/verification_phase2_ad/CM_B_UM_058.json,json,,paper_relevant_noncritical,False,not_authority_resolved
results/stage6/verification_phase2_ad/CM_B_UM_059.json,json,,paper_relevant_noncritical,False,not_authority_resolved
results/stage6/verification_phase2_ad/CM_B_UM_060.json,json,,paper_relevant_noncritical,False,not_authority_resolved
results/stage6/verification_phase2_ad/TH_B_UM_001.json,json,,paper_relevant_noncritical,False,not_authority_resolved
results/stage6/verification_phase2_ad/TH_B_UM_002.json,json,,paper_relevant_noncritical,False,not_authority_resolved
results/stage6/verification_phase2_ad/TH_B_UM_003.json,json,,paper_relevant_noncritical,False,not_authority_resolved
results/stage6/verification_phase2_ad/TH_B_UM_004.json,json,,paper_relevant_noncritical,False,not_authority_resolved
results/stage6/verification_phase2_ad/TH_B_UM_005.json,json,,paper_relevant_noncritical,False,not_authority_resolved
results/stage6/verification_phase2_ad/TH_B_UM_006.json,json,,paper_relevant_noncritical,False,not_authority_resolved
results/stage6/verification_phase2_ad/TH_B_UM_007.json,json,,paper_relevant_noncritical,False,not_authority_resolved
results/stage6/verification_phase2_ad/TH_B_UM_008.json,json,,paper_relevant_noncritical,False,not_authority_resolved
results/stage6/verification_phase2_ad/TH_B_UM_009.json,json,,paper_relevant_noncritical,False,not_authority_resolved
results/stage6/verification_phase2_ad/TH_B_UM_010.json,json,,paper_relevant_noncritical,False,not_authority_resolved
results/stage6/verification_phase2_bce/CM_A_STD_001.json,json,,paper_relevant_noncritical,False,not_authority_resolved
results/stage6/verification_phase2_bce/CM_A_STD_002.json,json,,paper_relevant_noncritical,False,not_authority_resolved
results/stage6/verification_phase2_bce/CM_A_STD_003.json,json,,paper_relevant_noncritical,False,not_authority_resolved
results/stage6/verification_phase2_bce/CM_A_STD_004.json,json,,paper_relevant_noncritical,False,not_authority_resolved
results/stage6/verification_phase2_bce/CM_A_STD_005.json,json,,paper_relevant_noncritical,False,not_authority_resolved
results/stage6/verification_phase2_bce/CM_A_STD_006.json,json,,paper_relevant_noncritical,False,not_authority_resolved
results/stage6/verification_phase2_bce/CM_A_STD_007.json,json,,paper_relevant_noncritical,False,not_authority_resolved
results/stage6/verification_phase2_bce/CM_A_STD_008.json,json,,paper_relevant_noncritical,False,not_authority_resolved
results/stage6/verification_phase2_bce/CM_A_STD_009.json,json,,paper_relevant_noncritical,False,not_authority_resolved
results/stage6/verification_phase2_bce/CM_A_STD_010.json,json,,paper_relevant_noncritical,False,not_authority_resolved
results/stage6/verification_phase2_bce/CM_A_STD_011.json,json,,paper_relevant_noncritical,False,not_authority_resolved
results/stage6/verification_phase2_bce/CM_A_STD_012.json,json,,paper_relevant_noncritical,False,not_authority_resolved
results/stage6/verification_phase2_bce/CM_A_STD_013.json,json,,paper_relevant_noncritical,False,not_authority_resolved
results/stage6/verification_phase2_bce/CM_A_STD_014.json,json,,paper_relevant_noncritical,False,not_authority_resolved
results/stage6/verification_phase2_bce/CM_A_STD_015.json,json,,paper_relevant_noncritical,False,not_authority_resolved
results/stage6/verification_phase2_bce/CM_A_STD_016.json,json,,paper_relevant_noncritical,False,not_authority_resolved
results/stage6/verification_phase2_bce/CM_A_STD_017.json,json,,paper_relevant_noncritical,False,not_authority_resolved
results/stage6/verification_phase2_bce/CM_A_STD_018.json,json,,paper_relevant_noncritical,False,not_authority_resolved
results/stage6/verification_phase2_bce/CM_A_STD_019.json,json,,paper_relevant_noncritical,False,not_authority_resolved
results/stage6/verification_phase2_bce/CM_A_STD_020.json,json,,paper_relevant_noncritical,False,not_authority_resolved
results/stage6/verification_phase2_bce/CM_B_STD_001.json,json,,paper_relevant_noncritical,False,not_authority_resolved
results/stage6/verification_phase2_bce/CM_B_STD_002.json,json,,paper_relevant_noncritical,False,not_authority_resolved
results/stage6/verification_phase2_bce/CM_B_STD_003.json,json,,paper_relevant_noncritical,False,not_authority_resolved
results/stage6/verification_phase2_bce/CM_B_STD_004.json,json,,paper_relevant_noncritical,False,not_authority_resolved
results/stage6/verification_phase2_bce/CM_B_STD_005.json,json,,paper_relevant_noncritical,False,not_authority_resolved
results/stage6/verification_phase2_bce/CM_B_STD_006.json,json,,paper_relevant_noncritical,False,not_authority_resolved
results/stage6/verification_phase2_bce/CM_B_STD_007.json,json,,paper_relevant_noncritical,False,not_authority_resolved
results/stage6/verification_phase2_bce/CM_B_STD_008.json,json,,paper_relevant_noncritical,False,not_authority_resolved
results/stage6/verification_phase2_bce/CM_B_STD_009.json,json,,paper_relevant_noncritical,False,not_authority_resolved
results/stage6/verification_phase2_bce/CM_B_STD_010.json,json,,paper_relevant_noncritical,False,not_authority_resolved
results/stage6/verification_phase2_bce/CM_B_STD_011.json,json,,paper_relevant_noncritical,False,not_authority_resolved
results/stage6/verification_phase2_bce/CM_B_STD_012.json,json,,paper_relevant_noncritical,False,not_authority_resolved
results/stage6/verification_phase2_bce/CM_B_STD_013.json,json,,paper_relevant_noncritical,False,not_authority_resolved
results/stage6/verification_phase2_bce/CM_B_STD_014.json,json,,paper_relevant_noncritical,False,not_authority_resolved
results/stage6/verification_phase2_bce/CM_B_STD_015.json,json,,paper_relevant_noncritical,False,not_authority_resolved
results/stage6/verification_phase2_bce/CM_C_001.json,json,,paper_relevant_noncritical,False,not_authority_resolved
results/stage6/verification_phase2_bce/CM_C_002.json,json,,paper_relevant_noncritical,False,not_authority_resolved
results/stage6/verification_phase2_bce/CM_C_003.json,json,,paper_relevant_noncritical,False,not_authority_resolved
results/stage6/verification_phase2_bce/CM_C_004.json,json,,paper_relevant_noncritical,False,not_authority_resolved
results/stage6/verification_phase2_bce/CM_C_005.json,json,,paper_relevant_noncritical,False,not_authority_resolved
results/stage8/analysis_deepseek/deepseek_per_family.csv,csv,140,paper_relevant_noncritical,False,not_authority_resolved
results/stage8/analysis_deepseek/deepseek_summary.json,json,,paper_relevant_noncritical,False,not_authority_resolved
results/stage8/analysis_deepseek/generate_positive_families_events.jsonl,jsonl,1,paper_relevant_noncritical,False,not_authority_resolved
results/stage8/analysis_deepseek/stage8_positive_families_deepseek.json,json,,paper_relevant_noncritical,False,not_authority_resolved
results/stage8/attention/family_head_contributions.json,json,,paper_relevant_noncritical,False,not_authority_resolved
results/stage8/attention/head_sensitivity_scores.json,json,,paper_relevant_noncritical,False,not_authority_resolved
results/stage8/attention/probe_weights_layer18.npy,npy,,paper_relevant_noncritical,False,not_authority_resolved
results/stage8/attention/run_attention_analysis_events.jsonl,jsonl,1,paper_relevant_noncritical,False,not_authority_resolved
results/stage8/baselines_deepseek/run_baselines_surface_events.jsonl,jsonl,5,paper_relevant_noncritical,False,not_authority_resolved
results/stage8/baselines_deepseek/surface_bag_of_words_slp_binary.json,json,,paper_relevant_noncritical,False,not_authority_resolved
results/stage8/baselines_deepseek/surface_cue_span_only_slp_binary.json,json,,paper_relevant_noncritical,False,not_authority_resolved
results/stage8/baselines_deepseek/surface_prompt_statistics_slp_binary.json,json,,paper_relevant_noncritical,False,not_authority_resolved
results/stage8/baselines_deepseek/surface_tfidf_continuous.json,json,,paper_relevant_noncritical,False,not_authority_resolved
results/stage8/baselines_deepseek/surface_tfidf_logistic_slp_binary.json,json,,paper_relevant_noncritical,False,not_authority_resolved
results/stage8/causal_comparison_table.json,json,,paper_relevant_noncritical,False,not_authority_resolved
results/stage8/causal_patching/patching_results.csv,csv,240,paper_relevant_noncritical,False,not_authority_resolved
results/stage8/causal_patching/patching_summary.json,json,,paper_relevant_noncritical,False,not_authority_resolved
results/stage8/causal_patching/run_causal_patching_events.jsonl,jsonl,22,paper_relevant_noncritical,False,not_authority_resolved
results/stage8/causal_patching_cue_token/patching_results.csv,csv,240,paper_relevant_noncritical,False,not_authority_resolved
results/stage8/causal_patching_cue_token/patching_summary.json,json,,paper_relevant_noncritical,False,not_authority_resolved
results/stage8/causal_patching_cue_token/run_causal_patching_events.jsonl,jsonl,22,paper_relevant_noncritical,False,not_authority_resolved
results/stage8/cross_model/alignment_quality.json,json,,paper_relevant_noncritical,False,not_authority_resolved
results/stage8/cross_model/run_cross_model_transfer_events.jsonl,jsonl,1,paper_relevant_noncritical,False,not_authority_resolved
results/stage8/cross_model_deepseek/alignment_quality.json,json,,paper_relevant_noncritical,False,not_authority_resolved
results/stage8/cross_model_deepseek/novel_sensitivity_families.json,json,,paper_relevant_noncritical,False,not_authority_resolved
results/stage8/cross_model_deepseek/run_cross_model_transfer_events.jsonl,jsonl,1,paper_relevant_noncritical,False,not_authority_resolved
results/stage8/head26_knockout/head26_comparison_summary.json,json,,paper_relevant_noncritical,False,not_authority_resolved
results/stage8/head26_knockout/patching_results.csv,csv,240,paper_relevant_noncritical,False,not_authority_resolved
results/stage8/head26_knockout/patching_summary.json,json,,paper_relevant_noncritical,False,not_authority_resolved
results/stage8/head26_knockout/run_causal_patching_events.jsonl,jsonl,22,paper_relevant_noncritical,False,not_authority_resolved
results/stage8/multi_head_knockout/multi_head_comparison.json,json,,paper_relevant_noncritical,False,not_authority_resolved
results/stage8/multi_head_knockout/patching_results.csv,csv,140,paper_relevant_noncritical,False,not_authority_resolved
results/stage8/multi_head_knockout/patching_summary.json,json,,paper_relevant_noncritical,False,not_authority_resolved
results/stage8/multi_head_knockout/run_causal_patching_events.jsonl,jsonl,22,paper_relevant_noncritical,False,not_authority_resolved
results/stage8/probing_deepseek/layer_auroc_variance.json,json,,paper_relevant_noncritical,False,not_authority_resolved
results/stage8/probing_deepseek/layer_pearson_variance.json,json,,paper_relevant_noncritical,False,not_authority_resolved
results/stage8/probing_deepseek/loo_predictions_variance.json,json,,paper_relevant_noncritical,False,not_authority_resolved
results/stage8/probing_deepseek/run_probing_events.jsonl,jsonl,1,paper_relevant_noncritical,False,not_authority_resolved
results/stage8/probing_deepseek/summary_variance.json,json,,paper_relevant_noncritical,False,not_authority_resolved
results/stage8/stage8_complete_summary.json,json,,paper_relevant_noncritical,False,not_authority_resolved
results/stage9/baselines/answer_rationale/run_baselines_surface_events.jsonl,jsonl,2,paper_relevant_noncritical,False,not_authority_resolved
results/stage9/baselines/answer_rationale/surface_answer_rationale_classifier_slp_binary.json,json,,paper_relevant_noncritical,False,not_authority_resolved
results/stage9/baselines/answer_rationale/surface_tfidf_continuous.json,json,,paper_relevant_noncritical,False,not_authority_resolved
results/stage9/baselines/blackbox_counterfactual/blackbox_counterfactual_summary.json,json,,paper_relevant_noncritical,False,not_authority_resolved
results/stage9/baselines/blackbox_counterfactual/family_scores.json,json,,paper_relevant_noncritical,False,not_authority_resolved
results/stage9/baselines/blackbox_counterfactual/pairwise_predictions.json,json,,paper_relevant_noncritical,False,not_authority_resolved
results/stage9/baselines/correctness_probe/layer_auroc_variance.json,json,,paper_relevant_noncritical,False,not_authority_resolved
results/stage9/baselines/correctness_probe/loo_predictions_variance.json,json,,paper_relevant_noncritical,False,not_authority_resolved
results/stage9/baselines/correctness_probe/run_probing_events.jsonl,jsonl,1,paper_relevant_noncritical,False,not_authority_resolved
results/stage9/baselines/correctness_probe/summary_variance.json,json,,paper_relevant_noncritical,False,not_authority_resolved
results/stage9/baselines/cot_text/run_baselines_surface_events.jsonl,jsonl,2,paper_relevant_noncritical,False,not_authority_resolved
results/stage9/baselines/cot_text/surface_cot_text_classifier_slp_binary.json,json,,paper_relevant_noncritical,False,not_authority_resolved
results/stage9/baselines/cot_text/surface_tfidf_continuous.json,json,,paper_relevant_noncritical,False,not_authority_resolved
results/stage9/baselines/entropy/embedding_vs_entropy_summary.json,json,,paper_relevant_noncritical,False,not_authority_resolved
results/stage9/baselines/entropy/entropy_baseline_summary.json,json,,paper_relevant_noncritical,False,not_authority_resolved
results/stage9/baselines/entropy/entropy_per_family_scores.json,json,,paper_relevant_noncritical,False,not_authority_resolved
results/stage9/baselines/entropy/entropy_vs_probe_correlation.json,json,,paper_relevant_noncritical,False,not_authority_resolved
results/stage9/baselines/llm_judge/deepseek_setting_a/judge_auroc.json,json,,paper_relevant_noncritical,False,not_authority_resolved
results/stage9/baselines/llm_judge/deepseek_setting_a/predictions.csv,csv,135,paper_relevant_noncritical,False,not_authority_resolved
results/stage9/baselines/llm_judge/deepseek_setting_a/run_causal_patching_events.jsonl,jsonl,1,paper_relevant_noncritical,False,not_authority_resolved
results/stage9/baselines/llm_judge/judge_ensemble_summary.json,json,,paper_relevant_noncritical,False,not_authority_resolved
results/stage9/baselines/llm_judge/llama_setting_a/judge_auroc.json,json,,paper_relevant_noncritical,False,not_authority_resolved
results/stage9/baselines/llm_judge/llama_setting_a/predictions.csv,csv,135,paper_relevant_noncritical,False,not_authority_resolved
results/stage9/baselines/llm_judge/llama_setting_a/run_causal_patching_events.jsonl,jsonl,1,paper_relevant_noncritical,False,not_authority_resolved
results/stage9/baselines/llm_judge/llama_setting_b/judge_auroc.json,json,,paper_relevant_noncritical,False,not_authority_resolved
results/stage9/baselines/llm_judge/llama_setting_b/predictions.csv,csv,135,paper_relevant_noncritical,False,not_authority_resolved
results/stage9/baselines/llm_judge/llama_setting_b/run_causal_patching_events.jsonl,jsonl,1,paper_relevant_noncritical,False,not_authority_resolved
results/stage9/calibration/calibration_summary.json,json,,paper_relevant_noncritical,False,not_authority_resolved
results/stage9/correctness_probe/overlap_analysis.json,json,,paper_relevant_noncritical,False,not_authority_resolved
results/stage9/correctness_residualisation/family_metadata.json,json,,paper_relevant_noncritical,False,not_authority_resolved
results/stage9/correctness_residualisation/loo_predictions.json,json,,paper_relevant_noncritical,False,not_authority_resolved
results/stage9/correctness_residualisation/residualisation_summary.json,json,,paper_relevant_noncritical,False,not_authority_resolved
results/stage9/correctness_residualisation/run_correctness_residualisation_events.jsonl,jsonl,1,paper_relevant_noncritical,False,not_authority_resolved
results/stage9/damage_control/damage_control_results.csv,csv,160,paper_relevant_noncritical,False,not_authority_resolved
results/stage9/damage_control/damage_control_summary.json,json,,paper_relevant_noncritical,False,not_authority_resolved
results/stage9/damage_control/run_causal_patching_events.jsonl,jsonl,1,paper_relevant_noncritical,False,not_authority_resolved
results/stage9/direction_injection/injection_results.csv,csv,210,paper_relevant_noncritical,False,not_authority_resolved
results/stage9/direction_injection/injection_summary.json,json,,paper_relevant_noncritical,False,not_authority_resolved
results/stage9/direction_injection/run_causal_patching_events.jsonl,jsonl,1,paper_relevant_noncritical,False,not_authority_resolved
results/stage9/leave_one_cue/leave_one_cue_summary.json,json,,paper_relevant_noncritical,False,not_authority_resolved
results/stage9/mean_probe_stage6/layer_auroc_resid_post_last_prompt.json,json,,paper_relevant_noncritical,False,not_authority_resolved
results/stage9/mean_probe_stage6/layer_pearson_resid_post_last_prompt.json,json,,paper_relevant_noncritical,False,not_authority_resolved
results/stage9/mean_probe_stage6/loo_predictions_resid_post_last_prompt.json,json,,paper_relevant_noncritical,False,not_authority_resolved
results/stage9/mean_probe_stage6/run_probing_events.jsonl,jsonl,1,paper_relevant_noncritical,False,not_authority_resolved
results/stage9/mean_probe_stage6/summary_resid_post_last_prompt.json,json,,paper_relevant_noncritical,False,not_authority_resolved
results/stage9/mhk_early_layers/patching_results.csv,csv,48,paper_relevant_noncritical,False,not_authority_resolved
results/stage9/mhk_early_layers/patching_summary.json,json,,paper_relevant_noncritical,False,not_authority_resolved
results/stage9/mhk_early_layers/run_causal_patching_events.jsonl,jsonl,18,paper_relevant_noncritical,False,not_authority_resolved
results/stage9/per_cue_type/cue_type_auroc_breakdown.json,json,,paper_relevant_noncritical,False,not_authority_resolved
results/stage9/probe_ablation/n_variants_2/layer_auroc_variance_n2.json,json,,paper_relevant_noncritical,False,not_authority_resolved
results/stage9/probe_ablation/n_variants_2/layer_pearson_variance_n2.json,json,,paper_relevant_noncritical,False,not_authority_resolved
results/stage9/probe_ablation/n_variants_2/loo_predictions_variance_n2.json,json,,paper_relevant_noncritical,False,not_authority_resolved
results/stage9/probe_ablation/n_variants_2/run_probing_events.jsonl,jsonl,1,paper_relevant_noncritical,False,not_authority_resolved
results/stage9/probe_ablation/n_variants_2/summary_variance_n2.json,json,,paper_relevant_noncritical,False,not_authority_resolved
results/stage9/probe_ablation/n_variants_3/layer_auroc_variance_n3.json,json,,paper_relevant_noncritical,False,not_authority_resolved
results/stage9/probe_ablation/n_variants_3/layer_pearson_variance_n3.json,json,,paper_relevant_noncritical,False,not_authority_resolved
results/stage9/probe_ablation/n_variants_3/loo_predictions_variance_n3.json,json,,paper_relevant_noncritical,False,not_authority_resolved
results/stage9/probe_ablation/n_variants_3/run_probing_events.jsonl,jsonl,1,paper_relevant_noncritical,False,not_authority_resolved
results/stage9/probe_ablation/n_variants_3/summary_variance_n3.json,json,,paper_relevant_noncritical,False,not_authority_resolved
results/stage9/probe_ablation/n_variants_4/layer_auroc_variance.json,json,,paper_relevant_noncritical,False,not_authority_resolved
results/stage9/probe_ablation/n_variants_4/layer_pearson_variance.json,json,,paper_relevant_noncritical,False,not_authority_resolved
results/stage9/probe_ablation/n_variants_4/loo_predictions_variance.json,json,,paper_relevant_noncritical,False,not_authority_resolved
results/stage9/probe_ablation/n_variants_4/run_probing_events.jsonl,jsonl,1,paper_relevant_noncritical,False,not_authority_resolved
results/stage9/probe_ablation/n_variants_4/summary_variance.json,json,,paper_relevant_noncritical,False,not_authority_resolved
results/stage9/prompt_condition_probe/per_variant_predictions.json,json,,paper_relevant_noncritical,False,not_authority_resolved
results/stage9/prompt_condition_probe/prompt_condition_probe_summary.json,json,,paper_relevant_noncritical,False,not_authority_resolved
results/stage9/prompt_condition_probe/run_prompt_condition_probe_events.jsonl,jsonl,2,paper_relevant_noncritical,False,not_authority_resolved
results/stage9/random_direction_control/rdc_results.csv,csv,20,paper_relevant_noncritical,False,not_authority_resolved
results/stage9/random_direction_control/rdc_summary.json,json,,paper_relevant_noncritical,False,not_authority_resolved
results/stage9/random_direction_control/run_causal_patching_events.jsonl,jsonl,1,paper_relevant_noncritical,False,not_authority_resolved
results/stage9/stage9_final_summary.json,json,,paper_relevant_noncritical,False,not_authority_resolved
results/stage9/statistical_tests/fisher_cue_type_suppression.json,json,,paper_relevant_noncritical,False,not_authority_resolved
results/stage9/statistical_tests/mcnemar_qwen_vs_deepseek.json,json,,paper_relevant_noncritical,False,not_authority_resolved
results/stage9/statistical_tests/permutation_domain_gen.json,json,,paper_relevant_noncritical,False,not_authority_resolved
results/stage9/statistical_tests/statistical_summary.json,json,,paper_relevant_noncritical,False,not_authority_resolved
results/stage9/statistical_tests/wilcoxon_continuous_slp.json,json,,paper_relevant_noncritical,False,not_authority_resolved
results/stage9/threshold_sensitivity/threshold_sweep.json,json,,paper_relevant_noncritical,False,not_authority_resolved
results/stage9/threshold_sensitivity/threshold_sweep_summary.json,json,,paper_relevant_noncritical,False,not_authority_resolved
results/stage9/unrelated_donor/donor_results.csv,csv,100,paper_relevant_noncritical,False,not_authority_resolved
results/stage9/unrelated_donor/donor_summary.json,json,,paper_relevant_noncritical,False,not_authority_resolved
results/stage9/unrelated_donor/run_causal_patching_events.jsonl,jsonl,1,paper_relevant_noncritical,False,not_authority_resolved
docs/analysis/failure_case_taxonomy.md,md,,paper_relevant_noncritical,False,not_authority_resolved
docs/assumptions/assumption_tracker.md,md,,paper_relevant_noncritical,False,not_authority_resolved
docs/cluster_inventory.md,md,,paper_relevant_noncritical,False,not_authority_resolved
docs/construct_spec.md,md,,paper_relevant_noncritical,False,not_authority_resolved
docs/decisions/agent_status_report_2026-06-14.md,md,,paper_relevant_noncritical,False,not_authority_resolved
docs/decisions/decision_log.md,md,,paper_relevant_noncritical,False,not_authority_resolved
docs/decisions/stage2_handoff.md,md,,paper_relevant_noncritical,False,not_authority_resolved
docs/decisions/stage6_agent_status_report.md,md,,paper_relevant_noncritical,False,not_authority_resolved
docs/decisions/stage6_d2_execution_brief.md,md,,paper_relevant_noncritical,False,not_authority_resolved
docs/decisions/stage6_next_steps_brief.md,md,,paper_relevant_noncritical,False,not_authority_resolved
docs/environment_lock.yml,yml,,paper_relevant_noncritical,False,not_authority_resolved
docs/experiment_cards/TEMPLATE.md,md,,paper_relevant_noncritical,False,not_authority_resolved
docs/experiment_cards/stage13_first_cycle_governance_card.md,md,,diagnostic,False,not_authority_resolved
docs/model_registry.yml,yml,,paper_relevant_noncritical,False,not_authority_resolved
docs/prompt briefs/PhysMon_Stage13_Controlled_Execution_Brief_v2.md,md,,paper_relevant_noncritical,False,not_authority_resolved
docs/prompt briefs/PhysMon_Stage13_Evidence_Foundation_Remediation_Brief_v5.md,md,,paper_relevant_noncritical,False,not_authority_resolved
docs/prompt briefs/PhysMon_Stage13_Evidence_Foundation_Remediation_Brief_v6.md,md,,paper_relevant_noncritical,False,not_authority_resolved
docs/prompt briefs/PhysMon_Stage13_Wave0_Wave1A_Remediation_Brief_v3.md,md,,paper_relevant_noncritical,False,not_authority_resolved
docs/prompt briefs/PhysMon_Stage13_Wave0_Wave1A_Remediation_Brief_v4.md,md,,paper_relevant_noncritical,False,not_authority_resolved
docs/proposals/PhysMon_Part_II_governing_document_rule.md,md,,paper_relevant_noncritical,False,not_authority_resolved
docs/proposals/PhysMon_Part_II_v1.2_SUPERSEDED_BY_ERRATUM.md,md,,paper_relevant_noncritical,False,not_authority_resolved
docs/proposals/PhysMon_Part_II_v1.2_revision_notes.md,md,,paper_relevant_noncritical,False,not_authority_resolved
docs/registry/artifact_authority_audit.csv,csv,1734,paper_relevant_noncritical,False,not_authority_resolved
docs/registry/artifact_authority_audit.json,json,,paper_relevant_noncritical,False,not_authority_resolved
docs/registry/artifact_authority_audit.md,md,,paper_relevant_noncritical,False,not_authority_resolved
docs/registry/artifact_authority_audit_v2.json,json,,paper_relevant_noncritical,False,not_authority_resolved
docs/registry/artifact_authority_audit_v2.md,md,,paper_relevant_noncritical,False,not_authority_resolved
docs/registry/artifact_authority_audit_v4.json,json,,paper_relevant_noncritical,False,not_authority_resolved
docs/registry/artifact_authority_audit_v4.md,md,,paper_relevant_noncritical,False,not_authority_resolved
docs/registry/artifact_authority_audit_v5.json,json,,paper_relevant_noncritical,False,not_authority_resolved
docs/registry/artifact_authority_audit_v5.md,md,,paper_relevant_noncritical,False,not_authority_resolved
docs/registry/artifact_authority_audit_v6.json,json,,paper_relevant_noncritical,False,not_authority_resolved
docs/registry/artifact_authority_audit_v6.md,md,,paper_relevant_noncritical,False,not_authority_resolved
docs/registry/claim_evidence_matrix.json,json,,paper_relevant_noncritical,False,not_authority_resolved
docs/registry/claim_evidence_matrix.md,md,,paper_relevant_noncritical,False,not_authority_resolved
docs/registry/claim_evidence_matrix_v2.json,json,,paper_relevant_noncritical,False,not_authority_resolved
docs/registry/claim_evidence_matrix_v2.md,md,,paper_relevant_noncritical,False,not_authority_resolved
docs/registry/claim_evidence_matrix_v4.json,json,,paper_relevant_noncritical,False,not_authority_resolved
docs/registry/claim_evidence_matrix_v4.md,md,,paper_relevant_noncritical,False,not_authority_resolved
docs/registry/claim_evidence_matrix_v5.json,json,,paper_relevant_noncritical,False,not_authority_resolved
docs/registry/claim_evidence_matrix_v5.md,md,,paper_relevant_noncritical,False,not_authority_resolved
docs/registry/claim_evidence_matrix_v6.json,json,,paper_relevant_noncritical,False,not_authority_resolved
docs/registry/claim_evidence_matrix_v6.md,md,,paper_relevant_noncritical,False,not_authority_resolved
docs/registry/expected_historical_runs_v5.md,md,,paper_relevant_noncritical,False,not_authority_resolved
docs/registry/experiment_registry.csv,csv,67,paper_relevant_noncritical,False,not_authority_resolved
docs/registry/experiment_registry.jsonl,jsonl,67,paper_relevant_noncritical,False,not_authority_resolved
docs/registry/historical_experiment_discovery.md,md,,paper_relevant_noncritical,False,not_authority_resolved
docs/registry/historical_run_crosswalk_v6.csv,csv,621,paper_relevant_noncritical,False,not_authority_resolved
docs/registry/partition_freeze.json,json,,paper_relevant_noncritical,False,not_authority_resolved
docs/registry/partition_freeze.md,md,,paper_relevant_noncritical,False,not_authority_resolved
docs/registry/partition_freeze_v2.json,json,,paper_relevant_noncritical,False,not_authority_resolved
docs/registry/partition_freeze_v2.md,md,,paper_relevant_noncritical,False,not_authority_resolved
docs/registry/partition_freeze_v4.json,json,,paper_relevant_noncritical,False,not_authority_resolved
docs/registry/partition_freeze_v4.md,md,,paper_relevant_noncritical,False,not_authority_resolved
docs/stage13/donor_control_statement_audit_v6.md,md,,diagnostic,False,not_authority_resolved
docs/stage13/mutation_semantics_audit_v6.md,md,,diagnostic,False,not_authority_resolved
docs/stage13/mutation_verifier_integration.md,md,,diagnostic,False,not_authority_resolved
docs/stage13/stage13_preflight_report.md,md,,diagnostic,False,not_authority_resolved
docs/stage13/stage13_remediation_preflight.md,md,,diagnostic,False,not_authority_resolved
docs/stage13/stage13_remediation_v4_preflight.md,md,,diagnostic,False,not_authority_resolved
docs/stage13/stage13_v5_preflight.md,md,,diagnostic,False,not_authority_resolved
docs/stage13/stage13_v6_preflight.md,md,,diagnostic,False,not_authority_resolved
docs/stage13/wave0_gate_report.md,md,,diagnostic,False,not_authority_resolved
docs/stage13/wave0_gate_v2_report.md,md,,diagnostic,False,not_authority_resolved
docs/stage13/wave0_gate_v3_report.md,md,,diagnostic,False,not_authority_resolved
docs/stage13/wave0_gate_v4_report.md,md,,diagnostic,False,not_authority_resolved
docs/stage13/wave0_gate_v5_report.md,md,,diagnostic,False,not_authority_resolved
docs/stage13/wave0_gate_v6_report.md,md,,diagnostic,False,not_authority_resolved
docs/stage13/wave1a_gate_report.md,md,,diagnostic,False,not_authority_resolved
docs/stage13/wave1a_gate_v2_report.md,md,,diagnostic,False,not_authority_resolved
docs/stage13/wave1a_gate_v3_report.md,md,,diagnostic,False,not_authority_resolved
docs/stage13/wave1a_gate_v4_report.md,md,,diagnostic,False,not_authority_resolved
docs/stage13/wave1a_gate_v5_report.md,md,,diagnostic,False,not_authority_resolved
docs/stage13/wave1a_gate_v6_report.md,md,,diagnostic,False,not_authority_resolved
docs/validation/annotation_form_pass1_v5.md,md,,diagnostic,False,not_authority_resolved
docs/validation/annotation_form_pass1_v6.md,md,,diagnostic,False,not_authority_resolved
docs/validation/annotation_form_pass2_v5.md,md,,diagnostic,False,not_authority_resolved
docs/validation/annotation_form_pass2_v6.md,md,,diagnostic,False,not_authority_resolved
docs/validation/annotation_schema.json,json,,diagnostic,False,not_authority_resolved
docs/validation/annotation_schema_v2.json,json,,diagnostic,False,not_authority_resolved
docs/validation/annotation_schema_v3.json,json,,diagnostic,False,not_authority_resolved
docs/validation/annotation_schema_v5.json,json,,diagnostic,False,not_authority_resolved
docs/validation/annotation_schema_v6.json,json,,diagnostic,False,not_authority_resolved
docs/validation/calibration_bank_v5.jsonl,jsonl,15,diagnostic,False,not_authority_resolved
docs/validation/calibration_bank_v5.md,md,,diagnostic,False,not_authority_resolved
docs/validation/calibration_bank_v6.jsonl,jsonl,16,diagnostic,False,not_authority_resolved
docs/validation/calibration_bank_v6.md,md,,diagnostic,False,not_authority_resolved
docs/validation/certificates/CM_A_001.json,json,,diagnostic,False,not_authority_resolved
docs/validation/certificates/CM_A_002.json,json,,diagnostic,False,not_authority_resolved
docs/validation/certificates/CM_A_003.json,json,,diagnostic,False,not_authority_resolved
docs/validation/certificates/CM_A_004.json,json,,diagnostic,False,not_authority_resolved
docs/validation/certificates/CM_A_005.json,json,,diagnostic,False,not_authority_resolved
docs/validation/certificates/CM_A_006.json,json,,diagnostic,False,not_authority_resolved
docs/validation/certificates/CM_A_007.json,json,,diagnostic,False,not_authority_resolved
docs/validation/certificates/CM_A_008.json,json,,diagnostic,False,not_authority_resolved
docs/validation/certificates/CM_A_009.json,json,,diagnostic,False,not_authority_resolved
docs/validation/certificates/CM_A_010.json,json,,diagnostic,False,not_authority_resolved
docs/validation/certificates/CM_A_STD_001.json,json,,diagnostic,False,not_authority_resolved
docs/validation/certificates/CM_A_STD_002.json,json,,diagnostic,False,not_authority_resolved
docs/validation/certificates/CM_A_STD_003.json,json,,diagnostic,False,not_authority_resolved
docs/validation/certificates/CM_A_STD_004.json,json,,diagnostic,False,not_authority_resolved
docs/validation/certificates/CM_A_STD_005.json,json,,diagnostic,False,not_authority_resolved
docs/validation/certificates/CM_A_STD_006.json,json,,diagnostic,False,not_authority_resolved
docs/validation/certificates/CM_A_STD_007.json,json,,diagnostic,False,not_authority_resolved
docs/validation/certificates/CM_A_STD_008.json,json,,diagnostic,False,not_authority_resolved
docs/validation/certificates/CM_A_STD_009.json,json,,diagnostic,False,not_authority_resolved
docs/validation/certificates/CM_A_STD_010.json,json,,diagnostic,False,not_authority_resolved
docs/validation/certificates/CM_A_STD_011.json,json,,diagnostic,False,not_authority_resolved
docs/validation/certificates/CM_A_STD_012.json,json,,diagnostic,False,not_authority_resolved
docs/validation/certificates/CM_A_STD_013.json,json,,diagnostic,False,not_authority_resolved
docs/validation/certificates/CM_A_STD_014.json,json,,diagnostic,False,not_authority_resolved
docs/validation/certificates/CM_A_STD_015.json,json,,diagnostic,False,not_authority_resolved
docs/validation/certificates_v5/CM_A_001.json,json,,diagnostic,False,not_authority_resolved
docs/validation/certificates_v5/CM_A_002.json,json,,diagnostic,False,not_authority_resolved
docs/validation/certificates_v5/CM_A_003.json,json,,diagnostic,False,not_authority_resolved
docs/validation/certificates_v5/CM_A_004.json,json,,diagnostic,False,not_authority_resolved
docs/validation/certificates_v5/CM_A_005.json,json,,diagnostic,False,not_authority_resolved
docs/validation/certificates_v5/CM_A_006.json,json,,diagnostic,False,not_authority_resolved
docs/validation/certificates_v5/CM_A_007.json,json,,diagnostic,False,not_authority_resolved
docs/validation/certificates_v5/CM_A_STD_011.json,json,,diagnostic,False,not_authority_resolved
docs/validation/certificates_v5/CM_A_STD_012.json,json,,diagnostic,False,not_authority_resolved
docs/validation/certificates_v5/CM_A_STD_017.json,json,,diagnostic,False,not_authority_resolved
docs/validation/certificates_v5/CM_A_STD_018.json,json,,diagnostic,False,not_authority_resolved
docs/validation/certificates_v5/CM_B_001.json,json,,diagnostic,False,not_authority_resolved
docs/validation/certificates_v5/CM_B_002.json,json,,diagnostic,False,not_authority_resolved
docs/validation/certificates_v5/CM_B_STD_007.json,json,,diagnostic,False,not_authority_resolved
docs/validation/certificates_v5/CM_B_STD_008.json,json,,diagnostic,False,not_authority_resolved
docs/validation/certificates_v5/CM_B_STD_010.json,json,,diagnostic,False,not_authority_resolved
docs/validation/certificates_v5/CM_B_STD_011.json,json,,diagnostic,False,not_authority_resolved
docs/validation/certificates_v5/CM_B_UM_061.json,json,,diagnostic,False,not_authority_resolved
docs/validation/certificates_v5/CM_B_UM_062.json,json,,diagnostic,False,not_authority_resolved
docs/validation/certificates_v5/CM_C_001.json,json,,diagnostic,False,not_authority_resolved
docs/validation/certificates_v5/CM_C_002.json,json,,diagnostic,False,not_authority_resolved
docs/validation/certificates_v5/CM_C_004.json,json,,diagnostic,False,not_authority_resolved
docs/validation/certificates_v5/CM_C_006.json,json,,diagnostic,False,not_authority_resolved
docs/validation/certificates_v5/CM_C_007.json,json,,diagnostic,False,not_authority_resolved
docs/validation/certificates_v5/CM_C_008.json,json,,diagnostic,False,not_authority_resolved
docs/validation/certificates_v5/CM_C_012.json,json,,diagnostic,False,not_authority_resolved
docs/validation/certificates_v5/CM_C_013.json,json,,diagnostic,False,not_authority_resolved
docs/validation/certificates_v5/CM_C_015.json,json,,diagnostic,False,not_authority_resolved
docs/validation/certificates_v5/TH_B_UM_011.json,json,,diagnostic,False,not_authority_resolved
docs/validation/certificates_v5/TH_B_UM_012.json,json,,diagnostic,False,not_authority_resolved
docs/validation/certificates_v6/CM_A_001.json,json,,diagnostic,False,not_authority_resolved
docs/validation/certificates_v6/CM_A_002.json,json,,diagnostic,False,not_authority_resolved
docs/validation/certificates_v6/CM_A_003.json,json,,diagnostic,False,not_authority_resolved
docs/validation/certificates_v6/CM_A_004.json,json,,diagnostic,False,not_authority_resolved
docs/validation/certificates_v6/CM_A_005.json,json,,diagnostic,False,not_authority_resolved
docs/validation/certificates_v6/CM_A_006.json,json,,diagnostic,False,not_authority_resolved
docs/validation/certificates_v6/CM_A_007.json,json,,diagnostic,False,not_authority_resolved
docs/validation/certificates_v6/CM_A_STD_011.json,json,,diagnostic,False,not_authority_resolved
docs/validation/certificates_v6/CM_A_STD_012.json,json,,diagnostic,False,not_authority_resolved
docs/validation/certificates_v6/CM_A_STD_017.json,json,,diagnostic,False,not_authority_resolved
docs/validation/certificates_v6/CM_A_STD_018.json,json,,diagnostic,False,not_authority_resolved
docs/validation/certificates_v6/CM_B_001.json,json,,diagnostic,False,not_authority_resolved
docs/validation/certificates_v6/CM_B_002.json,json,,diagnostic,False,not_authority_resolved
docs/validation/certificates_v6/CM_B_STD_007.json,json,,diagnostic,False,not_authority_resolved
docs/validation/certificates_v6/CM_B_STD_008.json,json,,diagnostic,False,not_authority_resolved
docs/validation/certificates_v6/CM_B_STD_010.json,json,,diagnostic,False,not_authority_resolved
docs/validation/certificates_v6/CM_B_STD_011.json,json,,diagnostic,False,not_authority_resolved
docs/validation/certificates_v6/CM_B_UM_061.json,json,,diagnostic,False,not_authority_resolved
docs/validation/certificates_v6/CM_B_UM_062.json,json,,diagnostic,False,not_authority_resolved
docs/validation/certificates_v6/CM_C_001.json,json,,diagnostic,False,not_authority_resolved
docs/validation/certificates_v6/CM_C_002.json,json,,diagnostic,False,not_authority_resolved
docs/validation/certificates_v6/CM_C_004.json,json,,diagnostic,False,not_authority_resolved
docs/validation/certificates_v6/CM_C_006.json,json,,diagnostic,False,not_authority_resolved
docs/validation/certificates_v6/CM_C_007.json,json,,diagnostic,False,not_authority_resolved
docs/validation/certificates_v6/CM_C_008.json,json,,diagnostic,False,not_authority_resolved
docs/validation/certificates_v6/CM_C_012.json,json,,diagnostic,False,not_authority_resolved
docs/validation/certificates_v6/CM_C_013.json,json,,diagnostic,False,not_authority_resolved
docs/validation/certificates_v6/CM_C_015.json,json,,diagnostic,False,not_authority_resolved
docs/validation/certificates_v6/TH_B_UM_011.json,json,,diagnostic,False,not_authority_resolved
docs/validation/certificates_v6/TH_B_UM_012.json,json,,diagnostic,False,not_authority_resolved
docs/validation/parser_audit_candidates.jsonl,jsonl,40,diagnostic,False,not_authority_resolved
docs/validation/parser_audit_candidates_v2.jsonl,jsonl,103,diagnostic,False,not_authority_resolved
docs/validation/parser_audit_candidates_v3.jsonl,jsonl,126,diagnostic,False,not_authority_resolved
docs/validation/parser_audit_candidates_v5.jsonl,jsonl,225,diagnostic,False,not_authority_resolved
docs/validation/parser_audit_candidates_v6.jsonl,jsonl,261,diagnostic,False,not_authority_resolved
docs/validation/parser_candidate_coverage_v5.json,json,,diagnostic,False,not_authority_resolved
docs/validation/parser_candidate_coverage_v6.json,json,,diagnostic,False,not_authority_resolved
docs/validation/parser_labeling_instructions.md,md,,diagnostic,False,not_authority_resolved
docs/validation/parser_labeling_instructions_v3.md,md,,diagnostic,False,not_authority_resolved
docs/validation/parser_labeling_instructions_v5.md,md,,diagnostic,False,not_authority_resolved
docs/validation/parser_labeling_instructions_v6.md,md,,diagnostic,False,not_authority_resolved
docs/validation/pilot_selection_v5.csv,csv,30,diagnostic,False,not_authority_resolved
docs/validation/pilot_selection_v6.csv,csv,30,diagnostic,False,not_authority_resolved
docs/validation/pilot_validation_form.csv,csv,120,diagnostic,False,not_authority_resolved
docs/validation/pilot_validation_form.md,md,,diagnostic,False,not_authority_resolved
docs/validation/qualification_answer_key_DRAFT_REQUIRES_PI_REVIEW.md,md,,diagnostic,False,not_authority_resolved
docs/validation/qualification_answer_key_DRAFT_REQUIRES_PI_REVIEW_v3.md,md,,diagnostic,False,not_authority_resolved
docs/validation/qualification_answer_key_DRAFT_REQUIRES_PI_REVIEW_v5.md,md,,diagnostic,False,not_authority_resolved
docs/validation/qualification_answer_key_DRAFT_REQUIRES_PI_REVIEW_v6.md,md,,diagnostic,False,not_authority_resolved
docs/validation/qualification_answer_key_PRIVATE.md,md,,diagnostic,False,not_authority_resolved
docs/validation/qualification_test.md,md,,diagnostic,False,not_authority_resolved
docs/validation/qualification_test_v2.md,md,,diagnostic,False,not_authority_resolved
docs/validation/qualification_test_v3.md,md,,diagnostic,False,not_authority_resolved
docs/validation/qualification_test_v5.md,md,,diagnostic,False,not_authority_resolved
docs/validation/qualification_test_v6.md,md,,diagnostic,False,not_authority_resolved
docs/validation/second_validator_instructions.md,md,,diagnostic,False,not_authority_resolved
docs/validation/stage13_validation_packet_pass1.jsonl,jsonl,25,diagnostic,False,not_authority_resolved
docs/validation/stage13_validation_packet_pass1_v2.jsonl,jsonl,25,diagnostic,False,not_authority_resolved
docs/validation/stage13_validation_packet_pass1_v5.jsonl,jsonl,30,diagnostic,False,not_authority_resolved
docs/validation/stage13_validation_packet_pass1_v6.jsonl,jsonl,30,diagnostic,False,not_authority_resolved
docs/validation/stage13_validation_packet_pass2.jsonl,jsonl,25,diagnostic,False,not_authority_resolved
docs/validation/stage13_validation_packet_pass2_v2.jsonl,jsonl,25,diagnostic,False,not_authority_resolved
docs/validation/stage13_validation_packet_pass2_v3.jsonl,jsonl,25,diagnostic,False,not_authority_resolved
docs/validation/stage13_validation_packet_pass2_v5.jsonl,jsonl,30,diagnostic,False,not_authority_resolved
docs/validation/stage13_validation_packet_pass2_v6.jsonl,jsonl,30,diagnostic,False,not_authority_resolved
docs/validation/stage6_phase1_full_validation_form.csv,csv,160,diagnostic,False,not_authority_resolved
docs/validation/stage6_phase1_full_validation_form.md,md,,diagnostic,False,not_authority_resolved
docs/validation/stage6_phase1_partial_validation_form.csv,csv,56,diagnostic,False,not_authority_resolved
docs/validation/stage6_phase1_partial_validation_form.md,md,,diagnostic,False,not_authority_resolved
docs/validation/stage6_phase2_ad_validation_form.csv,csv,120,diagnostic,False,not_authority_resolved
docs/validation/stage6_phase2_ad_validation_form.md,md,,diagnostic,False,not_authority_resolved
docs/validation/stage6_phase2_bce_agent_review.md,md,,diagnostic,False,not_authority_resolved
docs/validation/stage6_phase2_bce_review_guide.md,md,,diagnostic,False,not_authority_resolved
docs/validation/stage6_phase2_bce_validation_form.csv,csv,160,diagnostic,False,not_authority_resolved
docs/validation/stage6_phase2_bce_validation_form.md,md,,diagnostic,False,not_authority_resolved
docs/validation/stage9_human_audit_form.md,md,,diagnostic,False,not_authority_resolved
docs/validation/validation_status.csv,csv,0,diagnostic,True,not_authority_resolved
docs/validation/validation_status_v2.csv,csv,0,diagnostic,True,not_authority_resolved
docs/validation/validator_handbook.md,md,,diagnostic,False,not_authority_resolved
docs/validation/validator_handbook_v2.md,md,,diagnostic,False,not_authority_resolved
docs/validation/validator_handbook_v3.md,md,,diagnostic,False,not_authority_resolved
docs/validation/validator_handbook_v5.md,md,,diagnostic,False,not_authority_resolved
docs/validation/validator_handbook_v6.md,md,,diagnostic,False,not_authority_resolved
